machine_id,line_id,measured_ts,part_dimension_mm,in_spec
MCH0001,LINE-A,2026-07-01T00:00:00,49.9076,1
MCH0001,LINE-A,2026-07-01T00:40:00,49.9825,1
MCH0001,LINE-A,2026-07-01T01:20:00,50.0229,1
MCH0001,LINE-A,2026-07-01T02:00:00,49.9258,1
MCH0001,LINE-A,2026-07-01T02:40:00,50.0074,1
MCH0001,LINE-A,2026-07-01T03:20:00,50.0703,1
MCH0001,LINE-A,2026-07-01T04:00:00,50.1227,1
MCH0001,LINE-A,2026-07-01T04:40:00,49.9935,1
MCH0001,LINE-A,2026-07-01T05:20:00,49.9248,1
MCH0001,LINE-A,2026-07-01T06:00:00,49.994,1
MCH0001,LINE-A,2026-07-01T06:40:00,50.0554,1
MCH0001,LINE-A,2026-07-01T07:20:00,50.0439,1
MCH0001,LINE-A,2026-07-01T08:00:00,50.1039,1
MCH0001,LINE-A,2026-07-01T08:40:00,50.0214,1
MCH0001,LINE-A,2026-07-01T09:20:00,49.9695,1
MCH0001,LINE-A,2026-07-01T10:00:00,49.9674,1
MCH0001,LINE-A,2026-07-01T10:40:00,50.0712,1
MCH0001,LINE-A,2026-07-01T11:20:00,49.9773,1
MCH0001,LINE-A,2026-07-01T12:00:00,50.0696,1
MCH0001,LINE-A,2026-07-01T12:40:00,50.0362,1
MCH0001,LINE-A,2026-07-01T13:20:00,49.8901,1
MCH0001,LINE-A,2026-07-01T14:00:00,50.0143,1
MCH0001,LINE-A,2026-07-01T14:40:00,50.089,1
MCH0001,LINE-A,2026-07-01T15:20:00,50.0838,1
MCH0001,LINE-A,2026-07-01T16:00:00,50.0942,1
MCH0001,LINE-A,2026-07-01T16:40:00,50.1592,1
MCH0001,LINE-A,2026-07-01T17:20:00,50.1383,1
MCH0001,LINE-A,2026-07-01T18:00:00,50.0409,1
MCH0001,LINE-A,2026-07-01T18:40:00,50.0056,1
MCH0001,LINE-A,2026-07-01T19:20:00,50.0193,1
MCH0001,LINE-A,2026-07-01T20:00:00,50.071,1
MCH0001,LINE-A,2026-07-01T20:40:00,50.0604,1
MCH0001,LINE-A,2026-07-01T21:20:00,50.0327,1
MCH0001,LINE-A,2026-07-01T22:00:00,50.0414,1
MCH0001,LINE-A,2026-07-01T22:40:00,50.0148,1
MCH0001,LINE-A,2026-07-01T23:20:00,50.0142,1
MCH0001,LINE-A,2026-07-02T00:00:00,50.1382,1
MCH0001,LINE-A,2026-07-02T00:40:00,50.0623,1
MCH0001,LINE-A,2026-07-02T01:20:00,50.0622,1
MCH0001,LINE-A,2026-07-02T02:00:00,50.01,1
MCH0001,LINE-A,2026-07-02T02:40:00,50.0711,1
MCH0001,LINE-A,2026-07-02T03:20:00,50.0598,1
MCH0001,LINE-A,2026-07-02T04:00:00,50.0752,1
MCH0001,LINE-A,2026-07-02T04:40:00,50.1235,1
MCH0001,LINE-A,2026-07-02T05:20:00,50.0129,1
MCH0001,LINE-A,2026-07-02T06:00:00,50.0159,1
MCH0001,LINE-A,2026-07-02T06:40:00,50.062,1
MCH0001,LINE-A,2026-07-02T07:20:00,50.0325,1
MCH0001,LINE-A,2026-07-02T08:00:00,50.1966,1
MCH0001,LINE-A,2026-07-02T08:40:00,50.0455,1
MCH0001,LINE-A,2026-07-02T09:20:00,50.1587,1
MCH0001,LINE-A,2026-07-02T10:00:00,50.0884,1
MCH0001,LINE-A,2026-07-02T10:40:00,50.0919,1
MCH0001,LINE-A,2026-07-02T11:20:00,50.1075,1
MCH0001,LINE-A,2026-07-02T12:00:00,50.0517,1
MCH0001,LINE-A,2026-07-02T12:40:00,50.0134,1
MCH0001,LINE-A,2026-07-02T13:20:00,50.0271,1
MCH0001,LINE-A,2026-07-02T14:00:00,50.0947,1
MCH0001,LINE-A,2026-07-02T14:40:00,50.1286,1
MCH0001,LINE-A,2026-07-02T15:20:00,50.0902,1
MCH0001,LINE-A,2026-07-02T16:00:00,50.0564,1
MCH0001,LINE-A,2026-07-02T16:40:00,50.1581,1
MCH0001,LINE-A,2026-07-02T17:20:00,50.1378,1
MCH0001,LINE-A,2026-07-02T18:00:00,50.1488,1
MCH0001,LINE-A,2026-07-02T18:40:00,50.0745,1
MCH0001,LINE-A,2026-07-02T19:20:00,50.0257,1
MCH0001,LINE-A,2026-07-02T20:00:00,50.1009,1
MCH0001,LINE-A,2026-07-02T20:40:00,50.1927,1
MCH0001,LINE-A,2026-07-02T21:20:00,50.1484,1
MCH0001,LINE-A,2026-07-02T22:00:00,50.1696,1
MCH0001,LINE-A,2026-07-02T22:40:00,50.0992,1
MCH0001,LINE-A,2026-07-02T23:20:00,50.155,1
MCH0001,LINE-A,2026-07-03T00:00:00,50.242,1
MCH0001,LINE-A,2026-07-03T00:40:00,50.1543,1
MCH0001,LINE-A,2026-07-03T01:20:00,50.1431,1
MCH0001,LINE-A,2026-07-03T02:00:00,50.1425,1
MCH0001,LINE-A,2026-07-03T02:40:00,50.1257,1
MCH0001,LINE-A,2026-07-03T03:20:00,50.1429,1
MCH0001,LINE-A,2026-07-03T04:00:00,50.156,1
MCH0001,LINE-A,2026-07-03T04:40:00,50.1064,1
MCH0001,LINE-A,2026-07-03T05:20:00,50.1238,1
MCH0001,LINE-A,2026-07-03T06:00:00,50.1757,1
MCH0001,LINE-A,2026-07-03T06:40:00,50.243,1
MCH0001,LINE-A,2026-07-03T07:20:00,50.1787,1
MCH0001,LINE-A,2026-07-03T08:00:00,50.2363,1
MCH0001,LINE-A,2026-07-03T08:40:00,50.0758,1
MCH0001,LINE-A,2026-07-03T09:20:00,50.0879,1
MCH0001,LINE-A,2026-07-03T10:00:00,50.1333,1
MCH0001,LINE-A,2026-07-03T10:40:00,50.1576,1
MCH0001,LINE-A,2026-07-03T11:20:00,50.1319,1
MCH0001,LINE-A,2026-07-03T12:00:00,50.1249,1
MCH0001,LINE-A,2026-07-03T12:40:00,50.2188,1
MCH0001,LINE-A,2026-07-03T13:20:00,50.2407,1
MCH0001,LINE-A,2026-07-03T14:00:00,50.2438,1
MCH0001,LINE-A,2026-07-03T14:40:00,50.1814,1
MCH0001,LINE-A,2026-07-03T15:20:00,50.1399,1
MCH0001,LINE-A,2026-07-03T16:00:00,50.1457,1
MCH0001,LINE-A,2026-07-03T16:40:00,50.1097,1
MCH0001,LINE-A,2026-07-03T17:20:00,50.2441,1
MCH0001,LINE-A,2026-07-03T18:00:00,50.229,1
MCH0001,LINE-A,2026-07-03T18:40:00,50.2158,1
MCH0001,LINE-A,2026-07-03T19:20:00,50.2607,1
MCH0001,LINE-A,2026-07-03T20:00:00,50.2493,1
MCH0001,LINE-A,2026-07-03T20:40:00,50.2783,1
MCH0001,LINE-A,2026-07-03T21:20:00,50.2195,1
MCH0001,LINE-A,2026-07-03T22:00:00,50.2061,1
MCH0001,LINE-A,2026-07-03T22:40:00,50.1851,1
MCH0001,LINE-A,2026-07-03T23:20:00,50.135,1
MCH0001,LINE-A,2026-07-04T00:00:00,50.1431,1
MCH0001,LINE-A,2026-07-04T00:40:00,50.2288,1
MCH0001,LINE-A,2026-07-04T01:20:00,50.1069,1
MCH0001,LINE-A,2026-07-04T02:00:00,50.2413,1
MCH0001,LINE-A,2026-07-04T02:40:00,50.1912,1
MCH0001,LINE-A,2026-07-04T03:20:00,50.2326,1
MCH0001,LINE-A,2026-07-04T04:00:00,50.1878,1
MCH0001,LINE-A,2026-07-04T04:40:00,50.1899,1
MCH0001,LINE-A,2026-07-04T05:20:00,50.2611,1
MCH0001,LINE-A,2026-07-04T06:00:00,50.2185,1
MCH0001,LINE-A,2026-07-04T06:40:00,50.3153,0
MCH0001,LINE-A,2026-07-04T07:20:00,50.1183,1
MCH0001,LINE-A,2026-07-04T08:00:00,50.326,0
MCH0001,LINE-A,2026-07-04T08:40:00,50.2363,1
MCH0001,LINE-A,2026-07-04T09:20:00,50.1657,1
MCH0001,LINE-A,2026-07-04T10:00:00,50.2488,1
MCH0001,LINE-A,2026-07-04T10:40:00,50.3049,0
MCH0001,LINE-A,2026-07-04T11:20:00,50.1486,1
MCH0001,LINE-A,2026-07-04T12:00:00,50.1881,1
MCH0001,LINE-A,2026-07-04T12:40:00,50.1684,1
MCH0001,LINE-A,2026-07-04T13:20:00,50.2065,1
MCH0001,LINE-A,2026-07-04T14:00:00,50.4394,0
MCH0001,LINE-A,2026-07-04T14:40:00,50.2439,1
MCH0001,LINE-A,2026-07-04T15:20:00,50.3035,0
MCH0001,LINE-A,2026-07-04T16:00:00,50.2774,1
MCH0001,LINE-A,2026-07-04T16:40:00,50.2621,1
MCH0001,LINE-A,2026-07-04T17:20:00,50.3118,0
MCH0001,LINE-A,2026-07-04T18:00:00,50.2379,1
MCH0001,LINE-A,2026-07-04T18:40:00,50.2901,1
MCH0001,LINE-A,2026-07-04T19:20:00,50.2478,1
MCH0001,LINE-A,2026-07-04T20:00:00,50.2228,1
MCH0001,LINE-A,2026-07-04T20:40:00,50.3027,0
MCH0001,LINE-A,2026-07-04T21:20:00,50.3025,0
MCH0001,LINE-A,2026-07-04T22:00:00,50.2394,1
MCH0001,LINE-A,2026-07-04T22:40:00,50.2712,1
MCH0001,LINE-A,2026-07-04T23:20:00,50.3154,0
MCH0001,LINE-A,2026-07-05T00:00:00,50.3696,0
MCH0001,LINE-A,2026-07-05T00:40:00,50.2365,1
MCH0001,LINE-A,2026-07-05T01:20:00,50.341,0
MCH0001,LINE-A,2026-07-05T02:00:00,50.2767,1
MCH0001,LINE-A,2026-07-05T02:40:00,50.1401,1
MCH0001,LINE-A,2026-07-05T03:20:00,50.3423,0
MCH0001,LINE-A,2026-07-05T04:00:00,50.2838,1
MCH0001,LINE-A,2026-07-05T04:40:00,50.3965,0
MCH0001,LINE-A,2026-07-05T05:20:00,50.3018,0
MCH0001,LINE-A,2026-07-05T06:00:00,50.3933,0
MCH0001,LINE-A,2026-07-05T06:40:00,50.2574,1
MCH0001,LINE-A,2026-07-05T07:20:00,50.3291,0
MCH0001,LINE-A,2026-07-05T08:00:00,50.2459,1
MCH0001,LINE-A,2026-07-05T08:40:00,50.3466,0
MCH0001,LINE-A,2026-07-05T09:20:00,50.256,1
MCH0001,LINE-A,2026-07-05T10:00:00,50.3574,0
MCH0001,LINE-A,2026-07-05T10:40:00,50.3653,0
MCH0001,LINE-A,2026-07-05T11:20:00,50.369,0
MCH0001,LINE-A,2026-07-05T12:00:00,50.3195,0
MCH0001,LINE-A,2026-07-05T12:40:00,50.3859,0
MCH0001,LINE-A,2026-07-05T13:20:00,50.3405,0
MCH0001,LINE-A,2026-07-05T14:00:00,50.288,1
MCH0001,LINE-A,2026-07-05T14:40:00,50.3854,0
MCH0001,LINE-A,2026-07-05T15:20:00,50.4,0
MCH0001,LINE-A,2026-07-05T16:00:00,50.357,0
MCH0001,LINE-A,2026-07-05T16:40:00,50.3851,0
MCH0001,LINE-A,2026-07-05T17:20:00,50.389,0
MCH0001,LINE-A,2026-07-05T18:00:00,50.3436,0
MCH0001,LINE-A,2026-07-05T18:40:00,50.3343,0
MCH0001,LINE-A,2026-07-05T19:20:00,50.3396,0
MCH0001,LINE-A,2026-07-05T20:00:00,50.3764,0
MCH0001,LINE-A,2026-07-05T20:40:00,50.2833,1
MCH0001,LINE-A,2026-07-05T21:20:00,50.4241,0
MCH0001,LINE-A,2026-07-05T22:00:00,50.313,0
MCH0001,LINE-A,2026-07-05T22:40:00,50.3222,0
MCH0001,LINE-A,2026-07-05T23:20:00,50.3732,0
MCH0001,LINE-A,2026-07-06T00:00:00,50.388,0
MCH0001,LINE-A,2026-07-06T00:40:00,50.333,0
MCH0001,LINE-A,2026-07-06T01:20:00,50.357,0
MCH0001,LINE-A,2026-07-06T02:00:00,50.3775,0
MCH0001,LINE-A,2026-07-06T02:40:00,50.3509,0
MCH0001,LINE-A,2026-07-06T03:20:00,50.3192,0
MCH0001,LINE-A,2026-07-06T04:00:00,50.3174,0
MCH0001,LINE-A,2026-07-06T04:40:00,50.374,0
MCH0001,LINE-A,2026-07-06T05:20:00,50.3188,0
MCH0001,LINE-A,2026-07-06T06:00:00,50.4478,0
MCH0001,LINE-A,2026-07-06T06:40:00,50.3978,0
MCH0001,LINE-A,2026-07-06T07:20:00,50.4775,0
MCH0001,LINE-A,2026-07-06T08:00:00,50.285,1
MCH0001,LINE-A,2026-07-06T08:40:00,50.4627,0
MCH0001,LINE-A,2026-07-06T09:20:00,50.3877,0
MCH0001,LINE-A,2026-07-06T10:00:00,50.306,0
MCH0001,LINE-A,2026-07-06T10:40:00,50.4271,0
MCH0001,LINE-A,2026-07-06T11:20:00,50.3564,0
MCH0001,LINE-A,2026-07-06T12:00:00,50.3503,0
MCH0001,LINE-A,2026-07-06T12:40:00,50.4126,0
MCH0001,LINE-A,2026-07-06T13:20:00,50.42,0
MCH0001,LINE-A,2026-07-06T14:00:00,50.3661,0
MCH0001,LINE-A,2026-07-06T14:40:00,50.4549,0
MCH0001,LINE-A,2026-07-06T15:20:00,50.5032,0
MCH0001,LINE-A,2026-07-06T16:00:00,50.4504,0
MCH0001,LINE-A,2026-07-06T16:40:00,50.3786,0
MCH0001,LINE-A,2026-07-06T17:20:00,50.4402,0
MCH0001,LINE-A,2026-07-06T18:00:00,50.3743,0
MCH0001,LINE-A,2026-07-06T18:40:00,50.4429,0
MCH0001,LINE-A,2026-07-06T19:20:00,50.4183,0
MCH0001,LINE-A,2026-07-06T20:00:00,50.4301,0
MCH0001,LINE-A,2026-07-06T20:40:00,50.4163,0
MCH0001,LINE-A,2026-07-06T21:20:00,50.4029,0
MCH0001,LINE-A,2026-07-06T22:00:00,50.3814,0
MCH0001,LINE-A,2026-07-06T22:40:00,50.4739,0
MCH0001,LINE-A,2026-07-06T23:20:00,50.4132,0
MCH0001,LINE-A,2026-07-07T00:00:00,50.3367,0
MCH0001,LINE-A,2026-07-07T00:40:00,50.4831,0
MCH0001,LINE-A,2026-07-07T01:20:00,50.3544,0
MCH0001,LINE-A,2026-07-07T02:00:00,50.4618,0
MCH0001,LINE-A,2026-07-07T02:40:00,50.4947,0
MCH0001,LINE-A,2026-07-07T03:20:00,50.3596,0
MCH0001,LINE-A,2026-07-07T04:00:00,50.3729,0
MCH0001,LINE-A,2026-07-07T04:40:00,50.3733,0
MCH0001,LINE-A,2026-07-07T05:20:00,50.3926,0
MCH0001,LINE-A,2026-07-07T06:00:00,50.4173,0
MCH0001,LINE-A,2026-07-07T06:40:00,50.4362,0
MCH0001,LINE-A,2026-07-07T07:20:00,50.596,0
MCH0001,LINE-A,2026-07-07T08:00:00,50.5033,0
MCH0001,LINE-A,2026-07-07T08:40:00,50.4227,0
MCH0001,LINE-A,2026-07-07T09:20:00,50.3686,0
MCH0001,LINE-A,2026-07-07T10:00:00,50.437,0
MCH0001,LINE-A,2026-07-07T10:40:00,50.562,0
MCH0001,LINE-A,2026-07-07T11:20:00,50.4474,0
MCH0001,LINE-A,2026-07-07T12:00:00,50.4397,0
MCH0001,LINE-A,2026-07-07T12:40:00,50.4365,0
MCH0001,LINE-A,2026-07-07T13:20:00,50.4919,0
MCH0001,LINE-A,2026-07-07T14:00:00,50.4815,0
MCH0001,LINE-A,2026-07-07T14:40:00,50.4836,0
MCH0001,LINE-A,2026-07-07T15:20:00,50.5346,0
MCH0001,LINE-A,2026-07-07T16:00:00,50.4919,0
MCH0001,LINE-A,2026-07-07T16:40:00,50.588,0
MCH0001,LINE-A,2026-07-07T17:20:00,50.4262,0
MCH0001,LINE-A,2026-07-07T18:00:00,50.476,0
MCH0001,LINE-A,2026-07-07T18:40:00,50.5,0
MCH0001,LINE-A,2026-07-07T19:20:00,50.4416,0
MCH0001,LINE-A,2026-07-07T20:00:00,50.5201,0
MCH0001,LINE-A,2026-07-07T20:40:00,50.5249,0
MCH0001,LINE-A,2026-07-07T21:20:00,50.5079,0
MCH0001,LINE-A,2026-07-07T22:00:00,50.4905,0
MCH0001,LINE-A,2026-07-07T22:40:00,50.4628,0
MCH0001,LINE-A,2026-07-07T23:20:00,50.4754,0
MCH0001,LINE-A,2026-07-08T00:00:00,50.4698,0
MCH0001,LINE-A,2026-07-08T00:40:00,50.5061,0
MCH0001,LINE-A,2026-07-08T01:20:00,50.5695,0
MCH0001,LINE-A,2026-07-08T02:00:00,50.4573,0
MCH0001,LINE-A,2026-07-08T02:40:00,50.5668,0
MCH0001,LINE-A,2026-07-08T03:20:00,50.5653,0
MCH0001,LINE-A,2026-07-08T04:00:00,50.5887,0
MCH0001,LINE-A,2026-07-08T04:40:00,50.4811,0
MCH0001,LINE-A,2026-07-08T05:20:00,50.4697,0
MCH0001,LINE-A,2026-07-08T06:00:00,50.4181,0
MCH0001,LINE-A,2026-07-08T06:40:00,50.4929,0
MCH0001,LINE-A,2026-07-08T07:20:00,50.5281,0
MCH0001,LINE-A,2026-07-08T08:00:00,50.4893,0
MCH0001,LINE-A,2026-07-08T08:40:00,50.5193,0
MCH0001,LINE-A,2026-07-08T09:20:00,50.4962,0
MCH0001,LINE-A,2026-07-08T10:00:00,50.4571,0
MCH0001,LINE-A,2026-07-08T10:40:00,50.4262,0
MCH0001,LINE-A,2026-07-08T11:20:00,50.5637,0
MCH0001,LINE-A,2026-07-08T12:00:00,50.59,0
MCH0001,LINE-A,2026-07-08T12:40:00,50.5107,0
MCH0001,LINE-A,2026-07-08T13:20:00,50.5223,0
MCH0001,LINE-A,2026-07-08T14:00:00,50.5276,0
MCH0001,LINE-A,2026-07-08T14:40:00,50.5415,0
MCH0001,LINE-A,2026-07-08T15:20:00,50.6379,0
MCH0001,LINE-A,2026-07-08T16:00:00,50.5964,0
MCH0001,LINE-A,2026-07-08T16:40:00,50.5247,0
MCH0001,LINE-A,2026-07-08T17:20:00,50.5293,0
MCH0001,LINE-A,2026-07-08T18:00:00,50.5144,0
MCH0001,LINE-A,2026-07-08T18:40:00,50.5004,0
MCH0001,LINE-A,2026-07-08T19:20:00,50.5794,0
MCH0001,LINE-A,2026-07-08T20:00:00,50.5182,0
MCH0001,LINE-A,2026-07-08T20:40:00,50.5113,0
MCH0001,LINE-A,2026-07-08T21:20:00,50.5789,0
MCH0001,LINE-A,2026-07-08T22:00:00,50.4667,0
MCH0001,LINE-A,2026-07-08T22:40:00,50.5391,0
MCH0001,LINE-A,2026-07-08T23:20:00,50.5899,0
MCH0001,LINE-A,2026-07-09T00:00:00,50.7458,0
MCH0001,LINE-A,2026-07-09T00:40:00,50.6361,0
MCH0001,LINE-A,2026-07-09T01:20:00,50.6367,0
MCH0001,LINE-A,2026-07-09T02:00:00,50.505,0
MCH0001,LINE-A,2026-07-09T02:40:00,50.546,0
MCH0001,LINE-A,2026-07-09T03:20:00,50.6191,0
MCH0001,LINE-A,2026-07-09T04:00:00,50.6769,0
MCH0001,LINE-A,2026-07-09T04:40:00,50.5038,0
MCH0001,LINE-A,2026-07-09T05:20:00,50.5777,0
MCH0001,LINE-A,2026-07-09T06:00:00,50.5483,0
MCH0001,LINE-A,2026-07-09T06:40:00,50.6044,0
MCH0001,LINE-A,2026-07-09T07:20:00,50.6552,0
MCH0001,LINE-A,2026-07-09T08:00:00,50.5336,0
MCH0001,LINE-A,2026-07-09T08:40:00,50.68,0
MCH0001,LINE-A,2026-07-09T09:20:00,50.6453,0
MCH0001,LINE-A,2026-07-09T10:00:00,50.1014,1
MCH0001,LINE-A,2026-07-09T10:40:00,50.1501,1
MCH0001,LINE-A,2026-07-09T11:20:00,50.0173,1
MCH0001,LINE-A,2026-07-09T12:00:00,50.068,1
MCH0001,LINE-A,2026-07-09T12:40:00,50.0293,1
MCH0001,LINE-A,2026-07-09T13:20:00,50.0812,1
MCH0001,LINE-A,2026-07-09T14:00:00,50.0623,1
MCH0001,LINE-A,2026-07-09T14:40:00,49.9657,1
MCH0001,LINE-A,2026-07-09T15:20:00,50.0799,1
MCH0001,LINE-A,2026-07-09T16:00:00,50.0606,1
MCH0001,LINE-A,2026-07-09T16:40:00,49.9978,1
MCH0001,LINE-A,2026-07-09T17:20:00,50.0709,1
MCH0001,LINE-A,2026-07-09T18:00:00,50.1239,1
MCH0001,LINE-A,2026-07-09T18:40:00,50.1178,1
MCH0001,LINE-A,2026-07-09T19:20:00,49.9765,1
MCH0001,LINE-A,2026-07-09T20:00:00,50.0305,1
MCH0001,LINE-A,2026-07-09T20:40:00,50.0758,1
MCH0001,LINE-A,2026-07-09T21:20:00,50.0285,1
MCH0001,LINE-A,2026-07-09T22:00:00,50.0986,1
MCH0001,LINE-A,2026-07-09T22:40:00,50.1011,1
MCH0001,LINE-A,2026-07-09T23:20:00,50.0332,1
MCH0001,LINE-A,2026-07-10T00:00:00,50.1107,1
MCH0001,LINE-A,2026-07-10T00:40:00,50.2149,1
MCH0001,LINE-A,2026-07-10T01:20:00,49.9726,1
MCH0001,LINE-A,2026-07-10T02:00:00,50.1302,1
MCH0001,LINE-A,2026-07-10T02:40:00,50.0801,1
MCH0001,LINE-A,2026-07-10T03:20:00,50.1179,1
MCH0001,LINE-A,2026-07-10T04:00:00,50.0591,1
MCH0001,LINE-A,2026-07-10T04:40:00,50.1122,1
MCH0001,LINE-A,2026-07-10T05:20:00,50.0302,1
MCH0001,LINE-A,2026-07-10T06:00:00,50.0872,1
MCH0001,LINE-A,2026-07-10T06:40:00,50.0718,1
MCH0001,LINE-A,2026-07-10T07:20:00,50.1087,1
MCH0001,LINE-A,2026-07-10T08:00:00,50.1227,1
MCH0001,LINE-A,2026-07-10T08:40:00,50.1511,1
MCH0001,LINE-A,2026-07-10T09:20:00,50.1661,1
MCH0001,LINE-A,2026-07-10T10:00:00,50.1626,1
MCH0001,LINE-A,2026-07-10T10:40:00,50.1167,1
MCH0001,LINE-A,2026-07-10T11:20:00,50.1027,1
MCH0001,LINE-A,2026-07-10T12:00:00,50.1494,1
MCH0001,LINE-A,2026-07-10T12:40:00,50.1501,1
MCH0001,LINE-A,2026-07-10T13:20:00,50.142,1
MCH0001,LINE-A,2026-07-10T14:00:00,50.0692,1
MCH0001,LINE-A,2026-07-10T14:40:00,50.1079,1
MCH0001,LINE-A,2026-07-10T15:20:00,50.0268,1
MCH0001,LINE-A,2026-07-10T16:00:00,50.1634,1
MCH0001,LINE-A,2026-07-10T16:40:00,50.0974,1
MCH0001,LINE-A,2026-07-10T17:20:00,50.0862,1
MCH0001,LINE-A,2026-07-10T18:00:00,50.0501,1
MCH0001,LINE-A,2026-07-10T18:40:00,50.0433,1
MCH0001,LINE-A,2026-07-10T19:20:00,50.1327,1
MCH0001,LINE-A,2026-07-10T20:00:00,50.1464,1
MCH0001,LINE-A,2026-07-10T20:40:00,50.1824,1
MCH0001,LINE-A,2026-07-10T21:20:00,50.1646,1
MCH0001,LINE-A,2026-07-10T22:00:00,50.0594,1
MCH0001,LINE-A,2026-07-10T22:40:00,50.1469,1
MCH0001,LINE-A,2026-07-10T23:20:00,50.1501,1
MCH0001,LINE-A,2026-07-11T00:00:00,50.1324,1
MCH0001,LINE-A,2026-07-11T00:40:00,50.1262,1
MCH0001,LINE-A,2026-07-11T01:20:00,50.1698,1
MCH0001,LINE-A,2026-07-11T02:00:00,50.177,1
MCH0001,LINE-A,2026-07-11T02:40:00,50.1825,1
MCH0001,LINE-A,2026-07-11T03:20:00,50.1191,1
MCH0001,LINE-A,2026-07-11T04:00:00,50.1357,1
MCH0001,LINE-A,2026-07-11T04:40:00,50.0803,1
MCH0001,LINE-A,2026-07-11T05:20:00,50.1083,1
MCH0001,LINE-A,2026-07-11T06:00:00,50.0769,1
MCH0001,LINE-A,2026-07-11T06:40:00,50.1545,1
MCH0001,LINE-A,2026-07-11T07:20:00,50.1714,1
MCH0001,LINE-A,2026-07-11T08:00:00,50.2573,1
MCH0001,LINE-A,2026-07-11T08:40:00,50.1026,1
MCH0001,LINE-A,2026-07-11T09:20:00,50.1788,1
MCH0001,LINE-A,2026-07-11T10:00:00,50.0771,1
MCH0001,LINE-A,2026-07-11T10:40:00,50.1084,1
MCH0001,LINE-A,2026-07-11T11:20:00,50.1254,1
MCH0001,LINE-A,2026-07-11T12:00:00,50.1744,1
MCH0001,LINE-A,2026-07-11T12:40:00,50.1738,1
MCH0001,LINE-A,2026-07-11T13:20:00,50.0857,1
MCH0001,LINE-A,2026-07-11T14:00:00,50.2153,1
MCH0001,LINE-A,2026-07-11T14:40:00,50.1361,1
MCH0001,LINE-A,2026-07-11T15:20:00,50.1921,1
MCH0001,LINE-A,2026-07-11T16:00:00,50.1496,1
MCH0001,LINE-A,2026-07-11T16:40:00,50.1961,1
MCH0001,LINE-A,2026-07-11T17:20:00,50.1059,1
MCH0001,LINE-A,2026-07-11T18:00:00,50.0957,1
MCH0001,LINE-A,2026-07-11T18:40:00,50.1775,1
MCH0001,LINE-A,2026-07-11T19:20:00,50.2283,1
MCH0001,LINE-A,2026-07-11T20:00:00,50.1865,1
MCH0001,LINE-A,2026-07-11T20:40:00,50.1336,1
MCH0001,LINE-A,2026-07-11T21:20:00,50.0139,1
MCH0001,LINE-A,2026-07-11T22:00:00,50.2916,1
MCH0001,LINE-A,2026-07-11T22:40:00,50.2227,1
MCH0001,LINE-A,2026-07-11T23:20:00,50.2587,1
MCH0001,LINE-A,2026-07-12T00:00:00,50.2573,1
MCH0001,LINE-A,2026-07-12T00:40:00,50.1602,1
MCH0001,LINE-A,2026-07-12T01:20:00,50.1066,1
MCH0001,LINE-A,2026-07-12T02:00:00,50.1789,1
MCH0001,LINE-A,2026-07-12T02:40:00,50.2093,1
MCH0001,LINE-A,2026-07-12T03:20:00,50.226,1
MCH0001,LINE-A,2026-07-12T04:00:00,50.1921,1
MCH0001,LINE-A,2026-07-12T04:40:00,50.2241,1
MCH0001,LINE-A,2026-07-12T05:20:00,50.146,1
MCH0001,LINE-A,2026-07-12T06:00:00,50.2021,1
MCH0001,LINE-A,2026-07-12T06:40:00,50.1561,1
MCH0001,LINE-A,2026-07-12T07:20:00,50.1932,1
MCH0001,LINE-A,2026-07-12T08:00:00,50.1355,1
MCH0001,LINE-A,2026-07-12T08:40:00,50.1109,1
MCH0001,LINE-A,2026-07-12T09:20:00,50.1562,1
MCH0001,LINE-A,2026-07-12T10:00:00,50.1655,1
MCH0001,LINE-A,2026-07-12T10:40:00,50.2788,1
MCH0001,LINE-A,2026-07-12T11:20:00,50.2812,1
MCH0001,LINE-A,2026-07-12T12:00:00,50.1991,1
MCH0001,LINE-A,2026-07-12T12:40:00,50.183,1
MCH0001,LINE-A,2026-07-12T13:20:00,50.3434,0
MCH0001,LINE-A,2026-07-12T14:00:00,50.2346,1
MCH0001,LINE-A,2026-07-12T14:40:00,50.2402,1
MCH0001,LINE-A,2026-07-12T15:20:00,50.1939,1
MCH0001,LINE-A,2026-07-12T16:00:00,50.2286,1
MCH0001,LINE-A,2026-07-12T16:40:00,50.1814,1
MCH0001,LINE-A,2026-07-12T17:20:00,50.2132,1
MCH0001,LINE-A,2026-07-12T18:00:00,50.2917,1
MCH0001,LINE-A,2026-07-12T18:40:00,50.1917,1
MCH0001,LINE-A,2026-07-12T19:20:00,50.2523,1
MCH0001,LINE-A,2026-07-12T20:00:00,50.2997,1
MCH0001,LINE-A,2026-07-12T20:40:00,50.2873,1
MCH0001,LINE-A,2026-07-12T21:20:00,50.2309,1
MCH0001,LINE-A,2026-07-12T22:00:00,50.2622,1
MCH0001,LINE-A,2026-07-12T22:40:00,50.2512,1
MCH0001,LINE-A,2026-07-12T23:20:00,50.1706,1
MCH0001,LINE-A,2026-07-13T00:00:00,50.3031,0
MCH0001,LINE-A,2026-07-13T00:40:00,50.2132,1
MCH0001,LINE-A,2026-07-13T01:20:00,50.2778,1
MCH0001,LINE-A,2026-07-13T02:00:00,50.2432,1
MCH0001,LINE-A,2026-07-13T02:40:00,50.2819,1
MCH0001,LINE-A,2026-07-13T03:20:00,50.3016,0
MCH0001,LINE-A,2026-07-13T04:00:00,50.3219,0
MCH0001,LINE-A,2026-07-13T04:40:00,50.3057,0
MCH0001,LINE-A,2026-07-13T05:20:00,50.3051,0
MCH0001,LINE-A,2026-07-13T06:00:00,50.3419,0
MCH0001,LINE-A,2026-07-13T06:40:00,50.1889,1
MCH0001,LINE-A,2026-07-13T07:20:00,50.1695,1
MCH0001,LINE-A,2026-07-13T08:00:00,50.2693,1
MCH0001,LINE-A,2026-07-13T08:40:00,50.3269,0
MCH0001,LINE-A,2026-07-13T09:20:00,50.2804,1
MCH0001,LINE-A,2026-07-13T10:00:00,50.357,0
MCH0001,LINE-A,2026-07-13T10:40:00,50.2538,1
MCH0001,LINE-A,2026-07-13T11:20:00,50.3363,0
MCH0001,LINE-A,2026-07-13T12:00:00,50.4028,0
MCH0001,LINE-A,2026-07-13T12:40:00,50.2717,1
MCH0001,LINE-A,2026-07-13T13:20:00,50.2782,1
MCH0001,LINE-A,2026-07-13T14:00:00,50.2073,1
MCH0001,LINE-A,2026-07-13T14:40:00,50.2719,1
MCH0001,LINE-A,2026-07-13T15:20:00,50.3174,0
MCH0001,LINE-A,2026-07-13T16:00:00,50.1896,1
MCH0001,LINE-A,2026-07-13T16:40:00,50.258,1
MCH0001,LINE-A,2026-07-13T17:20:00,50.283,1
MCH0001,LINE-A,2026-07-13T18:00:00,50.3358,0
MCH0001,LINE-A,2026-07-13T18:40:00,50.3055,0
MCH0001,LINE-A,2026-07-13T19:20:00,50.3385,0
MCH0001,LINE-A,2026-07-13T20:00:00,50.3327,0
MCH0001,LINE-A,2026-07-13T20:40:00,50.2396,1
MCH0001,LINE-A,2026-07-13T21:20:00,50.2861,1
MCH0001,LINE-A,2026-07-13T22:00:00,50.3434,0
MCH0001,LINE-A,2026-07-13T22:40:00,50.3054,0
MCH0001,LINE-A,2026-07-13T23:20:00,50.3935,0
MCH0001,LINE-A,2026-07-14T00:00:00,50.281,1
MCH0001,LINE-A,2026-07-14T00:40:00,50.291,1
MCH0001,LINE-A,2026-07-14T01:20:00,50.3766,0
MCH0001,LINE-A,2026-07-14T02:00:00,50.2251,1
MCH0001,LINE-A,2026-07-14T02:40:00,50.3538,0
MCH0001,LINE-A,2026-07-14T03:20:00,50.3334,0
MCH0001,LINE-A,2026-07-14T04:00:00,50.2814,1
MCH0001,LINE-A,2026-07-14T04:40:00,50.351,0
MCH0001,LINE-A,2026-07-14T05:20:00,50.3381,0
MCH0001,LINE-A,2026-07-14T06:00:00,50.2876,1
MCH0001,LINE-A,2026-07-14T06:40:00,50.2916,1
MCH0001,LINE-A,2026-07-14T07:20:00,50.4315,0
MCH0001,LINE-A,2026-07-14T08:00:00,50.3107,0
MCH0001,LINE-A,2026-07-14T08:40:00,50.3462,0
MCH0001,LINE-A,2026-07-14T09:20:00,50.3175,0
MCH0001,LINE-A,2026-07-14T10:00:00,50.2927,1
MCH0001,LINE-A,2026-07-14T10:40:00,50.2534,1
MCH0001,LINE-A,2026-07-14T11:20:00,50.4062,0
MCH0001,LINE-A,2026-07-14T12:00:00,50.363,0
MCH0001,LINE-A,2026-07-14T12:40:00,50.3272,0
MCH0001,LINE-A,2026-07-14T13:20:00,50.2944,1
MCH0001,LINE-A,2026-07-14T14:00:00,50.332,0
MCH0001,LINE-A,2026-07-14T14:40:00,50.3596,0
MCH0001,LINE-A,2026-07-14T15:20:00,50.3631,0
MCH0001,LINE-A,2026-07-14T16:00:00,50.3159,0
MCH0001,LINE-A,2026-07-14T16:40:00,50.3694,0
MCH0001,LINE-A,2026-07-14T17:20:00,50.3021,0
MCH0001,LINE-A,2026-07-14T18:00:00,50.3895,0
MCH0001,LINE-A,2026-07-14T18:40:00,50.4143,0
MCH0001,LINE-A,2026-07-14T19:20:00,50.3716,0
MCH0001,LINE-A,2026-07-14T20:00:00,50.2765,1
MCH0001,LINE-A,2026-07-14T20:40:00,50.4326,0
MCH0001,LINE-A,2026-07-14T21:20:00,50.3385,0
MCH0001,LINE-A,2026-07-14T22:00:00,50.3719,0
MCH0001,LINE-A,2026-07-14T22:40:00,50.3763,0
MCH0001,LINE-A,2026-07-14T23:20:00,50.3543,0
MCH0001,LINE-A,2026-07-15T00:00:00,50.4041,0
MCH0001,LINE-A,2026-07-15T00:40:00,50.364,0
MCH0001,LINE-A,2026-07-15T01:20:00,50.3939,0
MCH0001,LINE-A,2026-07-15T02:00:00,50.3685,0
MCH0001,LINE-A,2026-07-15T02:40:00,50.3997,0
MCH0001,LINE-A,2026-07-15T03:20:00,50.3407,0
MCH0001,LINE-A,2026-07-15T04:00:00,50.4512,0
MCH0001,LINE-A,2026-07-15T04:40:00,50.4499,0
MCH0001,LINE-A,2026-07-15T05:20:00,50.4824,0
MCH0001,LINE-A,2026-07-15T06:00:00,50.4921,0
MCH0001,LINE-A,2026-07-15T06:40:00,50.2885,1
MCH0001,LINE-A,2026-07-15T07:20:00,50.494,0
MCH0001,LINE-A,2026-07-15T08:00:00,50.2954,1
MCH0001,LINE-A,2026-07-15T08:40:00,50.4666,0
MCH0001,LINE-A,2026-07-15T09:20:00,50.3926,0
MCH0001,LINE-A,2026-07-15T10:00:00,50.4289,0
MCH0001,LINE-A,2026-07-15T10:40:00,50.3658,0
MCH0001,LINE-A,2026-07-15T11:20:00,50.3863,0
MCH0001,LINE-A,2026-07-15T12:00:00,50.3462,0
MCH0001,LINE-A,2026-07-15T12:40:00,50.3794,0
MCH0001,LINE-A,2026-07-15T13:20:00,50.4319,0
MCH0001,LINE-A,2026-07-15T14:00:00,50.4228,0
MCH0001,LINE-A,2026-07-15T14:40:00,50.4879,0
MCH0001,LINE-A,2026-07-15T15:20:00,50.4432,0
MCH0001,LINE-A,2026-07-15T16:00:00,50.418,0
MCH0001,LINE-A,2026-07-15T16:40:00,50.4956,0
MCH0001,LINE-A,2026-07-15T17:20:00,50.4308,0
MCH0001,LINE-A,2026-07-15T18:00:00,50.4849,0
MCH0001,LINE-A,2026-07-15T18:40:00,50.43,0
MCH0001,LINE-A,2026-07-15T19:20:00,50.4036,0
MCH0001,LINE-A,2026-07-15T20:00:00,50.468,0
MCH0001,LINE-A,2026-07-15T20:40:00,50.3455,0
MCH0001,LINE-A,2026-07-15T21:20:00,50.4296,0
MCH0001,LINE-A,2026-07-15T22:00:00,50.4984,0
MCH0001,LINE-A,2026-07-15T22:40:00,50.4563,0
MCH0001,LINE-A,2026-07-15T23:20:00,50.4435,0
MCH0001,LINE-A,2026-07-16T00:00:00,50.4444,0
MCH0001,LINE-A,2026-07-16T00:40:00,50.4039,0
MCH0001,LINE-A,2026-07-16T01:20:00,50.404,0
MCH0001,LINE-A,2026-07-16T02:00:00,50.5409,0
MCH0001,LINE-A,2026-07-16T02:40:00,50.4331,0
MCH0001,LINE-A,2026-07-16T03:20:00,50.3266,0
MCH0001,LINE-A,2026-07-16T04:00:00,50.4317,0
MCH0001,LINE-A,2026-07-16T04:40:00,50.3941,0
MCH0001,LINE-A,2026-07-16T05:20:00,50.4334,0
MCH0001,LINE-A,2026-07-16T06:00:00,50.4722,0
MCH0001,LINE-A,2026-07-16T06:40:00,50.558,0
MCH0001,LINE-A,2026-07-16T07:20:00,50.4878,0
MCH0001,LINE-A,2026-07-16T08:00:00,50.5181,0
MCH0001,LINE-A,2026-07-16T08:40:00,50.436,0
MCH0001,LINE-A,2026-07-16T09:20:00,50.4284,0
MCH0001,LINE-A,2026-07-16T10:00:00,50.4107,0
MCH0001,LINE-A,2026-07-16T10:40:00,50.5195,0
MCH0001,LINE-A,2026-07-16T11:20:00,50.4272,0
MCH0001,LINE-A,2026-07-16T12:00:00,50.3725,0
MCH0001,LINE-A,2026-07-16T12:40:00,50.4863,0
MCH0001,LINE-A,2026-07-16T13:20:00,50.484,0
MCH0001,LINE-A,2026-07-16T14:00:00,50.4791,0
MCH0001,LINE-A,2026-07-16T14:40:00,50.4017,0
MCH0001,LINE-A,2026-07-16T15:20:00,50.5169,0
MCH0001,LINE-A,2026-07-16T16:00:00,50.4343,0
MCH0001,LINE-A,2026-07-16T16:40:00,50.4733,0
MCH0001,LINE-A,2026-07-16T17:20:00,50.527,0
MCH0001,LINE-A,2026-07-16T18:00:00,50.4383,0
MCH0001,LINE-A,2026-07-16T18:40:00,50.4753,0
MCH0001,LINE-A,2026-07-16T19:20:00,50.3674,0
MCH0001,LINE-A,2026-07-16T20:00:00,50.5515,0
MCH0001,LINE-A,2026-07-16T20:40:00,50.5376,0
MCH0001,LINE-A,2026-07-16T21:20:00,50.5553,0
MCH0001,LINE-A,2026-07-16T22:00:00,50.4517,0
MCH0001,LINE-A,2026-07-16T22:40:00,50.4537,0
MCH0001,LINE-A,2026-07-16T23:20:00,50.5046,0
MCH0001,LINE-A,2026-07-17T00:00:00,50.5319,0
MCH0001,LINE-A,2026-07-17T00:40:00,50.5708,0
MCH0001,LINE-A,2026-07-17T01:20:00,50.4917,0
MCH0001,LINE-A,2026-07-17T02:00:00,50.5077,0
MCH0001,LINE-A,2026-07-17T02:40:00,50.4998,0
MCH0001,LINE-A,2026-07-17T03:20:00,50.5859,0
MCH0001,LINE-A,2026-07-17T04:00:00,50.5121,0
MCH0001,LINE-A,2026-07-17T04:40:00,50.5398,0
MCH0001,LINE-A,2026-07-17T05:20:00,50.5442,0
MCH0001,LINE-A,2026-07-17T06:00:00,50.5779,0
MCH0001,LINE-A,2026-07-17T06:40:00,50.4524,0
MCH0001,LINE-A,2026-07-17T07:20:00,50.4428,0
MCH0001,LINE-A,2026-07-17T08:00:00,50.4848,0
MCH0001,LINE-A,2026-07-17T08:40:00,50.4382,0
MCH0001,LINE-A,2026-07-17T09:20:00,50.5969,0
MCH0001,LINE-A,2026-07-17T10:00:00,50.5557,0
MCH0001,LINE-A,2026-07-17T10:40:00,50.5388,0
MCH0001,LINE-A,2026-07-17T11:20:00,50.4982,0
MCH0001,LINE-A,2026-07-17T12:00:00,50.5936,0
MCH0001,LINE-A,2026-07-17T12:40:00,50.5508,0
MCH0001,LINE-A,2026-07-17T13:20:00,50.535,0
MCH0001,LINE-A,2026-07-17T14:00:00,50.5302,0
MCH0001,LINE-A,2026-07-17T14:40:00,50.5156,0
MCH0001,LINE-A,2026-07-17T15:20:00,50.4878,0
MCH0001,LINE-A,2026-07-17T16:00:00,50.5079,0
MCH0001,LINE-A,2026-07-17T16:40:00,50.479,0
MCH0001,LINE-A,2026-07-17T17:20:00,50.5946,0
MCH0001,LINE-A,2026-07-17T18:00:00,50.698,0
MCH0001,LINE-A,2026-07-17T18:40:00,50.47,0
MCH0001,LINE-A,2026-07-17T19:20:00,50.6094,0
MCH0001,LINE-A,2026-07-17T20:00:00,50.499,0
MCH0001,LINE-A,2026-07-17T20:40:00,50.4592,0
MCH0001,LINE-A,2026-07-17T21:20:00,50.5007,0
MCH0001,LINE-A,2026-07-17T22:00:00,50.5671,0
MCH0001,LINE-A,2026-07-17T22:40:00,50.5283,0
MCH0001,LINE-A,2026-07-17T23:20:00,50.6235,0
MCH0001,LINE-A,2026-07-18T00:00:00,50.551,0
MCH0001,LINE-A,2026-07-18T00:40:00,50.5332,0
MCH0001,LINE-A,2026-07-18T01:20:00,50.5704,0
MCH0001,LINE-A,2026-07-18T02:00:00,50.5447,0
MCH0001,LINE-A,2026-07-18T02:40:00,50.4948,0
MCH0001,LINE-A,2026-07-18T03:20:00,50.5537,0
MCH0001,LINE-A,2026-07-18T04:00:00,50.611,0
MCH0001,LINE-A,2026-07-18T04:40:00,50.6113,0
MCH0001,LINE-A,2026-07-18T05:20:00,50.6173,0
MCH0001,LINE-A,2026-07-18T06:00:00,50.4855,0
MCH0001,LINE-A,2026-07-18T06:40:00,50.5552,0
MCH0001,LINE-A,2026-07-18T07:20:00,50.5465,0
MCH0001,LINE-A,2026-07-18T08:00:00,50.5104,0
MCH0001,LINE-A,2026-07-18T08:40:00,50.6197,0
MCH0001,LINE-A,2026-07-18T09:20:00,50.5869,0
MCH0001,LINE-A,2026-07-18T10:00:00,50.5675,0
MCH0001,LINE-A,2026-07-18T10:40:00,50.6708,0
MCH0001,LINE-A,2026-07-18T11:20:00,50.543,0
MCH0001,LINE-A,2026-07-18T12:00:00,50.6034,0
MCH0001,LINE-A,2026-07-18T12:40:00,50.6701,0
MCH0001,LINE-A,2026-07-18T13:20:00,50.6283,0
MCH0001,LINE-A,2026-07-18T14:00:00,50.6556,0
MCH0001,LINE-A,2026-07-18T14:40:00,50.6542,0
MCH0001,LINE-A,2026-07-18T15:20:00,50.5634,0
MCH0001,LINE-A,2026-07-18T16:00:00,50.5295,0
MCH0001,LINE-A,2026-07-18T16:40:00,49.9857,1
MCH0001,LINE-A,2026-07-18T17:20:00,49.9886,1
MCH0001,LINE-A,2026-07-18T18:00:00,50.049,1
MCH0001,LINE-A,2026-07-18T18:40:00,50.0122,1
MCH0001,LINE-A,2026-07-18T19:20:00,50.0404,1
MCH0001,LINE-A,2026-07-18T20:00:00,49.9381,1
MCH0001,LINE-A,2026-07-18T20:40:00,50.0514,1
MCH0001,LINE-A,2026-07-18T21:20:00,50.0173,1
MCH0001,LINE-A,2026-07-18T22:00:00,50.0844,1
MCH0001,LINE-A,2026-07-18T22:40:00,50.0781,1
MCH0001,LINE-A,2026-07-18T23:20:00,50.0919,1
MCH0001,LINE-A,2026-07-19T00:00:00,49.9904,1
MCH0001,LINE-A,2026-07-19T00:40:00,50.1062,1
MCH0001,LINE-A,2026-07-19T01:20:00,50.0469,1
MCH0001,LINE-A,2026-07-19T02:00:00,50.0407,1
MCH0001,LINE-A,2026-07-19T02:40:00,50.0636,1
MCH0001,LINE-A,2026-07-19T03:20:00,50.084,1
MCH0001,LINE-A,2026-07-19T04:00:00,50.0892,1
MCH0001,LINE-A,2026-07-19T04:40:00,50.154,1
MCH0001,LINE-A,2026-07-19T05:20:00,50.0329,1
MCH0001,LINE-A,2026-07-19T06:00:00,49.9136,1
MCH0001,LINE-A,2026-07-19T06:40:00,50.1153,1
MCH0001,LINE-A,2026-07-19T07:20:00,50.065,1
MCH0001,LINE-A,2026-07-19T08:00:00,50.0803,1
MCH0001,LINE-A,2026-07-19T08:40:00,50.1141,1
MCH0001,LINE-A,2026-07-19T09:20:00,50.1738,1
MCH0001,LINE-A,2026-07-19T10:00:00,50.1314,1
MCH0001,LINE-A,2026-07-19T10:40:00,50.0841,1
MCH0001,LINE-A,2026-07-19T11:20:00,50.0446,1
MCH0001,LINE-A,2026-07-19T12:00:00,50.0405,1
MCH0001,LINE-A,2026-07-19T12:40:00,50.0762,1
MCH0001,LINE-A,2026-07-19T13:20:00,50.0574,1
MCH0001,LINE-A,2026-07-19T14:00:00,50.1686,1
MCH0001,LINE-A,2026-07-19T14:40:00,50.0405,1
MCH0001,LINE-A,2026-07-19T15:20:00,50.0344,1
MCH0001,LINE-A,2026-07-19T16:00:00,50.0267,1
MCH0001,LINE-A,2026-07-19T16:40:00,50.0257,1
MCH0001,LINE-A,2026-07-19T17:20:00,49.936,1
MCH0001,LINE-A,2026-07-19T18:00:00,50.0958,1
MCH0001,LINE-A,2026-07-19T18:40:00,50.1199,1
MCH0001,LINE-A,2026-07-19T19:20:00,50.0764,1
MCH0001,LINE-A,2026-07-19T20:00:00,50.1143,1
MCH0001,LINE-A,2026-07-19T20:40:00,50.0492,1
MCH0001,LINE-A,2026-07-19T21:20:00,50.0722,1
MCH0001,LINE-A,2026-07-19T22:00:00,50.059,1
MCH0001,LINE-A,2026-07-19T22:40:00,50.0954,1
MCH0001,LINE-A,2026-07-19T23:20:00,49.9922,1
MCH0001,LINE-A,2026-07-20T00:00:00,50.1061,1
MCH0001,LINE-A,2026-07-20T00:40:00,50.0274,1
MCH0001,LINE-A,2026-07-20T01:20:00,50.0526,1
MCH0001,LINE-A,2026-07-20T02:00:00,50.1366,1
MCH0001,LINE-A,2026-07-20T02:40:00,50.1485,1
MCH0001,LINE-A,2026-07-20T03:20:00,50.0741,1
MCH0001,LINE-A,2026-07-20T04:00:00,50.0702,1
MCH0001,LINE-A,2026-07-20T04:40:00,50.0702,1
MCH0001,LINE-A,2026-07-20T05:20:00,50.1007,1
MCH0001,LINE-A,2026-07-20T06:00:00,50.0972,1
MCH0001,LINE-A,2026-07-20T06:40:00,50.0891,1
MCH0001,LINE-A,2026-07-20T07:20:00,50.071,1
MCH0001,LINE-A,2026-07-20T08:00:00,50.0617,1
MCH0001,LINE-A,2026-07-20T08:40:00,50.1704,1
MCH0001,LINE-A,2026-07-20T09:20:00,50.1114,1
MCH0001,LINE-A,2026-07-20T10:00:00,50.1372,1
MCH0001,LINE-A,2026-07-20T10:40:00,50.1106,1
MCH0001,LINE-A,2026-07-20T11:20:00,49.9787,1
MCH0001,LINE-A,2026-07-20T12:00:00,50.1559,1
MCH0001,LINE-A,2026-07-20T12:40:00,50.0004,1
MCH0001,LINE-A,2026-07-20T13:20:00,50.0326,1
MCH0001,LINE-A,2026-07-20T14:00:00,50.1398,1
MCH0001,LINE-A,2026-07-20T14:40:00,50.1579,1
MCH0001,LINE-A,2026-07-20T15:20:00,50.0492,1
MCH0001,LINE-A,2026-07-20T16:00:00,50.0737,1
MCH0001,LINE-A,2026-07-20T16:40:00,50.08,1
MCH0001,LINE-A,2026-07-20T17:20:00,50.1425,1
MCH0001,LINE-A,2026-07-20T18:00:00,50.0904,1
MCH0001,LINE-A,2026-07-20T18:40:00,50.1032,1
MCH0001,LINE-A,2026-07-20T19:20:00,50.1545,1
MCH0001,LINE-A,2026-07-20T20:00:00,50.1721,1
MCH0001,LINE-A,2026-07-20T20:40:00,50.1465,1
MCH0001,LINE-A,2026-07-20T21:20:00,50.0885,1
MCH0001,LINE-A,2026-07-20T22:00:00,50.1,1
MCH0001,LINE-A,2026-07-20T22:40:00,50.1871,1
MCH0001,LINE-A,2026-07-20T23:20:00,50.1829,1
MCH0001,LINE-A,2026-07-21T00:00:00,50.1385,1
MCH0001,LINE-A,2026-07-21T00:40:00,50.094,1
MCH0001,LINE-A,2026-07-21T01:20:00,50.2687,1
MCH0001,LINE-A,2026-07-21T02:00:00,50.144,1
MCH0001,LINE-A,2026-07-21T02:40:00,50.0483,1
MCH0001,LINE-A,2026-07-21T03:20:00,50.194,1
MCH0001,LINE-A,2026-07-21T04:00:00,50.1334,1
MCH0001,LINE-A,2026-07-21T04:40:00,50.1199,1
MCH0001,LINE-A,2026-07-21T05:20:00,50.0716,1
MCH0001,LINE-A,2026-07-21T06:00:00,50.1178,1
MCH0001,LINE-A,2026-07-21T06:40:00,50.1646,1
MCH0001,LINE-A,2026-07-21T07:20:00,50.1636,1
MCH0001,LINE-A,2026-07-21T08:00:00,50.163,1
MCH0001,LINE-A,2026-07-21T08:40:00,50.1149,1
MCH0001,LINE-A,2026-07-21T09:20:00,50.2095,1
MCH0001,LINE-A,2026-07-21T10:00:00,50.1359,1
MCH0001,LINE-A,2026-07-21T10:40:00,50.1865,1
MCH0001,LINE-A,2026-07-21T11:20:00,50.1327,1
MCH0001,LINE-A,2026-07-21T12:00:00,50.1625,1
MCH0001,LINE-A,2026-07-21T12:40:00,50.1813,1
MCH0001,LINE-A,2026-07-21T13:20:00,50.1933,1
MCH0001,LINE-A,2026-07-21T14:00:00,50.1952,1
MCH0001,LINE-A,2026-07-21T14:40:00,50.1766,1
MCH0001,LINE-A,2026-07-21T15:20:00,50.2346,1
MCH0001,LINE-A,2026-07-21T16:00:00,50.226,1
MCH0001,LINE-A,2026-07-21T16:40:00,50.1583,1
MCH0001,LINE-A,2026-07-21T17:20:00,50.1142,1
MCH0001,LINE-A,2026-07-21T18:00:00,50.1365,1
MCH0001,LINE-A,2026-07-21T18:40:00,50.1248,1
MCH0001,LINE-A,2026-07-21T19:20:00,50.259,1
MCH0001,LINE-A,2026-07-21T20:00:00,50.198,1
MCH0001,LINE-A,2026-07-21T20:40:00,50.2901,1
MCH0001,LINE-A,2026-07-21T21:20:00,50.1823,1
MCH0001,LINE-A,2026-07-21T22:00:00,50.2012,1
MCH0001,LINE-A,2026-07-21T22:40:00,50.2326,1
MCH0001,LINE-A,2026-07-21T23:20:00,50.1496,1
MCH0001,LINE-A,2026-07-22T00:00:00,50.217,1
MCH0001,LINE-A,2026-07-22T00:40:00,50.189,1
MCH0001,LINE-A,2026-07-22T01:20:00,50.2382,1
MCH0001,LINE-A,2026-07-22T02:00:00,50.2999,1
MCH0001,LINE-A,2026-07-22T02:40:00,50.3127,0
MCH0001,LINE-A,2026-07-22T03:20:00,50.1343,1
MCH0001,LINE-A,2026-07-22T04:00:00,50.0923,1
MCH0001,LINE-A,2026-07-22T04:40:00,50.1722,1
MCH0001,LINE-A,2026-07-22T05:20:00,50.1841,1
MCH0001,LINE-A,2026-07-22T06:00:00,50.2354,1
MCH0001,LINE-A,2026-07-22T06:40:00,50.2221,1
MCH0001,LINE-A,2026-07-22T07:20:00,50.2312,1
MCH0001,LINE-A,2026-07-22T08:00:00,50.1963,1
MCH0001,LINE-A,2026-07-22T08:40:00,50.2282,1
MCH0001,LINE-A,2026-07-22T09:20:00,50.2391,1
MCH0001,LINE-A,2026-07-22T10:00:00,50.2318,1
MCH0001,LINE-A,2026-07-22T10:40:00,50.2337,1
MCH0001,LINE-A,2026-07-22T11:20:00,50.2479,1
MCH0001,LINE-A,2026-07-22T12:00:00,50.2406,1
MCH0001,LINE-A,2026-07-22T12:40:00,50.2544,1
MCH0001,LINE-A,2026-07-22T13:20:00,50.1831,1
MCH0001,LINE-A,2026-07-22T14:00:00,50.2284,1
MCH0001,LINE-A,2026-07-22T14:40:00,50.3023,0
MCH0001,LINE-A,2026-07-22T15:20:00,50.2317,1
MCH0001,LINE-A,2026-07-22T16:00:00,50.305,0
MCH0001,LINE-A,2026-07-22T16:40:00,50.2229,1
MCH0001,LINE-A,2026-07-22T17:20:00,50.2472,1
MCH0001,LINE-A,2026-07-22T18:00:00,50.1435,1
MCH0001,LINE-A,2026-07-22T18:40:00,50.2092,1
MCH0001,LINE-A,2026-07-22T19:20:00,50.2444,1
MCH0001,LINE-A,2026-07-22T20:00:00,50.2127,1
MCH0001,LINE-A,2026-07-22T20:40:00,50.1961,1
MCH0001,LINE-A,2026-07-22T21:20:00,50.253,1
MCH0001,LINE-A,2026-07-22T22:00:00,50.3457,0
MCH0001,LINE-A,2026-07-22T22:40:00,50.2706,1
MCH0001,LINE-A,2026-07-22T23:20:00,50.2809,1
MCH0001,LINE-A,2026-07-23T00:00:00,50.2462,1
MCH0001,LINE-A,2026-07-23T00:40:00,50.2607,1
MCH0001,LINE-A,2026-07-23T01:20:00,50.303,0
MCH0001,LINE-A,2026-07-23T02:00:00,50.242,1
MCH0001,LINE-A,2026-07-23T02:40:00,50.2837,1
MCH0001,LINE-A,2026-07-23T03:20:00,50.3125,0
MCH0001,LINE-A,2026-07-23T04:00:00,50.1925,1
MCH0001,LINE-A,2026-07-23T04:40:00,50.1812,1
MCH0001,LINE-A,2026-07-23T05:20:00,50.3167,0
MCH0001,LINE-A,2026-07-23T06:00:00,50.1969,1
MCH0001,LINE-A,2026-07-23T06:40:00,50.2553,1
MCH0001,LINE-A,2026-07-23T07:20:00,50.2705,1
MCH0001,LINE-A,2026-07-23T08:00:00,50.2321,1
MCH0001,LINE-A,2026-07-23T08:40:00,50.2791,1
MCH0001,LINE-A,2026-07-23T09:20:00,50.2839,1
MCH0001,LINE-A,2026-07-23T10:00:00,50.3071,0
MCH0001,LINE-A,2026-07-23T10:40:00,50.2671,1
MCH0001,LINE-A,2026-07-23T11:20:00,50.2798,1
MCH0001,LINE-A,2026-07-23T12:00:00,50.2666,1
MCH0001,LINE-A,2026-07-23T12:40:00,50.2905,1
MCH0001,LINE-A,2026-07-23T13:20:00,50.2096,1
MCH0001,LINE-A,2026-07-23T14:00:00,50.2953,1
MCH0001,LINE-A,2026-07-23T14:40:00,50.3537,0
MCH0001,LINE-A,2026-07-23T15:20:00,50.306,0
MCH0001,LINE-A,2026-07-23T16:00:00,50.2648,1
MCH0001,LINE-A,2026-07-23T16:40:00,50.3445,0
MCH0001,LINE-A,2026-07-23T17:20:00,50.2703,1
MCH0001,LINE-A,2026-07-23T18:00:00,50.3951,0
MCH0001,LINE-A,2026-07-23T18:40:00,50.3341,0
MCH0001,LINE-A,2026-07-23T19:20:00,50.3467,0
MCH0001,LINE-A,2026-07-23T20:00:00,50.3226,0
MCH0001,LINE-A,2026-07-23T20:40:00,50.2784,1
MCH0001,LINE-A,2026-07-23T21:20:00,50.3054,0
MCH0001,LINE-A,2026-07-23T22:00:00,50.2913,1
MCH0001,LINE-A,2026-07-23T22:40:00,50.3056,0
MCH0001,LINE-A,2026-07-23T23:20:00,50.2397,1
MCH0001,LINE-A,2026-07-24T00:00:00,50.2996,1
MCH0001,LINE-A,2026-07-24T00:40:00,50.2547,1
MCH0001,LINE-A,2026-07-24T01:20:00,50.3596,0
MCH0001,LINE-A,2026-07-24T02:00:00,50.3357,0
MCH0001,LINE-A,2026-07-24T02:40:00,50.2844,1
MCH0001,LINE-A,2026-07-24T03:20:00,50.3315,0
MCH0001,LINE-A,2026-07-24T04:00:00,50.4074,0
MCH0001,LINE-A,2026-07-24T04:40:00,50.2729,1
MCH0001,LINE-A,2026-07-24T05:20:00,50.3182,0
MCH0001,LINE-A,2026-07-24T06:00:00,50.3131,0
MCH0001,LINE-A,2026-07-24T06:40:00,50.2968,1
MCH0001,LINE-A,2026-07-24T07:20:00,50.3533,0
MCH0001,LINE-A,2026-07-24T08:00:00,50.3368,0
MCH0001,LINE-A,2026-07-24T08:40:00,50.325,0
MCH0001,LINE-A,2026-07-24T09:20:00,50.3946,0
MCH0001,LINE-A,2026-07-24T10:00:00,50.3768,0
MCH0001,LINE-A,2026-07-24T10:40:00,50.3959,0
MCH0001,LINE-A,2026-07-24T11:20:00,50.475,0
MCH0001,LINE-A,2026-07-24T12:00:00,50.4435,0
MCH0001,LINE-A,2026-07-24T12:40:00,50.4045,0
MCH0001,LINE-A,2026-07-24T13:20:00,50.3598,0
MCH0001,LINE-A,2026-07-24T14:00:00,50.3664,0
MCH0001,LINE-A,2026-07-24T14:40:00,50.3272,0
MCH0001,LINE-A,2026-07-24T15:20:00,50.3266,0
MCH0001,LINE-A,2026-07-24T16:00:00,50.3992,0
MCH0001,LINE-A,2026-07-24T16:40:00,50.3357,0
MCH0001,LINE-A,2026-07-24T17:20:00,50.2493,1
MCH0001,LINE-A,2026-07-24T18:00:00,50.3683,0
MCH0001,LINE-A,2026-07-24T18:40:00,50.3693,0
MCH0001,LINE-A,2026-07-24T19:20:00,50.3104,0
MCH0001,LINE-A,2026-07-24T20:00:00,50.343,0
MCH0001,LINE-A,2026-07-24T20:40:00,50.3313,0
MCH0001,LINE-A,2026-07-24T21:20:00,50.3366,0
MCH0001,LINE-A,2026-07-24T22:00:00,50.2988,1
MCH0001,LINE-A,2026-07-24T22:40:00,50.4854,0
MCH0001,LINE-A,2026-07-24T23:20:00,50.412,0
MCH0001,LINE-A,2026-07-25T00:00:00,50.4218,0
MCH0001,LINE-A,2026-07-25T00:40:00,50.498,0
MCH0001,LINE-A,2026-07-25T01:20:00,50.4371,0
MCH0001,LINE-A,2026-07-25T02:00:00,50.3906,0
MCH0001,LINE-A,2026-07-25T02:40:00,50.4245,0
MCH0001,LINE-A,2026-07-25T03:20:00,50.3758,0
MCH0001,LINE-A,2026-07-25T04:00:00,50.3071,0
MCH0001,LINE-A,2026-07-25T04:40:00,50.3831,0
MCH0001,LINE-A,2026-07-25T05:20:00,50.3135,0
MCH0001,LINE-A,2026-07-25T06:00:00,50.3916,0
MCH0001,LINE-A,2026-07-25T06:40:00,50.3376,0
MCH0001,LINE-A,2026-07-25T07:20:00,50.3065,0
MCH0001,LINE-A,2026-07-25T08:00:00,50.4192,0
MCH0001,LINE-A,2026-07-25T08:40:00,50.3531,0
MCH0001,LINE-A,2026-07-25T09:20:00,50.4036,0
MCH0001,LINE-A,2026-07-25T10:00:00,50.3526,0
MCH0001,LINE-A,2026-07-25T10:40:00,50.4757,0
MCH0001,LINE-A,2026-07-25T11:20:00,50.4526,0
MCH0001,LINE-A,2026-07-25T12:00:00,50.401,0
MCH0001,LINE-A,2026-07-25T12:40:00,50.3264,0
MCH0001,LINE-A,2026-07-25T13:20:00,50.313,0
MCH0001,LINE-A,2026-07-25T14:00:00,50.3628,0
MCH0001,LINE-A,2026-07-25T14:40:00,50.3945,0
MCH0001,LINE-A,2026-07-25T15:20:00,50.4035,0
MCH0001,LINE-A,2026-07-25T16:00:00,50.4148,0
MCH0001,LINE-A,2026-07-25T16:40:00,50.3863,0
MCH0001,LINE-A,2026-07-25T17:20:00,50.37,0
MCH0001,LINE-A,2026-07-25T18:00:00,50.4613,0
MCH0001,LINE-A,2026-07-25T18:40:00,50.4885,0
MCH0001,LINE-A,2026-07-25T19:20:00,50.4265,0
MCH0001,LINE-A,2026-07-25T20:00:00,50.3688,0
MCH0001,LINE-A,2026-07-25T20:40:00,50.4025,0
MCH0001,LINE-A,2026-07-25T21:20:00,50.436,0
MCH0001,LINE-A,2026-07-25T22:00:00,50.506,0
MCH0001,LINE-A,2026-07-25T22:40:00,50.4051,0
MCH0001,LINE-A,2026-07-25T23:20:00,50.4509,0
MCH0001,LINE-A,2026-07-26T00:00:00,50.4267,0
MCH0001,LINE-A,2026-07-26T00:40:00,50.4628,0
MCH0001,LINE-A,2026-07-26T01:20:00,50.4278,0
MCH0001,LINE-A,2026-07-26T02:00:00,50.3788,0
MCH0001,LINE-A,2026-07-26T02:40:00,50.4004,0
MCH0001,LINE-A,2026-07-26T03:20:00,50.4471,0
MCH0001,LINE-A,2026-07-26T04:00:00,50.3855,0
MCH0001,LINE-A,2026-07-26T04:40:00,50.4174,0
MCH0001,LINE-A,2026-07-26T05:20:00,50.4445,0
MCH0001,LINE-A,2026-07-26T06:00:00,50.5142,0
MCH0001,LINE-A,2026-07-26T06:40:00,50.5134,0
MCH0001,LINE-A,2026-07-26T07:20:00,50.4393,0
MCH0001,LINE-A,2026-07-26T08:00:00,50.4093,0
MCH0001,LINE-A,2026-07-26T08:40:00,50.2869,1
MCH0001,LINE-A,2026-07-26T09:20:00,50.4615,0
MCH0001,LINE-A,2026-07-26T10:00:00,50.4395,0
MCH0001,LINE-A,2026-07-26T10:40:00,50.4227,0
MCH0001,LINE-A,2026-07-26T11:20:00,50.3801,0
MCH0001,LINE-A,2026-07-26T12:00:00,50.4877,0
MCH0001,LINE-A,2026-07-26T12:40:00,50.4701,0
MCH0001,LINE-A,2026-07-26T13:20:00,50.4227,0
MCH0001,LINE-A,2026-07-26T14:00:00,50.4733,0
MCH0001,LINE-A,2026-07-26T14:40:00,50.4134,0
MCH0001,LINE-A,2026-07-26T15:20:00,50.4001,0
MCH0001,LINE-A,2026-07-26T16:00:00,50.5282,0
MCH0001,LINE-A,2026-07-26T16:40:00,50.5172,0
MCH0001,LINE-A,2026-07-26T17:20:00,50.5812,0
MCH0001,LINE-A,2026-07-26T18:00:00,50.4969,0
MCH0001,LINE-A,2026-07-26T18:40:00,50.4992,0
MCH0001,LINE-A,2026-07-26T19:20:00,50.4628,0
MCH0001,LINE-A,2026-07-26T20:00:00,50.4642,0
MCH0001,LINE-A,2026-07-26T20:40:00,50.3954,0
MCH0001,LINE-A,2026-07-26T21:20:00,50.4661,0
MCH0001,LINE-A,2026-07-26T22:00:00,50.4771,0
MCH0001,LINE-A,2026-07-26T22:40:00,50.4473,0
MCH0001,LINE-A,2026-07-26T23:20:00,50.5164,0
MCH0001,LINE-A,2026-07-27T00:00:00,50.4967,0
MCH0001,LINE-A,2026-07-27T00:40:00,50.4591,0
MCH0001,LINE-A,2026-07-27T01:20:00,50.4366,0
MCH0001,LINE-A,2026-07-27T02:00:00,50.4828,0
MCH0001,LINE-A,2026-07-27T02:40:00,50.4543,0
MCH0001,LINE-A,2026-07-27T03:20:00,50.4912,0
MCH0001,LINE-A,2026-07-27T04:00:00,50.5646,0
MCH0001,LINE-A,2026-07-27T04:40:00,50.5239,0
MCH0001,LINE-A,2026-07-27T05:20:00,50.5346,0
MCH0001,LINE-A,2026-07-27T06:00:00,50.4907,0
MCH0001,LINE-A,2026-07-27T06:40:00,50.4922,0
MCH0001,LINE-A,2026-07-27T07:20:00,50.5026,0
MCH0001,LINE-A,2026-07-27T08:00:00,50.5922,0
MCH0001,LINE-A,2026-07-27T08:40:00,50.4839,0
MCH0001,LINE-A,2026-07-27T09:20:00,50.495,0
MCH0001,LINE-A,2026-07-27T10:00:00,50.6037,0
MCH0001,LINE-A,2026-07-27T10:40:00,50.4829,0
MCH0001,LINE-A,2026-07-27T11:20:00,50.5841,0
MCH0001,LINE-A,2026-07-27T12:00:00,50.5371,0
MCH0001,LINE-A,2026-07-27T12:40:00,50.5335,0
MCH0001,LINE-A,2026-07-27T13:20:00,50.6055,0
MCH0001,LINE-A,2026-07-27T14:00:00,50.5901,0
MCH0001,LINE-A,2026-07-27T14:40:00,50.5193,0
MCH0001,LINE-A,2026-07-27T15:20:00,50.4923,0
MCH0001,LINE-A,2026-07-27T16:00:00,50.447,0
MCH0001,LINE-A,2026-07-27T16:40:00,50.5519,0
MCH0001,LINE-A,2026-07-27T17:20:00,50.5492,0
MCH0001,LINE-A,2026-07-27T18:00:00,50.4898,0
MCH0001,LINE-A,2026-07-27T18:40:00,50.5192,0
MCH0001,LINE-A,2026-07-27T19:20:00,50.5229,0
MCH0001,LINE-A,2026-07-27T20:00:00,50.4631,0
MCH0001,LINE-A,2026-07-27T20:40:00,50.5563,0
MCH0001,LINE-A,2026-07-27T21:20:00,50.5611,0
MCH0001,LINE-A,2026-07-27T22:00:00,50.5044,0
MCH0001,LINE-A,2026-07-27T22:40:00,50.5125,0
MCH0001,LINE-A,2026-07-27T23:20:00,50.4936,0
MCH0001,LINE-A,2026-07-28T00:00:00,50.5105,0
MCH0001,LINE-A,2026-07-28T00:40:00,50.5093,0
MCH0001,LINE-A,2026-07-28T01:20:00,50.5552,0
MCH0001,LINE-A,2026-07-28T02:00:00,50.5466,0
MCH0001,LINE-A,2026-07-28T02:40:00,50.5906,0
MCH0001,LINE-A,2026-07-28T03:20:00,50.6215,0
MCH0001,LINE-A,2026-07-28T04:00:00,50.5213,0
MCH0001,LINE-A,2026-07-28T04:40:00,50.6274,0
MCH0001,LINE-A,2026-07-28T05:20:00,50.5538,0
MCH0001,LINE-A,2026-07-28T06:00:00,50.5472,0
MCH0001,LINE-A,2026-07-28T06:40:00,50.5936,0
MCH0001,LINE-A,2026-07-28T07:20:00,50.5129,0
MCH0001,LINE-A,2026-07-28T08:00:00,50.5276,0
MCH0001,LINE-A,2026-07-28T08:40:00,50.5576,0
MCH0001,LINE-A,2026-07-28T09:20:00,50.5716,0
MCH0001,LINE-A,2026-07-28T10:00:00,50.6145,0
MCH0001,LINE-A,2026-07-28T10:40:00,50.6058,0
MCH0001,LINE-A,2026-07-28T11:20:00,50.5103,0
MCH0001,LINE-A,2026-07-28T12:00:00,50.5429,0
MCH0001,LINE-A,2026-07-28T12:40:00,50.6001,0
MCH0001,LINE-A,2026-07-28T13:20:00,50.5649,0
MCH0001,LINE-A,2026-07-28T14:00:00,50.5432,0
MCH0001,LINE-A,2026-07-28T14:40:00,50.5795,0
MCH0001,LINE-A,2026-07-28T15:20:00,50.5895,0
MCH0001,LINE-A,2026-07-28T16:00:00,50.5217,0
MCH0001,LINE-A,2026-07-28T16:40:00,50.6787,0
MCH0001,LINE-A,2026-07-28T17:20:00,50.6414,0
MCH0001,LINE-A,2026-07-28T18:00:00,50.5986,0
MCH0001,LINE-A,2026-07-28T18:40:00,50.4796,0
MCH0001,LINE-A,2026-07-28T19:20:00,50.6446,0
MCH0001,LINE-A,2026-07-28T20:00:00,50.5958,0
MCH0001,LINE-A,2026-07-28T20:40:00,50.5283,0
MCH0001,LINE-A,2026-07-28T21:20:00,50.6556,0
MCH0001,LINE-A,2026-07-28T22:00:00,50.5537,0
MCH0001,LINE-A,2026-07-28T22:40:00,50.5662,0
MCH0001,LINE-A,2026-07-28T23:20:00,50.5395,0
MCH0001,LINE-A,2026-07-29T00:00:00,50.5513,0
MCH0001,LINE-A,2026-07-29T00:40:00,50.0395,1
MCH0001,LINE-A,2026-07-29T01:20:00,50.023,1
MCH0001,LINE-A,2026-07-29T02:00:00,49.9938,1
MCH0001,LINE-A,2026-07-29T02:40:00,50.1382,1
MCH0001,LINE-A,2026-07-29T03:20:00,50.1102,1
MCH0001,LINE-A,2026-07-29T04:00:00,49.9792,1
MCH0001,LINE-A,2026-07-29T04:40:00,50.0048,1
MCH0001,LINE-A,2026-07-29T05:20:00,50.0004,1
MCH0001,LINE-A,2026-07-29T06:00:00,49.9971,1
MCH0001,LINE-A,2026-07-29T06:40:00,49.9109,1
MCH0001,LINE-A,2026-07-29T07:20:00,50.0006,1
MCH0001,LINE-A,2026-07-29T08:00:00,49.9325,1
MCH0001,LINE-A,2026-07-29T08:40:00,50.0047,1
MCH0001,LINE-A,2026-07-29T09:20:00,50.0335,1
MCH0001,LINE-A,2026-07-29T10:00:00,49.8724,1
MCH0001,LINE-A,2026-07-29T10:40:00,50.032,1
MCH0001,LINE-A,2026-07-29T11:20:00,49.8991,1
MCH0001,LINE-A,2026-07-29T12:00:00,49.9269,1
MCH0001,LINE-A,2026-07-29T12:40:00,50.0371,1
MCH0001,LINE-A,2026-07-29T13:20:00,49.9513,1
MCH0001,LINE-A,2026-07-29T14:00:00,49.9924,1
MCH0001,LINE-A,2026-07-29T14:40:00,50.0473,1
MCH0001,LINE-A,2026-07-29T15:20:00,50.1073,1
MCH0001,LINE-A,2026-07-29T16:00:00,50.0535,1
MCH0001,LINE-A,2026-07-29T16:40:00,50.0611,1
MCH0001,LINE-A,2026-07-29T17:20:00,49.8721,1
MCH0001,LINE-A,2026-07-29T18:00:00,50.0284,1
MCH0001,LINE-A,2026-07-29T18:40:00,49.9227,1
MCH0001,LINE-A,2026-07-29T19:20:00,49.955,1
MCH0001,LINE-A,2026-07-29T20:00:00,49.998,1
MCH0001,LINE-A,2026-07-29T20:40:00,50.0469,1
MCH0001,LINE-A,2026-07-29T21:20:00,50.0237,1
MCH0001,LINE-A,2026-07-29T22:00:00,50.0679,1
MCH0001,LINE-A,2026-07-29T22:40:00,50.1341,1
MCH0001,LINE-A,2026-07-29T23:20:00,50.0196,1
MCH0001,LINE-A,2026-07-30T00:00:00,50.0838,1
MCH0001,LINE-A,2026-07-30T00:40:00,50.1022,1
MCH0001,LINE-A,2026-07-30T01:20:00,49.9915,1
MCH0001,LINE-A,2026-07-30T02:00:00,50.0896,1
MCH0001,LINE-A,2026-07-30T02:40:00,50.0364,1
MCH0001,LINE-A,2026-07-30T03:20:00,50.0747,1
MCH0001,LINE-A,2026-07-30T04:00:00,50.093,1
MCH0001,LINE-A,2026-07-30T04:40:00,50.0236,1
MCH0001,LINE-A,2026-07-30T05:20:00,50.0903,1
MCH0001,LINE-A,2026-07-30T06:00:00,50.0137,1
MCH0001,LINE-A,2026-07-30T06:40:00,49.9797,1
MCH0001,LINE-A,2026-07-30T07:20:00,50.0821,1
MCH0001,LINE-A,2026-07-30T08:00:00,50.0017,1
MCH0001,LINE-A,2026-07-30T08:40:00,50.0334,1
MCH0001,LINE-A,2026-07-30T09:20:00,50.1164,1
MCH0001,LINE-A,2026-07-30T10:00:00,50.0347,1
MCH0001,LINE-A,2026-07-30T10:40:00,50.1218,1
MCH0001,LINE-A,2026-07-30T11:20:00,50.0932,1
MCH0001,LINE-A,2026-07-30T12:00:00,49.9934,1
MCH0001,LINE-A,2026-07-30T12:40:00,49.9961,1
MCH0001,LINE-A,2026-07-30T13:20:00,49.9668,1
MCH0001,LINE-A,2026-07-30T14:00:00,50.0857,1
MCH0001,LINE-A,2026-07-30T14:40:00,50.1207,1
MCH0001,LINE-A,2026-07-30T15:20:00,50.0804,1
MCH0001,LINE-A,2026-07-30T16:00:00,50.0669,1
MCH0001,LINE-A,2026-07-30T16:40:00,50.0556,1
MCH0001,LINE-A,2026-07-30T17:20:00,50.066,1
MCH0001,LINE-A,2026-07-30T18:00:00,50.1075,1
MCH0001,LINE-A,2026-07-30T18:40:00,50.0412,1
MCH0001,LINE-A,2026-07-30T19:20:00,50.0523,1
MCH0001,LINE-A,2026-07-30T20:00:00,50.0488,1
MCH0001,LINE-A,2026-07-30T20:40:00,50.1327,1
MCH0001,LINE-A,2026-07-30T21:20:00,49.9457,1
MCH0001,LINE-A,2026-07-30T22:00:00,50.0161,1
MCH0001,LINE-A,2026-07-30T22:40:00,50.001,1
MCH0001,LINE-A,2026-07-30T23:20:00,50.0464,1
MCH0001,LINE-A,2026-07-31T00:00:00,50.0872,1
MCH0001,LINE-A,2026-07-31T00:40:00,49.9974,1
MCH0001,LINE-A,2026-07-31T01:20:00,50.0786,1
MCH0001,LINE-A,2026-07-31T02:00:00,50.0093,1
MCH0001,LINE-A,2026-07-31T02:40:00,50.0704,1
MCH0001,LINE-A,2026-07-31T03:20:00,50.0964,1
MCH0001,LINE-A,2026-07-31T04:00:00,50.0291,1
MCH0001,LINE-A,2026-07-31T04:40:00,50.0996,1
MCH0001,LINE-A,2026-07-31T05:20:00,50.1748,1
MCH0001,LINE-A,2026-07-31T06:00:00,50.1405,1
MCH0001,LINE-A,2026-07-31T06:40:00,50.0232,1
MCH0001,LINE-A,2026-07-31T07:20:00,50.1211,1
MCH0001,LINE-A,2026-07-31T08:00:00,50.0837,1
MCH0001,LINE-A,2026-07-31T08:40:00,50.0989,1
MCH0001,LINE-A,2026-07-31T09:20:00,50.0641,1
MCH0001,LINE-A,2026-07-31T10:00:00,50.1274,1
MCH0001,LINE-A,2026-07-31T10:40:00,50.1191,1
MCH0001,LINE-A,2026-07-31T11:20:00,50.0598,1
MCH0001,LINE-A,2026-07-31T12:00:00,49.9638,1
MCH0001,LINE-A,2026-07-31T12:40:00,50.018,1
MCH0001,LINE-A,2026-07-31T13:20:00,50.1352,1
MCH0001,LINE-A,2026-07-31T14:00:00,50.0515,1
MCH0001,LINE-A,2026-07-31T14:40:00,50.0269,1
MCH0001,LINE-A,2026-07-31T15:20:00,50.09,1
MCH0001,LINE-A,2026-07-31T16:00:00,50.0535,1
MCH0001,LINE-A,2026-07-31T16:40:00,50.1245,1
MCH0001,LINE-A,2026-07-31T17:20:00,50.1385,1
MCH0001,LINE-A,2026-07-31T18:00:00,50.0847,1
MCH0001,LINE-A,2026-07-31T18:40:00,50.1147,1
MCH0001,LINE-A,2026-07-31T19:20:00,50.1291,1
MCH0001,LINE-A,2026-07-31T20:00:00,50.1614,1
MCH0001,LINE-A,2026-07-31T20:40:00,50.0905,1
MCH0001,LINE-A,2026-07-31T21:20:00,50.0811,1
MCH0001,LINE-A,2026-07-31T22:00:00,50.0298,1
MCH0001,LINE-A,2026-07-31T22:40:00,50.1083,1
MCH0001,LINE-A,2026-07-31T23:20:00,49.9895,1
MCH0001,LINE-A,2026-08-01T00:00:00,50.0473,1
MCH0001,LINE-A,2026-08-01T00:40:00,50.0837,1
MCH0001,LINE-A,2026-08-01T01:20:00,50.1126,1
MCH0001,LINE-A,2026-08-01T02:00:00,50.0653,1
MCH0001,LINE-A,2026-08-01T02:40:00,50.1569,1
MCH0001,LINE-A,2026-08-01T03:20:00,50.1212,1
MCH0001,LINE-A,2026-08-01T04:00:00,50.097,1
MCH0001,LINE-A,2026-08-01T04:40:00,50.1558,1
MCH0001,LINE-A,2026-08-01T05:20:00,50.0955,1
MCH0001,LINE-A,2026-08-01T06:00:00,50.1101,1
MCH0001,LINE-A,2026-08-01T06:40:00,50.0888,1
MCH0001,LINE-A,2026-08-01T07:20:00,50.1714,1
MCH0001,LINE-A,2026-08-01T08:00:00,50.1405,1
MCH0001,LINE-A,2026-08-01T08:40:00,50.1256,1
MCH0001,LINE-A,2026-08-01T09:20:00,50.2176,1
MCH0001,LINE-A,2026-08-01T10:00:00,50.1159,1
MCH0001,LINE-A,2026-08-01T10:40:00,50.1866,1
MCH0001,LINE-A,2026-08-01T11:20:00,50.0411,1
MCH0001,LINE-A,2026-08-01T12:00:00,50.1031,1
MCH0001,LINE-A,2026-08-01T12:40:00,50.1806,1
MCH0001,LINE-A,2026-08-01T13:20:00,50.1097,1
MCH0001,LINE-A,2026-08-01T14:00:00,50.0797,1
MCH0001,LINE-A,2026-08-01T14:40:00,50.1695,1
MCH0001,LINE-A,2026-08-01T15:20:00,50.1958,1
MCH0001,LINE-A,2026-08-01T16:00:00,50.1268,1
MCH0001,LINE-A,2026-08-01T16:40:00,50.1307,1
MCH0001,LINE-A,2026-08-01T17:20:00,50.1491,1
MCH0001,LINE-A,2026-08-01T18:00:00,50.1061,1
MCH0001,LINE-A,2026-08-01T18:40:00,50.1398,1
MCH0001,LINE-A,2026-08-01T19:20:00,50.101,1
MCH0001,LINE-A,2026-08-01T20:00:00,50.2125,1
MCH0001,LINE-A,2026-08-01T20:40:00,50.1632,1
MCH0001,LINE-A,2026-08-01T21:20:00,50.0872,1
MCH0001,LINE-A,2026-08-01T22:00:00,50.1602,1
MCH0001,LINE-A,2026-08-01T22:40:00,50.1265,1
MCH0001,LINE-A,2026-08-01T23:20:00,50.0958,1
MCH0001,LINE-A,2026-08-02T00:00:00,50.0632,1
MCH0001,LINE-A,2026-08-02T00:40:00,50.15,1
MCH0001,LINE-A,2026-08-02T01:20:00,50.0504,1
MCH0001,LINE-A,2026-08-02T02:00:00,50.1614,1
MCH0001,LINE-A,2026-08-02T02:40:00,50.087,1
MCH0001,LINE-A,2026-08-02T03:20:00,50.0947,1
MCH0001,LINE-A,2026-08-02T04:00:00,50.1089,1
MCH0001,LINE-A,2026-08-02T04:40:00,50.1587,1
MCH0001,LINE-A,2026-08-02T05:20:00,50.1534,1
MCH0001,LINE-A,2026-08-02T06:00:00,50.212,1
MCH0001,LINE-A,2026-08-02T06:40:00,50.1094,1
MCH0001,LINE-A,2026-08-02T07:20:00,50.221,1
MCH0001,LINE-A,2026-08-02T08:00:00,50.1296,1
MCH0001,LINE-A,2026-08-02T08:40:00,50.0409,1
MCH0001,LINE-A,2026-08-02T09:20:00,50.0654,1
MCH0001,LINE-A,2026-08-02T10:00:00,50.0674,1
MCH0001,LINE-A,2026-08-02T10:40:00,50.1365,1
MCH0001,LINE-A,2026-08-02T11:20:00,50.0218,1
MCH0001,LINE-A,2026-08-02T12:00:00,50.1636,1
MCH0001,LINE-A,2026-08-02T12:40:00,50.0444,1
MCH0001,LINE-A,2026-08-02T13:20:00,50.0981,1
MCH0001,LINE-A,2026-08-02T14:00:00,50.1447,1
MCH0001,LINE-A,2026-08-02T14:40:00,50.2062,1
MCH0001,LINE-A,2026-08-02T15:20:00,50.2504,1
MCH0001,LINE-A,2026-08-02T16:00:00,50.162,1
MCH0001,LINE-A,2026-08-02T16:40:00,50.1668,1
MCH0001,LINE-A,2026-08-02T17:20:00,50.1474,1
MCH0001,LINE-A,2026-08-02T18:00:00,50.2248,1
MCH0001,LINE-A,2026-08-02T18:40:00,50.1151,1
MCH0001,LINE-A,2026-08-02T19:20:00,50.2259,1
MCH0001,LINE-A,2026-08-02T20:00:00,50.1893,1
MCH0001,LINE-A,2026-08-02T20:40:00,50.1823,1
MCH0001,LINE-A,2026-08-02T21:20:00,50.2631,1
MCH0001,LINE-A,2026-08-02T22:00:00,50.1541,1
MCH0001,LINE-A,2026-08-02T22:40:00,50.1523,1
MCH0001,LINE-A,2026-08-02T23:20:00,50.2079,1
MCH0001,LINE-A,2026-08-03T00:00:00,50.1769,1
MCH0001,LINE-A,2026-08-03T00:40:00,50.125,1
MCH0001,LINE-A,2026-08-03T01:20:00,50.0732,1
MCH0001,LINE-A,2026-08-03T02:00:00,50.214,1
MCH0001,LINE-A,2026-08-03T02:40:00,50.1947,1
MCH0001,LINE-A,2026-08-03T03:20:00,50.1166,1
MCH0001,LINE-A,2026-08-03T04:00:00,50.1989,1
MCH0001,LINE-A,2026-08-03T04:40:00,50.1803,1
MCH0001,LINE-A,2026-08-03T05:20:00,50.2436,1
MCH0001,LINE-A,2026-08-03T06:00:00,50.2129,1
MCH0001,LINE-A,2026-08-03T06:40:00,50.1965,1
MCH0001,LINE-A,2026-08-03T07:20:00,50.1637,1
MCH0001,LINE-A,2026-08-03T08:00:00,50.16,1
MCH0001,LINE-A,2026-08-03T08:40:00,50.2087,1
MCH0001,LINE-A,2026-08-03T09:20:00,50.1256,1
MCH0001,LINE-A,2026-08-03T10:00:00,50.1243,1
MCH0001,LINE-A,2026-08-03T10:40:00,50.1367,1
MCH0001,LINE-A,2026-08-03T11:20:00,50.1507,1
MCH0001,LINE-A,2026-08-03T12:00:00,50.0895,1
MCH0001,LINE-A,2026-08-03T12:40:00,50.1526,1
MCH0001,LINE-A,2026-08-03T13:20:00,50.2617,1
MCH0001,LINE-A,2026-08-03T14:00:00,50.1371,1
MCH0001,LINE-A,2026-08-03T14:40:00,50.1543,1
MCH0001,LINE-A,2026-08-03T15:20:00,50.2664,1
MCH0001,LINE-A,2026-08-03T16:00:00,50.2014,1
MCH0001,LINE-A,2026-08-03T16:40:00,50.2569,1
MCH0001,LINE-A,2026-08-03T17:20:00,50.2665,1
MCH0001,LINE-A,2026-08-03T18:00:00,50.2704,1
MCH0001,LINE-A,2026-08-03T18:40:00,50.1764,1
MCH0001,LINE-A,2026-08-03T19:20:00,50.1599,1
MCH0001,LINE-A,2026-08-03T20:00:00,50.1515,1
MCH0001,LINE-A,2026-08-03T20:40:00,50.1412,1
MCH0001,LINE-A,2026-08-03T21:20:00,50.0945,1
MCH0001,LINE-A,2026-08-03T22:00:00,50.2487,1
MCH0001,LINE-A,2026-08-03T22:40:00,50.2284,1
MCH0001,LINE-A,2026-08-03T23:20:00,50.2102,1
MCH0001,LINE-A,2026-08-04T00:00:00,50.1267,1
MCH0001,LINE-A,2026-08-04T00:40:00,50.2314,1
MCH0001,LINE-A,2026-08-04T01:20:00,50.1665,1
MCH0001,LINE-A,2026-08-04T02:00:00,50.2543,1
MCH0001,LINE-A,2026-08-04T02:40:00,50.2701,1
MCH0001,LINE-A,2026-08-04T03:20:00,50.1823,1
MCH0001,LINE-A,2026-08-04T04:00:00,50.2081,1
MCH0001,LINE-A,2026-08-04T04:40:00,50.2751,1
MCH0001,LINE-A,2026-08-04T05:20:00,50.1874,1
MCH0001,LINE-A,2026-08-04T06:00:00,50.1584,1
MCH0001,LINE-A,2026-08-04T06:40:00,50.2052,1
MCH0001,LINE-A,2026-08-04T07:20:00,50.1817,1
MCH0001,LINE-A,2026-08-04T08:00:00,50.1657,1
MCH0001,LINE-A,2026-08-04T08:40:00,50.1981,1
MCH0001,LINE-A,2026-08-04T09:20:00,50.2705,1
MCH0001,LINE-A,2026-08-04T10:00:00,50.2178,1
MCH0001,LINE-A,2026-08-04T10:40:00,50.26,1
MCH0001,LINE-A,2026-08-04T11:20:00,50.2237,1
MCH0001,LINE-A,2026-08-04T12:00:00,50.2524,1
MCH0001,LINE-A,2026-08-04T12:40:00,50.2587,1
MCH0001,LINE-A,2026-08-04T13:20:00,50.2557,1
MCH0001,LINE-A,2026-08-04T14:00:00,50.1679,1
MCH0001,LINE-A,2026-08-04T14:40:00,50.2179,1
MCH0001,LINE-A,2026-08-04T15:20:00,50.2629,1
MCH0001,LINE-A,2026-08-04T16:00:00,50.2217,1
MCH0001,LINE-A,2026-08-04T16:40:00,50.2891,1
MCH0001,LINE-A,2026-08-04T17:20:00,50.2818,1
MCH0001,LINE-A,2026-08-04T18:00:00,50.2504,1
MCH0001,LINE-A,2026-08-04T18:40:00,50.3018,0
MCH0001,LINE-A,2026-08-04T19:20:00,50.2525,1
MCH0001,LINE-A,2026-08-04T20:00:00,50.2274,1
MCH0001,LINE-A,2026-08-04T20:40:00,50.2073,1
MCH0001,LINE-A,2026-08-04T21:20:00,50.1664,1
MCH0001,LINE-A,2026-08-04T22:00:00,50.2162,1
MCH0001,LINE-A,2026-08-04T22:40:00,50.1874,1
MCH0001,LINE-A,2026-08-04T23:20:00,50.2545,1
MCH0001,LINE-A,2026-08-05T00:00:00,50.2453,1
MCH0001,LINE-A,2026-08-05T00:40:00,50.2242,1
MCH0001,LINE-A,2026-08-05T01:20:00,50.1831,1
MCH0001,LINE-A,2026-08-05T02:00:00,50.1774,1
MCH0001,LINE-A,2026-08-05T02:40:00,50.2127,1
MCH0001,LINE-A,2026-08-05T03:20:00,50.2177,1
MCH0001,LINE-A,2026-08-05T04:00:00,50.29,1
MCH0001,LINE-A,2026-08-05T04:40:00,50.1583,1
MCH0001,LINE-A,2026-08-05T05:20:00,50.177,1
MCH0001,LINE-A,2026-08-05T06:00:00,50.1644,1
MCH0001,LINE-A,2026-08-05T06:40:00,50.0925,1
MCH0001,LINE-A,2026-08-05T07:20:00,50.2373,1
MCH0001,LINE-A,2026-08-05T08:00:00,50.2542,1
MCH0001,LINE-A,2026-08-05T08:40:00,50.2642,1
MCH0001,LINE-A,2026-08-05T09:20:00,50.1911,1
MCH0001,LINE-A,2026-08-05T10:00:00,50.1999,1
MCH0001,LINE-A,2026-08-05T10:40:00,50.1948,1
MCH0001,LINE-A,2026-08-05T11:20:00,50.2034,1
MCH0001,LINE-A,2026-08-05T12:00:00,50.2793,1
MCH0001,LINE-A,2026-08-05T12:40:00,50.2112,1
MCH0001,LINE-A,2026-08-05T13:20:00,50.3209,0
MCH0001,LINE-A,2026-08-05T14:00:00,50.1923,1
MCH0001,LINE-A,2026-08-05T14:40:00,50.2906,1
MCH0001,LINE-A,2026-08-05T15:20:00,50.2764,1
MCH0001,LINE-A,2026-08-05T16:00:00,50.3002,0
MCH0001,LINE-A,2026-08-05T16:40:00,50.326,0
MCH0001,LINE-A,2026-08-05T17:20:00,50.294,1
MCH0001,LINE-A,2026-08-05T18:00:00,50.3019,0
MCH0001,LINE-A,2026-08-05T18:40:00,50.2688,1
MCH0001,LINE-A,2026-08-05T19:20:00,50.2325,1
MCH0001,LINE-A,2026-08-05T20:00:00,50.2534,1
MCH0001,LINE-A,2026-08-05T20:40:00,50.2793,1
MCH0001,LINE-A,2026-08-05T21:20:00,50.2751,1
MCH0001,LINE-A,2026-08-05T22:00:00,50.2076,1
MCH0001,LINE-A,2026-08-05T22:40:00,50.2617,1
MCH0001,LINE-A,2026-08-05T23:20:00,50.2573,1
MCH0001,LINE-A,2026-08-06T00:00:00,50.2307,1
MCH0001,LINE-A,2026-08-06T00:40:00,50.2686,1
MCH0001,LINE-A,2026-08-06T01:20:00,50.205,1
MCH0001,LINE-A,2026-08-06T02:00:00,50.3124,0
MCH0001,LINE-A,2026-08-06T02:40:00,50.2354,1
MCH0001,LINE-A,2026-08-06T03:20:00,50.2334,1
MCH0001,LINE-A,2026-08-06T04:00:00,50.2622,1
MCH0001,LINE-A,2026-08-06T04:40:00,50.3959,0
MCH0001,LINE-A,2026-08-06T05:20:00,50.3651,0
MCH0001,LINE-A,2026-08-06T06:00:00,50.2477,1
MCH0001,LINE-A,2026-08-06T06:40:00,50.2241,1
MCH0001,LINE-A,2026-08-06T07:20:00,50.1991,1
MCH0001,LINE-A,2026-08-06T08:00:00,50.2048,1
MCH0001,LINE-A,2026-08-06T08:40:00,50.2328,1
MCH0001,LINE-A,2026-08-06T09:20:00,50.3128,0
MCH0001,LINE-A,2026-08-06T10:00:00,50.2966,1
MCH0001,LINE-A,2026-08-06T10:40:00,50.2898,1
MCH0001,LINE-A,2026-08-06T11:20:00,50.2289,1
MCH0001,LINE-A,2026-08-06T12:00:00,50.1661,1
MCH0001,LINE-A,2026-08-06T12:40:00,50.3134,0
MCH0001,LINE-A,2026-08-06T13:20:00,50.2373,1
MCH0001,LINE-A,2026-08-06T14:00:00,50.3727,0
MCH0001,LINE-A,2026-08-06T14:40:00,50.2426,1
MCH0001,LINE-A,2026-08-06T15:20:00,50.2466,1
MCH0001,LINE-A,2026-08-06T16:00:00,50.3062,0
MCH0001,LINE-A,2026-08-06T16:40:00,50.3672,0
MCH0001,LINE-A,2026-08-06T17:20:00,50.2706,1
MCH0001,LINE-A,2026-08-06T18:00:00,50.1204,1
MCH0001,LINE-A,2026-08-06T18:40:00,50.2102,1
MCH0001,LINE-A,2026-08-06T19:20:00,50.1946,1
MCH0001,LINE-A,2026-08-06T20:00:00,50.3642,0
MCH0001,LINE-A,2026-08-06T20:40:00,50.3217,0
MCH0001,LINE-A,2026-08-06T21:20:00,50.3686,0
MCH0001,LINE-A,2026-08-06T22:00:00,50.2719,1
MCH0001,LINE-A,2026-08-06T22:40:00,50.3658,0
MCH0001,LINE-A,2026-08-06T23:20:00,50.3036,0
MCH0001,LINE-A,2026-08-07T00:00:00,50.2555,1
MCH0001,LINE-A,2026-08-07T00:40:00,50.2817,1
MCH0001,LINE-A,2026-08-07T01:20:00,50.2589,1
MCH0001,LINE-A,2026-08-07T02:00:00,50.3352,0
MCH0001,LINE-A,2026-08-07T02:40:00,50.3335,0
MCH0001,LINE-A,2026-08-07T03:20:00,50.2433,1
MCH0001,LINE-A,2026-08-07T04:00:00,50.3764,0
MCH0001,LINE-A,2026-08-07T04:40:00,50.2459,1
MCH0001,LINE-A,2026-08-07T05:20:00,50.363,0
MCH0001,LINE-A,2026-08-07T06:00:00,50.395,0
MCH0001,LINE-A,2026-08-07T06:40:00,50.2945,1
MCH0001,LINE-A,2026-08-07T07:20:00,50.2986,1
MCH0001,LINE-A,2026-08-07T08:00:00,50.3462,0
MCH0001,LINE-A,2026-08-07T08:40:00,50.3351,0
MCH0001,LINE-A,2026-08-07T09:20:00,50.3519,0
MCH0001,LINE-A,2026-08-07T10:00:00,50.2851,1
MCH0001,LINE-A,2026-08-07T10:40:00,50.3375,0
MCH0001,LINE-A,2026-08-07T11:20:00,50.3294,0
MCH0001,LINE-A,2026-08-07T12:00:00,50.3244,0
MCH0001,LINE-A,2026-08-07T12:40:00,50.2864,1
MCH0001,LINE-A,2026-08-07T13:20:00,50.2554,1
MCH0001,LINE-A,2026-08-07T14:00:00,50.366,0
MCH0001,LINE-A,2026-08-07T14:40:00,50.2014,1
MCH0001,LINE-A,2026-08-07T15:20:00,50.3061,0
MCH0001,LINE-A,2026-08-07T16:00:00,50.282,1
MCH0001,LINE-A,2026-08-07T16:40:00,50.3383,0
MCH0001,LINE-A,2026-08-07T17:20:00,50.3644,0
MCH0001,LINE-A,2026-08-07T18:00:00,50.2852,1
MCH0001,LINE-A,2026-08-07T18:40:00,50.2261,1
MCH0001,LINE-A,2026-08-07T19:20:00,50.227,1
MCH0001,LINE-A,2026-08-07T20:00:00,50.4223,0
MCH0001,LINE-A,2026-08-07T20:40:00,50.2727,1
MCH0001,LINE-A,2026-08-07T21:20:00,50.3179,0
MCH0001,LINE-A,2026-08-07T22:00:00,50.3177,0
MCH0001,LINE-A,2026-08-07T22:40:00,50.2695,1
MCH0001,LINE-A,2026-08-07T23:20:00,50.3352,0
MCH0001,LINE-A,2026-08-08T00:00:00,50.3775,0
MCH0001,LINE-A,2026-08-08T00:40:00,50.3322,0
MCH0001,LINE-A,2026-08-08T01:20:00,50.2892,1
MCH0001,LINE-A,2026-08-08T02:00:00,50.3992,0
MCH0001,LINE-A,2026-08-08T02:40:00,50.306,0
MCH0001,LINE-A,2026-08-08T03:20:00,50.2833,1
MCH0001,LINE-A,2026-08-08T04:00:00,50.3552,0
MCH0001,LINE-A,2026-08-08T04:40:00,50.3559,0
MCH0001,LINE-A,2026-08-08T05:20:00,50.2942,1
MCH0001,LINE-A,2026-08-08T06:00:00,50.3207,0
MCH0001,LINE-A,2026-08-08T06:40:00,50.346,0
MCH0001,LINE-A,2026-08-08T07:20:00,50.331,0
MCH0001,LINE-A,2026-08-08T08:00:00,50.2891,1
MCH0001,LINE-A,2026-08-08T08:40:00,50.2774,1
MCH0001,LINE-A,2026-08-08T09:20:00,50.3714,0
MCH0001,LINE-A,2026-08-08T10:00:00,50.3279,0
MCH0001,LINE-A,2026-08-08T10:40:00,50.3636,0
MCH0001,LINE-A,2026-08-08T11:20:00,50.3015,0
MCH0001,LINE-A,2026-08-08T12:00:00,50.2717,1
MCH0001,LINE-A,2026-08-08T12:40:00,50.33,0
MCH0001,LINE-A,2026-08-08T13:20:00,50.3732,0
MCH0001,LINE-A,2026-08-08T14:00:00,50.318,0
MCH0001,LINE-A,2026-08-08T14:40:00,50.3174,0
MCH0001,LINE-A,2026-08-08T15:20:00,50.3688,0
MCH0001,LINE-A,2026-08-08T16:00:00,50.3189,0
MCH0001,LINE-A,2026-08-08T16:40:00,50.2898,1
MCH0001,LINE-A,2026-08-08T17:20:00,50.3193,0
MCH0001,LINE-A,2026-08-08T18:00:00,50.4183,0
MCH0001,LINE-A,2026-08-08T18:40:00,50.4492,0
MCH0001,LINE-A,2026-08-08T19:20:00,50.2476,1
MCH0001,LINE-A,2026-08-08T20:00:00,50.3634,0
MCH0001,LINE-A,2026-08-08T20:40:00,50.3141,0
MCH0001,LINE-A,2026-08-08T21:20:00,50.2551,1
MCH0001,LINE-A,2026-08-08T22:00:00,50.3306,0
MCH0001,LINE-A,2026-08-08T22:40:00,50.2921,1
MCH0001,LINE-A,2026-08-08T23:20:00,50.3591,0
MCH0001,LINE-A,2026-08-09T00:00:00,50.2412,1
MCH0001,LINE-A,2026-08-09T00:40:00,50.4235,0
MCH0001,LINE-A,2026-08-09T01:20:00,50.3528,0
MCH0001,LINE-A,2026-08-09T02:00:00,50.3371,0
MCH0001,LINE-A,2026-08-09T02:40:00,50.3805,0
MCH0001,LINE-A,2026-08-09T03:20:00,50.3122,0
MCH0001,LINE-A,2026-08-09T04:00:00,50.3455,0
MCH0001,LINE-A,2026-08-09T04:40:00,50.307,0
MCH0001,LINE-A,2026-08-09T05:20:00,50.35,0
MCH0001,LINE-A,2026-08-09T06:00:00,50.3151,0
MCH0001,LINE-A,2026-08-09T06:40:00,50.3474,0
MCH0001,LINE-A,2026-08-09T07:20:00,50.3567,0
MCH0001,LINE-A,2026-08-09T08:00:00,50.3973,0
MCH0001,LINE-A,2026-08-09T08:40:00,50.3885,0
MCH0001,LINE-A,2026-08-09T09:20:00,50.3765,0
MCH0001,LINE-A,2026-08-09T10:00:00,50.3289,0
MCH0001,LINE-A,2026-08-09T10:40:00,50.3771,0
MCH0001,LINE-A,2026-08-09T11:20:00,50.4202,0
MCH0001,LINE-A,2026-08-09T12:00:00,50.3037,0
MCH0001,LINE-A,2026-08-09T12:40:00,50.3922,0
MCH0001,LINE-A,2026-08-09T13:20:00,50.3979,0
MCH0001,LINE-A,2026-08-09T14:00:00,50.3209,0
MCH0001,LINE-A,2026-08-09T14:40:00,50.3716,0
MCH0001,LINE-A,2026-08-09T15:20:00,50.4216,0
MCH0001,LINE-A,2026-08-09T16:00:00,50.357,0
MCH0001,LINE-A,2026-08-09T16:40:00,50.4056,0
MCH0001,LINE-A,2026-08-09T17:20:00,50.3255,0
MCH0001,LINE-A,2026-08-09T18:00:00,50.4227,0
MCH0001,LINE-A,2026-08-09T18:40:00,50.29,1
MCH0001,LINE-A,2026-08-09T19:20:00,50.4547,0
MCH0001,LINE-A,2026-08-09T20:00:00,50.3211,0
MCH0001,LINE-A,2026-08-09T20:40:00,50.3444,0
MCH0001,LINE-A,2026-08-09T21:20:00,50.3861,0
MCH0001,LINE-A,2026-08-09T22:00:00,50.4192,0
MCH0001,LINE-A,2026-08-09T22:40:00,50.3539,0
MCH0001,LINE-A,2026-08-09T23:20:00,50.4118,0
MCH0001,LINE-A,2026-08-10T00:00:00,50.2863,1
MCH0001,LINE-A,2026-08-10T00:40:00,50.3282,0
MCH0001,LINE-A,2026-08-10T01:20:00,50.382,0
MCH0001,LINE-A,2026-08-10T02:00:00,50.3768,0
MCH0001,LINE-A,2026-08-10T02:40:00,50.4477,0
MCH0001,LINE-A,2026-08-10T03:20:00,50.46,0
MCH0001,LINE-A,2026-08-10T04:00:00,50.3746,0
MCH0001,LINE-A,2026-08-10T04:40:00,50.3925,0
MCH0001,LINE-A,2026-08-10T05:20:00,50.3458,0
MCH0001,LINE-A,2026-08-10T06:00:00,50.4294,0
MCH0001,LINE-A,2026-08-10T06:40:00,50.3674,0
MCH0001,LINE-A,2026-08-10T07:20:00,50.3822,0
MCH0001,LINE-A,2026-08-10T08:00:00,50.3914,0
MCH0001,LINE-A,2026-08-10T08:40:00,50.4092,0
MCH0001,LINE-A,2026-08-10T09:20:00,50.446,0
MCH0001,LINE-A,2026-08-10T10:00:00,50.3769,0
MCH0001,LINE-A,2026-08-10T10:40:00,50.3776,0
MCH0001,LINE-A,2026-08-10T11:20:00,50.4031,0
MCH0001,LINE-A,2026-08-10T12:00:00,50.3765,0
MCH0001,LINE-A,2026-08-10T12:40:00,50.3289,0
MCH0001,LINE-A,2026-08-10T13:20:00,50.3504,0
MCH0001,LINE-A,2026-08-10T14:00:00,50.3978,0
MCH0001,LINE-A,2026-08-10T14:40:00,50.4538,0
MCH0001,LINE-A,2026-08-10T15:20:00,50.4636,0
MCH0001,LINE-A,2026-08-10T16:00:00,50.4132,0
MCH0001,LINE-A,2026-08-10T16:40:00,50.3879,0
MCH0001,LINE-A,2026-08-10T17:20:00,50.3809,0
MCH0001,LINE-A,2026-08-10T18:00:00,50.436,0
MCH0001,LINE-A,2026-08-10T18:40:00,50.4299,0
MCH0001,LINE-A,2026-08-10T19:20:00,50.3137,0
MCH0001,LINE-A,2026-08-10T20:00:00,50.4157,0
MCH0001,LINE-A,2026-08-10T20:40:00,50.4524,0
MCH0001,LINE-A,2026-08-10T21:20:00,50.4627,0
MCH0001,LINE-A,2026-08-10T22:00:00,50.4197,0
MCH0001,LINE-A,2026-08-10T22:40:00,50.387,0
MCH0001,LINE-A,2026-08-10T23:20:00,50.3398,0
MCH0001,LINE-A,2026-08-11T00:00:00,50.3854,0
MCH0001,LINE-A,2026-08-11T00:40:00,50.4794,0
MCH0001,LINE-A,2026-08-11T01:20:00,50.4495,0
MCH0001,LINE-A,2026-08-11T02:00:00,50.4191,0
MCH0001,LINE-A,2026-08-11T02:40:00,50.3839,0
MCH0001,LINE-A,2026-08-11T03:20:00,50.5244,0
MCH0001,LINE-A,2026-08-11T04:00:00,50.5488,0
MCH0001,LINE-A,2026-08-11T04:40:00,50.4128,0
MCH0001,LINE-A,2026-08-11T05:20:00,50.3991,0
MCH0001,LINE-A,2026-08-11T06:00:00,50.4859,0
MCH0001,LINE-A,2026-08-11T06:40:00,50.3867,0
MCH0001,LINE-A,2026-08-11T07:20:00,50.5439,0
MCH0001,LINE-A,2026-08-11T08:00:00,50.3513,0
MCH0001,LINE-A,2026-08-11T08:40:00,50.5219,0
MCH0001,LINE-A,2026-08-11T09:20:00,50.3823,0
MCH0001,LINE-A,2026-08-11T10:00:00,50.4222,0
MCH0001,LINE-A,2026-08-11T10:40:00,50.3861,0
MCH0001,LINE-A,2026-08-11T11:20:00,50.394,0
MCH0001,LINE-A,2026-08-11T12:00:00,50.4093,0
MCH0001,LINE-A,2026-08-11T12:40:00,50.5281,0
MCH0001,LINE-A,2026-08-11T13:20:00,50.452,0
MCH0001,LINE-A,2026-08-11T14:00:00,50.3972,0
MCH0001,LINE-A,2026-08-11T14:40:00,50.4861,0
MCH0001,LINE-A,2026-08-11T15:20:00,50.3573,0
MCH0001,LINE-A,2026-08-11T16:00:00,50.3749,0
MCH0001,LINE-A,2026-08-11T16:40:00,50.3342,0
MCH0001,LINE-A,2026-08-11T17:20:00,50.3979,0
MCH0001,LINE-A,2026-08-11T18:00:00,50.3723,0
MCH0001,LINE-A,2026-08-11T18:40:00,50.4344,0
MCH0001,LINE-A,2026-08-11T19:20:00,50.4635,0
MCH0001,LINE-A,2026-08-11T20:00:00,50.4702,0
MCH0001,LINE-A,2026-08-11T20:40:00,50.4385,0
MCH0001,LINE-A,2026-08-11T21:20:00,50.3232,0
MCH0001,LINE-A,2026-08-11T22:00:00,50.4859,0
MCH0001,LINE-A,2026-08-11T22:40:00,50.3753,0
MCH0001,LINE-A,2026-08-11T23:20:00,50.4398,0
MCH0001,LINE-A,2026-08-12T00:00:00,50.4792,0
MCH0001,LINE-A,2026-08-12T00:40:00,50.492,0
MCH0001,LINE-A,2026-08-12T01:20:00,50.413,0
MCH0001,LINE-A,2026-08-12T02:00:00,50.4675,0
MCH0001,LINE-A,2026-08-12T02:40:00,50.4098,0
MCH0001,LINE-A,2026-08-12T03:20:00,50.3649,0
MCH0001,LINE-A,2026-08-12T04:00:00,50.4332,0
MCH0001,LINE-A,2026-08-12T04:40:00,50.4887,0
MCH0001,LINE-A,2026-08-12T05:20:00,50.4173,0
MCH0001,LINE-A,2026-08-12T06:00:00,50.4344,0
MCH0001,LINE-A,2026-08-12T06:40:00,50.309,0
MCH0001,LINE-A,2026-08-12T07:20:00,50.4702,0
MCH0001,LINE-A,2026-08-12T08:00:00,50.4109,0
MCH0001,LINE-A,2026-08-12T08:40:00,50.4469,0
MCH0001,LINE-A,2026-08-12T09:20:00,50.5783,0
MCH0001,LINE-A,2026-08-12T10:00:00,50.4798,0
MCH0001,LINE-A,2026-08-12T10:40:00,50.397,0
MCH0001,LINE-A,2026-08-12T11:20:00,50.3764,0
MCH0001,LINE-A,2026-08-12T12:00:00,50.4195,0
MCH0001,LINE-A,2026-08-12T12:40:00,50.4994,0
MCH0001,LINE-A,2026-08-12T13:20:00,50.4529,0
MCH0001,LINE-A,2026-08-12T14:00:00,50.5178,0
MCH0001,LINE-A,2026-08-12T14:40:00,50.4305,0
MCH0001,LINE-A,2026-08-12T15:20:00,50.4519,0
MCH0001,LINE-A,2026-08-12T16:00:00,50.491,0
MCH0001,LINE-A,2026-08-12T16:40:00,50.4676,0
MCH0001,LINE-A,2026-08-12T17:20:00,50.4368,0
MCH0001,LINE-A,2026-08-12T18:00:00,50.4548,0
MCH0001,LINE-A,2026-08-12T18:40:00,50.4613,0
MCH0001,LINE-A,2026-08-12T19:20:00,50.4908,0
MCH0001,LINE-A,2026-08-12T20:00:00,50.4917,0
MCH0001,LINE-A,2026-08-12T20:40:00,50.3863,0
MCH0001,LINE-A,2026-08-12T21:20:00,50.4295,0
MCH0001,LINE-A,2026-08-12T22:00:00,50.4946,0
MCH0001,LINE-A,2026-08-12T22:40:00,50.4606,0
MCH0001,LINE-A,2026-08-12T23:20:00,50.5138,0
MCH0001,LINE-A,2026-08-13T00:00:00,50.4604,0
MCH0001,LINE-A,2026-08-13T00:40:00,50.4044,0
MCH0001,LINE-A,2026-08-13T01:20:00,50.4674,0
MCH0001,LINE-A,2026-08-13T02:00:00,50.4697,0
MCH0001,LINE-A,2026-08-13T02:40:00,50.5399,0
MCH0001,LINE-A,2026-08-13T03:20:00,50.5864,0
MCH0001,LINE-A,2026-08-13T04:00:00,50.4526,0
MCH0001,LINE-A,2026-08-13T04:40:00,50.5411,0
MCH0001,LINE-A,2026-08-13T05:20:00,50.4414,0
MCH0001,LINE-A,2026-08-13T06:00:00,50.5332,0
MCH0001,LINE-A,2026-08-13T06:40:00,50.5387,0
MCH0001,LINE-A,2026-08-13T07:20:00,50.4602,0
MCH0001,LINE-A,2026-08-13T08:00:00,50.4996,0
MCH0001,LINE-A,2026-08-13T08:40:00,50.4337,0
MCH0001,LINE-A,2026-08-13T09:20:00,50.5255,0
MCH0001,LINE-A,2026-08-13T10:00:00,50.4649,0
MCH0001,LINE-A,2026-08-13T10:40:00,50.5033,0
MCH0001,LINE-A,2026-08-13T11:20:00,50.5404,0
MCH0001,LINE-A,2026-08-13T12:00:00,50.5607,0
MCH0001,LINE-A,2026-08-13T12:40:00,50.4195,0
MCH0001,LINE-A,2026-08-13T13:20:00,50.4115,0
MCH0001,LINE-A,2026-08-13T14:00:00,50.4729,0
MCH0001,LINE-A,2026-08-13T14:40:00,50.5357,0
MCH0001,LINE-A,2026-08-13T15:20:00,50.4885,0
MCH0001,LINE-A,2026-08-13T16:00:00,50.4776,0
MCH0001,LINE-A,2026-08-13T16:40:00,50.569,0
MCH0001,LINE-A,2026-08-13T17:20:00,50.4253,0
MCH0001,LINE-A,2026-08-13T18:00:00,50.5462,0
MCH0001,LINE-A,2026-08-13T18:40:00,50.5087,0
MCH0001,LINE-A,2026-08-13T19:20:00,50.5885,0
MCH0001,LINE-A,2026-08-13T20:00:00,50.5101,0
MCH0001,LINE-A,2026-08-13T20:40:00,50.5262,0
MCH0001,LINE-A,2026-08-13T21:20:00,50.5421,0
MCH0001,LINE-A,2026-08-13T22:00:00,50.4546,0
MCH0001,LINE-A,2026-08-13T22:40:00,50.4846,0
MCH0001,LINE-A,2026-08-13T23:20:00,50.5651,0
MCH0001,LINE-A,2026-08-14T00:00:00,50.5714,0
MCH0001,LINE-A,2026-08-14T00:40:00,50.5201,0
MCH0001,LINE-A,2026-08-14T01:20:00,50.5429,0
MCH0001,LINE-A,2026-08-14T02:00:00,50.4675,0
MCH0001,LINE-A,2026-08-14T02:40:00,50.5439,0
MCH0001,LINE-A,2026-08-14T03:20:00,50.4988,0
MCH0001,LINE-A,2026-08-14T04:00:00,50.5594,0
MCH0001,LINE-A,2026-08-14T04:40:00,50.4903,0
MCH0001,LINE-A,2026-08-14T05:20:00,50.4793,0
MCH0001,LINE-A,2026-08-14T06:00:00,50.4846,0
MCH0001,LINE-A,2026-08-14T06:40:00,50.4886,0
MCH0001,LINE-A,2026-08-14T07:20:00,50.4926,0
MCH0001,LINE-A,2026-08-14T08:00:00,50.5751,0
MCH0001,LINE-A,2026-08-14T08:40:00,50.5176,0
MCH0001,LINE-A,2026-08-14T09:20:00,50.5207,0
MCH0001,LINE-A,2026-08-14T10:00:00,50.5398,0
MCH0001,LINE-A,2026-08-14T10:40:00,50.5894,0
MCH0001,LINE-A,2026-08-14T11:20:00,50.5846,0
MCH0001,LINE-A,2026-08-14T12:00:00,50.5579,0
MCH0001,LINE-A,2026-08-14T12:40:00,50.5838,0
MCH0001,LINE-A,2026-08-14T13:20:00,50.5489,0
MCH0001,LINE-A,2026-08-14T14:00:00,50.5753,0
MCH0001,LINE-A,2026-08-14T14:40:00,50.5117,0
MCH0001,LINE-A,2026-08-14T15:20:00,50.4639,0
MCH0001,LINE-A,2026-08-14T16:00:00,50.5697,0
MCH0001,LINE-A,2026-08-14T16:40:00,50.5811,0
MCH0001,LINE-A,2026-08-14T17:20:00,50.5333,0
MCH0001,LINE-A,2026-08-14T18:00:00,50.4807,0
MCH0001,LINE-A,2026-08-14T18:40:00,50.4899,0
MCH0001,LINE-A,2026-08-14T19:20:00,50.5121,0
MCH0001,LINE-A,2026-08-14T20:00:00,50.595,0
MCH0001,LINE-A,2026-08-14T20:40:00,50.6091,0
MCH0001,LINE-A,2026-08-14T21:20:00,50.5222,0
MCH0001,LINE-A,2026-08-14T22:00:00,50.6002,0
MCH0001,LINE-A,2026-08-14T22:40:00,50.4055,0
MCH0001,LINE-A,2026-08-14T23:20:00,50.5642,0
MCH0002,LINE-A,2026-07-01T00:00:00,49.9815,1
MCH0002,LINE-A,2026-07-01T00:40:00,49.9222,1
MCH0002,LINE-A,2026-07-01T01:20:00,50.0062,1
MCH0002,LINE-A,2026-07-01T02:00:00,49.9768,1
MCH0002,LINE-A,2026-07-01T02:40:00,49.9105,1
MCH0002,LINE-A,2026-07-01T03:20:00,50.0233,1
MCH0002,LINE-A,2026-07-01T04:00:00,49.9317,1
MCH0002,LINE-A,2026-07-01T04:40:00,50.078,1
MCH0002,LINE-A,2026-07-01T05:20:00,50.0302,1
MCH0002,LINE-A,2026-07-01T06:00:00,50.0944,1
MCH0002,LINE-A,2026-07-01T06:40:00,49.9827,1
MCH0002,LINE-A,2026-07-01T07:20:00,49.967,1
MCH0002,LINE-A,2026-07-01T08:00:00,49.9127,1
MCH0002,LINE-A,2026-07-01T08:40:00,50.0227,1
MCH0002,LINE-A,2026-07-01T09:20:00,50.0124,1
MCH0002,LINE-A,2026-07-01T10:00:00,50.0398,1
MCH0002,LINE-A,2026-07-01T10:40:00,49.9156,1
MCH0002,LINE-A,2026-07-01T11:20:00,50.0118,1
MCH0002,LINE-A,2026-07-01T12:00:00,50.011,1
MCH0002,LINE-A,2026-07-01T12:40:00,50.0485,1
MCH0002,LINE-A,2026-07-01T13:20:00,50.0603,1
MCH0002,LINE-A,2026-07-01T14:00:00,50.0519,1
MCH0002,LINE-A,2026-07-01T14:40:00,50.0009,1
MCH0002,LINE-A,2026-07-01T15:20:00,50.0838,1
MCH0002,LINE-A,2026-07-01T16:00:00,50.0888,1
MCH0002,LINE-A,2026-07-01T16:40:00,50.1313,1
MCH0002,LINE-A,2026-07-01T17:20:00,50.0179,1
MCH0002,LINE-A,2026-07-01T18:00:00,50.2039,1
MCH0002,LINE-A,2026-07-01T18:40:00,49.9423,1
MCH0002,LINE-A,2026-07-01T19:20:00,50.0487,1
MCH0002,LINE-A,2026-07-01T20:00:00,50.0511,1
MCH0002,LINE-A,2026-07-01T20:40:00,50.1072,1
MCH0002,LINE-A,2026-07-01T21:20:00,49.9837,1
MCH0002,LINE-A,2026-07-01T22:00:00,50.1015,1
MCH0002,LINE-A,2026-07-01T22:40:00,50.1135,1
MCH0002,LINE-A,2026-07-01T23:20:00,50.0707,1
MCH0002,LINE-A,2026-07-02T00:00:00,50.0699,1
MCH0002,LINE-A,2026-07-02T00:40:00,50.0416,1
MCH0002,LINE-A,2026-07-02T01:20:00,50.115,1
MCH0002,LINE-A,2026-07-02T02:00:00,50.1882,1
MCH0002,LINE-A,2026-07-02T02:40:00,50.0007,1
MCH0002,LINE-A,2026-07-02T03:20:00,50.0484,1
MCH0002,LINE-A,2026-07-02T04:00:00,50.0023,1
MCH0002,LINE-A,2026-07-02T04:40:00,50.0157,1
MCH0002,LINE-A,2026-07-02T05:20:00,50.0787,1
MCH0002,LINE-A,2026-07-02T06:00:00,50.1657,1
MCH0002,LINE-A,2026-07-02T06:40:00,50.045,1
MCH0002,LINE-A,2026-07-02T07:20:00,50.0557,1
MCH0002,LINE-A,2026-07-02T08:00:00,50.0199,1
MCH0002,LINE-A,2026-07-02T08:40:00,50.0617,1
MCH0002,LINE-A,2026-07-02T09:20:00,50.0898,1
MCH0002,LINE-A,2026-07-02T10:00:00,49.9984,1
MCH0002,LINE-A,2026-07-02T10:40:00,50.138,1
MCH0002,LINE-A,2026-07-02T11:20:00,50.0995,1
MCH0002,LINE-A,2026-07-02T12:00:00,50.146,1
MCH0002,LINE-A,2026-07-02T12:40:00,50.0809,1
MCH0002,LINE-A,2026-07-02T13:20:00,50.0158,1
MCH0002,LINE-A,2026-07-02T14:00:00,50.0815,1
MCH0002,LINE-A,2026-07-02T14:40:00,50.1052,1
MCH0002,LINE-A,2026-07-02T15:20:00,50.0733,1
MCH0002,LINE-A,2026-07-02T16:00:00,50.2,1
MCH0002,LINE-A,2026-07-02T16:40:00,50.1888,1
MCH0002,LINE-A,2026-07-02T17:20:00,50.1557,1
MCH0002,LINE-A,2026-07-02T18:00:00,50.1338,1
MCH0002,LINE-A,2026-07-02T18:40:00,50.1674,1
MCH0002,LINE-A,2026-07-02T19:20:00,50.1431,1
MCH0002,LINE-A,2026-07-02T20:00:00,50.1264,1
MCH0002,LINE-A,2026-07-02T20:40:00,50.0599,1
MCH0002,LINE-A,2026-07-02T21:20:00,50.1588,1
MCH0002,LINE-A,2026-07-02T22:00:00,50.0915,1
MCH0002,LINE-A,2026-07-02T22:40:00,50.0755,1
MCH0002,LINE-A,2026-07-02T23:20:00,50.1327,1
MCH0002,LINE-A,2026-07-03T00:00:00,50.0744,1
MCH0002,LINE-A,2026-07-03T00:40:00,50.151,1
MCH0002,LINE-A,2026-07-03T01:20:00,50.1743,1
MCH0002,LINE-A,2026-07-03T02:00:00,50.0759,1
MCH0002,LINE-A,2026-07-03T02:40:00,50.2443,1
MCH0002,LINE-A,2026-07-03T03:20:00,50.1719,1
MCH0002,LINE-A,2026-07-03T04:00:00,50.0798,1
MCH0002,LINE-A,2026-07-03T04:40:00,50.1305,1
MCH0002,LINE-A,2026-07-03T05:20:00,50.1265,1
MCH0002,LINE-A,2026-07-03T06:00:00,50.162,1
MCH0002,LINE-A,2026-07-03T06:40:00,50.0873,1
MCH0002,LINE-A,2026-07-03T07:20:00,50.231,1
MCH0002,LINE-A,2026-07-03T08:00:00,50.0997,1
MCH0002,LINE-A,2026-07-03T08:40:00,50.2005,1
MCH0002,LINE-A,2026-07-03T09:20:00,50.1321,1
MCH0002,LINE-A,2026-07-03T10:00:00,50.1819,1
MCH0002,LINE-A,2026-07-03T10:40:00,50.1442,1
MCH0002,LINE-A,2026-07-03T11:20:00,50.1761,1
MCH0002,LINE-A,2026-07-03T12:00:00,50.1647,1
MCH0002,LINE-A,2026-07-03T12:40:00,50.0979,1
MCH0002,LINE-A,2026-07-03T13:20:00,50.1256,1
MCH0002,LINE-A,2026-07-03T14:00:00,50.1666,1
MCH0002,LINE-A,2026-07-03T14:40:00,50.1384,1
MCH0002,LINE-A,2026-07-03T15:20:00,50.1278,1
MCH0002,LINE-A,2026-07-03T16:00:00,50.2236,1
MCH0002,LINE-A,2026-07-03T16:40:00,50.3596,0
MCH0002,LINE-A,2026-07-03T17:20:00,50.221,1
MCH0002,LINE-A,2026-07-03T18:00:00,50.1588,1
MCH0002,LINE-A,2026-07-03T18:40:00,50.2018,1
MCH0002,LINE-A,2026-07-03T19:20:00,50.1564,1
MCH0002,LINE-A,2026-07-03T20:00:00,50.2252,1
MCH0002,LINE-A,2026-07-03T20:40:00,50.1786,1
MCH0002,LINE-A,2026-07-03T21:20:00,50.185,1
MCH0002,LINE-A,2026-07-03T22:00:00,50.2749,1
MCH0002,LINE-A,2026-07-03T22:40:00,50.1681,1
MCH0002,LINE-A,2026-07-03T23:20:00,50.1433,1
MCH0002,LINE-A,2026-07-04T00:00:00,50.121,1
MCH0002,LINE-A,2026-07-04T00:40:00,50.2145,1
MCH0002,LINE-A,2026-07-04T01:20:00,50.2111,1
MCH0002,LINE-A,2026-07-04T02:00:00,50.234,1
MCH0002,LINE-A,2026-07-04T02:40:00,50.2467,1
MCH0002,LINE-A,2026-07-04T03:20:00,50.3011,0
MCH0002,LINE-A,2026-07-04T04:00:00,50.1969,1
MCH0002,LINE-A,2026-07-04T04:40:00,50.2173,1
MCH0002,LINE-A,2026-07-04T05:20:00,50.2117,1
MCH0002,LINE-A,2026-07-04T06:00:00,50.2407,1
MCH0002,LINE-A,2026-07-04T06:40:00,50.227,1
MCH0002,LINE-A,2026-07-04T07:20:00,50.1835,1
MCH0002,LINE-A,2026-07-04T08:00:00,50.215,1
MCH0002,LINE-A,2026-07-04T08:40:00,50.1767,1
MCH0002,LINE-A,2026-07-04T09:20:00,50.2142,1
MCH0002,LINE-A,2026-07-04T10:00:00,50.155,1
MCH0002,LINE-A,2026-07-04T10:40:00,50.1811,1
MCH0002,LINE-A,2026-07-04T11:20:00,50.2469,1
MCH0002,LINE-A,2026-07-04T12:00:00,50.2167,1
MCH0002,LINE-A,2026-07-04T12:40:00,50.2918,1
MCH0002,LINE-A,2026-07-04T13:20:00,50.213,1
MCH0002,LINE-A,2026-07-04T14:00:00,50.2165,1
MCH0002,LINE-A,2026-07-04T14:40:00,50.1285,1
MCH0002,LINE-A,2026-07-04T15:20:00,50.2265,1
MCH0002,LINE-A,2026-07-04T16:00:00,50.3015,0
MCH0002,LINE-A,2026-07-04T16:40:00,50.2955,1
MCH0002,LINE-A,2026-07-04T17:20:00,50.2938,1
MCH0002,LINE-A,2026-07-04T18:00:00,50.2387,1
MCH0002,LINE-A,2026-07-04T18:40:00,50.2584,1
MCH0002,LINE-A,2026-07-04T19:20:00,50.278,1
MCH0002,LINE-A,2026-07-04T20:00:00,50.2523,1
MCH0002,LINE-A,2026-07-04T20:40:00,50.2538,1
MCH0002,LINE-A,2026-07-04T21:20:00,50.2109,1
MCH0002,LINE-A,2026-07-04T22:00:00,50.2283,1
MCH0002,LINE-A,2026-07-04T22:40:00,50.2385,1
MCH0002,LINE-A,2026-07-04T23:20:00,50.2451,1
MCH0002,LINE-A,2026-07-05T00:00:00,50.2186,1
MCH0002,LINE-A,2026-07-05T00:40:00,50.2473,1
MCH0002,LINE-A,2026-07-05T01:20:00,50.328,0
MCH0002,LINE-A,2026-07-05T02:00:00,50.2516,1
MCH0002,LINE-A,2026-07-05T02:40:00,50.2476,1
MCH0002,LINE-A,2026-07-05T03:20:00,50.2674,1
MCH0002,LINE-A,2026-07-05T04:00:00,50.291,1
MCH0002,LINE-A,2026-07-05T04:40:00,50.278,1
MCH0002,LINE-A,2026-07-05T05:20:00,50.2953,1
MCH0002,LINE-A,2026-07-05T06:00:00,50.2822,1
MCH0002,LINE-A,2026-07-05T06:40:00,50.2266,1
MCH0002,LINE-A,2026-07-05T07:20:00,50.25,1
MCH0002,LINE-A,2026-07-05T08:00:00,50.2311,1
MCH0002,LINE-A,2026-07-05T08:40:00,50.2767,1
MCH0002,LINE-A,2026-07-05T09:20:00,50.2632,1
MCH0002,LINE-A,2026-07-05T10:00:00,50.2825,1
MCH0002,LINE-A,2026-07-05T10:40:00,50.2505,1
MCH0002,LINE-A,2026-07-05T11:20:00,50.2701,1
MCH0002,LINE-A,2026-07-05T12:00:00,50.3475,0
MCH0002,LINE-A,2026-07-05T12:40:00,50.2858,1
MCH0002,LINE-A,2026-07-05T13:20:00,50.3492,0
MCH0002,LINE-A,2026-07-05T14:00:00,50.2696,1
MCH0002,LINE-A,2026-07-05T14:40:00,50.3605,0
MCH0002,LINE-A,2026-07-05T15:20:00,50.3043,0
MCH0002,LINE-A,2026-07-05T16:00:00,50.2897,1
MCH0002,LINE-A,2026-07-05T16:40:00,50.2945,1
MCH0002,LINE-A,2026-07-05T17:20:00,50.2643,1
MCH0002,LINE-A,2026-07-05T18:00:00,50.2955,1
MCH0002,LINE-A,2026-07-05T18:40:00,50.286,1
MCH0002,LINE-A,2026-07-05T19:20:00,50.2703,1
MCH0002,LINE-A,2026-07-05T20:00:00,50.2771,1
MCH0002,LINE-A,2026-07-05T20:40:00,50.2454,1
MCH0002,LINE-A,2026-07-05T21:20:00,50.2483,1
MCH0002,LINE-A,2026-07-05T22:00:00,50.361,0
MCH0002,LINE-A,2026-07-05T22:40:00,50.3603,0
MCH0002,LINE-A,2026-07-05T23:20:00,50.2435,1
MCH0002,LINE-A,2026-07-06T00:00:00,50.3597,0
MCH0002,LINE-A,2026-07-06T00:40:00,50.3851,0
MCH0002,LINE-A,2026-07-06T01:20:00,50.3229,0
MCH0002,LINE-A,2026-07-06T02:00:00,50.328,0
MCH0002,LINE-A,2026-07-06T02:40:00,50.2767,1
MCH0002,LINE-A,2026-07-06T03:20:00,50.3459,0
MCH0002,LINE-A,2026-07-06T04:00:00,50.2049,1
MCH0002,LINE-A,2026-07-06T04:40:00,50.3152,0
MCH0002,LINE-A,2026-07-06T05:20:00,50.3498,0
MCH0002,LINE-A,2026-07-06T06:00:00,50.3292,0
MCH0002,LINE-A,2026-07-06T06:40:00,50.3542,0
MCH0002,LINE-A,2026-07-06T07:20:00,50.2615,1
MCH0002,LINE-A,2026-07-06T08:00:00,50.3611,0
MCH0002,LINE-A,2026-07-06T08:40:00,50.3295,0
MCH0002,LINE-A,2026-07-06T09:20:00,50.3518,0
MCH0002,LINE-A,2026-07-06T10:00:00,50.3327,0
MCH0002,LINE-A,2026-07-06T10:40:00,50.3155,0
MCH0002,LINE-A,2026-07-06T11:20:00,50.3278,0
MCH0002,LINE-A,2026-07-06T12:00:00,50.3257,0
MCH0002,LINE-A,2026-07-06T12:40:00,50.3682,0
MCH0002,LINE-A,2026-07-06T13:20:00,50.3513,0
MCH0002,LINE-A,2026-07-06T14:00:00,50.346,0
MCH0002,LINE-A,2026-07-06T14:40:00,50.324,0
MCH0002,LINE-A,2026-07-06T15:20:00,50.3894,0
MCH0002,LINE-A,2026-07-06T16:00:00,50.3232,0
MCH0002,LINE-A,2026-07-06T16:40:00,50.3058,0
MCH0002,LINE-A,2026-07-06T17:20:00,50.3866,0
MCH0002,LINE-A,2026-07-06T18:00:00,50.3292,0
MCH0002,LINE-A,2026-07-06T18:40:00,50.3607,0
MCH0002,LINE-A,2026-07-06T19:20:00,50.3078,0
MCH0002,LINE-A,2026-07-06T20:00:00,50.2952,1
MCH0002,LINE-A,2026-07-06T20:40:00,50.358,0
MCH0002,LINE-A,2026-07-06T21:20:00,50.36,0
MCH0002,LINE-A,2026-07-06T22:00:00,50.3826,0
MCH0002,LINE-A,2026-07-06T22:40:00,50.3092,0
MCH0002,LINE-A,2026-07-06T23:20:00,50.4101,0
MCH0002,LINE-A,2026-07-07T00:00:00,50.3056,0
MCH0002,LINE-A,2026-07-07T00:40:00,50.3139,0
MCH0002,LINE-A,2026-07-07T01:20:00,50.3413,0
MCH0002,LINE-A,2026-07-07T02:00:00,50.2994,1
MCH0002,LINE-A,2026-07-07T02:40:00,50.4091,0
MCH0002,LINE-A,2026-07-07T03:20:00,50.3225,0
MCH0002,LINE-A,2026-07-07T04:00:00,50.3878,0
MCH0002,LINE-A,2026-07-07T04:40:00,50.389,0
MCH0002,LINE-A,2026-07-07T05:20:00,50.4315,0
MCH0002,LINE-A,2026-07-07T06:00:00,50.3747,0
MCH0002,LINE-A,2026-07-07T06:40:00,50.4019,0
MCH0002,LINE-A,2026-07-07T07:20:00,50.4114,0
MCH0002,LINE-A,2026-07-07T08:00:00,50.4092,0
MCH0002,LINE-A,2026-07-07T08:40:00,50.3444,0
MCH0002,LINE-A,2026-07-07T09:20:00,50.4724,0
MCH0002,LINE-A,2026-07-07T10:00:00,50.418,0
MCH0002,LINE-A,2026-07-07T10:40:00,50.3864,0
MCH0002,LINE-A,2026-07-07T11:20:00,50.4729,0
MCH0002,LINE-A,2026-07-07T12:00:00,50.4744,0
MCH0002,LINE-A,2026-07-07T12:40:00,50.4277,0
MCH0002,LINE-A,2026-07-07T13:20:00,50.434,0
MCH0002,LINE-A,2026-07-07T14:00:00,50.4187,0
MCH0002,LINE-A,2026-07-07T14:40:00,50.3484,0
MCH0002,LINE-A,2026-07-07T15:20:00,50.462,0
MCH0002,LINE-A,2026-07-07T16:00:00,50.2851,1
MCH0002,LINE-A,2026-07-07T16:40:00,50.4045,0
MCH0002,LINE-A,2026-07-07T17:20:00,50.3998,0
MCH0002,LINE-A,2026-07-07T18:00:00,50.3891,0
MCH0002,LINE-A,2026-07-07T18:40:00,50.4718,0
MCH0002,LINE-A,2026-07-07T19:20:00,50.5113,0
MCH0002,LINE-A,2026-07-07T20:00:00,50.4394,0
MCH0002,LINE-A,2026-07-07T20:40:00,50.4131,0
MCH0002,LINE-A,2026-07-07T21:20:00,50.3956,0
MCH0002,LINE-A,2026-07-07T22:00:00,50.4125,0
MCH0002,LINE-A,2026-07-07T22:40:00,50.3862,0
MCH0002,LINE-A,2026-07-07T23:20:00,50.3959,0
MCH0002,LINE-A,2026-07-08T00:00:00,50.4259,0
MCH0002,LINE-A,2026-07-08T00:40:00,50.4261,0
MCH0002,LINE-A,2026-07-08T01:20:00,50.4628,0
MCH0002,LINE-A,2026-07-08T02:00:00,50.4228,0
MCH0002,LINE-A,2026-07-08T02:40:00,50.402,0
MCH0002,LINE-A,2026-07-08T03:20:00,50.4392,0
MCH0002,LINE-A,2026-07-08T04:00:00,50.4544,0
MCH0002,LINE-A,2026-07-08T04:40:00,50.5078,0
MCH0002,LINE-A,2026-07-08T05:20:00,50.4212,0
MCH0002,LINE-A,2026-07-08T06:00:00,50.3287,0
MCH0002,LINE-A,2026-07-08T06:40:00,50.3069,0
MCH0002,LINE-A,2026-07-08T07:20:00,50.501,0
MCH0002,LINE-A,2026-07-08T08:00:00,50.4,0
MCH0002,LINE-A,2026-07-08T08:40:00,50.4723,0
MCH0002,LINE-A,2026-07-08T09:20:00,50.4344,0
MCH0002,LINE-A,2026-07-08T10:00:00,50.4942,0
MCH0002,LINE-A,2026-07-08T10:40:00,50.4851,0
MCH0002,LINE-A,2026-07-08T11:20:00,50.4544,0
MCH0002,LINE-A,2026-07-08T12:00:00,50.5356,0
MCH0002,LINE-A,2026-07-08T12:40:00,50.5134,0
MCH0002,LINE-A,2026-07-08T13:20:00,50.4966,0
MCH0002,LINE-A,2026-07-08T14:00:00,50.4775,0
MCH0002,LINE-A,2026-07-08T14:40:00,50.4173,0
MCH0002,LINE-A,2026-07-08T15:20:00,50.4769,0
MCH0002,LINE-A,2026-07-08T16:00:00,50.4426,0
MCH0002,LINE-A,2026-07-08T16:40:00,50.4737,0
MCH0002,LINE-A,2026-07-08T17:20:00,50.4771,0
MCH0002,LINE-A,2026-07-08T18:00:00,50.4931,0
MCH0002,LINE-A,2026-07-08T18:40:00,50.4395,0
MCH0002,LINE-A,2026-07-08T19:20:00,50.4474,0
MCH0002,LINE-A,2026-07-08T20:00:00,50.4771,0
MCH0002,LINE-A,2026-07-08T20:40:00,50.3874,0
MCH0002,LINE-A,2026-07-08T21:20:00,50.5518,0
MCH0002,LINE-A,2026-07-08T22:00:00,50.529,0
MCH0002,LINE-A,2026-07-08T22:40:00,50.473,0
MCH0002,LINE-A,2026-07-08T23:20:00,50.519,0
MCH0002,LINE-A,2026-07-09T00:00:00,50.4065,0
MCH0002,LINE-A,2026-07-09T00:40:00,50.5926,0
MCH0002,LINE-A,2026-07-09T01:20:00,50.4054,0
MCH0002,LINE-A,2026-07-09T02:00:00,50.4498,0
MCH0002,LINE-A,2026-07-09T02:40:00,50.4509,0
MCH0002,LINE-A,2026-07-09T03:20:00,50.5745,0
MCH0002,LINE-A,2026-07-09T04:00:00,50.5396,0
MCH0002,LINE-A,2026-07-09T04:40:00,50.4858,0
MCH0002,LINE-A,2026-07-09T05:20:00,50.6164,0
MCH0002,LINE-A,2026-07-09T06:00:00,50.5292,0
MCH0002,LINE-A,2026-07-09T06:40:00,50.4787,0
MCH0002,LINE-A,2026-07-09T07:20:00,50.4772,0
MCH0002,LINE-A,2026-07-09T08:00:00,50.5191,0
MCH0002,LINE-A,2026-07-09T08:40:00,50.5821,0
MCH0002,LINE-A,2026-07-09T09:20:00,50.51,0
MCH0002,LINE-A,2026-07-09T10:00:00,50.5208,0
MCH0002,LINE-A,2026-07-09T10:40:00,50.5208,0
MCH0002,LINE-A,2026-07-09T11:20:00,50.423,0
MCH0002,LINE-A,2026-07-09T12:00:00,50.5425,0
MCH0002,LINE-A,2026-07-09T12:40:00,50.5187,0
MCH0002,LINE-A,2026-07-09T13:20:00,50.5678,0
MCH0002,LINE-A,2026-07-09T14:00:00,50.5593,0
MCH0002,LINE-A,2026-07-09T14:40:00,50.5893,0
MCH0002,LINE-A,2026-07-09T15:20:00,50.5054,0
MCH0002,LINE-A,2026-07-09T16:00:00,50.5108,0
MCH0002,LINE-A,2026-07-09T16:40:00,50.4719,0
MCH0002,LINE-A,2026-07-09T17:20:00,50.6278,0
MCH0002,LINE-A,2026-07-09T18:00:00,50.599,0
MCH0002,LINE-A,2026-07-09T18:40:00,50.5688,0
MCH0002,LINE-A,2026-07-09T19:20:00,50.6149,0
MCH0002,LINE-A,2026-07-09T20:00:00,50.6581,0
MCH0002,LINE-A,2026-07-09T20:40:00,50.5856,0
MCH0002,LINE-A,2026-07-09T21:20:00,50.5112,0
MCH0002,LINE-A,2026-07-09T22:00:00,50.5581,0
MCH0002,LINE-A,2026-07-09T22:40:00,50.5908,0
MCH0002,LINE-A,2026-07-09T23:20:00,50.6061,0
MCH0002,LINE-A,2026-07-10T00:00:00,50.6453,0
MCH0002,LINE-A,2026-07-10T00:40:00,50.5733,0
MCH0002,LINE-A,2026-07-10T01:20:00,50.6099,0
MCH0002,LINE-A,2026-07-10T02:00:00,50.5326,0
MCH0002,LINE-A,2026-07-10T02:40:00,50.5277,0
MCH0002,LINE-A,2026-07-10T03:20:00,50.6196,0
MCH0002,LINE-A,2026-07-10T04:00:00,50.5794,0
MCH0002,LINE-A,2026-07-10T04:40:00,50.5418,0
MCH0002,LINE-A,2026-07-10T05:20:00,50.6494,0
MCH0002,LINE-A,2026-07-10T06:00:00,50.6191,0
MCH0002,LINE-A,2026-07-10T06:40:00,50.553,0
MCH0002,LINE-A,2026-07-10T07:20:00,50.6391,0
MCH0002,LINE-A,2026-07-10T08:00:00,50.57,0
MCH0002,LINE-A,2026-07-10T08:40:00,50.5089,0
MCH0002,LINE-A,2026-07-10T09:20:00,50.5523,0
MCH0002,LINE-A,2026-07-10T10:00:00,50.6784,0
MCH0002,LINE-A,2026-07-10T10:40:00,50.618,0
MCH0002,LINE-A,2026-07-10T11:20:00,50.5568,0
MCH0002,LINE-A,2026-07-10T12:00:00,50.6744,0
MCH0002,LINE-A,2026-07-10T12:40:00,50.6369,0
MCH0002,LINE-A,2026-07-10T13:20:00,50.5235,0
MCH0002,LINE-A,2026-07-10T14:00:00,49.9854,1
MCH0002,LINE-A,2026-07-10T14:40:00,50.0097,1
MCH0002,LINE-A,2026-07-10T15:20:00,50.0379,1
MCH0002,LINE-A,2026-07-10T16:00:00,50.0803,1
MCH0002,LINE-A,2026-07-10T16:40:00,50.0211,1
MCH0002,LINE-A,2026-07-10T17:20:00,50.0177,1
MCH0002,LINE-A,2026-07-10T18:00:00,50.0426,1
MCH0002,LINE-A,2026-07-10T18:40:00,49.9079,1
MCH0002,LINE-A,2026-07-10T19:20:00,50.1446,1
MCH0002,LINE-A,2026-07-10T20:00:00,50.0556,1
MCH0002,LINE-A,2026-07-10T20:40:00,49.9965,1
MCH0002,LINE-A,2026-07-10T21:20:00,49.9755,1
MCH0002,LINE-A,2026-07-10T22:00:00,50.0637,1
MCH0002,LINE-A,2026-07-10T22:40:00,50.0218,1
MCH0002,LINE-A,2026-07-10T23:20:00,50.0579,1
MCH0002,LINE-A,2026-07-11T00:00:00,50.0256,1
MCH0002,LINE-A,2026-07-11T00:40:00,50.0113,1
MCH0002,LINE-A,2026-07-11T01:20:00,50.0646,1
MCH0002,LINE-A,2026-07-11T02:00:00,49.9831,1
MCH0002,LINE-A,2026-07-11T02:40:00,50.0555,1
MCH0002,LINE-A,2026-07-11T03:20:00,50.0527,1
MCH0002,LINE-A,2026-07-11T04:00:00,50.1587,1
MCH0002,LINE-A,2026-07-11T04:40:00,49.9992,1
MCH0002,LINE-A,2026-07-11T05:20:00,50.0857,1
MCH0002,LINE-A,2026-07-11T06:00:00,49.9895,1
MCH0002,LINE-A,2026-07-11T06:40:00,49.9955,1
MCH0002,LINE-A,2026-07-11T07:20:00,50.0598,1
MCH0002,LINE-A,2026-07-11T08:00:00,50.0416,1
MCH0002,LINE-A,2026-07-11T08:40:00,50.0717,1
MCH0002,LINE-A,2026-07-11T09:20:00,50.0761,1
MCH0002,LINE-A,2026-07-11T10:00:00,50.0947,1
MCH0002,LINE-A,2026-07-11T10:40:00,50.0976,1
MCH0002,LINE-A,2026-07-11T11:20:00,50.041,1
MCH0002,LINE-A,2026-07-11T12:00:00,50.0275,1
MCH0002,LINE-A,2026-07-11T12:40:00,50.1236,1
MCH0002,LINE-A,2026-07-11T13:20:00,50.015,1
MCH0002,LINE-A,2026-07-11T14:00:00,50.069,1
MCH0002,LINE-A,2026-07-11T14:40:00,50.0899,1
MCH0002,LINE-A,2026-07-11T15:20:00,50.0704,1
MCH0002,LINE-A,2026-07-11T16:00:00,50.089,1
MCH0002,LINE-A,2026-07-11T16:40:00,50.0195,1
MCH0002,LINE-A,2026-07-11T17:20:00,50.0548,1
MCH0002,LINE-A,2026-07-11T18:00:00,50.0547,1
MCH0002,LINE-A,2026-07-11T18:40:00,50.0145,1
MCH0002,LINE-A,2026-07-11T19:20:00,50.1298,1
MCH0002,LINE-A,2026-07-11T20:00:00,50.1168,1
MCH0002,LINE-A,2026-07-11T20:40:00,50.1558,1
MCH0002,LINE-A,2026-07-11T21:20:00,50.038,1
MCH0002,LINE-A,2026-07-11T22:00:00,50.0125,1
MCH0002,LINE-A,2026-07-11T22:40:00,50.1055,1
MCH0002,LINE-A,2026-07-11T23:20:00,50.1201,1
MCH0002,LINE-A,2026-07-12T00:00:00,50.1013,1
MCH0002,LINE-A,2026-07-12T00:40:00,50.0341,1
MCH0002,LINE-A,2026-07-12T01:20:00,50.1033,1
MCH0002,LINE-A,2026-07-12T02:00:00,50.0784,1
MCH0002,LINE-A,2026-07-12T02:40:00,50.032,1
MCH0002,LINE-A,2026-07-12T03:20:00,50.1589,1
MCH0002,LINE-A,2026-07-12T04:00:00,50.0608,1
MCH0002,LINE-A,2026-07-12T04:40:00,50.1127,1
MCH0002,LINE-A,2026-07-12T05:20:00,50.1568,1
MCH0002,LINE-A,2026-07-12T06:00:00,50.1359,1
MCH0002,LINE-A,2026-07-12T06:40:00,50.069,1
MCH0002,LINE-A,2026-07-12T07:20:00,50.0268,1
MCH0002,LINE-A,2026-07-12T08:00:00,50.1473,1
MCH0002,LINE-A,2026-07-12T08:40:00,50.187,1
MCH0002,LINE-A,2026-07-12T09:20:00,50.0647,1
MCH0002,LINE-A,2026-07-12T10:00:00,50.1613,1
MCH0002,LINE-A,2026-07-12T10:40:00,50.0761,1
MCH0002,LINE-A,2026-07-12T11:20:00,50.0426,1
MCH0002,LINE-A,2026-07-12T12:00:00,50.0759,1
MCH0002,LINE-A,2026-07-12T12:40:00,50.1257,1
MCH0002,LINE-A,2026-07-12T13:20:00,50.0694,1
MCH0002,LINE-A,2026-07-12T14:00:00,50.052,1
MCH0002,LINE-A,2026-07-12T14:40:00,50.2767,1
MCH0002,LINE-A,2026-07-12T15:20:00,50.1324,1
MCH0002,LINE-A,2026-07-12T16:00:00,50.1554,1
MCH0002,LINE-A,2026-07-12T16:40:00,50.1327,1
MCH0002,LINE-A,2026-07-12T17:20:00,50.0878,1
MCH0002,LINE-A,2026-07-12T18:00:00,50.0891,1
MCH0002,LINE-A,2026-07-12T18:40:00,50.0643,1
MCH0002,LINE-A,2026-07-12T19:20:00,50.0185,1
MCH0002,LINE-A,2026-07-12T20:00:00,50.1844,1
MCH0002,LINE-A,2026-07-12T20:40:00,50.176,1
MCH0002,LINE-A,2026-07-12T21:20:00,50.0221,1
MCH0002,LINE-A,2026-07-12T22:00:00,50.0411,1
MCH0002,LINE-A,2026-07-12T22:40:00,50.1037,1
MCH0002,LINE-A,2026-07-12T23:20:00,50.0555,1
MCH0002,LINE-A,2026-07-13T00:00:00,50.0815,1
MCH0002,LINE-A,2026-07-13T00:40:00,50.1783,1
MCH0002,LINE-A,2026-07-13T01:20:00,50.1278,1
MCH0002,LINE-A,2026-07-13T02:00:00,50.057,1
MCH0002,LINE-A,2026-07-13T02:40:00,50.1085,1
MCH0002,LINE-A,2026-07-13T03:20:00,50.1365,1
MCH0002,LINE-A,2026-07-13T04:00:00,50.0648,1
MCH0002,LINE-A,2026-07-13T04:40:00,50.1775,1
MCH0002,LINE-A,2026-07-13T05:20:00,50.1719,1
MCH0002,LINE-A,2026-07-13T06:00:00,50.159,1
MCH0002,LINE-A,2026-07-13T06:40:00,50.1457,1
MCH0002,LINE-A,2026-07-13T07:20:00,50.1864,1
MCH0002,LINE-A,2026-07-13T08:00:00,50.0931,1
MCH0002,LINE-A,2026-07-13T08:40:00,50.2039,1
MCH0002,LINE-A,2026-07-13T09:20:00,50.1349,1
MCH0002,LINE-A,2026-07-13T10:00:00,50.0982,1
MCH0002,LINE-A,2026-07-13T10:40:00,50.1915,1
MCH0002,LINE-A,2026-07-13T11:20:00,50.0791,1
MCH0002,LINE-A,2026-07-13T12:00:00,50.1854,1
MCH0002,LINE-A,2026-07-13T12:40:00,50.1584,1
MCH0002,LINE-A,2026-07-13T13:20:00,50.1309,1
MCH0002,LINE-A,2026-07-13T14:00:00,50.1653,1
MCH0002,LINE-A,2026-07-13T14:40:00,50.109,1
MCH0002,LINE-A,2026-07-13T15:20:00,50.1006,1
MCH0002,LINE-A,2026-07-13T16:00:00,50.1716,1
MCH0002,LINE-A,2026-07-13T16:40:00,50.0847,1
MCH0002,LINE-A,2026-07-13T17:20:00,50.1179,1
MCH0002,LINE-A,2026-07-13T18:00:00,50.0941,1
MCH0002,LINE-A,2026-07-13T18:40:00,50.075,1
MCH0002,LINE-A,2026-07-13T19:20:00,50.1714,1
MCH0002,LINE-A,2026-07-13T20:00:00,50.0984,1
MCH0002,LINE-A,2026-07-13T20:40:00,50.1128,1
MCH0002,LINE-A,2026-07-13T21:20:00,50.1295,1
MCH0002,LINE-A,2026-07-13T22:00:00,50.0671,1
MCH0002,LINE-A,2026-07-13T22:40:00,50.0591,1
MCH0002,LINE-A,2026-07-13T23:20:00,50.244,1
MCH0002,LINE-A,2026-07-14T00:00:00,50.1873,1
MCH0002,LINE-A,2026-07-14T00:40:00,50.2236,1
MCH0002,LINE-A,2026-07-14T01:20:00,50.1954,1
MCH0002,LINE-A,2026-07-14T02:00:00,50.1559,1
MCH0002,LINE-A,2026-07-14T02:40:00,50.069,1
MCH0002,LINE-A,2026-07-14T03:20:00,50.1087,1
MCH0002,LINE-A,2026-07-14T04:00:00,50.1889,1
MCH0002,LINE-A,2026-07-14T04:40:00,50.1821,1
MCH0002,LINE-A,2026-07-14T05:20:00,50.2273,1
MCH0002,LINE-A,2026-07-14T06:00:00,50.1096,1
MCH0002,LINE-A,2026-07-14T06:40:00,50.1833,1
MCH0002,LINE-A,2026-07-14T07:20:00,50.2869,1
MCH0002,LINE-A,2026-07-14T08:00:00,50.1268,1
MCH0002,LINE-A,2026-07-14T08:40:00,50.2559,1
MCH0002,LINE-A,2026-07-14T09:20:00,50.1712,1
MCH0002,LINE-A,2026-07-14T10:00:00,50.0977,1
MCH0002,LINE-A,2026-07-14T10:40:00,50.0247,1
MCH0002,LINE-A,2026-07-14T11:20:00,50.2077,1
MCH0002,LINE-A,2026-07-14T12:00:00,50.2844,1
MCH0002,LINE-A,2026-07-14T12:40:00,50.1782,1
MCH0002,LINE-A,2026-07-14T13:20:00,50.1894,1
MCH0002,LINE-A,2026-07-14T14:00:00,50.1885,1
MCH0002,LINE-A,2026-07-14T14:40:00,50.2728,1
MCH0002,LINE-A,2026-07-14T15:20:00,50.1958,1
MCH0002,LINE-A,2026-07-14T16:00:00,50.1631,1
MCH0002,LINE-A,2026-07-14T16:40:00,50.1946,1
MCH0002,LINE-A,2026-07-14T17:20:00,50.2232,1
MCH0002,LINE-A,2026-07-14T18:00:00,50.2316,1
MCH0002,LINE-A,2026-07-14T18:40:00,50.2343,1
MCH0002,LINE-A,2026-07-14T19:20:00,50.2423,1
MCH0002,LINE-A,2026-07-14T20:00:00,50.1648,1
MCH0002,LINE-A,2026-07-14T20:40:00,50.1904,1
MCH0002,LINE-A,2026-07-14T21:20:00,50.1667,1
MCH0002,LINE-A,2026-07-14T22:00:00,50.2488,1
MCH0002,LINE-A,2026-07-14T22:40:00,50.1622,1
MCH0002,LINE-A,2026-07-14T23:20:00,50.2761,1
MCH0002,LINE-A,2026-07-15T00:00:00,50.2056,1
MCH0002,LINE-A,2026-07-15T00:40:00,50.1974,1
MCH0002,LINE-A,2026-07-15T01:20:00,50.158,1
MCH0002,LINE-A,2026-07-15T02:00:00,50.2127,1
MCH0002,LINE-A,2026-07-15T02:40:00,50.1079,1
MCH0002,LINE-A,2026-07-15T03:20:00,50.2864,1
MCH0002,LINE-A,2026-07-15T04:00:00,50.1993,1
MCH0002,LINE-A,2026-07-15T04:40:00,50.1583,1
MCH0002,LINE-A,2026-07-15T05:20:00,50.2711,1
MCH0002,LINE-A,2026-07-15T06:00:00,50.186,1
MCH0002,LINE-A,2026-07-15T06:40:00,50.2466,1
MCH0002,LINE-A,2026-07-15T07:20:00,50.2455,1
MCH0002,LINE-A,2026-07-15T08:00:00,50.1711,1
MCH0002,LINE-A,2026-07-15T08:40:00,50.1621,1
MCH0002,LINE-A,2026-07-15T09:20:00,50.231,1
MCH0002,LINE-A,2026-07-15T10:00:00,50.1772,1
MCH0002,LINE-A,2026-07-15T10:40:00,50.1763,1
MCH0002,LINE-A,2026-07-15T11:20:00,50.3344,0
MCH0002,LINE-A,2026-07-15T12:00:00,50.1379,1
MCH0002,LINE-A,2026-07-15T12:40:00,50.1868,1
MCH0002,LINE-A,2026-07-15T13:20:00,50.1779,1
MCH0002,LINE-A,2026-07-15T14:00:00,50.2577,1
MCH0002,LINE-A,2026-07-15T14:40:00,50.3107,0
MCH0002,LINE-A,2026-07-15T15:20:00,50.2276,1
MCH0002,LINE-A,2026-07-15T16:00:00,50.2111,1
MCH0002,LINE-A,2026-07-15T16:40:00,50.2854,1
MCH0002,LINE-A,2026-07-15T17:20:00,50.217,1
MCH0002,LINE-A,2026-07-15T18:00:00,50.2933,1
MCH0002,LINE-A,2026-07-15T18:40:00,50.3185,0
MCH0002,LINE-A,2026-07-15T19:20:00,50.2984,1
MCH0002,LINE-A,2026-07-15T20:00:00,50.3166,0
MCH0002,LINE-A,2026-07-15T20:40:00,50.2647,1
MCH0002,LINE-A,2026-07-15T21:20:00,50.2719,1
MCH0002,LINE-A,2026-07-15T22:00:00,50.2646,1
MCH0002,LINE-A,2026-07-15T22:40:00,50.196,1
MCH0002,LINE-A,2026-07-15T23:20:00,50.2357,1
MCH0002,LINE-A,2026-07-16T00:00:00,50.19,1
MCH0002,LINE-A,2026-07-16T00:40:00,50.2466,1
MCH0002,LINE-A,2026-07-16T01:20:00,50.2881,1
MCH0002,LINE-A,2026-07-16T02:00:00,50.1718,1
MCH0002,LINE-A,2026-07-16T02:40:00,50.2186,1
MCH0002,LINE-A,2026-07-16T03:20:00,50.2014,1
MCH0002,LINE-A,2026-07-16T04:00:00,50.2881,1
MCH0002,LINE-A,2026-07-16T04:40:00,50.32,0
MCH0002,LINE-A,2026-07-16T05:20:00,50.216,1
MCH0002,LINE-A,2026-07-16T06:00:00,50.2276,1
MCH0002,LINE-A,2026-07-16T06:40:00,50.2449,1
MCH0002,LINE-A,2026-07-16T07:20:00,50.2597,1
MCH0002,LINE-A,2026-07-16T08:00:00,50.235,1
MCH0002,LINE-A,2026-07-16T08:40:00,50.225,1
MCH0002,LINE-A,2026-07-16T09:20:00,50.2533,1
MCH0002,LINE-A,2026-07-16T10:00:00,50.2605,1
MCH0002,LINE-A,2026-07-16T10:40:00,50.2853,1
MCH0002,LINE-A,2026-07-16T11:20:00,50.2972,1
MCH0002,LINE-A,2026-07-16T12:00:00,50.1959,1
MCH0002,LINE-A,2026-07-16T12:40:00,50.2933,1
MCH0002,LINE-A,2026-07-16T13:20:00,50.3031,0
MCH0002,LINE-A,2026-07-16T14:00:00,50.3137,0
MCH0002,LINE-A,2026-07-16T14:40:00,50.3284,0
MCH0002,LINE-A,2026-07-16T15:20:00,50.1786,1
MCH0002,LINE-A,2026-07-16T16:00:00,50.2783,1
MCH0002,LINE-A,2026-07-16T16:40:00,50.1725,1
MCH0002,LINE-A,2026-07-16T17:20:00,50.2201,1
MCH0002,LINE-A,2026-07-16T18:00:00,50.2272,1
MCH0002,LINE-A,2026-07-16T18:40:00,50.281,1
MCH0002,LINE-A,2026-07-16T19:20:00,50.3173,0
MCH0002,LINE-A,2026-07-16T20:00:00,50.3889,0
MCH0002,LINE-A,2026-07-16T20:40:00,50.2904,1
MCH0002,LINE-A,2026-07-16T21:20:00,50.2957,1
MCH0002,LINE-A,2026-07-16T22:00:00,50.192,1
MCH0002,LINE-A,2026-07-16T22:40:00,50.3046,0
MCH0002,LINE-A,2026-07-16T23:20:00,50.2959,1
MCH0002,LINE-A,2026-07-17T00:00:00,50.3305,0
MCH0002,LINE-A,2026-07-17T00:40:00,50.3303,0
MCH0002,LINE-A,2026-07-17T01:20:00,50.2648,1
MCH0002,LINE-A,2026-07-17T02:00:00,50.2773,1
MCH0002,LINE-A,2026-07-17T02:40:00,50.1896,1
MCH0002,LINE-A,2026-07-17T03:20:00,50.2439,1
MCH0002,LINE-A,2026-07-17T04:00:00,50.3561,0
MCH0002,LINE-A,2026-07-17T04:40:00,50.3403,0
MCH0002,LINE-A,2026-07-17T05:20:00,50.2586,1
MCH0002,LINE-A,2026-07-17T06:00:00,50.3125,0
MCH0002,LINE-A,2026-07-17T06:40:00,50.301,0
MCH0002,LINE-A,2026-07-17T07:20:00,50.2936,1
MCH0002,LINE-A,2026-07-17T08:00:00,50.2517,1
MCH0002,LINE-A,2026-07-17T08:40:00,50.3983,0
MCH0002,LINE-A,2026-07-17T09:20:00,50.3455,0
MCH0002,LINE-A,2026-07-17T10:00:00,50.2614,1
MCH0002,LINE-A,2026-07-17T10:40:00,50.3858,0
MCH0002,LINE-A,2026-07-17T11:20:00,50.2718,1
MCH0002,LINE-A,2026-07-17T12:00:00,50.3145,0
MCH0002,LINE-A,2026-07-17T12:40:00,50.3622,0
MCH0002,LINE-A,2026-07-17T13:20:00,50.3289,0
MCH0002,LINE-A,2026-07-17T14:00:00,50.4032,0
MCH0002,LINE-A,2026-07-17T14:40:00,50.2907,1
MCH0002,LINE-A,2026-07-17T15:20:00,50.3388,0
MCH0002,LINE-A,2026-07-17T16:00:00,50.3537,0
MCH0002,LINE-A,2026-07-17T16:40:00,50.3241,0
MCH0002,LINE-A,2026-07-17T17:20:00,50.4246,0
MCH0002,LINE-A,2026-07-17T18:00:00,50.3,0
MCH0002,LINE-A,2026-07-17T18:40:00,50.2947,1
MCH0002,LINE-A,2026-07-17T19:20:00,50.3066,0
MCH0002,LINE-A,2026-07-17T20:00:00,50.3144,0
MCH0002,LINE-A,2026-07-17T20:40:00,50.4336,0
MCH0002,LINE-A,2026-07-17T21:20:00,50.3993,0
MCH0002,LINE-A,2026-07-17T22:00:00,50.3733,0
MCH0002,LINE-A,2026-07-17T22:40:00,50.3386,0
MCH0002,LINE-A,2026-07-17T23:20:00,50.3293,0
MCH0002,LINE-A,2026-07-18T00:00:00,50.4016,0
MCH0002,LINE-A,2026-07-18T00:40:00,50.3048,0
MCH0002,LINE-A,2026-07-18T01:20:00,50.3235,0
MCH0002,LINE-A,2026-07-18T02:00:00,50.2827,1
MCH0002,LINE-A,2026-07-18T02:40:00,50.3015,0
MCH0002,LINE-A,2026-07-18T03:20:00,50.3453,0
MCH0002,LINE-A,2026-07-18T04:00:00,50.3086,0
MCH0002,LINE-A,2026-07-18T04:40:00,50.3479,0
MCH0002,LINE-A,2026-07-18T05:20:00,50.3298,0
MCH0002,LINE-A,2026-07-18T06:00:00,50.3797,0
MCH0002,LINE-A,2026-07-18T06:40:00,50.3253,0
MCH0002,LINE-A,2026-07-18T07:20:00,50.3647,0
MCH0002,LINE-A,2026-07-18T08:00:00,50.2632,1
MCH0002,LINE-A,2026-07-18T08:40:00,50.3052,0
MCH0002,LINE-A,2026-07-18T09:20:00,50.3118,0
MCH0002,LINE-A,2026-07-18T10:00:00,50.3699,0
MCH0002,LINE-A,2026-07-18T10:40:00,50.3782,0
MCH0002,LINE-A,2026-07-18T11:20:00,50.3769,0
MCH0002,LINE-A,2026-07-18T12:00:00,50.3544,0
MCH0002,LINE-A,2026-07-18T12:40:00,50.3325,0
MCH0002,LINE-A,2026-07-18T13:20:00,50.3076,0
MCH0002,LINE-A,2026-07-18T14:00:00,50.2462,1
MCH0002,LINE-A,2026-07-18T14:40:00,50.3636,0
MCH0002,LINE-A,2026-07-18T15:20:00,50.3589,0
MCH0002,LINE-A,2026-07-18T16:00:00,50.4292,0
MCH0002,LINE-A,2026-07-18T16:40:00,50.3,1
MCH0002,LINE-A,2026-07-18T17:20:00,50.3599,0
MCH0002,LINE-A,2026-07-18T18:00:00,50.3369,0
MCH0002,LINE-A,2026-07-18T18:40:00,50.2955,1
MCH0002,LINE-A,2026-07-18T19:20:00,50.3668,0
MCH0002,LINE-A,2026-07-18T20:00:00,50.3466,0
MCH0002,LINE-A,2026-07-18T20:40:00,50.3154,0
MCH0002,LINE-A,2026-07-18T21:20:00,50.3846,0
MCH0002,LINE-A,2026-07-18T22:00:00,50.3319,0
MCH0002,LINE-A,2026-07-18T22:40:00,50.2958,1
MCH0002,LINE-A,2026-07-18T23:20:00,50.4195,0
MCH0002,LINE-A,2026-07-19T00:00:00,50.4075,0
MCH0002,LINE-A,2026-07-19T00:40:00,50.4446,0
MCH0002,LINE-A,2026-07-19T01:20:00,50.374,0
MCH0002,LINE-A,2026-07-19T02:00:00,50.395,0
MCH0002,LINE-A,2026-07-19T02:40:00,50.3562,0
MCH0002,LINE-A,2026-07-19T03:20:00,50.3524,0
MCH0002,LINE-A,2026-07-19T04:00:00,50.46,0
MCH0002,LINE-A,2026-07-19T04:40:00,50.3845,0
MCH0002,LINE-A,2026-07-19T05:20:00,50.384,0
MCH0002,LINE-A,2026-07-19T06:00:00,50.365,0
MCH0002,LINE-A,2026-07-19T06:40:00,50.3736,0
MCH0002,LINE-A,2026-07-19T07:20:00,50.402,0
MCH0002,LINE-A,2026-07-19T08:00:00,50.4241,0
MCH0002,LINE-A,2026-07-19T08:40:00,50.4649,0
MCH0002,LINE-A,2026-07-19T09:20:00,50.3231,0
MCH0002,LINE-A,2026-07-19T10:00:00,50.2812,1
MCH0002,LINE-A,2026-07-19T10:40:00,50.3902,0
MCH0002,LINE-A,2026-07-19T11:20:00,50.3392,0
MCH0002,LINE-A,2026-07-19T12:00:00,50.333,0
MCH0002,LINE-A,2026-07-19T12:40:00,50.3513,0
MCH0002,LINE-A,2026-07-19T13:20:00,50.3802,0
MCH0002,LINE-A,2026-07-19T14:00:00,50.466,0
MCH0002,LINE-A,2026-07-19T14:40:00,50.3738,0
MCH0002,LINE-A,2026-07-19T15:20:00,50.3451,0
MCH0002,LINE-A,2026-07-19T16:00:00,50.3345,0
MCH0002,LINE-A,2026-07-19T16:40:00,50.4099,0
MCH0002,LINE-A,2026-07-19T17:20:00,50.3443,0
MCH0002,LINE-A,2026-07-19T18:00:00,50.4109,0
MCH0002,LINE-A,2026-07-19T18:40:00,50.354,0
MCH0002,LINE-A,2026-07-19T19:20:00,50.3725,0
MCH0002,LINE-A,2026-07-19T20:00:00,50.4163,0
MCH0002,LINE-A,2026-07-19T20:40:00,50.449,0
MCH0002,LINE-A,2026-07-19T21:20:00,50.4077,0
MCH0002,LINE-A,2026-07-19T22:00:00,50.3817,0
MCH0002,LINE-A,2026-07-19T22:40:00,50.4451,0
MCH0002,LINE-A,2026-07-19T23:20:00,50.2883,1
MCH0002,LINE-A,2026-07-20T00:00:00,50.4067,0
MCH0002,LINE-A,2026-07-20T00:40:00,50.3121,0
MCH0002,LINE-A,2026-07-20T01:20:00,50.3719,0
MCH0002,LINE-A,2026-07-20T02:00:00,50.4089,0
MCH0002,LINE-A,2026-07-20T02:40:00,50.3546,0
MCH0002,LINE-A,2026-07-20T03:20:00,50.3466,0
MCH0002,LINE-A,2026-07-20T04:00:00,50.3643,0
MCH0002,LINE-A,2026-07-20T04:40:00,50.4743,0
MCH0002,LINE-A,2026-07-20T05:20:00,50.4006,0
MCH0002,LINE-A,2026-07-20T06:00:00,50.4722,0
MCH0002,LINE-A,2026-07-20T06:40:00,50.3116,0
MCH0002,LINE-A,2026-07-20T07:20:00,50.4705,0
MCH0002,LINE-A,2026-07-20T08:00:00,50.3811,0
MCH0002,LINE-A,2026-07-20T08:40:00,50.4185,0
MCH0002,LINE-A,2026-07-20T09:20:00,50.4147,0
MCH0002,LINE-A,2026-07-20T10:00:00,50.441,0
MCH0002,LINE-A,2026-07-20T10:40:00,50.3033,0
MCH0002,LINE-A,2026-07-20T11:20:00,50.4161,0
MCH0002,LINE-A,2026-07-20T12:00:00,50.4395,0
MCH0002,LINE-A,2026-07-20T12:40:00,50.3462,0
MCH0002,LINE-A,2026-07-20T13:20:00,50.3926,0
MCH0002,LINE-A,2026-07-20T14:00:00,50.4476,0
MCH0002,LINE-A,2026-07-20T14:40:00,50.5002,0
MCH0002,LINE-A,2026-07-20T15:20:00,50.4261,0
MCH0002,LINE-A,2026-07-20T16:00:00,50.4757,0
MCH0002,LINE-A,2026-07-20T16:40:00,50.4508,0
MCH0002,LINE-A,2026-07-20T17:20:00,50.4344,0
MCH0002,LINE-A,2026-07-20T18:00:00,50.4824,0
MCH0002,LINE-A,2026-07-20T18:40:00,50.5334,0
MCH0002,LINE-A,2026-07-20T19:20:00,50.3016,0
MCH0002,LINE-A,2026-07-20T20:00:00,50.4556,0
MCH0002,LINE-A,2026-07-20T20:40:00,50.4071,0
MCH0002,LINE-A,2026-07-20T21:20:00,50.3155,0
MCH0002,LINE-A,2026-07-20T22:00:00,50.4723,0
MCH0002,LINE-A,2026-07-20T22:40:00,50.4385,0
MCH0002,LINE-A,2026-07-20T23:20:00,50.4201,0
MCH0002,LINE-A,2026-07-21T00:00:00,50.428,0
MCH0002,LINE-A,2026-07-21T00:40:00,50.4925,0
MCH0002,LINE-A,2026-07-21T01:20:00,50.4031,0
MCH0002,LINE-A,2026-07-21T02:00:00,50.4831,0
MCH0002,LINE-A,2026-07-21T02:40:00,50.3799,0
MCH0002,LINE-A,2026-07-21T03:20:00,50.4456,0
MCH0002,LINE-A,2026-07-21T04:00:00,50.3765,0
MCH0002,LINE-A,2026-07-21T04:40:00,50.3654,0
MCH0002,LINE-A,2026-07-21T05:20:00,50.3978,0
MCH0002,LINE-A,2026-07-21T06:00:00,50.4934,0
MCH0002,LINE-A,2026-07-21T06:40:00,50.3757,0
MCH0002,LINE-A,2026-07-21T07:20:00,50.4102,0
MCH0002,LINE-A,2026-07-21T08:00:00,50.5872,0
MCH0002,LINE-A,2026-07-21T08:40:00,50.5255,0
MCH0002,LINE-A,2026-07-21T09:20:00,50.458,0
MCH0002,LINE-A,2026-07-21T10:00:00,50.4338,0
MCH0002,LINE-A,2026-07-21T10:40:00,50.5761,0
MCH0002,LINE-A,2026-07-21T11:20:00,50.416,0
MCH0002,LINE-A,2026-07-21T12:00:00,50.4867,0
MCH0002,LINE-A,2026-07-21T12:40:00,50.3969,0
MCH0002,LINE-A,2026-07-21T13:20:00,50.5038,0
MCH0002,LINE-A,2026-07-21T14:00:00,50.5679,0
MCH0002,LINE-A,2026-07-21T14:40:00,50.3888,0
MCH0002,LINE-A,2026-07-21T15:20:00,50.4636,0
MCH0002,LINE-A,2026-07-21T16:00:00,50.4018,0
MCH0002,LINE-A,2026-07-21T16:40:00,50.5155,0
MCH0002,LINE-A,2026-07-21T17:20:00,50.479,0
MCH0002,LINE-A,2026-07-21T18:00:00,50.4578,0
MCH0002,LINE-A,2026-07-21T18:40:00,50.4554,0
MCH0002,LINE-A,2026-07-21T19:20:00,50.4704,0
MCH0002,LINE-A,2026-07-21T20:00:00,50.4564,0
MCH0002,LINE-A,2026-07-21T20:40:00,50.4484,0
MCH0002,LINE-A,2026-07-21T21:20:00,50.4927,0
MCH0002,LINE-A,2026-07-21T22:00:00,50.5446,0
MCH0002,LINE-A,2026-07-21T22:40:00,50.4647,0
MCH0002,LINE-A,2026-07-21T23:20:00,50.5259,0
MCH0002,LINE-A,2026-07-22T00:00:00,50.4464,0
MCH0002,LINE-A,2026-07-22T00:40:00,50.5498,0
MCH0002,LINE-A,2026-07-22T01:20:00,50.5197,0
MCH0002,LINE-A,2026-07-22T02:00:00,50.4772,0
MCH0002,LINE-A,2026-07-22T02:40:00,50.4652,0
MCH0002,LINE-A,2026-07-22T03:20:00,50.4122,0
MCH0002,LINE-A,2026-07-22T04:00:00,50.477,0
MCH0002,LINE-A,2026-07-22T04:40:00,50.4689,0
MCH0002,LINE-A,2026-07-22T05:20:00,50.4776,0
MCH0002,LINE-A,2026-07-22T06:00:00,50.4899,0
MCH0002,LINE-A,2026-07-22T06:40:00,50.5928,0
MCH0002,LINE-A,2026-07-22T07:20:00,50.5599,0
MCH0002,LINE-A,2026-07-22T08:00:00,50.4661,0
MCH0002,LINE-A,2026-07-22T08:40:00,50.5111,0
MCH0002,LINE-A,2026-07-22T09:20:00,50.4712,0
MCH0002,LINE-A,2026-07-22T10:00:00,50.5682,0
MCH0002,LINE-A,2026-07-22T10:40:00,50.5204,0
MCH0002,LINE-A,2026-07-22T11:20:00,50.5298,0
MCH0002,LINE-A,2026-07-22T12:00:00,50.5008,0
MCH0002,LINE-A,2026-07-22T12:40:00,50.564,0
MCH0002,LINE-A,2026-07-22T13:20:00,50.5019,0
MCH0002,LINE-A,2026-07-22T14:00:00,50.5608,0
MCH0002,LINE-A,2026-07-22T14:40:00,50.5041,0
MCH0002,LINE-A,2026-07-22T15:20:00,50.5529,0
MCH0002,LINE-A,2026-07-22T16:00:00,50.5597,0
MCH0002,LINE-A,2026-07-22T16:40:00,50.5183,0
MCH0002,LINE-A,2026-07-22T17:20:00,50.5997,0
MCH0002,LINE-A,2026-07-22T18:00:00,50.5057,0
MCH0002,LINE-A,2026-07-22T18:40:00,50.5045,0
MCH0002,LINE-A,2026-07-22T19:20:00,50.6422,0
MCH0002,LINE-A,2026-07-22T20:00:00,50.496,0
MCH0002,LINE-A,2026-07-22T20:40:00,50.5008,0
MCH0002,LINE-A,2026-07-22T21:20:00,50.5608,0
MCH0002,LINE-A,2026-07-22T22:00:00,50.4704,0
MCH0002,LINE-A,2026-07-22T22:40:00,50.574,0
MCH0002,LINE-A,2026-07-22T23:20:00,50.4857,0
MCH0002,LINE-A,2026-07-23T00:00:00,50.5915,0
MCH0002,LINE-A,2026-07-23T00:40:00,50.4291,0
MCH0002,LINE-A,2026-07-23T01:20:00,50.5756,0
MCH0002,LINE-A,2026-07-23T02:00:00,50.5168,0
MCH0002,LINE-A,2026-07-23T02:40:00,50.5628,0
MCH0002,LINE-A,2026-07-23T03:20:00,50.4605,0
MCH0002,LINE-A,2026-07-23T04:00:00,50.5597,0
MCH0002,LINE-A,2026-07-23T04:40:00,50.6202,0
MCH0002,LINE-A,2026-07-23T05:20:00,50.501,0
MCH0002,LINE-A,2026-07-23T06:00:00,50.5533,0
MCH0002,LINE-A,2026-07-23T06:40:00,50.5197,0
MCH0002,LINE-A,2026-07-23T07:20:00,50.544,0
MCH0002,LINE-A,2026-07-23T08:00:00,50.4906,0
MCH0002,LINE-A,2026-07-23T08:40:00,50.536,0
MCH0002,LINE-A,2026-07-23T09:20:00,50.477,0
MCH0002,LINE-A,2026-07-23T10:00:00,50.5998,0
MCH0002,LINE-A,2026-07-23T10:40:00,50.6048,0
MCH0002,LINE-A,2026-07-23T11:20:00,50.5059,0
MCH0002,LINE-A,2026-07-23T12:00:00,50.5199,0
MCH0002,LINE-A,2026-07-23T12:40:00,50.4956,0
MCH0002,LINE-A,2026-07-23T13:20:00,50.5028,0
MCH0002,LINE-A,2026-07-23T14:00:00,50.4921,0
MCH0002,LINE-A,2026-07-23T14:40:00,50.5434,0
MCH0002,LINE-A,2026-07-23T15:20:00,50.5474,0
MCH0002,LINE-A,2026-07-23T16:00:00,50.6147,0
MCH0002,LINE-A,2026-07-23T16:40:00,50.4833,0
MCH0002,LINE-A,2026-07-23T17:20:00,50.559,0
MCH0002,LINE-A,2026-07-23T18:00:00,50.5775,0
MCH0002,LINE-A,2026-07-23T18:40:00,50.5175,0
MCH0002,LINE-A,2026-07-23T19:20:00,50.5088,0
MCH0002,LINE-A,2026-07-23T20:00:00,50.6302,0
MCH0002,LINE-A,2026-07-23T20:40:00,50.5726,0
MCH0002,LINE-A,2026-07-23T21:20:00,50.5699,0
MCH0002,LINE-A,2026-07-23T22:00:00,50.486,0
MCH0002,LINE-A,2026-07-23T22:40:00,50.5299,0
MCH0002,LINE-A,2026-07-23T23:20:00,50.6159,0
MCH0002,LINE-A,2026-07-24T00:00:00,50.5805,0
MCH0002,LINE-A,2026-07-24T00:40:00,50.4895,0
MCH0002,LINE-A,2026-07-24T01:20:00,50.6595,0
MCH0002,LINE-A,2026-07-24T02:00:00,50.4948,0
MCH0002,LINE-A,2026-07-24T02:40:00,50.6001,0
MCH0002,LINE-A,2026-07-24T03:20:00,50.6898,0
MCH0002,LINE-A,2026-07-24T04:00:00,50.5892,0
MCH0002,LINE-A,2026-07-24T04:40:00,50.5661,0
MCH0002,LINE-A,2026-07-24T05:20:00,50.6117,0
MCH0002,LINE-A,2026-07-24T06:00:00,50.6088,0
MCH0002,LINE-A,2026-07-24T06:40:00,50.574,0
MCH0002,LINE-A,2026-07-24T07:20:00,50.5531,0
MCH0002,LINE-A,2026-07-24T08:00:00,50.6334,0
MCH0002,LINE-A,2026-07-24T08:40:00,50.5178,0
MCH0002,LINE-A,2026-07-24T09:20:00,50.6141,0
MCH0002,LINE-A,2026-07-24T10:00:00,50.5953,0
MCH0002,LINE-A,2026-07-24T10:40:00,50.6951,0
MCH0002,LINE-A,2026-07-24T11:20:00,50.5546,0
MCH0002,LINE-A,2026-07-24T12:00:00,50.5204,0
MCH0002,LINE-A,2026-07-24T12:40:00,50.6413,0
MCH0002,LINE-A,2026-07-24T13:20:00,50.6265,0
MCH0002,LINE-A,2026-07-24T14:00:00,50.5808,0
MCH0002,LINE-A,2026-07-24T14:40:00,50.6551,0
MCH0002,LINE-A,2026-07-24T15:20:00,50.6584,0
MCH0002,LINE-A,2026-07-24T16:00:00,50.5789,0
MCH0002,LINE-A,2026-07-24T16:40:00,50.5812,0
MCH0002,LINE-A,2026-07-24T17:20:00,50.6266,0
MCH0002,LINE-A,2026-07-24T18:00:00,50.6732,0
MCH0002,LINE-A,2026-07-24T18:40:00,50.574,0
MCH0002,LINE-A,2026-07-24T19:20:00,50.6552,0
MCH0002,LINE-A,2026-07-24T20:00:00,50.6593,0
MCH0002,LINE-A,2026-07-24T20:40:00,49.9812,1
MCH0002,LINE-A,2026-07-24T21:20:00,50.0881,1
MCH0002,LINE-A,2026-07-24T22:00:00,50.0731,1
MCH0002,LINE-A,2026-07-24T22:40:00,50.0299,1
MCH0002,LINE-A,2026-07-24T23:20:00,49.9832,1
MCH0002,LINE-A,2026-07-25T00:00:00,50.0205,1
MCH0002,LINE-A,2026-07-25T00:40:00,50.0311,1
MCH0002,LINE-A,2026-07-25T01:20:00,50.069,1
MCH0002,LINE-A,2026-07-25T02:00:00,50.1184,1
MCH0002,LINE-A,2026-07-25T02:40:00,49.9894,1
MCH0002,LINE-A,2026-07-25T03:20:00,49.9936,1
MCH0002,LINE-A,2026-07-25T04:00:00,49.9242,1
MCH0002,LINE-A,2026-07-25T04:40:00,50.0393,1
MCH0002,LINE-A,2026-07-25T05:20:00,50.0984,1
MCH0002,LINE-A,2026-07-25T06:00:00,49.9644,1
MCH0002,LINE-A,2026-07-25T06:40:00,49.9769,1
MCH0002,LINE-A,2026-07-25T07:20:00,50.0408,1
MCH0002,LINE-A,2026-07-25T08:00:00,50.0546,1
MCH0002,LINE-A,2026-07-25T08:40:00,50.0382,1
MCH0002,LINE-A,2026-07-25T09:20:00,50.0725,1
MCH0002,LINE-A,2026-07-25T10:00:00,50.0877,1
MCH0002,LINE-A,2026-07-25T10:40:00,50.0082,1
MCH0002,LINE-A,2026-07-25T11:20:00,50.1445,1
MCH0002,LINE-A,2026-07-25T12:00:00,50.0549,1
MCH0002,LINE-A,2026-07-25T12:40:00,50.031,1
MCH0002,LINE-A,2026-07-25T13:20:00,50.0773,1
MCH0002,LINE-A,2026-07-25T14:00:00,49.987,1
MCH0002,LINE-A,2026-07-25T14:40:00,49.9991,1
MCH0002,LINE-A,2026-07-25T15:20:00,50.0876,1
MCH0002,LINE-A,2026-07-25T16:00:00,50.0242,1
MCH0002,LINE-A,2026-07-25T16:40:00,50.0094,1
MCH0002,LINE-A,2026-07-25T17:20:00,50.0839,1
MCH0002,LINE-A,2026-07-25T18:00:00,50.0843,1
MCH0002,LINE-A,2026-07-25T18:40:00,49.9933,1
MCH0002,LINE-A,2026-07-25T19:20:00,50.0893,1
MCH0002,LINE-A,2026-07-25T20:00:00,50.0043,1
MCH0002,LINE-A,2026-07-25T20:40:00,50.0205,1
MCH0002,LINE-A,2026-07-25T21:20:00,49.9489,1
MCH0002,LINE-A,2026-07-25T22:00:00,50.0418,1
MCH0002,LINE-A,2026-07-25T22:40:00,50.0519,1
MCH0002,LINE-A,2026-07-25T23:20:00,50.0252,1
MCH0002,LINE-A,2026-07-26T00:00:00,50.0353,1
MCH0002,LINE-A,2026-07-26T00:40:00,50.1025,1
MCH0002,LINE-A,2026-07-26T01:20:00,50.0031,1
MCH0002,LINE-A,2026-07-26T02:00:00,49.9812,1
MCH0002,LINE-A,2026-07-26T02:40:00,50.0845,1
MCH0002,LINE-A,2026-07-26T03:20:00,50.0962,1
MCH0002,LINE-A,2026-07-26T04:00:00,50.1027,1
MCH0002,LINE-A,2026-07-26T04:40:00,50.0609,1
MCH0002,LINE-A,2026-07-26T05:20:00,49.9897,1
MCH0002,LINE-A,2026-07-26T06:00:00,49.969,1
MCH0002,LINE-A,2026-07-26T06:40:00,50.0221,1
MCH0002,LINE-A,2026-07-26T07:20:00,50.0617,1
MCH0002,LINE-A,2026-07-26T08:00:00,50.0106,1
MCH0002,LINE-A,2026-07-26T08:40:00,50.1253,1
MCH0002,LINE-A,2026-07-26T09:20:00,50.0338,1
MCH0002,LINE-A,2026-07-26T10:00:00,50.0642,1
MCH0002,LINE-A,2026-07-26T10:40:00,50.1379,1
MCH0002,LINE-A,2026-07-26T11:20:00,49.9688,1
MCH0002,LINE-A,2026-07-26T12:00:00,50.0813,1
MCH0002,LINE-A,2026-07-26T12:40:00,50.0919,1
MCH0002,LINE-A,2026-07-26T13:20:00,50.0948,1
MCH0002,LINE-A,2026-07-26T14:00:00,50.0702,1
MCH0002,LINE-A,2026-07-26T14:40:00,50.1411,1
MCH0002,LINE-A,2026-07-26T15:20:00,50.0127,1
MCH0002,LINE-A,2026-07-26T16:00:00,50.0234,1
MCH0002,LINE-A,2026-07-26T16:40:00,50.051,1
MCH0002,LINE-A,2026-07-26T17:20:00,50.0283,1
MCH0002,LINE-A,2026-07-26T18:00:00,50.0199,1
MCH0002,LINE-A,2026-07-26T18:40:00,50.1094,1
MCH0002,LINE-A,2026-07-26T19:20:00,50.0984,1
MCH0002,LINE-A,2026-07-26T20:00:00,50.1033,1
MCH0002,LINE-A,2026-07-26T20:40:00,50.0396,1
MCH0002,LINE-A,2026-07-26T21:20:00,50.1305,1
MCH0002,LINE-A,2026-07-26T22:00:00,50.1249,1
MCH0002,LINE-A,2026-07-26T22:40:00,50.1108,1
MCH0002,LINE-A,2026-07-26T23:20:00,50.0274,1
MCH0002,LINE-A,2026-07-27T00:00:00,50.0797,1
MCH0002,LINE-A,2026-07-27T00:40:00,50.0855,1
MCH0002,LINE-A,2026-07-27T01:20:00,50.0378,1
MCH0002,LINE-A,2026-07-27T02:00:00,50.0931,1
MCH0002,LINE-A,2026-07-27T02:40:00,50.1686,1
MCH0002,LINE-A,2026-07-27T03:20:00,50.0872,1
MCH0002,LINE-A,2026-07-27T04:00:00,50.0373,1
MCH0002,LINE-A,2026-07-27T04:40:00,50.0558,1
MCH0002,LINE-A,2026-07-27T05:20:00,50.1266,1
MCH0002,LINE-A,2026-07-27T06:00:00,49.9869,1
MCH0002,LINE-A,2026-07-27T06:40:00,50.1422,1
MCH0002,LINE-A,2026-07-27T07:20:00,50.0516,1
MCH0002,LINE-A,2026-07-27T08:00:00,50.1579,1
MCH0002,LINE-A,2026-07-27T08:40:00,50.0976,1
MCH0002,LINE-A,2026-07-27T09:20:00,50.1094,1
MCH0002,LINE-A,2026-07-27T10:00:00,50.1037,1
MCH0002,LINE-A,2026-07-27T10:40:00,50.1699,1
MCH0002,LINE-A,2026-07-27T11:20:00,50.0502,1
MCH0002,LINE-A,2026-07-27T12:00:00,50.0968,1
MCH0002,LINE-A,2026-07-27T12:40:00,50.0723,1
MCH0002,LINE-A,2026-07-27T13:20:00,50.1264,1
MCH0002,LINE-A,2026-07-27T14:00:00,50.1306,1
MCH0002,LINE-A,2026-07-27T14:40:00,50.0201,1
MCH0002,LINE-A,2026-07-27T15:20:00,50.1083,1
MCH0002,LINE-A,2026-07-27T16:00:00,50.0549,1
MCH0002,LINE-A,2026-07-27T16:40:00,50.0338,1
MCH0002,LINE-A,2026-07-27T17:20:00,50.1411,1
MCH0002,LINE-A,2026-07-27T18:00:00,49.9796,1
MCH0002,LINE-A,2026-07-27T18:40:00,50.0063,1
MCH0002,LINE-A,2026-07-27T19:20:00,50.0019,1
MCH0002,LINE-A,2026-07-27T20:00:00,50.0779,1
MCH0002,LINE-A,2026-07-27T20:40:00,50.0776,1
MCH0002,LINE-A,2026-07-27T21:20:00,50.1833,1
MCH0002,LINE-A,2026-07-27T22:00:00,50.0821,1
MCH0002,LINE-A,2026-07-27T22:40:00,50.1467,1
MCH0002,LINE-A,2026-07-27T23:20:00,50.1044,1
MCH0002,LINE-A,2026-07-28T00:00:00,50.113,1
MCH0002,LINE-A,2026-07-28T00:40:00,50.132,1
MCH0002,LINE-A,2026-07-28T01:20:00,50.0925,1
MCH0002,LINE-A,2026-07-28T02:00:00,50.106,1
MCH0002,LINE-A,2026-07-28T02:40:00,50.1818,1
MCH0002,LINE-A,2026-07-28T03:20:00,50.0686,1
MCH0002,LINE-A,2026-07-28T04:00:00,50.1452,1
MCH0002,LINE-A,2026-07-28T04:40:00,50.0713,1
MCH0002,LINE-A,2026-07-28T05:20:00,50.1065,1
MCH0002,LINE-A,2026-07-28T06:00:00,50.1507,1
MCH0002,LINE-A,2026-07-28T06:40:00,50.1783,1
MCH0002,LINE-A,2026-07-28T07:20:00,50.1467,1
MCH0002,LINE-A,2026-07-28T08:00:00,50.0339,1
MCH0002,LINE-A,2026-07-28T08:40:00,50.1269,1
MCH0002,LINE-A,2026-07-28T09:20:00,50.0271,1
MCH0002,LINE-A,2026-07-28T10:00:00,50.1962,1
MCH0002,LINE-A,2026-07-28T10:40:00,50.0506,1
MCH0002,LINE-A,2026-07-28T11:20:00,50.1183,1
MCH0002,LINE-A,2026-07-28T12:00:00,50.059,1
MCH0002,LINE-A,2026-07-28T12:40:00,50.1575,1
MCH0002,LINE-A,2026-07-28T13:20:00,50.1868,1
MCH0002,LINE-A,2026-07-28T14:00:00,50.1578,1
MCH0002,LINE-A,2026-07-28T14:40:00,50.1158,1
MCH0002,LINE-A,2026-07-28T15:20:00,50.0675,1
MCH0002,LINE-A,2026-07-28T16:00:00,50.1924,1
MCH0002,LINE-A,2026-07-28T16:40:00,50.1575,1
MCH0002,LINE-A,2026-07-28T17:20:00,50.1235,1
MCH0002,LINE-A,2026-07-28T18:00:00,50.091,1
MCH0002,LINE-A,2026-07-28T18:40:00,50.0669,1
MCH0002,LINE-A,2026-07-28T19:20:00,50.0628,1
MCH0002,LINE-A,2026-07-28T20:00:00,50.1377,1
MCH0002,LINE-A,2026-07-28T20:40:00,50.0722,1
MCH0002,LINE-A,2026-07-28T21:20:00,50.091,1
MCH0002,LINE-A,2026-07-28T22:00:00,50.0724,1
MCH0002,LINE-A,2026-07-28T22:40:00,50.1645,1
MCH0002,LINE-A,2026-07-28T23:20:00,50.0616,1
MCH0002,LINE-A,2026-07-29T00:00:00,50.1383,1
MCH0002,LINE-A,2026-07-29T00:40:00,50.1262,1
MCH0002,LINE-A,2026-07-29T01:20:00,50.1524,1
MCH0002,LINE-A,2026-07-29T02:00:00,50.0217,1
MCH0002,LINE-A,2026-07-29T02:40:00,50.1843,1
MCH0002,LINE-A,2026-07-29T03:20:00,50.0775,1
MCH0002,LINE-A,2026-07-29T04:00:00,50.1456,1
MCH0002,LINE-A,2026-07-29T04:40:00,50.1308,1
MCH0002,LINE-A,2026-07-29T05:20:00,50.045,1
MCH0002,LINE-A,2026-07-29T06:00:00,50.156,1
MCH0002,LINE-A,2026-07-29T06:40:00,50.1019,1
MCH0002,LINE-A,2026-07-29T07:20:00,50.1671,1
MCH0002,LINE-A,2026-07-29T08:00:00,50.1531,1
MCH0002,LINE-A,2026-07-29T08:40:00,50.077,1
MCH0002,LINE-A,2026-07-29T09:20:00,50.0672,1
MCH0002,LINE-A,2026-07-29T10:00:00,50.0853,1
MCH0002,LINE-A,2026-07-29T10:40:00,50.2533,1
MCH0002,LINE-A,2026-07-29T11:20:00,50.1906,1
MCH0002,LINE-A,2026-07-29T12:00:00,50.1781,1
MCH0002,LINE-A,2026-07-29T12:40:00,50.1664,1
MCH0002,LINE-A,2026-07-29T13:20:00,50.1108,1
MCH0002,LINE-A,2026-07-29T14:00:00,50.0813,1
MCH0002,LINE-A,2026-07-29T14:40:00,50.1679,1
MCH0002,LINE-A,2026-07-29T15:20:00,50.1078,1
MCH0002,LINE-A,2026-07-29T16:00:00,50.1099,1
MCH0002,LINE-A,2026-07-29T16:40:00,50.2106,1
MCH0002,LINE-A,2026-07-29T17:20:00,50.1709,1
MCH0002,LINE-A,2026-07-29T18:00:00,50.157,1
MCH0002,LINE-A,2026-07-29T18:40:00,50.0693,1
MCH0002,LINE-A,2026-07-29T19:20:00,50.1163,1
MCH0002,LINE-A,2026-07-29T20:00:00,50.2313,1
MCH0002,LINE-A,2026-07-29T20:40:00,50.1597,1
MCH0002,LINE-A,2026-07-29T21:20:00,50.085,1
MCH0002,LINE-A,2026-07-29T22:00:00,50.1672,1
MCH0002,LINE-A,2026-07-29T22:40:00,50.1726,1
MCH0002,LINE-A,2026-07-29T23:20:00,50.2038,1
MCH0002,LINE-A,2026-07-30T00:00:00,50.1197,1
MCH0002,LINE-A,2026-07-30T00:40:00,50.1589,1
MCH0002,LINE-A,2026-07-30T01:20:00,50.1428,1
MCH0002,LINE-A,2026-07-30T02:00:00,50.1715,1
MCH0002,LINE-A,2026-07-30T02:40:00,50.2085,1
MCH0002,LINE-A,2026-07-30T03:20:00,50.1882,1
MCH0002,LINE-A,2026-07-30T04:00:00,50.1871,1
MCH0002,LINE-A,2026-07-30T04:40:00,50.1321,1
MCH0002,LINE-A,2026-07-30T05:20:00,50.1057,1
MCH0002,LINE-A,2026-07-30T06:00:00,50.2008,1
MCH0002,LINE-A,2026-07-30T06:40:00,50.177,1
MCH0002,LINE-A,2026-07-30T07:20:00,50.1788,1
MCH0002,LINE-A,2026-07-30T08:00:00,50.1238,1
MCH0002,LINE-A,2026-07-30T08:40:00,50.133,1
MCH0002,LINE-A,2026-07-30T09:20:00,50.197,1
MCH0002,LINE-A,2026-07-30T10:00:00,50.102,1
MCH0002,LINE-A,2026-07-30T10:40:00,50.1868,1
MCH0002,LINE-A,2026-07-30T11:20:00,50.1761,1
MCH0002,LINE-A,2026-07-30T12:00:00,50.1146,1
MCH0002,LINE-A,2026-07-30T12:40:00,50.1643,1
MCH0002,LINE-A,2026-07-30T13:20:00,50.1607,1
MCH0002,LINE-A,2026-07-30T14:00:00,50.1802,1
MCH0002,LINE-A,2026-07-30T14:40:00,50.1533,1
MCH0002,LINE-A,2026-07-30T15:20:00,50.0967,1
MCH0002,LINE-A,2026-07-30T16:00:00,50.1365,1
MCH0002,LINE-A,2026-07-30T16:40:00,50.147,1
MCH0002,LINE-A,2026-07-30T17:20:00,50.0624,1
MCH0002,LINE-A,2026-07-30T18:00:00,50.2092,1
MCH0002,LINE-A,2026-07-30T18:40:00,50.1803,1
MCH0002,LINE-A,2026-07-30T19:20:00,50.2369,1
MCH0002,LINE-A,2026-07-30T20:00:00,50.1205,1
MCH0002,LINE-A,2026-07-30T20:40:00,50.0928,1
MCH0002,LINE-A,2026-07-30T21:20:00,50.2075,1
MCH0002,LINE-A,2026-07-30T22:00:00,50.2242,1
MCH0002,LINE-A,2026-07-30T22:40:00,50.2387,1
MCH0002,LINE-A,2026-07-30T23:20:00,50.1914,1
MCH0002,LINE-A,2026-07-31T00:00:00,50.1538,1
MCH0002,LINE-A,2026-07-31T00:40:00,50.1219,1
MCH0002,LINE-A,2026-07-31T01:20:00,50.1309,1
MCH0002,LINE-A,2026-07-31T02:00:00,50.2226,1
MCH0002,LINE-A,2026-07-31T02:40:00,50.0754,1
MCH0002,LINE-A,2026-07-31T03:20:00,50.2158,1
MCH0002,LINE-A,2026-07-31T04:00:00,50.1593,1
MCH0002,LINE-A,2026-07-31T04:40:00,50.1642,1
MCH0002,LINE-A,2026-07-31T05:20:00,50.3244,0
MCH0002,LINE-A,2026-07-31T06:00:00,50.2635,1
MCH0002,LINE-A,2026-07-31T06:40:00,50.1661,1
MCH0002,LINE-A,2026-07-31T07:20:00,50.1873,1
MCH0002,LINE-A,2026-07-31T08:00:00,50.1604,1
MCH0002,LINE-A,2026-07-31T08:40:00,50.1883,1
MCH0002,LINE-A,2026-07-31T09:20:00,50.1056,1
MCH0002,LINE-A,2026-07-31T10:00:00,50.1679,1
MCH0002,LINE-A,2026-07-31T10:40:00,50.132,1
MCH0002,LINE-A,2026-07-31T11:20:00,50.0872,1
MCH0002,LINE-A,2026-07-31T12:00:00,50.1746,1
MCH0002,LINE-A,2026-07-31T12:40:00,50.2503,1
MCH0002,LINE-A,2026-07-31T13:20:00,50.1325,1
MCH0002,LINE-A,2026-07-31T14:00:00,50.1337,1
MCH0002,LINE-A,2026-07-31T14:40:00,50.1735,1
MCH0002,LINE-A,2026-07-31T15:20:00,50.195,1
MCH0002,LINE-A,2026-07-31T16:00:00,50.1288,1
MCH0002,LINE-A,2026-07-31T16:40:00,50.2569,1
MCH0002,LINE-A,2026-07-31T17:20:00,50.1941,1
MCH0002,LINE-A,2026-07-31T18:00:00,50.2376,1
MCH0002,LINE-A,2026-07-31T18:40:00,50.2359,1
MCH0002,LINE-A,2026-07-31T19:20:00,50.1866,1
MCH0002,LINE-A,2026-07-31T20:00:00,50.2289,1
MCH0002,LINE-A,2026-07-31T20:40:00,50.2226,1
MCH0002,LINE-A,2026-07-31T21:20:00,50.2087,1
MCH0002,LINE-A,2026-07-31T22:00:00,50.1951,1
MCH0002,LINE-A,2026-07-31T22:40:00,50.2317,1
MCH0002,LINE-A,2026-07-31T23:20:00,50.143,1
MCH0002,LINE-A,2026-08-01T00:00:00,50.2865,1
MCH0002,LINE-A,2026-08-01T00:40:00,50.2994,1
MCH0002,LINE-A,2026-08-01T01:20:00,50.2608,1
MCH0002,LINE-A,2026-08-01T02:00:00,50.1889,1
MCH0002,LINE-A,2026-08-01T02:40:00,50.1755,1
MCH0002,LINE-A,2026-08-01T03:20:00,50.2275,1
MCH0002,LINE-A,2026-08-01T04:00:00,50.189,1
MCH0002,LINE-A,2026-08-01T04:40:00,50.2343,1
MCH0002,LINE-A,2026-08-01T05:20:00,50.3329,0
MCH0002,LINE-A,2026-08-01T06:00:00,50.2936,1
MCH0002,LINE-A,2026-08-01T06:40:00,50.2184,1
MCH0002,LINE-A,2026-08-01T07:20:00,50.2795,1
MCH0002,LINE-A,2026-08-01T08:00:00,50.1343,1
MCH0002,LINE-A,2026-08-01T08:40:00,50.1883,1
MCH0002,LINE-A,2026-08-01T09:20:00,50.1824,1
MCH0002,LINE-A,2026-08-01T10:00:00,50.2676,1
MCH0002,LINE-A,2026-08-01T10:40:00,50.1549,1
MCH0002,LINE-A,2026-08-01T11:20:00,50.1498,1
MCH0002,LINE-A,2026-08-01T12:00:00,50.2809,1
MCH0002,LINE-A,2026-08-01T12:40:00,50.1459,1
MCH0002,LINE-A,2026-08-01T13:20:00,50.2298,1
MCH0002,LINE-A,2026-08-01T14:00:00,50.2623,1
MCH0002,LINE-A,2026-08-01T14:40:00,50.1673,1
MCH0002,LINE-A,2026-08-01T15:20:00,50.1645,1
MCH0002,LINE-A,2026-08-01T16:00:00,50.1274,1
MCH0002,LINE-A,2026-08-01T16:40:00,50.1216,1
MCH0002,LINE-A,2026-08-01T17:20:00,50.1661,1
MCH0002,LINE-A,2026-08-01T18:00:00,50.23,1
MCH0002,LINE-A,2026-08-01T18:40:00,50.291,1
MCH0002,LINE-A,2026-08-01T19:20:00,50.2305,1
MCH0002,LINE-A,2026-08-01T20:00:00,50.2031,1
MCH0002,LINE-A,2026-08-01T20:40:00,50.1975,1
MCH0002,LINE-A,2026-08-01T21:20:00,50.2054,1
MCH0002,LINE-A,2026-08-01T22:00:00,50.1799,1
MCH0002,LINE-A,2026-08-01T22:40:00,50.2223,1
MCH0002,LINE-A,2026-08-01T23:20:00,50.1859,1
MCH0002,LINE-A,2026-08-02T00:00:00,50.1811,1
MCH0002,LINE-A,2026-08-02T00:40:00,50.1912,1
MCH0002,LINE-A,2026-08-02T01:20:00,50.2544,1
MCH0002,LINE-A,2026-08-02T02:00:00,50.221,1
MCH0002,LINE-A,2026-08-02T02:40:00,50.2086,1
MCH0002,LINE-A,2026-08-02T03:20:00,50.1511,1
MCH0002,LINE-A,2026-08-02T04:00:00,50.2206,1
MCH0002,LINE-A,2026-08-02T04:40:00,50.1895,1
MCH0002,LINE-A,2026-08-02T05:20:00,50.2096,1
MCH0002,LINE-A,2026-08-02T06:00:00,50.2382,1
MCH0002,LINE-A,2026-08-02T06:40:00,50.2669,1
MCH0002,LINE-A,2026-08-02T07:20:00,50.2279,1
MCH0002,LINE-A,2026-08-02T08:00:00,50.2104,1
MCH0002,LINE-A,2026-08-02T08:40:00,50.2184,1
MCH0002,LINE-A,2026-08-02T09:20:00,50.1891,1
MCH0002,LINE-A,2026-08-02T10:00:00,50.2784,1
MCH0002,LINE-A,2026-08-02T10:40:00,50.177,1
MCH0002,LINE-A,2026-08-02T11:20:00,50.2082,1
MCH0002,LINE-A,2026-08-02T12:00:00,50.241,1
MCH0002,LINE-A,2026-08-02T12:40:00,50.1945,1
MCH0002,LINE-A,2026-08-02T13:20:00,50.2138,1
MCH0002,LINE-A,2026-08-02T14:00:00,50.2658,1
MCH0002,LINE-A,2026-08-02T14:40:00,50.2847,1
MCH0002,LINE-A,2026-08-02T15:20:00,50.2194,1
MCH0002,LINE-A,2026-08-02T16:00:00,50.1638,1
MCH0002,LINE-A,2026-08-02T16:40:00,50.3123,0
MCH0002,LINE-A,2026-08-02T17:20:00,50.2859,1
MCH0002,LINE-A,2026-08-02T18:00:00,50.1647,1
MCH0002,LINE-A,2026-08-02T18:40:00,50.3196,0
MCH0002,LINE-A,2026-08-02T19:20:00,50.2545,1
MCH0002,LINE-A,2026-08-02T20:00:00,50.1509,1
MCH0002,LINE-A,2026-08-02T20:40:00,50.2622,1
MCH0002,LINE-A,2026-08-02T21:20:00,50.2757,1
MCH0002,LINE-A,2026-08-02T22:00:00,50.2391,1
MCH0002,LINE-A,2026-08-02T22:40:00,50.2834,1
MCH0002,LINE-A,2026-08-02T23:20:00,50.3378,0
MCH0002,LINE-A,2026-08-03T00:00:00,50.2104,1
MCH0002,LINE-A,2026-08-03T00:40:00,50.3043,0
MCH0002,LINE-A,2026-08-03T01:20:00,50.2448,1
MCH0002,LINE-A,2026-08-03T02:00:00,50.306,0
MCH0002,LINE-A,2026-08-03T02:40:00,50.3506,0
MCH0002,LINE-A,2026-08-03T03:20:00,50.1758,1
MCH0002,LINE-A,2026-08-03T04:00:00,50.2908,1
MCH0002,LINE-A,2026-08-03T04:40:00,50.2324,1
MCH0002,LINE-A,2026-08-03T05:20:00,50.3187,0
MCH0002,LINE-A,2026-08-03T06:00:00,50.2582,1
MCH0002,LINE-A,2026-08-03T06:40:00,50.2496,1
MCH0002,LINE-A,2026-08-03T07:20:00,50.244,1
MCH0002,LINE-A,2026-08-03T08:00:00,50.2116,1
MCH0002,LINE-A,2026-08-03T08:40:00,50.2853,1
MCH0002,LINE-A,2026-08-03T09:20:00,50.2191,1
MCH0002,LINE-A,2026-08-03T10:00:00,50.2407,1
MCH0002,LINE-A,2026-08-03T10:40:00,50.2391,1
MCH0002,LINE-A,2026-08-03T11:20:00,50.3076,0
MCH0002,LINE-A,2026-08-03T12:00:00,50.2024,1
MCH0002,LINE-A,2026-08-03T12:40:00,50.2301,1
MCH0002,LINE-A,2026-08-03T13:20:00,50.3234,0
MCH0002,LINE-A,2026-08-03T14:00:00,50.3087,0
MCH0002,LINE-A,2026-08-03T14:40:00,50.332,0
MCH0002,LINE-A,2026-08-03T15:20:00,50.1671,1
MCH0002,LINE-A,2026-08-03T16:00:00,50.3066,0
MCH0002,LINE-A,2026-08-03T16:40:00,50.2596,1
MCH0002,LINE-A,2026-08-03T17:20:00,50.261,1
MCH0002,LINE-A,2026-08-03T18:00:00,50.3232,0
MCH0002,LINE-A,2026-08-03T18:40:00,50.2649,1
MCH0002,LINE-A,2026-08-03T19:20:00,50.2151,1
MCH0002,LINE-A,2026-08-03T20:00:00,50.1878,1
MCH0002,LINE-A,2026-08-03T20:40:00,50.2982,1
MCH0002,LINE-A,2026-08-03T21:20:00,50.2067,1
MCH0002,LINE-A,2026-08-03T22:00:00,50.1531,1
MCH0002,LINE-A,2026-08-03T22:40:00,50.3203,0
MCH0002,LINE-A,2026-08-03T23:20:00,50.2717,1
MCH0002,LINE-A,2026-08-04T00:00:00,50.2927,1
MCH0002,LINE-A,2026-08-04T00:40:00,50.1828,1
MCH0002,LINE-A,2026-08-04T01:20:00,50.2776,1
MCH0002,LINE-A,2026-08-04T02:00:00,50.1901,1
MCH0002,LINE-A,2026-08-04T02:40:00,50.308,0
MCH0002,LINE-A,2026-08-04T03:20:00,50.3276,0
MCH0002,LINE-A,2026-08-04T04:00:00,50.2301,1
MCH0002,LINE-A,2026-08-04T04:40:00,50.3121,0
MCH0002,LINE-A,2026-08-04T05:20:00,50.2319,1
MCH0002,LINE-A,2026-08-04T06:00:00,50.272,1
MCH0002,LINE-A,2026-08-04T06:40:00,50.1198,1
MCH0002,LINE-A,2026-08-04T07:20:00,50.2879,1
MCH0002,LINE-A,2026-08-04T08:00:00,50.3006,0
MCH0002,LINE-A,2026-08-04T08:40:00,50.311,0
MCH0002,LINE-A,2026-08-04T09:20:00,50.2191,1
MCH0002,LINE-A,2026-08-04T10:00:00,50.257,1
MCH0002,LINE-A,2026-08-04T10:40:00,50.2375,1
MCH0002,LINE-A,2026-08-04T11:20:00,50.2247,1
MCH0002,LINE-A,2026-08-04T12:00:00,50.2564,1
MCH0002,LINE-A,2026-08-04T12:40:00,50.2571,1
MCH0002,LINE-A,2026-08-04T13:20:00,50.258,1
MCH0002,LINE-A,2026-08-04T14:00:00,50.2287,1
MCH0002,LINE-A,2026-08-04T14:40:00,50.3159,0
MCH0002,LINE-A,2026-08-04T15:20:00,50.2755,1
MCH0002,LINE-A,2026-08-04T16:00:00,50.2188,1
MCH0002,LINE-A,2026-08-04T16:40:00,50.2918,1
MCH0002,LINE-A,2026-08-04T17:20:00,50.2518,1
MCH0002,LINE-A,2026-08-04T18:00:00,50.3561,0
MCH0002,LINE-A,2026-08-04T18:40:00,50.3169,0
MCH0002,LINE-A,2026-08-04T19:20:00,50.2809,1
MCH0002,LINE-A,2026-08-04T20:00:00,50.2993,1
MCH0002,LINE-A,2026-08-04T20:40:00,50.222,1
MCH0002,LINE-A,2026-08-04T21:20:00,50.2123,1
MCH0002,LINE-A,2026-08-04T22:00:00,50.2232,1
MCH0002,LINE-A,2026-08-04T22:40:00,50.3341,0
MCH0002,LINE-A,2026-08-04T23:20:00,50.311,0
MCH0002,LINE-A,2026-08-05T00:00:00,50.2417,1
MCH0002,LINE-A,2026-08-05T00:40:00,50.2573,1
MCH0002,LINE-A,2026-08-05T01:20:00,50.2774,1
MCH0002,LINE-A,2026-08-05T02:00:00,50.3143,0
MCH0002,LINE-A,2026-08-05T02:40:00,50.3106,0
MCH0002,LINE-A,2026-08-05T03:20:00,50.3191,0
MCH0002,LINE-A,2026-08-05T04:00:00,50.2978,1
MCH0002,LINE-A,2026-08-05T04:40:00,50.2843,1
MCH0002,LINE-A,2026-08-05T05:20:00,50.3595,0
MCH0002,LINE-A,2026-08-05T06:00:00,50.234,1
MCH0002,LINE-A,2026-08-05T06:40:00,50.2622,1
MCH0002,LINE-A,2026-08-05T07:20:00,50.3467,0
MCH0002,LINE-A,2026-08-05T08:00:00,50.2165,1
MCH0002,LINE-A,2026-08-05T08:40:00,50.416,0
MCH0002,LINE-A,2026-08-05T09:20:00,50.3312,0
MCH0002,LINE-A,2026-08-05T10:00:00,50.2537,1
MCH0002,LINE-A,2026-08-05T10:40:00,50.3424,0
MCH0002,LINE-A,2026-08-05T11:20:00,50.3666,0
MCH0002,LINE-A,2026-08-05T12:00:00,50.2964,1
MCH0002,LINE-A,2026-08-05T12:40:00,50.2963,1
MCH0002,LINE-A,2026-08-05T13:20:00,50.33,0
MCH0002,LINE-A,2026-08-05T14:00:00,50.2347,1
MCH0002,LINE-A,2026-08-05T14:40:00,50.2107,1
MCH0002,LINE-A,2026-08-05T15:20:00,50.3115,0
MCH0002,LINE-A,2026-08-05T16:00:00,50.3553,0
MCH0002,LINE-A,2026-08-05T16:40:00,50.2633,1
MCH0002,LINE-A,2026-08-05T17:20:00,50.2971,1
MCH0002,LINE-A,2026-08-05T18:00:00,50.3958,0
MCH0002,LINE-A,2026-08-05T18:40:00,50.3726,0
MCH0002,LINE-A,2026-08-05T19:20:00,50.3655,0
MCH0002,LINE-A,2026-08-05T20:00:00,50.346,0
MCH0002,LINE-A,2026-08-05T20:40:00,50.2703,1
MCH0002,LINE-A,2026-08-05T21:20:00,50.355,0
MCH0002,LINE-A,2026-08-05T22:00:00,50.3533,0
MCH0002,LINE-A,2026-08-05T22:40:00,50.2982,1
MCH0002,LINE-A,2026-08-05T23:20:00,50.3582,0
MCH0002,LINE-A,2026-08-06T00:00:00,50.3035,0
MCH0002,LINE-A,2026-08-06T00:40:00,50.3443,0
MCH0002,LINE-A,2026-08-06T01:20:00,50.383,0
MCH0002,LINE-A,2026-08-06T02:00:00,50.3468,0
MCH0002,LINE-A,2026-08-06T02:40:00,50.2575,1
MCH0002,LINE-A,2026-08-06T03:20:00,50.37,0
MCH0002,LINE-A,2026-08-06T04:00:00,50.29,1
MCH0002,LINE-A,2026-08-06T04:40:00,50.3151,0
MCH0002,LINE-A,2026-08-06T05:20:00,50.2624,1
MCH0002,LINE-A,2026-08-06T06:00:00,50.3902,0
MCH0002,LINE-A,2026-08-06T06:40:00,50.3253,0
MCH0002,LINE-A,2026-08-06T07:20:00,50.3392,0
MCH0002,LINE-A,2026-08-06T08:00:00,50.2792,1
MCH0002,LINE-A,2026-08-06T08:40:00,50.3772,0
MCH0002,LINE-A,2026-08-06T09:20:00,50.3313,0
MCH0002,LINE-A,2026-08-06T10:00:00,50.3487,0
MCH0002,LINE-A,2026-08-06T10:40:00,50.2773,1
MCH0002,LINE-A,2026-08-06T11:20:00,50.3431,0
MCH0002,LINE-A,2026-08-06T12:00:00,50.3447,0
MCH0002,LINE-A,2026-08-06T12:40:00,50.3434,0
MCH0002,LINE-A,2026-08-06T13:20:00,50.2775,1
MCH0002,LINE-A,2026-08-06T14:00:00,50.3139,0
MCH0002,LINE-A,2026-08-06T14:40:00,50.3502,0
MCH0002,LINE-A,2026-08-06T15:20:00,50.3056,0
MCH0002,LINE-A,2026-08-06T16:00:00,50.327,0
MCH0002,LINE-A,2026-08-06T16:40:00,50.324,0
MCH0002,LINE-A,2026-08-06T17:20:00,50.4012,0
MCH0002,LINE-A,2026-08-06T18:00:00,50.299,1
MCH0002,LINE-A,2026-08-06T18:40:00,50.2977,1
MCH0002,LINE-A,2026-08-06T19:20:00,50.3757,0
MCH0002,LINE-A,2026-08-06T20:00:00,50.2284,1
MCH0002,LINE-A,2026-08-06T20:40:00,50.2769,1
MCH0002,LINE-A,2026-08-06T21:20:00,50.2547,1
MCH0002,LINE-A,2026-08-06T22:00:00,50.3112,0
MCH0002,LINE-A,2026-08-06T22:40:00,50.5086,0
MCH0002,LINE-A,2026-08-06T23:20:00,50.4149,0
MCH0002,LINE-A,2026-08-07T00:00:00,50.3853,0
MCH0002,LINE-A,2026-08-07T00:40:00,50.3813,0
MCH0002,LINE-A,2026-08-07T01:20:00,50.3527,0
MCH0002,LINE-A,2026-08-07T02:00:00,50.3465,0
MCH0002,LINE-A,2026-08-07T02:40:00,50.3768,0
MCH0002,LINE-A,2026-08-07T03:20:00,50.3483,0
MCH0002,LINE-A,2026-08-07T04:00:00,50.3148,0
MCH0002,LINE-A,2026-08-07T04:40:00,50.3525,0
MCH0002,LINE-A,2026-08-07T05:20:00,50.3522,0
MCH0002,LINE-A,2026-08-07T06:00:00,50.2948,1
MCH0002,LINE-A,2026-08-07T06:40:00,50.3345,0
MCH0002,LINE-A,2026-08-07T07:20:00,50.2857,1
MCH0002,LINE-A,2026-08-07T08:00:00,50.3716,0
MCH0002,LINE-A,2026-08-07T08:40:00,50.3343,0
MCH0002,LINE-A,2026-08-07T09:20:00,50.2594,1
MCH0002,LINE-A,2026-08-07T10:00:00,50.4535,0
MCH0002,LINE-A,2026-08-07T10:40:00,50.4183,0
MCH0002,LINE-A,2026-08-07T11:20:00,50.4033,0
MCH0002,LINE-A,2026-08-07T12:00:00,50.3221,0
MCH0002,LINE-A,2026-08-07T12:40:00,50.3248,0
MCH0002,LINE-A,2026-08-07T13:20:00,50.2925,1
MCH0002,LINE-A,2026-08-07T14:00:00,50.4458,0
MCH0002,LINE-A,2026-08-07T14:40:00,50.4395,0
MCH0002,LINE-A,2026-08-07T15:20:00,50.3485,0
MCH0002,LINE-A,2026-08-07T16:00:00,50.3351,0
MCH0002,LINE-A,2026-08-07T16:40:00,50.3768,0
MCH0002,LINE-A,2026-08-07T17:20:00,50.3241,0
MCH0002,LINE-A,2026-08-07T18:00:00,50.2821,1
MCH0002,LINE-A,2026-08-07T18:40:00,50.3697,0
MCH0002,LINE-A,2026-08-07T19:20:00,50.4425,0
MCH0002,LINE-A,2026-08-07T20:00:00,50.289,1
MCH0002,LINE-A,2026-08-07T20:40:00,50.4151,0
MCH0002,LINE-A,2026-08-07T21:20:00,50.3547,0
MCH0002,LINE-A,2026-08-07T22:00:00,50.3784,0
MCH0002,LINE-A,2026-08-07T22:40:00,50.3067,0
MCH0002,LINE-A,2026-08-07T23:20:00,50.2941,1
MCH0002,LINE-A,2026-08-08T00:00:00,50.3378,0
MCH0002,LINE-A,2026-08-08T00:40:00,50.3328,0
MCH0002,LINE-A,2026-08-08T01:20:00,50.3452,0
MCH0002,LINE-A,2026-08-08T02:00:00,50.3787,0
MCH0002,LINE-A,2026-08-08T02:40:00,50.414,0
MCH0002,LINE-A,2026-08-08T03:20:00,50.3959,0
MCH0002,LINE-A,2026-08-08T04:00:00,50.3763,0
MCH0002,LINE-A,2026-08-08T04:40:00,50.2849,1
MCH0002,LINE-A,2026-08-08T05:20:00,50.4058,0
MCH0002,LINE-A,2026-08-08T06:00:00,50.3383,0
MCH0002,LINE-A,2026-08-08T06:40:00,50.2896,1
MCH0002,LINE-A,2026-08-08T07:20:00,50.4019,0
MCH0002,LINE-A,2026-08-08T08:00:00,50.3665,0
MCH0002,LINE-A,2026-08-08T08:40:00,50.3634,0
MCH0002,LINE-A,2026-08-08T09:20:00,50.3847,0
MCH0002,LINE-A,2026-08-08T10:00:00,50.3967,0
MCH0002,LINE-A,2026-08-08T10:40:00,50.3815,0
MCH0002,LINE-A,2026-08-08T11:20:00,50.3016,0
MCH0002,LINE-A,2026-08-08T12:00:00,50.5167,0
MCH0002,LINE-A,2026-08-08T12:40:00,50.342,0
MCH0002,LINE-A,2026-08-08T13:20:00,50.3527,0
MCH0002,LINE-A,2026-08-08T14:00:00,50.3751,0
MCH0002,LINE-A,2026-08-08T14:40:00,50.455,0
MCH0002,LINE-A,2026-08-08T15:20:00,50.3846,0
MCH0002,LINE-A,2026-08-08T16:00:00,50.3015,0
MCH0002,LINE-A,2026-08-08T16:40:00,50.4184,0
MCH0002,LINE-A,2026-08-08T17:20:00,50.4032,0
MCH0002,LINE-A,2026-08-08T18:00:00,50.3198,0
MCH0002,LINE-A,2026-08-08T18:40:00,50.3497,0
MCH0002,LINE-A,2026-08-08T19:20:00,50.3135,0
MCH0002,LINE-A,2026-08-08T20:00:00,50.3462,0
MCH0002,LINE-A,2026-08-08T20:40:00,50.3507,0
MCH0002,LINE-A,2026-08-08T21:20:00,50.2995,1
MCH0002,LINE-A,2026-08-08T22:00:00,50.368,0
MCH0002,LINE-A,2026-08-08T22:40:00,50.2534,1
MCH0002,LINE-A,2026-08-08T23:20:00,50.4473,0
MCH0002,LINE-A,2026-08-09T00:00:00,50.344,0
MCH0002,LINE-A,2026-08-09T00:40:00,50.4489,0
MCH0002,LINE-A,2026-08-09T01:20:00,50.3054,0
MCH0002,LINE-A,2026-08-09T02:00:00,50.4648,0
MCH0002,LINE-A,2026-08-09T02:40:00,50.4718,0
MCH0002,LINE-A,2026-08-09T03:20:00,50.4294,0
MCH0002,LINE-A,2026-08-09T04:00:00,50.4162,0
MCH0002,LINE-A,2026-08-09T04:40:00,50.3384,0
MCH0002,LINE-A,2026-08-09T05:20:00,50.436,0
MCH0002,LINE-A,2026-08-09T06:00:00,50.3888,0
MCH0002,LINE-A,2026-08-09T06:40:00,50.4399,0
MCH0002,LINE-A,2026-08-09T07:20:00,50.3568,0
MCH0002,LINE-A,2026-08-09T08:00:00,50.4199,0
MCH0002,LINE-A,2026-08-09T08:40:00,50.316,0
MCH0002,LINE-A,2026-08-09T09:20:00,50.3279,0
MCH0002,LINE-A,2026-08-09T10:00:00,50.3652,0
MCH0002,LINE-A,2026-08-09T10:40:00,50.3565,0
MCH0002,LINE-A,2026-08-09T11:20:00,50.309,0
MCH0002,LINE-A,2026-08-09T12:00:00,50.3872,0
MCH0002,LINE-A,2026-08-09T12:40:00,50.4185,0
MCH0002,LINE-A,2026-08-09T13:20:00,50.3575,0
MCH0002,LINE-A,2026-08-09T14:00:00,50.3822,0
MCH0002,LINE-A,2026-08-09T14:40:00,50.4005,0
MCH0002,LINE-A,2026-08-09T15:20:00,50.4035,0
MCH0002,LINE-A,2026-08-09T16:00:00,50.4128,0
MCH0002,LINE-A,2026-08-09T16:40:00,50.3918,0
MCH0002,LINE-A,2026-08-09T17:20:00,50.3104,0
MCH0002,LINE-A,2026-08-09T18:00:00,50.3569,0
MCH0002,LINE-A,2026-08-09T18:40:00,50.4202,0
MCH0002,LINE-A,2026-08-09T19:20:00,50.3483,0
MCH0002,LINE-A,2026-08-09T20:00:00,50.4466,0
MCH0002,LINE-A,2026-08-09T20:40:00,50.432,0
MCH0002,LINE-A,2026-08-09T21:20:00,50.3819,0
MCH0002,LINE-A,2026-08-09T22:00:00,50.3516,0
MCH0002,LINE-A,2026-08-09T22:40:00,50.476,0
MCH0002,LINE-A,2026-08-09T23:20:00,50.4084,0
MCH0002,LINE-A,2026-08-10T00:00:00,50.4257,0
MCH0002,LINE-A,2026-08-10T00:40:00,50.3618,0
MCH0002,LINE-A,2026-08-10T01:20:00,50.3539,0
MCH0002,LINE-A,2026-08-10T02:00:00,50.453,0
MCH0002,LINE-A,2026-08-10T02:40:00,50.3656,0
MCH0002,LINE-A,2026-08-10T03:20:00,50.4202,0
MCH0002,LINE-A,2026-08-10T04:00:00,50.418,0
MCH0002,LINE-A,2026-08-10T04:40:00,50.4463,0
MCH0002,LINE-A,2026-08-10T05:20:00,50.3854,0
MCH0002,LINE-A,2026-08-10T06:00:00,50.4714,0
MCH0002,LINE-A,2026-08-10T06:40:00,50.3424,0
MCH0002,LINE-A,2026-08-10T07:20:00,50.3961,0
MCH0002,LINE-A,2026-08-10T08:00:00,50.4567,0
MCH0002,LINE-A,2026-08-10T08:40:00,50.4069,0
MCH0002,LINE-A,2026-08-10T09:20:00,50.3925,0
MCH0002,LINE-A,2026-08-10T10:00:00,50.3508,0
MCH0002,LINE-A,2026-08-10T10:40:00,50.4355,0
MCH0002,LINE-A,2026-08-10T11:20:00,50.4695,0
MCH0002,LINE-A,2026-08-10T12:00:00,50.4435,0
MCH0002,LINE-A,2026-08-10T12:40:00,50.4221,0
MCH0002,LINE-A,2026-08-10T13:20:00,50.3499,0
MCH0002,LINE-A,2026-08-10T14:00:00,50.438,0
MCH0002,LINE-A,2026-08-10T14:40:00,50.3946,0
MCH0002,LINE-A,2026-08-10T15:20:00,50.469,0
MCH0002,LINE-A,2026-08-10T16:00:00,50.4335,0
MCH0002,LINE-A,2026-08-10T16:40:00,50.5635,0
MCH0002,LINE-A,2026-08-10T17:20:00,50.3448,0
MCH0002,LINE-A,2026-08-10T18:00:00,50.3832,0
MCH0002,LINE-A,2026-08-10T18:40:00,50.4332,0
MCH0002,LINE-A,2026-08-10T19:20:00,50.48,0
MCH0002,LINE-A,2026-08-10T20:00:00,50.3906,0
MCH0002,LINE-A,2026-08-10T20:40:00,50.4751,0
MCH0002,LINE-A,2026-08-10T21:20:00,50.4752,0
MCH0002,LINE-A,2026-08-10T22:00:00,50.4777,0
MCH0002,LINE-A,2026-08-10T22:40:00,50.4621,0
MCH0002,LINE-A,2026-08-10T23:20:00,50.4517,0
MCH0002,LINE-A,2026-08-11T00:00:00,50.4282,0
MCH0002,LINE-A,2026-08-11T00:40:00,50.3743,0
MCH0002,LINE-A,2026-08-11T01:20:00,50.3806,0
MCH0002,LINE-A,2026-08-11T02:00:00,50.4463,0
MCH0002,LINE-A,2026-08-11T02:40:00,50.4831,0
MCH0002,LINE-A,2026-08-11T03:20:00,50.4662,0
MCH0002,LINE-A,2026-08-11T04:00:00,50.4232,0
MCH0002,LINE-A,2026-08-11T04:40:00,50.452,0
MCH0002,LINE-A,2026-08-11T05:20:00,50.4466,0
MCH0002,LINE-A,2026-08-11T06:00:00,50.4145,0
MCH0002,LINE-A,2026-08-11T06:40:00,50.4913,0
MCH0002,LINE-A,2026-08-11T07:20:00,50.3738,0
MCH0002,LINE-A,2026-08-11T08:00:00,50.4349,0
MCH0002,LINE-A,2026-08-11T08:40:00,50.4522,0
MCH0002,LINE-A,2026-08-11T09:20:00,50.4227,0
MCH0002,LINE-A,2026-08-11T10:00:00,50.45,0
MCH0002,LINE-A,2026-08-11T10:40:00,50.4362,0
MCH0002,LINE-A,2026-08-11T11:20:00,50.4147,0
MCH0002,LINE-A,2026-08-11T12:00:00,50.4533,0
MCH0002,LINE-A,2026-08-11T12:40:00,50.552,0
MCH0002,LINE-A,2026-08-11T13:20:00,50.4416,0
MCH0002,LINE-A,2026-08-11T14:00:00,50.4459,0
MCH0002,LINE-A,2026-08-11T14:40:00,50.4234,0
MCH0002,LINE-A,2026-08-11T15:20:00,50.4064,0
MCH0002,LINE-A,2026-08-11T16:00:00,50.4497,0
MCH0002,LINE-A,2026-08-11T16:40:00,50.4161,0
MCH0002,LINE-A,2026-08-11T17:20:00,50.4899,0
MCH0002,LINE-A,2026-08-11T18:00:00,50.5145,0
MCH0002,LINE-A,2026-08-11T18:40:00,50.4806,0
MCH0002,LINE-A,2026-08-11T19:20:00,50.493,0
MCH0002,LINE-A,2026-08-11T20:00:00,50.4024,0
MCH0002,LINE-A,2026-08-11T20:40:00,50.4727,0
MCH0002,LINE-A,2026-08-11T21:20:00,50.3948,0
MCH0002,LINE-A,2026-08-11T22:00:00,50.5112,0
MCH0002,LINE-A,2026-08-11T22:40:00,50.4487,0
MCH0002,LINE-A,2026-08-11T23:20:00,50.5093,0
MCH0002,LINE-A,2026-08-12T00:00:00,50.3732,0
MCH0002,LINE-A,2026-08-12T00:40:00,50.4064,0
MCH0002,LINE-A,2026-08-12T01:20:00,50.4128,0
MCH0002,LINE-A,2026-08-12T02:00:00,50.4879,0
MCH0002,LINE-A,2026-08-12T02:40:00,50.5101,0
MCH0002,LINE-A,2026-08-12T03:20:00,50.4473,0
MCH0002,LINE-A,2026-08-12T04:00:00,50.4605,0
MCH0002,LINE-A,2026-08-12T04:40:00,50.4354,0
MCH0002,LINE-A,2026-08-12T05:20:00,50.4035,0
MCH0002,LINE-A,2026-08-12T06:00:00,50.4413,0
MCH0002,LINE-A,2026-08-12T06:40:00,50.4533,0
MCH0002,LINE-A,2026-08-12T07:20:00,50.5485,0
MCH0002,LINE-A,2026-08-12T08:00:00,50.4801,0
MCH0002,LINE-A,2026-08-12T08:40:00,50.459,0
MCH0002,LINE-A,2026-08-12T09:20:00,50.4791,0
MCH0002,LINE-A,2026-08-12T10:00:00,50.4695,0
MCH0002,LINE-A,2026-08-12T10:40:00,50.4418,0
MCH0002,LINE-A,2026-08-12T11:20:00,50.4344,0
MCH0002,LINE-A,2026-08-12T12:00:00,50.4796,0
MCH0002,LINE-A,2026-08-12T12:40:00,50.4514,0
MCH0002,LINE-A,2026-08-12T13:20:00,50.4376,0
MCH0002,LINE-A,2026-08-12T14:00:00,50.4466,0
MCH0002,LINE-A,2026-08-12T14:40:00,50.4616,0
MCH0002,LINE-A,2026-08-12T15:20:00,50.4229,0
MCH0002,LINE-A,2026-08-12T16:00:00,50.5018,0
MCH0002,LINE-A,2026-08-12T16:40:00,50.4539,0
MCH0002,LINE-A,2026-08-12T17:20:00,50.399,0
MCH0002,LINE-A,2026-08-12T18:00:00,50.4687,0
MCH0002,LINE-A,2026-08-12T18:40:00,50.4973,0
MCH0002,LINE-A,2026-08-12T19:20:00,50.5177,0
MCH0002,LINE-A,2026-08-12T20:00:00,50.4928,0
MCH0002,LINE-A,2026-08-12T20:40:00,50.427,0
MCH0002,LINE-A,2026-08-12T21:20:00,50.4633,0
MCH0002,LINE-A,2026-08-12T22:00:00,50.5498,0
MCH0002,LINE-A,2026-08-12T22:40:00,50.4322,0
MCH0002,LINE-A,2026-08-12T23:20:00,50.5017,0
MCH0002,LINE-A,2026-08-13T00:00:00,50.5001,0
MCH0002,LINE-A,2026-08-13T00:40:00,50.5165,0
MCH0002,LINE-A,2026-08-13T01:20:00,50.3955,0
MCH0002,LINE-A,2026-08-13T02:00:00,50.4846,0
MCH0002,LINE-A,2026-08-13T02:40:00,50.5003,0
MCH0002,LINE-A,2026-08-13T03:20:00,50.4815,0
MCH0002,LINE-A,2026-08-13T04:00:00,50.5176,0
MCH0002,LINE-A,2026-08-13T04:40:00,50.4053,0
MCH0002,LINE-A,2026-08-13T05:20:00,50.4335,0
MCH0002,LINE-A,2026-08-13T06:00:00,50.4003,0
MCH0002,LINE-A,2026-08-13T06:40:00,50.5658,0
MCH0002,LINE-A,2026-08-13T07:20:00,50.5303,0
MCH0002,LINE-A,2026-08-13T08:00:00,50.4554,0
MCH0002,LINE-A,2026-08-13T08:40:00,50.4753,0
MCH0002,LINE-A,2026-08-13T09:20:00,50.4814,0
MCH0002,LINE-A,2026-08-13T10:00:00,50.4701,0
MCH0002,LINE-A,2026-08-13T10:40:00,50.5506,0
MCH0002,LINE-A,2026-08-13T11:20:00,50.5501,0
MCH0002,LINE-A,2026-08-13T12:00:00,50.473,0
MCH0002,LINE-A,2026-08-13T12:40:00,50.5071,0
MCH0002,LINE-A,2026-08-13T13:20:00,50.5452,0
MCH0002,LINE-A,2026-08-13T14:00:00,50.5456,0
MCH0002,LINE-A,2026-08-13T14:40:00,50.4595,0
MCH0002,LINE-A,2026-08-13T15:20:00,50.5445,0
MCH0002,LINE-A,2026-08-13T16:00:00,50.5945,0
MCH0002,LINE-A,2026-08-13T16:40:00,50.4805,0
MCH0002,LINE-A,2026-08-13T17:20:00,50.4707,0
MCH0002,LINE-A,2026-08-13T18:00:00,50.5425,0
MCH0002,LINE-A,2026-08-13T18:40:00,50.4826,0
MCH0002,LINE-A,2026-08-13T19:20:00,50.4951,0
MCH0002,LINE-A,2026-08-13T20:00:00,50.4937,0
MCH0002,LINE-A,2026-08-13T20:40:00,50.4454,0
MCH0002,LINE-A,2026-08-13T21:20:00,50.4665,0
MCH0002,LINE-A,2026-08-13T22:00:00,50.3846,0
MCH0002,LINE-A,2026-08-13T22:40:00,50.5357,0
MCH0002,LINE-A,2026-08-13T23:20:00,50.6389,0
MCH0002,LINE-A,2026-08-14T00:00:00,50.5057,0
MCH0002,LINE-A,2026-08-14T00:40:00,50.5531,0
MCH0002,LINE-A,2026-08-14T01:20:00,50.5728,0
MCH0002,LINE-A,2026-08-14T02:00:00,50.4833,0
MCH0002,LINE-A,2026-08-14T02:40:00,50.5002,0
MCH0002,LINE-A,2026-08-14T03:20:00,50.4432,0
MCH0002,LINE-A,2026-08-14T04:00:00,50.5732,0
MCH0002,LINE-A,2026-08-14T04:40:00,50.4028,0
MCH0002,LINE-A,2026-08-14T05:20:00,50.5249,0
MCH0002,LINE-A,2026-08-14T06:00:00,50.4539,0
MCH0002,LINE-A,2026-08-14T06:40:00,50.4703,0
MCH0002,LINE-A,2026-08-14T07:20:00,50.4581,0
MCH0002,LINE-A,2026-08-14T08:00:00,50.4712,0
MCH0002,LINE-A,2026-08-14T08:40:00,50.4665,0
MCH0002,LINE-A,2026-08-14T09:20:00,50.4684,0
MCH0002,LINE-A,2026-08-14T10:00:00,50.5855,0
MCH0002,LINE-A,2026-08-14T10:40:00,50.5124,0
MCH0002,LINE-A,2026-08-14T11:20:00,50.5226,0
MCH0002,LINE-A,2026-08-14T12:00:00,50.4932,0
MCH0002,LINE-A,2026-08-14T12:40:00,50.6065,0
MCH0002,LINE-A,2026-08-14T13:20:00,50.4866,0
MCH0002,LINE-A,2026-08-14T14:00:00,50.5792,0
MCH0002,LINE-A,2026-08-14T14:40:00,50.5572,0
MCH0002,LINE-A,2026-08-14T15:20:00,50.5357,0
MCH0002,LINE-A,2026-08-14T16:00:00,50.6172,0
MCH0002,LINE-A,2026-08-14T16:40:00,50.4488,0
MCH0002,LINE-A,2026-08-14T17:20:00,50.5092,0
MCH0002,LINE-A,2026-08-14T18:00:00,50.4905,0
MCH0002,LINE-A,2026-08-14T18:40:00,50.5236,0
MCH0002,LINE-A,2026-08-14T19:20:00,50.565,0
MCH0002,LINE-A,2026-08-14T20:00:00,50.4897,0
MCH0002,LINE-A,2026-08-14T20:40:00,50.5132,0
MCH0002,LINE-A,2026-08-14T21:20:00,50.6038,0
MCH0002,LINE-A,2026-08-14T22:00:00,50.5151,0
MCH0002,LINE-A,2026-08-14T22:40:00,50.5068,0
MCH0002,LINE-A,2026-08-14T23:20:00,50.5208,0
MCH0003,LINE-A,2026-07-01T00:00:00,49.8788,1
MCH0003,LINE-A,2026-07-01T00:40:00,49.9665,1
MCH0003,LINE-A,2026-07-01T01:20:00,49.9744,1
MCH0003,LINE-A,2026-07-01T02:00:00,49.9453,1
MCH0003,LINE-A,2026-07-01T02:40:00,50.0328,1
MCH0003,LINE-A,2026-07-01T03:20:00,50.0143,1
MCH0003,LINE-A,2026-07-01T04:00:00,50.0823,1
MCH0003,LINE-A,2026-07-01T04:40:00,49.9767,1
MCH0003,LINE-A,2026-07-01T05:20:00,49.9498,1
MCH0003,LINE-A,2026-07-01T06:00:00,49.9693,1
MCH0003,LINE-A,2026-07-01T06:40:00,50.0534,1
MCH0003,LINE-A,2026-07-01T07:20:00,49.9543,1
MCH0003,LINE-A,2026-07-01T08:00:00,49.9485,1
MCH0003,LINE-A,2026-07-01T08:40:00,50.0071,1
MCH0003,LINE-A,2026-07-01T09:20:00,50.0238,1
MCH0003,LINE-A,2026-07-01T10:00:00,50.0149,1
MCH0003,LINE-A,2026-07-01T10:40:00,49.9672,1
MCH0003,LINE-A,2026-07-01T11:20:00,49.9447,1
MCH0003,LINE-A,2026-07-01T12:00:00,50.0773,1
MCH0003,LINE-A,2026-07-01T12:40:00,50.0477,1
MCH0003,LINE-A,2026-07-01T13:20:00,50.0023,1
MCH0003,LINE-A,2026-07-01T14:00:00,50.0157,1
MCH0003,LINE-A,2026-07-01T14:40:00,50.025,1
MCH0003,LINE-A,2026-07-01T15:20:00,50.0412,1
MCH0003,LINE-A,2026-07-01T16:00:00,49.9974,1
MCH0003,LINE-A,2026-07-01T16:40:00,49.9699,1
MCH0003,LINE-A,2026-07-01T17:20:00,50.002,1
MCH0003,LINE-A,2026-07-01T18:00:00,50.1347,1
MCH0003,LINE-A,2026-07-01T18:40:00,50.0122,1
MCH0003,LINE-A,2026-07-01T19:20:00,49.9568,1
MCH0003,LINE-A,2026-07-01T20:00:00,49.9933,1
MCH0003,LINE-A,2026-07-01T20:40:00,50.0522,1
MCH0003,LINE-A,2026-07-01T21:20:00,50.0059,1
MCH0003,LINE-A,2026-07-01T22:00:00,50.0719,1
MCH0003,LINE-A,2026-07-01T22:40:00,50.0518,1
MCH0003,LINE-A,2026-07-01T23:20:00,50.0378,1
MCH0003,LINE-A,2026-07-02T00:00:00,50.0744,1
MCH0003,LINE-A,2026-07-02T00:40:00,50.0206,1
MCH0003,LINE-A,2026-07-02T01:20:00,50.0877,1
MCH0003,LINE-A,2026-07-02T02:00:00,50.015,1
MCH0003,LINE-A,2026-07-02T02:40:00,50.0151,1
MCH0003,LINE-A,2026-07-02T03:20:00,50.0163,1
MCH0003,LINE-A,2026-07-02T04:00:00,50.0319,1
MCH0003,LINE-A,2026-07-02T04:40:00,50.0722,1
MCH0003,LINE-A,2026-07-02T05:20:00,50.0562,1
MCH0003,LINE-A,2026-07-02T06:00:00,50.0462,1
MCH0003,LINE-A,2026-07-02T06:40:00,50.1106,1
MCH0003,LINE-A,2026-07-02T07:20:00,50.0132,1
MCH0003,LINE-A,2026-07-02T08:00:00,50.1905,1
MCH0003,LINE-A,2026-07-02T08:40:00,50.1216,1
MCH0003,LINE-A,2026-07-02T09:20:00,50.0033,1
MCH0003,LINE-A,2026-07-02T10:00:00,50.074,1
MCH0003,LINE-A,2026-07-02T10:40:00,50.0495,1
MCH0003,LINE-A,2026-07-02T11:20:00,50.0377,1
MCH0003,LINE-A,2026-07-02T12:00:00,50.0548,1
MCH0003,LINE-A,2026-07-02T12:40:00,50.1166,1
MCH0003,LINE-A,2026-07-02T13:20:00,50.006,1
MCH0003,LINE-A,2026-07-02T14:00:00,50.0731,1
MCH0003,LINE-A,2026-07-02T14:40:00,50.0554,1
MCH0003,LINE-A,2026-07-02T15:20:00,50.1114,1
MCH0003,LINE-A,2026-07-02T16:00:00,50.0701,1
MCH0003,LINE-A,2026-07-02T16:40:00,50.0598,1
MCH0003,LINE-A,2026-07-02T17:20:00,50.1049,1
MCH0003,LINE-A,2026-07-02T18:00:00,50.1514,1
MCH0003,LINE-A,2026-07-02T18:40:00,50.0447,1
MCH0003,LINE-A,2026-07-02T19:20:00,50.046,1
MCH0003,LINE-A,2026-07-02T20:00:00,50.0497,1
MCH0003,LINE-A,2026-07-02T20:40:00,50.0627,1
MCH0003,LINE-A,2026-07-02T21:20:00,50.1555,1
MCH0003,LINE-A,2026-07-02T22:00:00,49.9839,1
MCH0003,LINE-A,2026-07-02T22:40:00,50.1435,1
MCH0003,LINE-A,2026-07-02T23:20:00,50.0549,1
MCH0003,LINE-A,2026-07-03T00:00:00,50.0924,1
MCH0003,LINE-A,2026-07-03T00:40:00,50.0802,1
MCH0003,LINE-A,2026-07-03T01:20:00,50.0606,1
MCH0003,LINE-A,2026-07-03T02:00:00,50.0289,1
MCH0003,LINE-A,2026-07-03T02:40:00,50.0558,1
MCH0003,LINE-A,2026-07-03T03:20:00,50.0316,1
MCH0003,LINE-A,2026-07-03T04:00:00,50.0215,1
MCH0003,LINE-A,2026-07-03T04:40:00,50.0797,1
MCH0003,LINE-A,2026-07-03T05:20:00,50.0821,1
MCH0003,LINE-A,2026-07-03T06:00:00,50.016,1
MCH0003,LINE-A,2026-07-03T06:40:00,50.0345,1
MCH0003,LINE-A,2026-07-03T07:20:00,50.1118,1
MCH0003,LINE-A,2026-07-03T08:00:00,49.9978,1
MCH0003,LINE-A,2026-07-03T08:40:00,50.0555,1
MCH0003,LINE-A,2026-07-03T09:20:00,50.0217,1
MCH0003,LINE-A,2026-07-03T10:00:00,50.0811,1
MCH0003,LINE-A,2026-07-03T10:40:00,50.1296,1
MCH0003,LINE-A,2026-07-03T11:20:00,50.0449,1
MCH0003,LINE-A,2026-07-03T12:00:00,50.1154,1
MCH0003,LINE-A,2026-07-03T12:40:00,50.123,1
MCH0003,LINE-A,2026-07-03T13:20:00,50.0305,1
MCH0003,LINE-A,2026-07-03T14:00:00,50.1184,1
MCH0003,LINE-A,2026-07-03T14:40:00,50.2051,1
MCH0003,LINE-A,2026-07-03T15:20:00,50.061,1
MCH0003,LINE-A,2026-07-03T16:00:00,49.9847,1
MCH0003,LINE-A,2026-07-03T16:40:00,50.0407,1
MCH0003,LINE-A,2026-07-03T17:20:00,50.1411,1
MCH0003,LINE-A,2026-07-03T18:00:00,50.0695,1
MCH0003,LINE-A,2026-07-03T18:40:00,49.9973,1
MCH0003,LINE-A,2026-07-03T19:20:00,50.1156,1
MCH0003,LINE-A,2026-07-03T20:00:00,50.1369,1
MCH0003,LINE-A,2026-07-03T20:40:00,50.0939,1
MCH0003,LINE-A,2026-07-03T21:20:00,50.0948,1
MCH0003,LINE-A,2026-07-03T22:00:00,50.1463,1
MCH0003,LINE-A,2026-07-03T22:40:00,50.1167,1
MCH0003,LINE-A,2026-07-03T23:20:00,50.1247,1
MCH0003,LINE-A,2026-07-04T00:00:00,50.0142,1
MCH0003,LINE-A,2026-07-04T00:40:00,50.1644,1
MCH0003,LINE-A,2026-07-04T01:20:00,50.0011,1
MCH0003,LINE-A,2026-07-04T02:00:00,50.0963,1
MCH0003,LINE-A,2026-07-04T02:40:00,50.1492,1
MCH0003,LINE-A,2026-07-04T03:20:00,50.0571,1
MCH0003,LINE-A,2026-07-04T04:00:00,50.1458,1
MCH0003,LINE-A,2026-07-04T04:40:00,50.0674,1
MCH0003,LINE-A,2026-07-04T05:20:00,50.0528,1
MCH0003,LINE-A,2026-07-04T06:00:00,50.0587,1
MCH0003,LINE-A,2026-07-04T06:40:00,50.1307,1
MCH0003,LINE-A,2026-07-04T07:20:00,50.0551,1
MCH0003,LINE-A,2026-07-04T08:00:00,50.0308,1
MCH0003,LINE-A,2026-07-04T08:40:00,50.089,1
MCH0003,LINE-A,2026-07-04T09:20:00,50.1085,1
MCH0003,LINE-A,2026-07-04T10:00:00,50.1566,1
MCH0003,LINE-A,2026-07-04T10:40:00,50.1267,1
MCH0003,LINE-A,2026-07-04T11:20:00,50.1471,1
MCH0003,LINE-A,2026-07-04T12:00:00,50.0264,1
MCH0003,LINE-A,2026-07-04T12:40:00,50.1892,1
MCH0003,LINE-A,2026-07-04T13:20:00,50.0779,1
MCH0003,LINE-A,2026-07-04T14:00:00,50.18,1
MCH0003,LINE-A,2026-07-04T14:40:00,50.1514,1
MCH0003,LINE-A,2026-07-04T15:20:00,50.1609,1
MCH0003,LINE-A,2026-07-04T16:00:00,50.113,1
MCH0003,LINE-A,2026-07-04T16:40:00,50.1131,1
MCH0003,LINE-A,2026-07-04T17:20:00,50.0679,1
MCH0003,LINE-A,2026-07-04T18:00:00,50.1879,1
MCH0003,LINE-A,2026-07-04T18:40:00,50.133,1
MCH0003,LINE-A,2026-07-04T19:20:00,50.154,1
MCH0003,LINE-A,2026-07-04T20:00:00,50.1761,1
MCH0003,LINE-A,2026-07-04T20:40:00,50.1535,1
MCH0003,LINE-A,2026-07-04T21:20:00,50.0822,1
MCH0003,LINE-A,2026-07-04T22:00:00,50.1914,1
MCH0003,LINE-A,2026-07-04T22:40:00,50.1904,1
MCH0003,LINE-A,2026-07-04T23:20:00,50.1571,1
MCH0003,LINE-A,2026-07-05T00:00:00,50.1009,1
MCH0003,LINE-A,2026-07-05T00:40:00,50.1204,1
MCH0003,LINE-A,2026-07-05T01:20:00,50.1139,1
MCH0003,LINE-A,2026-07-05T02:00:00,50.2121,1
MCH0003,LINE-A,2026-07-05T02:40:00,50.0686,1
MCH0003,LINE-A,2026-07-05T03:20:00,50.1332,1
MCH0003,LINE-A,2026-07-05T04:00:00,50.1515,1
MCH0003,LINE-A,2026-07-05T04:40:00,50.1023,1
MCH0003,LINE-A,2026-07-05T05:20:00,50.1339,1
MCH0003,LINE-A,2026-07-05T06:00:00,50.1592,1
MCH0003,LINE-A,2026-07-05T06:40:00,50.1149,1
MCH0003,LINE-A,2026-07-05T07:20:00,50.167,1
MCH0003,LINE-A,2026-07-05T08:00:00,50.0578,1
MCH0003,LINE-A,2026-07-05T08:40:00,50.1632,1
MCH0003,LINE-A,2026-07-05T09:20:00,50.1383,1
MCH0003,LINE-A,2026-07-05T10:00:00,50.1673,1
MCH0003,LINE-A,2026-07-05T10:40:00,50.1362,1
MCH0003,LINE-A,2026-07-05T11:20:00,50.1455,1
MCH0003,LINE-A,2026-07-05T12:00:00,50.1417,1
MCH0003,LINE-A,2026-07-05T12:40:00,50.0764,1
MCH0003,LINE-A,2026-07-05T13:20:00,50.1885,1
MCH0003,LINE-A,2026-07-05T14:00:00,50.0741,1
MCH0003,LINE-A,2026-07-05T14:40:00,50.1536,1
MCH0003,LINE-A,2026-07-05T15:20:00,50.1322,1
MCH0003,LINE-A,2026-07-05T16:00:00,50.1715,1
MCH0003,LINE-A,2026-07-05T16:40:00,50.1826,1
MCH0003,LINE-A,2026-07-05T17:20:00,50.1411,1
MCH0003,LINE-A,2026-07-05T18:00:00,50.2454,1
MCH0003,LINE-A,2026-07-05T18:40:00,50.1795,1
MCH0003,LINE-A,2026-07-05T19:20:00,50.1902,1
MCH0003,LINE-A,2026-07-05T20:00:00,50.2924,1
MCH0003,LINE-A,2026-07-05T20:40:00,50.2724,1
MCH0003,LINE-A,2026-07-05T21:20:00,50.1666,1
MCH0003,LINE-A,2026-07-05T22:00:00,50.1802,1
MCH0003,LINE-A,2026-07-05T22:40:00,50.2471,1
MCH0003,LINE-A,2026-07-05T23:20:00,50.1707,1
MCH0003,LINE-A,2026-07-06T00:00:00,50.1268,1
MCH0003,LINE-A,2026-07-06T00:40:00,50.1269,1
MCH0003,LINE-A,2026-07-06T01:20:00,50.1389,1
MCH0003,LINE-A,2026-07-06T02:00:00,50.1739,1
MCH0003,LINE-A,2026-07-06T02:40:00,50.2001,1
MCH0003,LINE-A,2026-07-06T03:20:00,50.2136,1
MCH0003,LINE-A,2026-07-06T04:00:00,50.1546,1
MCH0003,LINE-A,2026-07-06T04:40:00,50.2404,1
MCH0003,LINE-A,2026-07-06T05:20:00,50.1223,1
MCH0003,LINE-A,2026-07-06T06:00:00,50.1773,1
MCH0003,LINE-A,2026-07-06T06:40:00,50.1367,1
MCH0003,LINE-A,2026-07-06T07:20:00,50.1686,1
MCH0003,LINE-A,2026-07-06T08:00:00,50.1638,1
MCH0003,LINE-A,2026-07-06T08:40:00,50.1478,1
MCH0003,LINE-A,2026-07-06T09:20:00,50.1597,1
MCH0003,LINE-A,2026-07-06T10:00:00,50.1391,1
MCH0003,LINE-A,2026-07-06T10:40:00,50.0896,1
MCH0003,LINE-A,2026-07-06T11:20:00,50.1776,1
MCH0003,LINE-A,2026-07-06T12:00:00,50.1279,1
MCH0003,LINE-A,2026-07-06T12:40:00,50.1671,1
MCH0003,LINE-A,2026-07-06T13:20:00,50.1063,1
MCH0003,LINE-A,2026-07-06T14:00:00,50.0746,1
MCH0003,LINE-A,2026-07-06T14:40:00,50.1557,1
MCH0003,LINE-A,2026-07-06T15:20:00,50.2012,1
MCH0003,LINE-A,2026-07-06T16:00:00,50.1683,1
MCH0003,LINE-A,2026-07-06T16:40:00,50.1697,1
MCH0003,LINE-A,2026-07-06T17:20:00,50.1968,1
MCH0003,LINE-A,2026-07-06T18:00:00,50.2093,1
MCH0003,LINE-A,2026-07-06T18:40:00,50.1792,1
MCH0003,LINE-A,2026-07-06T19:20:00,50.1961,1
MCH0003,LINE-A,2026-07-06T20:00:00,50.0681,1
MCH0003,LINE-A,2026-07-06T20:40:00,50.191,1
MCH0003,LINE-A,2026-07-06T21:20:00,50.2212,1
MCH0003,LINE-A,2026-07-06T22:00:00,50.1853,1
MCH0003,LINE-A,2026-07-06T22:40:00,50.2175,1
MCH0003,LINE-A,2026-07-06T23:20:00,50.2206,1
MCH0003,LINE-A,2026-07-07T00:00:00,50.2185,1
MCH0003,LINE-A,2026-07-07T00:40:00,50.2608,1
MCH0003,LINE-A,2026-07-07T01:20:00,50.0843,1
MCH0003,LINE-A,2026-07-07T02:00:00,50.2053,1
MCH0003,LINE-A,2026-07-07T02:40:00,50.1763,1
MCH0003,LINE-A,2026-07-07T03:20:00,50.1828,1
MCH0003,LINE-A,2026-07-07T04:00:00,50.188,1
MCH0003,LINE-A,2026-07-07T04:40:00,50.24,1
MCH0003,LINE-A,2026-07-07T05:20:00,50.1961,1
MCH0003,LINE-A,2026-07-07T06:00:00,50.2244,1
MCH0003,LINE-A,2026-07-07T06:40:00,50.1875,1
MCH0003,LINE-A,2026-07-07T07:20:00,50.26,1
MCH0003,LINE-A,2026-07-07T08:00:00,50.0952,1
MCH0003,LINE-A,2026-07-07T08:40:00,50.1874,1
MCH0003,LINE-A,2026-07-07T09:20:00,50.1921,1
MCH0003,LINE-A,2026-07-07T10:00:00,50.1433,1
MCH0003,LINE-A,2026-07-07T10:40:00,50.2414,1
MCH0003,LINE-A,2026-07-07T11:20:00,50.2597,1
MCH0003,LINE-A,2026-07-07T12:00:00,50.2556,1
MCH0003,LINE-A,2026-07-07T12:40:00,50.1707,1
MCH0003,LINE-A,2026-07-07T13:20:00,50.2249,1
MCH0003,LINE-A,2026-07-07T14:00:00,50.1231,1
MCH0003,LINE-A,2026-07-07T14:40:00,50.147,1
MCH0003,LINE-A,2026-07-07T15:20:00,50.2334,1
MCH0003,LINE-A,2026-07-07T16:00:00,50.1676,1
MCH0003,LINE-A,2026-07-07T16:40:00,50.1711,1
MCH0003,LINE-A,2026-07-07T17:20:00,50.105,1
MCH0003,LINE-A,2026-07-07T18:00:00,50.2605,1
MCH0003,LINE-A,2026-07-07T18:40:00,50.1953,1
MCH0003,LINE-A,2026-07-07T19:20:00,50.2211,1
MCH0003,LINE-A,2026-07-07T20:00:00,50.2234,1
MCH0003,LINE-A,2026-07-07T20:40:00,50.1984,1
MCH0003,LINE-A,2026-07-07T21:20:00,50.211,1
MCH0003,LINE-A,2026-07-07T22:00:00,50.1922,1
MCH0003,LINE-A,2026-07-07T22:40:00,50.2065,1
MCH0003,LINE-A,2026-07-07T23:20:00,50.2773,1
MCH0003,LINE-A,2026-07-08T00:00:00,50.1938,1
MCH0003,LINE-A,2026-07-08T00:40:00,50.2163,1
MCH0003,LINE-A,2026-07-08T01:20:00,50.2146,1
MCH0003,LINE-A,2026-07-08T02:00:00,50.1617,1
MCH0003,LINE-A,2026-07-08T02:40:00,50.2897,1
MCH0003,LINE-A,2026-07-08T03:20:00,50.313,0
MCH0003,LINE-A,2026-07-08T04:00:00,50.146,1
MCH0003,LINE-A,2026-07-08T04:40:00,50.1726,1
MCH0003,LINE-A,2026-07-08T05:20:00,50.2164,1
MCH0003,LINE-A,2026-07-08T06:00:00,50.2328,1
MCH0003,LINE-A,2026-07-08T06:40:00,50.2265,1
MCH0003,LINE-A,2026-07-08T07:20:00,50.1655,1
MCH0003,LINE-A,2026-07-08T08:00:00,50.2285,1
MCH0003,LINE-A,2026-07-08T08:40:00,50.308,0
MCH0003,LINE-A,2026-07-08T09:20:00,50.2572,1
MCH0003,LINE-A,2026-07-08T10:00:00,50.2605,1
MCH0003,LINE-A,2026-07-08T10:40:00,50.2265,1
MCH0003,LINE-A,2026-07-08T11:20:00,50.2331,1
MCH0003,LINE-A,2026-07-08T12:00:00,50.2792,1
MCH0003,LINE-A,2026-07-08T12:40:00,50.2922,1
MCH0003,LINE-A,2026-07-08T13:20:00,50.1312,1
MCH0003,LINE-A,2026-07-08T14:00:00,50.307,0
MCH0003,LINE-A,2026-07-08T14:40:00,50.2587,1
MCH0003,LINE-A,2026-07-08T15:20:00,50.2523,1
MCH0003,LINE-A,2026-07-08T16:00:00,50.373,0
MCH0003,LINE-A,2026-07-08T16:40:00,50.1764,1
MCH0003,LINE-A,2026-07-08T17:20:00,50.2987,1
MCH0003,LINE-A,2026-07-08T18:00:00,50.2758,1
MCH0003,LINE-A,2026-07-08T18:40:00,50.2008,1
MCH0003,LINE-A,2026-07-08T19:20:00,50.2292,1
MCH0003,LINE-A,2026-07-08T20:00:00,50.3049,0
MCH0003,LINE-A,2026-07-08T20:40:00,50.2231,1
MCH0003,LINE-A,2026-07-08T21:20:00,50.251,1
MCH0003,LINE-A,2026-07-08T22:00:00,50.2402,1
MCH0003,LINE-A,2026-07-08T22:40:00,50.1912,1
MCH0003,LINE-A,2026-07-08T23:20:00,50.2369,1
MCH0003,LINE-A,2026-07-09T00:00:00,50.2588,1
MCH0003,LINE-A,2026-07-09T00:40:00,50.2621,1
MCH0003,LINE-A,2026-07-09T01:20:00,50.1653,1
MCH0003,LINE-A,2026-07-09T02:00:00,50.2202,1
MCH0003,LINE-A,2026-07-09T02:40:00,50.2805,1
MCH0003,LINE-A,2026-07-09T03:20:00,50.2269,1
MCH0003,LINE-A,2026-07-09T04:00:00,50.3297,0
MCH0003,LINE-A,2026-07-09T04:40:00,50.1142,1
MCH0003,LINE-A,2026-07-09T05:20:00,50.2141,1
MCH0003,LINE-A,2026-07-09T06:00:00,50.2767,1
MCH0003,LINE-A,2026-07-09T06:40:00,50.1548,1
MCH0003,LINE-A,2026-07-09T07:20:00,50.3243,0
MCH0003,LINE-A,2026-07-09T08:00:00,50.3432,0
MCH0003,LINE-A,2026-07-09T08:40:00,50.2674,1
MCH0003,LINE-A,2026-07-09T09:20:00,50.233,1
MCH0003,LINE-A,2026-07-09T10:00:00,50.2463,1
MCH0003,LINE-A,2026-07-09T10:40:00,50.3155,0
MCH0003,LINE-A,2026-07-09T11:20:00,50.3276,0
MCH0003,LINE-A,2026-07-09T12:00:00,50.269,1
MCH0003,LINE-A,2026-07-09T12:40:00,50.326,0
MCH0003,LINE-A,2026-07-09T13:20:00,50.3155,0
MCH0003,LINE-A,2026-07-09T14:00:00,50.3136,0
MCH0003,LINE-A,2026-07-09T14:40:00,50.2468,1
MCH0003,LINE-A,2026-07-09T15:20:00,50.2715,1
MCH0003,LINE-A,2026-07-09T16:00:00,50.2195,1
MCH0003,LINE-A,2026-07-09T16:40:00,50.2996,1
MCH0003,LINE-A,2026-07-09T17:20:00,50.2091,1
MCH0003,LINE-A,2026-07-09T18:00:00,50.3277,0
MCH0003,LINE-A,2026-07-09T18:40:00,50.2554,1
MCH0003,LINE-A,2026-07-09T19:20:00,50.3525,0
MCH0003,LINE-A,2026-07-09T20:00:00,50.3064,0
MCH0003,LINE-A,2026-07-09T20:40:00,50.2911,1
MCH0003,LINE-A,2026-07-09T21:20:00,50.227,1
MCH0003,LINE-A,2026-07-09T22:00:00,50.2389,1
MCH0003,LINE-A,2026-07-09T22:40:00,50.3044,0
MCH0003,LINE-A,2026-07-09T23:20:00,50.2429,1
MCH0003,LINE-A,2026-07-10T00:00:00,50.2541,1
MCH0003,LINE-A,2026-07-10T00:40:00,50.2267,1
MCH0003,LINE-A,2026-07-10T01:20:00,50.2822,1
MCH0003,LINE-A,2026-07-10T02:00:00,50.2989,1
MCH0003,LINE-A,2026-07-10T02:40:00,50.4011,0
MCH0003,LINE-A,2026-07-10T03:20:00,50.2529,1
MCH0003,LINE-A,2026-07-10T04:00:00,50.2776,1
MCH0003,LINE-A,2026-07-10T04:40:00,50.2715,1
MCH0003,LINE-A,2026-07-10T05:20:00,50.2872,1
MCH0003,LINE-A,2026-07-10T06:00:00,50.3666,0
MCH0003,LINE-A,2026-07-10T06:40:00,50.3608,0
MCH0003,LINE-A,2026-07-10T07:20:00,50.3219,0
MCH0003,LINE-A,2026-07-10T08:00:00,50.3566,0
MCH0003,LINE-A,2026-07-10T08:40:00,50.3228,0
MCH0003,LINE-A,2026-07-10T09:20:00,50.3517,0
MCH0003,LINE-A,2026-07-10T10:00:00,50.3189,0
MCH0003,LINE-A,2026-07-10T10:40:00,50.3199,0
MCH0003,LINE-A,2026-07-10T11:20:00,50.2675,1
MCH0003,LINE-A,2026-07-10T12:00:00,50.3089,0
MCH0003,LINE-A,2026-07-10T12:40:00,50.3176,0
MCH0003,LINE-A,2026-07-10T13:20:00,50.3018,0
MCH0003,LINE-A,2026-07-10T14:00:00,50.2931,1
MCH0003,LINE-A,2026-07-10T14:40:00,50.3351,0
MCH0003,LINE-A,2026-07-10T15:20:00,50.2183,1
MCH0003,LINE-A,2026-07-10T16:00:00,50.2575,1
MCH0003,LINE-A,2026-07-10T16:40:00,50.2187,1
MCH0003,LINE-A,2026-07-10T17:20:00,50.3852,0
MCH0003,LINE-A,2026-07-10T18:00:00,50.2801,1
MCH0003,LINE-A,2026-07-10T18:40:00,50.2925,1
MCH0003,LINE-A,2026-07-10T19:20:00,50.3542,0
MCH0003,LINE-A,2026-07-10T20:00:00,50.2293,1
MCH0003,LINE-A,2026-07-10T20:40:00,50.3681,0
MCH0003,LINE-A,2026-07-10T21:20:00,50.2867,1
MCH0003,LINE-A,2026-07-10T22:00:00,50.3073,0
MCH0003,LINE-A,2026-07-10T22:40:00,50.2806,1
MCH0003,LINE-A,2026-07-10T23:20:00,50.2733,1
MCH0003,LINE-A,2026-07-11T00:00:00,50.2664,1
MCH0003,LINE-A,2026-07-11T00:40:00,50.2767,1
MCH0003,LINE-A,2026-07-11T01:20:00,50.195,1
MCH0003,LINE-A,2026-07-11T02:00:00,50.2828,1
MCH0003,LINE-A,2026-07-11T02:40:00,50.3069,0
MCH0003,LINE-A,2026-07-11T03:20:00,50.2877,1
MCH0003,LINE-A,2026-07-11T04:00:00,50.3168,0
MCH0003,LINE-A,2026-07-11T04:40:00,50.3171,0
MCH0003,LINE-A,2026-07-11T05:20:00,50.2684,1
MCH0003,LINE-A,2026-07-11T06:00:00,50.2862,1
MCH0003,LINE-A,2026-07-11T06:40:00,50.3067,0
MCH0003,LINE-A,2026-07-11T07:20:00,50.2957,1
MCH0003,LINE-A,2026-07-11T08:00:00,50.3028,0
MCH0003,LINE-A,2026-07-11T08:40:00,50.365,0
MCH0003,LINE-A,2026-07-11T09:20:00,50.2963,1
MCH0003,LINE-A,2026-07-11T10:00:00,50.3053,0
MCH0003,LINE-A,2026-07-11T10:40:00,50.3472,0
MCH0003,LINE-A,2026-07-11T11:20:00,50.2612,1
MCH0003,LINE-A,2026-07-11T12:00:00,50.2335,1
MCH0003,LINE-A,2026-07-11T12:40:00,50.2597,1
MCH0003,LINE-A,2026-07-11T13:20:00,50.3622,0
MCH0003,LINE-A,2026-07-11T14:00:00,50.3397,0
MCH0003,LINE-A,2026-07-11T14:40:00,50.3551,0
MCH0003,LINE-A,2026-07-11T15:20:00,50.3726,0
MCH0003,LINE-A,2026-07-11T16:00:00,50.2778,1
MCH0003,LINE-A,2026-07-11T16:40:00,50.3116,0
MCH0003,LINE-A,2026-07-11T17:20:00,50.337,0
MCH0003,LINE-A,2026-07-11T18:00:00,50.4001,0
MCH0003,LINE-A,2026-07-11T18:40:00,50.3312,0
MCH0003,LINE-A,2026-07-11T19:20:00,50.3513,0
MCH0003,LINE-A,2026-07-11T20:00:00,50.36,0
MCH0003,LINE-A,2026-07-11T20:40:00,50.3283,0
MCH0003,LINE-A,2026-07-11T21:20:00,50.4062,0
MCH0003,LINE-A,2026-07-11T22:00:00,50.3958,0
MCH0003,LINE-A,2026-07-11T22:40:00,50.3186,0
MCH0003,LINE-A,2026-07-11T23:20:00,50.3166,0
MCH0003,LINE-A,2026-07-12T00:00:00,50.3554,0
MCH0003,LINE-A,2026-07-12T00:40:00,50.3202,0
MCH0003,LINE-A,2026-07-12T01:20:00,50.3074,0
MCH0003,LINE-A,2026-07-12T02:00:00,50.4164,0
MCH0003,LINE-A,2026-07-12T02:40:00,50.2824,1
MCH0003,LINE-A,2026-07-12T03:20:00,50.2864,1
MCH0003,LINE-A,2026-07-12T04:00:00,50.33,0
MCH0003,LINE-A,2026-07-12T04:40:00,50.3202,0
MCH0003,LINE-A,2026-07-12T05:20:00,50.3788,0
MCH0003,LINE-A,2026-07-12T06:00:00,50.2307,1
MCH0003,LINE-A,2026-07-12T06:40:00,50.3885,0
MCH0003,LINE-A,2026-07-12T07:20:00,50.3431,0
MCH0003,LINE-A,2026-07-12T08:00:00,50.3615,0
MCH0003,LINE-A,2026-07-12T08:40:00,50.2646,1
MCH0003,LINE-A,2026-07-12T09:20:00,50.3308,0
MCH0003,LINE-A,2026-07-12T10:00:00,50.3511,0
MCH0003,LINE-A,2026-07-12T10:40:00,50.3899,0
MCH0003,LINE-A,2026-07-12T11:20:00,50.3817,0
MCH0003,LINE-A,2026-07-12T12:00:00,50.4623,0
MCH0003,LINE-A,2026-07-12T12:40:00,50.2871,1
MCH0003,LINE-A,2026-07-12T13:20:00,50.308,0
MCH0003,LINE-A,2026-07-12T14:00:00,50.4051,0
MCH0003,LINE-A,2026-07-12T14:40:00,50.3807,0
MCH0003,LINE-A,2026-07-12T15:20:00,50.3895,0
MCH0003,LINE-A,2026-07-12T16:00:00,50.4236,0
MCH0003,LINE-A,2026-07-12T16:40:00,50.385,0
MCH0003,LINE-A,2026-07-12T17:20:00,50.351,0
MCH0003,LINE-A,2026-07-12T18:00:00,50.4076,0
MCH0003,LINE-A,2026-07-12T18:40:00,50.3827,0
MCH0003,LINE-A,2026-07-12T19:20:00,50.4399,0
MCH0003,LINE-A,2026-07-12T20:00:00,50.4468,0
MCH0003,LINE-A,2026-07-12T20:40:00,50.371,0
MCH0003,LINE-A,2026-07-12T21:20:00,50.4804,0
MCH0003,LINE-A,2026-07-12T22:00:00,50.3291,0
MCH0003,LINE-A,2026-07-12T22:40:00,50.3838,0
MCH0003,LINE-A,2026-07-12T23:20:00,50.4154,0
MCH0003,LINE-A,2026-07-13T00:00:00,50.4398,0
MCH0003,LINE-A,2026-07-13T00:40:00,50.3953,0
MCH0003,LINE-A,2026-07-13T01:20:00,50.4579,0
MCH0003,LINE-A,2026-07-13T02:00:00,50.2767,1
MCH0003,LINE-A,2026-07-13T02:40:00,50.3867,0
MCH0003,LINE-A,2026-07-13T03:20:00,50.4607,0
MCH0003,LINE-A,2026-07-13T04:00:00,50.3201,0
MCH0003,LINE-A,2026-07-13T04:40:00,50.3518,0
MCH0003,LINE-A,2026-07-13T05:20:00,50.3506,0
MCH0003,LINE-A,2026-07-13T06:00:00,50.4511,0
MCH0003,LINE-A,2026-07-13T06:40:00,50.3817,0
MCH0003,LINE-A,2026-07-13T07:20:00,50.2934,1
MCH0003,LINE-A,2026-07-13T08:00:00,50.4031,0
MCH0003,LINE-A,2026-07-13T08:40:00,50.3525,0
MCH0003,LINE-A,2026-07-13T09:20:00,50.2903,1
MCH0003,LINE-A,2026-07-13T10:00:00,50.396,0
MCH0003,LINE-A,2026-07-13T10:40:00,50.3188,0
MCH0003,LINE-A,2026-07-13T11:20:00,50.3759,0
MCH0003,LINE-A,2026-07-13T12:00:00,50.4357,0
MCH0003,LINE-A,2026-07-13T12:40:00,50.3796,0
MCH0003,LINE-A,2026-07-13T13:20:00,50.4854,0
MCH0003,LINE-A,2026-07-13T14:00:00,50.3331,0
MCH0003,LINE-A,2026-07-13T14:40:00,50.3479,0
MCH0003,LINE-A,2026-07-13T15:20:00,50.4456,0
MCH0003,LINE-A,2026-07-13T16:00:00,50.4737,0
MCH0003,LINE-A,2026-07-13T16:40:00,50.4301,0
MCH0003,LINE-A,2026-07-13T17:20:00,50.3568,0
MCH0003,LINE-A,2026-07-13T18:00:00,50.3631,0
MCH0003,LINE-A,2026-07-13T18:40:00,50.3909,0
MCH0003,LINE-A,2026-07-13T19:20:00,50.3858,0
MCH0003,LINE-A,2026-07-13T20:00:00,50.4586,0
MCH0003,LINE-A,2026-07-13T20:40:00,50.4368,0
MCH0003,LINE-A,2026-07-13T21:20:00,50.3276,0
MCH0003,LINE-A,2026-07-13T22:00:00,50.4331,0
MCH0003,LINE-A,2026-07-13T22:40:00,50.3852,0
MCH0003,LINE-A,2026-07-13T23:20:00,50.3319,0
MCH0003,LINE-A,2026-07-14T00:00:00,50.5274,0
MCH0003,LINE-A,2026-07-14T00:40:00,50.406,0
MCH0003,LINE-A,2026-07-14T01:20:00,50.4228,0
MCH0003,LINE-A,2026-07-14T02:00:00,50.4327,0
MCH0003,LINE-A,2026-07-14T02:40:00,50.4019,0
MCH0003,LINE-A,2026-07-14T03:20:00,50.3947,0
MCH0003,LINE-A,2026-07-14T04:00:00,50.4482,0
MCH0003,LINE-A,2026-07-14T04:40:00,50.3515,0
MCH0003,LINE-A,2026-07-14T05:20:00,50.405,0
MCH0003,LINE-A,2026-07-14T06:00:00,50.2806,1
MCH0003,LINE-A,2026-07-14T06:40:00,50.4139,0
MCH0003,LINE-A,2026-07-14T07:20:00,50.3455,0
MCH0003,LINE-A,2026-07-14T08:00:00,50.4797,0
MCH0003,LINE-A,2026-07-14T08:40:00,50.4426,0
MCH0003,LINE-A,2026-07-14T09:20:00,50.3792,0
MCH0003,LINE-A,2026-07-14T10:00:00,50.4562,0
MCH0003,LINE-A,2026-07-14T10:40:00,50.4464,0
MCH0003,LINE-A,2026-07-14T11:20:00,50.375,0
MCH0003,LINE-A,2026-07-14T12:00:00,50.4023,0
MCH0003,LINE-A,2026-07-14T12:40:00,50.4149,0
MCH0003,LINE-A,2026-07-14T13:20:00,50.3734,0
MCH0003,LINE-A,2026-07-14T14:00:00,50.4047,0
MCH0003,LINE-A,2026-07-14T14:40:00,50.3116,0
MCH0003,LINE-A,2026-07-14T15:20:00,50.5145,0
MCH0003,LINE-A,2026-07-14T16:00:00,50.343,0
MCH0003,LINE-A,2026-07-14T16:40:00,50.4056,0
MCH0003,LINE-A,2026-07-14T17:20:00,50.3993,0
MCH0003,LINE-A,2026-07-14T18:00:00,50.3544,0
MCH0003,LINE-A,2026-07-14T18:40:00,50.4605,0
MCH0003,LINE-A,2026-07-14T19:20:00,50.4067,0
MCH0003,LINE-A,2026-07-14T20:00:00,50.4502,0
MCH0003,LINE-A,2026-07-14T20:40:00,50.4999,0
MCH0003,LINE-A,2026-07-14T21:20:00,50.3339,0
MCH0003,LINE-A,2026-07-14T22:00:00,50.4687,0
MCH0003,LINE-A,2026-07-14T22:40:00,50.4667,0
MCH0003,LINE-A,2026-07-14T23:20:00,50.479,0
MCH0003,LINE-A,2026-07-15T00:00:00,50.4406,0
MCH0003,LINE-A,2026-07-15T00:40:00,50.4954,0
MCH0003,LINE-A,2026-07-15T01:20:00,50.3622,0
MCH0003,LINE-A,2026-07-15T02:00:00,50.4934,0
MCH0003,LINE-A,2026-07-15T02:40:00,50.5158,0
MCH0003,LINE-A,2026-07-15T03:20:00,50.5118,0
MCH0003,LINE-A,2026-07-15T04:00:00,50.5328,0
MCH0003,LINE-A,2026-07-15T04:40:00,50.4478,0
MCH0003,LINE-A,2026-07-15T05:20:00,50.382,0
MCH0003,LINE-A,2026-07-15T06:00:00,50.4201,0
MCH0003,LINE-A,2026-07-15T06:40:00,50.4591,0
MCH0003,LINE-A,2026-07-15T07:20:00,50.4449,0
MCH0003,LINE-A,2026-07-15T08:00:00,50.393,0
MCH0003,LINE-A,2026-07-15T08:40:00,50.4534,0
MCH0003,LINE-A,2026-07-15T09:20:00,50.4483,0
MCH0003,LINE-A,2026-07-15T10:00:00,50.4487,0
MCH0003,LINE-A,2026-07-15T10:40:00,50.4688,0
MCH0003,LINE-A,2026-07-15T11:20:00,50.4562,0
MCH0003,LINE-A,2026-07-15T12:00:00,50.502,0
MCH0003,LINE-A,2026-07-15T12:40:00,50.5583,0
MCH0003,LINE-A,2026-07-15T13:20:00,50.4302,0
MCH0003,LINE-A,2026-07-15T14:00:00,50.4167,0
MCH0003,LINE-A,2026-07-15T14:40:00,50.4587,0
MCH0003,LINE-A,2026-07-15T15:20:00,50.4859,0
MCH0003,LINE-A,2026-07-15T16:00:00,50.4476,0
MCH0003,LINE-A,2026-07-15T16:40:00,50.4472,0
MCH0003,LINE-A,2026-07-15T17:20:00,50.454,0
MCH0003,LINE-A,2026-07-15T18:00:00,50.5707,0
MCH0003,LINE-A,2026-07-15T18:40:00,50.4825,0
MCH0003,LINE-A,2026-07-15T19:20:00,50.5197,0
MCH0003,LINE-A,2026-07-15T20:00:00,50.5338,0
MCH0003,LINE-A,2026-07-15T20:40:00,50.4077,0
MCH0003,LINE-A,2026-07-15T21:20:00,50.5667,0
MCH0003,LINE-A,2026-07-15T22:00:00,50.4834,0
MCH0003,LINE-A,2026-07-15T22:40:00,50.477,0
MCH0003,LINE-A,2026-07-15T23:20:00,50.5604,0
MCH0003,LINE-A,2026-07-16T00:00:00,50.4634,0
MCH0003,LINE-A,2026-07-16T00:40:00,50.4616,0
MCH0003,LINE-A,2026-07-16T01:20:00,50.5756,0
MCH0003,LINE-A,2026-07-16T02:00:00,50.4186,0
MCH0003,LINE-A,2026-07-16T02:40:00,50.5299,0
MCH0003,LINE-A,2026-07-16T03:20:00,50.4896,0
MCH0003,LINE-A,2026-07-16T04:00:00,50.517,0
MCH0003,LINE-A,2026-07-16T04:40:00,50.4936,0
MCH0003,LINE-A,2026-07-16T05:20:00,50.5116,0
MCH0003,LINE-A,2026-07-16T06:00:00,50.4812,0
MCH0003,LINE-A,2026-07-16T06:40:00,50.4895,0
MCH0003,LINE-A,2026-07-16T07:20:00,50.4044,0
MCH0003,LINE-A,2026-07-16T08:00:00,50.4891,0
MCH0003,LINE-A,2026-07-16T08:40:00,50.4234,0
MCH0003,LINE-A,2026-07-16T09:20:00,50.3574,0
MCH0003,LINE-A,2026-07-16T10:00:00,50.5333,0
MCH0003,LINE-A,2026-07-16T10:40:00,50.4654,0
MCH0003,LINE-A,2026-07-16T11:20:00,50.3912,0
MCH0003,LINE-A,2026-07-16T12:00:00,50.4585,0
MCH0003,LINE-A,2026-07-16T12:40:00,50.4409,0
MCH0003,LINE-A,2026-07-16T13:20:00,50.584,0
MCH0003,LINE-A,2026-07-16T14:00:00,50.4681,0
MCH0003,LINE-A,2026-07-16T14:40:00,50.4738,0
MCH0003,LINE-A,2026-07-16T15:20:00,50.469,0
MCH0003,LINE-A,2026-07-16T16:00:00,50.5282,0
MCH0003,LINE-A,2026-07-16T16:40:00,50.4769,0
MCH0003,LINE-A,2026-07-16T17:20:00,50.5131,0
MCH0003,LINE-A,2026-07-16T18:00:00,50.5458,0
MCH0003,LINE-A,2026-07-16T18:40:00,50.5909,0
MCH0003,LINE-A,2026-07-16T19:20:00,50.4447,0
MCH0003,LINE-A,2026-07-16T20:00:00,50.4923,0
MCH0003,LINE-A,2026-07-16T20:40:00,50.5452,0
MCH0003,LINE-A,2026-07-16T21:20:00,50.5013,0
MCH0003,LINE-A,2026-07-16T22:00:00,50.5214,0
MCH0003,LINE-A,2026-07-16T22:40:00,50.4296,0
MCH0003,LINE-A,2026-07-16T23:20:00,50.4935,0
MCH0003,LINE-A,2026-07-17T00:00:00,50.5036,0
MCH0003,LINE-A,2026-07-17T00:40:00,50.4874,0
MCH0003,LINE-A,2026-07-17T01:20:00,50.5753,0
MCH0003,LINE-A,2026-07-17T02:00:00,50.4899,0
MCH0003,LINE-A,2026-07-17T02:40:00,50.4846,0
MCH0003,LINE-A,2026-07-17T03:20:00,50.5556,0
MCH0003,LINE-A,2026-07-17T04:00:00,50.4653,0
MCH0003,LINE-A,2026-07-17T04:40:00,50.4776,0
MCH0003,LINE-A,2026-07-17T05:20:00,50.563,0
MCH0003,LINE-A,2026-07-17T06:00:00,50.5849,0
MCH0003,LINE-A,2026-07-17T06:40:00,50.5213,0
MCH0003,LINE-A,2026-07-17T07:20:00,50.5175,0
MCH0003,LINE-A,2026-07-17T08:00:00,50.4647,0
MCH0003,LINE-A,2026-07-17T08:40:00,50.4677,0
MCH0003,LINE-A,2026-07-17T09:20:00,50.4834,0
MCH0003,LINE-A,2026-07-17T10:00:00,50.4504,0
MCH0003,LINE-A,2026-07-17T10:40:00,50.5528,0
MCH0003,LINE-A,2026-07-17T11:20:00,50.5129,0
MCH0003,LINE-A,2026-07-17T12:00:00,50.446,0
MCH0003,LINE-A,2026-07-17T12:40:00,50.5287,0
MCH0003,LINE-A,2026-07-17T13:20:00,50.474,0
MCH0003,LINE-A,2026-07-17T14:00:00,50.478,0
MCH0003,LINE-A,2026-07-17T14:40:00,50.4771,0
MCH0003,LINE-A,2026-07-17T15:20:00,50.5013,0
MCH0003,LINE-A,2026-07-17T16:00:00,50.5596,0
MCH0003,LINE-A,2026-07-17T16:40:00,50.5668,0
MCH0003,LINE-A,2026-07-17T17:20:00,50.5517,0
MCH0003,LINE-A,2026-07-17T18:00:00,50.4728,0
MCH0003,LINE-A,2026-07-17T18:40:00,50.4859,0
MCH0003,LINE-A,2026-07-17T19:20:00,50.5406,0
MCH0003,LINE-A,2026-07-17T20:00:00,50.5065,0
MCH0003,LINE-A,2026-07-17T20:40:00,50.4999,0
MCH0003,LINE-A,2026-07-17T21:20:00,50.5182,0
MCH0003,LINE-A,2026-07-17T22:00:00,50.5647,0
MCH0003,LINE-A,2026-07-17T22:40:00,50.5204,0
MCH0003,LINE-A,2026-07-17T23:20:00,50.5845,0
MCH0003,LINE-A,2026-07-18T00:00:00,50.5527,0
MCH0003,LINE-A,2026-07-18T00:40:00,50.4297,0
MCH0003,LINE-A,2026-07-18T01:20:00,50.5464,0
MCH0003,LINE-A,2026-07-18T02:00:00,50.5678,0
MCH0003,LINE-A,2026-07-18T02:40:00,50.4974,0
MCH0003,LINE-A,2026-07-18T03:20:00,50.4901,0
MCH0003,LINE-A,2026-07-18T04:00:00,50.5223,0
MCH0003,LINE-A,2026-07-18T04:40:00,50.4897,0
MCH0003,LINE-A,2026-07-18T05:20:00,50.5422,0
MCH0003,LINE-A,2026-07-18T06:00:00,50.6114,0
MCH0003,LINE-A,2026-07-18T06:40:00,50.5499,0
MCH0003,LINE-A,2026-07-18T07:20:00,50.6176,0
MCH0003,LINE-A,2026-07-18T08:00:00,50.523,0
MCH0003,LINE-A,2026-07-18T08:40:00,50.5582,0
MCH0003,LINE-A,2026-07-18T09:20:00,50.502,0
MCH0003,LINE-A,2026-07-18T10:00:00,50.5483,0
MCH0003,LINE-A,2026-07-18T10:40:00,50.4441,0
MCH0003,LINE-A,2026-07-18T11:20:00,50.6001,0
MCH0003,LINE-A,2026-07-18T12:00:00,50.5208,0
MCH0003,LINE-A,2026-07-18T12:40:00,50.5603,0
MCH0003,LINE-A,2026-07-18T13:20:00,50.4893,0
MCH0003,LINE-A,2026-07-18T14:00:00,50.4944,0
MCH0003,LINE-A,2026-07-18T14:40:00,50.5554,0
MCH0003,LINE-A,2026-07-18T15:20:00,50.4989,0
MCH0003,LINE-A,2026-07-18T16:00:00,50.4981,0
MCH0003,LINE-A,2026-07-18T16:40:00,50.6052,0
MCH0003,LINE-A,2026-07-18T17:20:00,50.4649,0
MCH0003,LINE-A,2026-07-18T18:00:00,50.5163,0
MCH0003,LINE-A,2026-07-18T18:40:00,50.4872,0
MCH0003,LINE-A,2026-07-18T19:20:00,50.5776,0
MCH0003,LINE-A,2026-07-18T20:00:00,50.5779,0
MCH0003,LINE-A,2026-07-18T20:40:00,50.4941,0
MCH0003,LINE-A,2026-07-18T21:20:00,50.5922,0
MCH0003,LINE-A,2026-07-18T22:00:00,50.6074,0
MCH0003,LINE-A,2026-07-18T22:40:00,50.5748,0
MCH0003,LINE-A,2026-07-18T23:20:00,50.5233,0
MCH0003,LINE-A,2026-07-19T00:00:00,50.6296,0
MCH0003,LINE-A,2026-07-19T00:40:00,50.5499,0
MCH0003,LINE-A,2026-07-19T01:20:00,50.5901,0
MCH0003,LINE-A,2026-07-19T02:00:00,50.5604,0
MCH0003,LINE-A,2026-07-19T02:40:00,50.4771,0
MCH0003,LINE-A,2026-07-19T03:20:00,50.5685,0
MCH0003,LINE-A,2026-07-19T04:00:00,50.3973,0
MCH0003,LINE-A,2026-07-19T04:40:00,50.6492,0
MCH0003,LINE-A,2026-07-19T05:20:00,50.5423,0
MCH0003,LINE-A,2026-07-19T06:00:00,50.5192,0
MCH0003,LINE-A,2026-07-19T06:40:00,50.5587,0
MCH0003,LINE-A,2026-07-19T07:20:00,50.5162,0
MCH0003,LINE-A,2026-07-19T08:00:00,50.6167,0
MCH0003,LINE-A,2026-07-19T08:40:00,50.5803,0
MCH0003,LINE-A,2026-07-19T09:20:00,50.5906,0
MCH0003,LINE-A,2026-07-19T10:00:00,50.5134,0
MCH0003,LINE-A,2026-07-19T10:40:00,50.6169,0
MCH0003,LINE-A,2026-07-19T11:20:00,50.5958,0
MCH0003,LINE-A,2026-07-19T12:00:00,50.5392,0
MCH0003,LINE-A,2026-07-19T12:40:00,50.6215,0
MCH0003,LINE-A,2026-07-19T13:20:00,50.5458,0
MCH0003,LINE-A,2026-07-19T14:00:00,50.6742,0
MCH0003,LINE-A,2026-07-19T14:40:00,50.576,0
MCH0003,LINE-A,2026-07-19T15:20:00,50.6104,0
MCH0003,LINE-A,2026-07-19T16:00:00,50.6074,0
MCH0003,LINE-A,2026-07-19T16:40:00,50.5848,0
MCH0003,LINE-A,2026-07-19T17:20:00,50.5189,0
MCH0003,LINE-A,2026-07-19T18:00:00,50.5761,0
MCH0003,LINE-A,2026-07-19T18:40:00,50.6033,0
MCH0003,LINE-A,2026-07-19T19:20:00,50.6349,0
MCH0003,LINE-A,2026-07-19T20:00:00,50.5699,0
MCH0003,LINE-A,2026-07-19T20:40:00,50.61,0
MCH0003,LINE-A,2026-07-19T21:20:00,50.7388,0
MCH0003,LINE-A,2026-07-19T22:00:00,50.6226,0
MCH0003,LINE-A,2026-07-19T22:40:00,50.6478,0
MCH0003,LINE-A,2026-07-19T23:20:00,50.5989,0
MCH0003,LINE-A,2026-07-20T00:00:00,50.6268,0
MCH0003,LINE-A,2026-07-20T00:40:00,50.5907,0
MCH0003,LINE-A,2026-07-20T01:20:00,50.5608,0
MCH0003,LINE-A,2026-07-20T02:00:00,50.634,0
MCH0003,LINE-A,2026-07-20T02:40:00,50.6122,0
MCH0003,LINE-A,2026-07-20T03:20:00,50.6347,0
MCH0003,LINE-A,2026-07-20T04:00:00,50.5931,0
MCH0003,LINE-A,2026-07-20T04:40:00,50.652,0
MCH0003,LINE-A,2026-07-20T05:20:00,50.5403,0
MCH0003,LINE-A,2026-07-20T06:00:00,50.6187,0
MCH0003,LINE-A,2026-07-20T06:40:00,50.5582,0
MCH0003,LINE-A,2026-07-20T07:20:00,50.5633,0
MCH0003,LINE-A,2026-07-20T08:00:00,50.6171,0
MCH0003,LINE-A,2026-07-20T08:40:00,50.048,1
MCH0003,LINE-A,2026-07-20T09:20:00,50.0767,1
MCH0003,LINE-A,2026-07-20T10:00:00,50.1214,1
MCH0003,LINE-A,2026-07-20T10:40:00,50.0324,1
MCH0003,LINE-A,2026-07-20T11:20:00,50.0366,1
MCH0003,LINE-A,2026-07-20T12:00:00,50.0091,1
MCH0003,LINE-A,2026-07-20T12:40:00,50.0771,1
MCH0003,LINE-A,2026-07-20T13:20:00,50.0178,1
MCH0003,LINE-A,2026-07-20T14:00:00,49.9837,1
MCH0003,LINE-A,2026-07-20T14:40:00,49.9725,1
MCH0003,LINE-A,2026-07-20T15:20:00,49.954,1
MCH0003,LINE-A,2026-07-20T16:00:00,50.0275,1
MCH0003,LINE-A,2026-07-20T16:40:00,49.966,1
MCH0003,LINE-A,2026-07-20T17:20:00,50.036,1
MCH0003,LINE-A,2026-07-20T18:00:00,49.9587,1
MCH0003,LINE-A,2026-07-20T18:40:00,50.0399,1
MCH0003,LINE-A,2026-07-20T19:20:00,50.0405,1
MCH0003,LINE-A,2026-07-20T20:00:00,50.0538,1
MCH0003,LINE-A,2026-07-20T20:40:00,50.0126,1
MCH0003,LINE-A,2026-07-20T21:20:00,50.1228,1
MCH0003,LINE-A,2026-07-20T22:00:00,49.9684,1
MCH0003,LINE-A,2026-07-20T22:40:00,50.1345,1
MCH0003,LINE-A,2026-07-20T23:20:00,49.9532,1
MCH0003,LINE-A,2026-07-21T00:00:00,50.0784,1
MCH0003,LINE-A,2026-07-21T00:40:00,50.0477,1
MCH0003,LINE-A,2026-07-21T01:20:00,50.0004,1
MCH0003,LINE-A,2026-07-21T02:00:00,50.0928,1
MCH0003,LINE-A,2026-07-21T02:40:00,50.0293,1
MCH0003,LINE-A,2026-07-21T03:20:00,50.0632,1
MCH0003,LINE-A,2026-07-21T04:00:00,50.0385,1
MCH0003,LINE-A,2026-07-21T04:40:00,50.0964,1
MCH0003,LINE-A,2026-07-21T05:20:00,50.1009,1
MCH0003,LINE-A,2026-07-21T06:00:00,50.1149,1
MCH0003,LINE-A,2026-07-21T06:40:00,50.0423,1
MCH0003,LINE-A,2026-07-21T07:20:00,50.0778,1
MCH0003,LINE-A,2026-07-21T08:00:00,50.1846,1
MCH0003,LINE-A,2026-07-21T08:40:00,50.0398,1
MCH0003,LINE-A,2026-07-21T09:20:00,50.106,1
MCH0003,LINE-A,2026-07-21T10:00:00,50.0447,1
MCH0003,LINE-A,2026-07-21T10:40:00,50.1364,1
MCH0003,LINE-A,2026-07-21T11:20:00,50.1066,1
MCH0003,LINE-A,2026-07-21T12:00:00,50.1105,1
MCH0003,LINE-A,2026-07-21T12:40:00,50.0667,1
MCH0003,LINE-A,2026-07-21T13:20:00,50.0926,1
MCH0003,LINE-A,2026-07-21T14:00:00,50.0087,1
MCH0003,LINE-A,2026-07-21T14:40:00,50.1661,1
MCH0003,LINE-A,2026-07-21T15:20:00,50.1626,1
MCH0003,LINE-A,2026-07-21T16:00:00,50.1525,1
MCH0003,LINE-A,2026-07-21T16:40:00,50.0471,1
MCH0003,LINE-A,2026-07-21T17:20:00,50.0846,1
MCH0003,LINE-A,2026-07-21T18:00:00,50.1683,1
MCH0003,LINE-A,2026-07-21T18:40:00,50.051,1
MCH0003,LINE-A,2026-07-21T19:20:00,50.1709,1
MCH0003,LINE-A,2026-07-21T20:00:00,50.206,1
MCH0003,LINE-A,2026-07-21T20:40:00,50.0809,1
MCH0003,LINE-A,2026-07-21T21:20:00,50.1202,1
MCH0003,LINE-A,2026-07-21T22:00:00,50.1008,1
MCH0003,LINE-A,2026-07-21T22:40:00,50.1068,1
MCH0003,LINE-A,2026-07-21T23:20:00,50.0756,1
MCH0003,LINE-A,2026-07-22T00:00:00,50.062,1
MCH0003,LINE-A,2026-07-22T00:40:00,50.1686,1
MCH0003,LINE-A,2026-07-22T01:20:00,50.2233,1
MCH0003,LINE-A,2026-07-22T02:00:00,50.0445,1
MCH0003,LINE-A,2026-07-22T02:40:00,50.1893,1
MCH0003,LINE-A,2026-07-22T03:20:00,50.2004,1
MCH0003,LINE-A,2026-07-22T04:00:00,50.1458,1
MCH0003,LINE-A,2026-07-22T04:40:00,50.1612,1
MCH0003,LINE-A,2026-07-22T05:20:00,50.2176,1
MCH0003,LINE-A,2026-07-22T06:00:00,50.1491,1
MCH0003,LINE-A,2026-07-22T06:40:00,50.1635,1
MCH0003,LINE-A,2026-07-22T07:20:00,50.1238,1
MCH0003,LINE-A,2026-07-22T08:00:00,50.2002,1
MCH0003,LINE-A,2026-07-22T08:40:00,50.226,1
MCH0003,LINE-A,2026-07-22T09:20:00,50.2597,1
MCH0003,LINE-A,2026-07-22T10:00:00,50.1742,1
MCH0003,LINE-A,2026-07-22T10:40:00,50.2063,1
MCH0003,LINE-A,2026-07-22T11:20:00,50.2037,1
MCH0003,LINE-A,2026-07-22T12:00:00,50.2248,1
MCH0003,LINE-A,2026-07-22T12:40:00,50.1314,1
MCH0003,LINE-A,2026-07-22T13:20:00,50.1803,1
MCH0003,LINE-A,2026-07-22T14:00:00,50.1965,1
MCH0003,LINE-A,2026-07-22T14:40:00,50.2738,1
MCH0003,LINE-A,2026-07-22T15:20:00,50.1618,1
MCH0003,LINE-A,2026-07-22T16:00:00,50.3126,0
MCH0003,LINE-A,2026-07-22T16:40:00,50.1809,1
MCH0003,LINE-A,2026-07-22T17:20:00,50.2866,1
MCH0003,LINE-A,2026-07-22T18:00:00,50.1738,1
MCH0003,LINE-A,2026-07-22T18:40:00,50.1614,1
MCH0003,LINE-A,2026-07-22T19:20:00,50.2438,1
MCH0003,LINE-A,2026-07-22T20:00:00,50.0926,1
MCH0003,LINE-A,2026-07-22T20:40:00,50.2313,1
MCH0003,LINE-A,2026-07-22T21:20:00,50.2511,1
MCH0003,LINE-A,2026-07-22T22:00:00,50.2063,1
MCH0003,LINE-A,2026-07-22T22:40:00,50.1694,1
MCH0003,LINE-A,2026-07-22T23:20:00,50.2525,1
MCH0003,LINE-A,2026-07-23T00:00:00,50.2047,1
MCH0003,LINE-A,2026-07-23T00:40:00,50.2006,1
MCH0003,LINE-A,2026-07-23T01:20:00,50.2138,1
MCH0003,LINE-A,2026-07-23T02:00:00,50.1834,1
MCH0003,LINE-A,2026-07-23T02:40:00,50.2516,1
MCH0003,LINE-A,2026-07-23T03:20:00,50.1984,1
MCH0003,LINE-A,2026-07-23T04:00:00,50.1832,1
MCH0003,LINE-A,2026-07-23T04:40:00,50.2712,1
MCH0003,LINE-A,2026-07-23T05:20:00,50.2762,1
MCH0003,LINE-A,2026-07-23T06:00:00,50.2207,1
MCH0003,LINE-A,2026-07-23T06:40:00,50.2243,1
MCH0003,LINE-A,2026-07-23T07:20:00,50.287,1
MCH0003,LINE-A,2026-07-23T08:00:00,50.1686,1
MCH0003,LINE-A,2026-07-23T08:40:00,50.191,1
MCH0003,LINE-A,2026-07-23T09:20:00,50.228,1
MCH0003,LINE-A,2026-07-23T10:00:00,50.2074,1
MCH0003,LINE-A,2026-07-23T10:40:00,50.212,1
MCH0003,LINE-A,2026-07-23T11:20:00,50.1303,1
MCH0003,LINE-A,2026-07-23T12:00:00,50.2912,1
MCH0003,LINE-A,2026-07-23T12:40:00,50.1799,1
MCH0003,LINE-A,2026-07-23T13:20:00,50.2772,1
MCH0003,LINE-A,2026-07-23T14:00:00,50.2885,1
MCH0003,LINE-A,2026-07-23T14:40:00,50.2821,1
MCH0003,LINE-A,2026-07-23T15:20:00,50.1829,1
MCH0003,LINE-A,2026-07-23T16:00:00,50.3626,0
MCH0003,LINE-A,2026-07-23T16:40:00,50.2543,1
MCH0003,LINE-A,2026-07-23T17:20:00,50.3449,0
MCH0003,LINE-A,2026-07-23T18:00:00,50.3278,0
MCH0003,LINE-A,2026-07-23T18:40:00,50.1938,1
MCH0003,LINE-A,2026-07-23T19:20:00,50.254,1
MCH0003,LINE-A,2026-07-23T20:00:00,50.2518,1
MCH0003,LINE-A,2026-07-23T20:40:00,50.3181,0
MCH0003,LINE-A,2026-07-23T21:20:00,50.2231,1
MCH0003,LINE-A,2026-07-23T22:00:00,50.2563,1
MCH0003,LINE-A,2026-07-23T22:40:00,50.3857,0
MCH0003,LINE-A,2026-07-23T23:20:00,50.2671,1
MCH0003,LINE-A,2026-07-24T00:00:00,50.245,1
MCH0003,LINE-A,2026-07-24T00:40:00,50.2496,1
MCH0003,LINE-A,2026-07-24T01:20:00,50.2487,1
MCH0003,LINE-A,2026-07-24T02:00:00,50.331,0
MCH0003,LINE-A,2026-07-24T02:40:00,50.3139,0
MCH0003,LINE-A,2026-07-24T03:20:00,50.2946,1
MCH0003,LINE-A,2026-07-24T04:00:00,50.3183,0
MCH0003,LINE-A,2026-07-24T04:40:00,50.3079,0
MCH0003,LINE-A,2026-07-24T05:20:00,50.2741,1
MCH0003,LINE-A,2026-07-24T06:00:00,50.3612,0
MCH0003,LINE-A,2026-07-24T06:40:00,50.3136,0
MCH0003,LINE-A,2026-07-24T07:20:00,50.285,1
MCH0003,LINE-A,2026-07-24T08:00:00,50.2785,1
MCH0003,LINE-A,2026-07-24T08:40:00,50.2855,1
MCH0003,LINE-A,2026-07-24T09:20:00,50.3948,0
MCH0003,LINE-A,2026-07-24T10:00:00,50.2679,1
MCH0003,LINE-A,2026-07-24T10:40:00,50.3246,0
MCH0003,LINE-A,2026-07-24T11:20:00,50.3023,0
MCH0003,LINE-A,2026-07-24T12:00:00,50.3175,0
MCH0003,LINE-A,2026-07-24T12:40:00,50.3872,0
MCH0003,LINE-A,2026-07-24T13:20:00,50.3172,0
MCH0003,LINE-A,2026-07-24T14:00:00,50.3219,0
MCH0003,LINE-A,2026-07-24T14:40:00,50.3311,0
MCH0003,LINE-A,2026-07-24T15:20:00,50.3231,0
MCH0003,LINE-A,2026-07-24T16:00:00,50.3187,0
MCH0003,LINE-A,2026-07-24T16:40:00,50.2803,1
MCH0003,LINE-A,2026-07-24T17:20:00,50.331,0
MCH0003,LINE-A,2026-07-24T18:00:00,50.3059,0
MCH0003,LINE-A,2026-07-24T18:40:00,50.2531,1
MCH0003,LINE-A,2026-07-24T19:20:00,50.3982,0
MCH0003,LINE-A,2026-07-24T20:00:00,50.4101,0
MCH0003,LINE-A,2026-07-24T20:40:00,50.2677,1
MCH0003,LINE-A,2026-07-24T21:20:00,50.2516,1
MCH0003,LINE-A,2026-07-24T22:00:00,50.2803,1
MCH0003,LINE-A,2026-07-24T22:40:00,50.3767,0
MCH0003,LINE-A,2026-07-24T23:20:00,50.4169,0
MCH0003,LINE-A,2026-07-25T00:00:00,50.3538,0
MCH0003,LINE-A,2026-07-25T00:40:00,50.3897,0
MCH0003,LINE-A,2026-07-25T01:20:00,50.3579,0
MCH0003,LINE-A,2026-07-25T02:00:00,50.4701,0
MCH0003,LINE-A,2026-07-25T02:40:00,50.4577,0
MCH0003,LINE-A,2026-07-25T03:20:00,50.3173,0
MCH0003,LINE-A,2026-07-25T04:00:00,50.3861,0
MCH0003,LINE-A,2026-07-25T04:40:00,50.381,0
MCH0003,LINE-A,2026-07-25T05:20:00,50.3966,0
MCH0003,LINE-A,2026-07-25T06:00:00,50.3102,0
MCH0003,LINE-A,2026-07-25T06:40:00,50.3575,0
MCH0003,LINE-A,2026-07-25T07:20:00,50.3675,0
MCH0003,LINE-A,2026-07-25T08:00:00,50.409,0
MCH0003,LINE-A,2026-07-25T08:40:00,50.4097,0
MCH0003,LINE-A,2026-07-25T09:20:00,50.3344,0
MCH0003,LINE-A,2026-07-25T10:00:00,50.4572,0
MCH0003,LINE-A,2026-07-25T10:40:00,50.3587,0
MCH0003,LINE-A,2026-07-25T11:20:00,50.3855,0
MCH0003,LINE-A,2026-07-25T12:00:00,50.3667,0
MCH0003,LINE-A,2026-07-25T12:40:00,50.5086,0
MCH0003,LINE-A,2026-07-25T13:20:00,50.3164,0
MCH0003,LINE-A,2026-07-25T14:00:00,50.4136,0
MCH0003,LINE-A,2026-07-25T14:40:00,50.4228,0
MCH0003,LINE-A,2026-07-25T15:20:00,50.441,0
MCH0003,LINE-A,2026-07-25T16:00:00,50.4033,0
MCH0003,LINE-A,2026-07-25T16:40:00,50.4909,0
MCH0003,LINE-A,2026-07-25T17:20:00,50.4176,0
MCH0003,LINE-A,2026-07-25T18:00:00,50.4328,0
MCH0003,LINE-A,2026-07-25T18:40:00,50.454,0
MCH0003,LINE-A,2026-07-25T19:20:00,50.3426,0
MCH0003,LINE-A,2026-07-25T20:00:00,50.3972,0
MCH0003,LINE-A,2026-07-25T20:40:00,50.3862,0
MCH0003,LINE-A,2026-07-25T21:20:00,50.3954,0
MCH0003,LINE-A,2026-07-25T22:00:00,50.3983,0
MCH0003,LINE-A,2026-07-25T22:40:00,50.3986,0
MCH0003,LINE-A,2026-07-25T23:20:00,50.4103,0
MCH0003,LINE-A,2026-07-26T00:00:00,50.3805,0
MCH0003,LINE-A,2026-07-26T00:40:00,50.441,0
MCH0003,LINE-A,2026-07-26T01:20:00,50.4134,0
MCH0003,LINE-A,2026-07-26T02:00:00,50.3558,0
MCH0003,LINE-A,2026-07-26T02:40:00,50.3889,0
MCH0003,LINE-A,2026-07-26T03:20:00,50.4277,0
MCH0003,LINE-A,2026-07-26T04:00:00,50.4005,0
MCH0003,LINE-A,2026-07-26T04:40:00,50.4835,0
MCH0003,LINE-A,2026-07-26T05:20:00,50.4242,0
MCH0003,LINE-A,2026-07-26T06:00:00,50.4948,0
MCH0003,LINE-A,2026-07-26T06:40:00,50.3661,0
MCH0003,LINE-A,2026-07-26T07:20:00,50.5152,0
MCH0003,LINE-A,2026-07-26T08:00:00,50.4577,0
MCH0003,LINE-A,2026-07-26T08:40:00,50.4507,0
MCH0003,LINE-A,2026-07-26T09:20:00,50.4102,0
MCH0003,LINE-A,2026-07-26T10:00:00,50.4557,0
MCH0003,LINE-A,2026-07-26T10:40:00,50.4699,0
MCH0003,LINE-A,2026-07-26T11:20:00,50.4735,0
MCH0003,LINE-A,2026-07-26T12:00:00,50.4762,0
MCH0003,LINE-A,2026-07-26T12:40:00,50.4831,0
MCH0003,LINE-A,2026-07-26T13:20:00,50.4474,0
MCH0003,LINE-A,2026-07-26T14:00:00,50.5243,0
MCH0003,LINE-A,2026-07-26T14:40:00,50.4482,0
MCH0003,LINE-A,2026-07-26T15:20:00,50.5041,0
MCH0003,LINE-A,2026-07-26T16:00:00,50.5859,0
MCH0003,LINE-A,2026-07-26T16:40:00,50.4572,0
MCH0003,LINE-A,2026-07-26T17:20:00,50.4575,0
MCH0003,LINE-A,2026-07-26T18:00:00,50.4659,0
MCH0003,LINE-A,2026-07-26T18:40:00,50.3878,0
MCH0003,LINE-A,2026-07-26T19:20:00,50.3821,0
MCH0003,LINE-A,2026-07-26T20:00:00,50.4533,0
MCH0003,LINE-A,2026-07-26T20:40:00,50.4738,0
MCH0003,LINE-A,2026-07-26T21:20:00,50.5263,0
MCH0003,LINE-A,2026-07-26T22:00:00,50.5665,0
MCH0003,LINE-A,2026-07-26T22:40:00,50.4758,0
MCH0003,LINE-A,2026-07-26T23:20:00,50.4674,0
MCH0003,LINE-A,2026-07-27T00:00:00,50.379,0
MCH0003,LINE-A,2026-07-27T00:40:00,50.5757,0
MCH0003,LINE-A,2026-07-27T01:20:00,50.4936,0
MCH0003,LINE-A,2026-07-27T02:00:00,50.4847,0
MCH0003,LINE-A,2026-07-27T02:40:00,50.4983,0
MCH0003,LINE-A,2026-07-27T03:20:00,50.5283,0
MCH0003,LINE-A,2026-07-27T04:00:00,50.5688,0
MCH0003,LINE-A,2026-07-27T04:40:00,50.4898,0
MCH0003,LINE-A,2026-07-27T05:20:00,50.5967,0
MCH0003,LINE-A,2026-07-27T06:00:00,50.571,0
MCH0003,LINE-A,2026-07-27T06:40:00,50.4884,0
MCH0003,LINE-A,2026-07-27T07:20:00,50.5109,0
MCH0003,LINE-A,2026-07-27T08:00:00,50.514,0
MCH0003,LINE-A,2026-07-27T08:40:00,50.5896,0
MCH0003,LINE-A,2026-07-27T09:20:00,50.4859,0
MCH0003,LINE-A,2026-07-27T10:00:00,50.4621,0
MCH0003,LINE-A,2026-07-27T10:40:00,50.5291,0
MCH0003,LINE-A,2026-07-27T11:20:00,50.5796,0
MCH0003,LINE-A,2026-07-27T12:00:00,50.5876,0
MCH0003,LINE-A,2026-07-27T12:40:00,50.5935,0
MCH0003,LINE-A,2026-07-27T13:20:00,50.6018,0
MCH0003,LINE-A,2026-07-27T14:00:00,50.5642,0
MCH0003,LINE-A,2026-07-27T14:40:00,50.5654,0
MCH0003,LINE-A,2026-07-27T15:20:00,50.5314,0
MCH0003,LINE-A,2026-07-27T16:00:00,50.5778,0
MCH0003,LINE-A,2026-07-27T16:40:00,50.4569,0
MCH0003,LINE-A,2026-07-27T17:20:00,50.473,0
MCH0003,LINE-A,2026-07-27T18:00:00,50.5486,0
MCH0003,LINE-A,2026-07-27T18:40:00,50.6052,0
MCH0003,LINE-A,2026-07-27T19:20:00,50.5261,0
MCH0003,LINE-A,2026-07-27T20:00:00,50.5732,0
MCH0003,LINE-A,2026-07-27T20:40:00,50.5559,0
MCH0003,LINE-A,2026-07-27T21:20:00,50.6313,0
MCH0003,LINE-A,2026-07-27T22:00:00,50.5527,0
MCH0003,LINE-A,2026-07-27T22:40:00,50.5613,0
MCH0003,LINE-A,2026-07-27T23:20:00,50.6278,0
MCH0003,LINE-A,2026-07-28T00:00:00,50.6626,0
MCH0003,LINE-A,2026-07-28T00:40:00,50.5269,0
MCH0003,LINE-A,2026-07-28T01:20:00,50.5197,0
MCH0003,LINE-A,2026-07-28T02:00:00,50.5391,0
MCH0003,LINE-A,2026-07-28T02:40:00,50.4659,0
MCH0003,LINE-A,2026-07-28T03:20:00,50.5063,0
MCH0003,LINE-A,2026-07-28T04:00:00,50.676,0
MCH0003,LINE-A,2026-07-28T04:40:00,50.5585,0
MCH0003,LINE-A,2026-07-28T05:20:00,50.6156,0
MCH0003,LINE-A,2026-07-28T06:00:00,50.6333,0
MCH0003,LINE-A,2026-07-28T06:40:00,50.6235,0
MCH0003,LINE-A,2026-07-28T07:20:00,50.626,0
MCH0003,LINE-A,2026-07-28T08:00:00,50.6286,0
MCH0003,LINE-A,2026-07-28T08:40:00,50.6472,0
MCH0003,LINE-A,2026-07-28T09:20:00,50.6228,0
MCH0003,LINE-A,2026-07-28T10:00:00,50.571,0
MCH0003,LINE-A,2026-07-28T10:40:00,50.5799,0
MCH0003,LINE-A,2026-07-28T11:20:00,50.555,0
MCH0003,LINE-A,2026-07-28T12:00:00,50.544,0
MCH0003,LINE-A,2026-07-28T12:40:00,49.9582,1
MCH0003,LINE-A,2026-07-28T13:20:00,50.0281,1
MCH0003,LINE-A,2026-07-28T14:00:00,49.9945,1
MCH0003,LINE-A,2026-07-28T14:40:00,50.0047,1
MCH0003,LINE-A,2026-07-28T15:20:00,50.0008,1
MCH0003,LINE-A,2026-07-28T16:00:00,50.0365,1
MCH0003,LINE-A,2026-07-28T16:40:00,50.0205,1
MCH0003,LINE-A,2026-07-28T17:20:00,50.0439,1
MCH0003,LINE-A,2026-07-28T18:00:00,49.9815,1
MCH0003,LINE-A,2026-07-28T18:40:00,50.0953,1
MCH0003,LINE-A,2026-07-28T19:20:00,50.0504,1
MCH0003,LINE-A,2026-07-28T20:00:00,50.0136,1
MCH0003,LINE-A,2026-07-28T20:40:00,50.0664,1
MCH0003,LINE-A,2026-07-28T21:20:00,50.0241,1
MCH0003,LINE-A,2026-07-28T22:00:00,50.0846,1
MCH0003,LINE-A,2026-07-28T22:40:00,50.0759,1
MCH0003,LINE-A,2026-07-28T23:20:00,50.0614,1
MCH0003,LINE-A,2026-07-29T00:00:00,50.0293,1
MCH0003,LINE-A,2026-07-29T00:40:00,50.0693,1
MCH0003,LINE-A,2026-07-29T01:20:00,50.0794,1
MCH0003,LINE-A,2026-07-29T02:00:00,50.1027,1
MCH0003,LINE-A,2026-07-29T02:40:00,50.0187,1
MCH0003,LINE-A,2026-07-29T03:20:00,50.0466,1
MCH0003,LINE-A,2026-07-29T04:00:00,50.0103,1
MCH0003,LINE-A,2026-07-29T04:40:00,50.0023,1
MCH0003,LINE-A,2026-07-29T05:20:00,50.0536,1
MCH0003,LINE-A,2026-07-29T06:00:00,50.0339,1
MCH0003,LINE-A,2026-07-29T06:40:00,50.042,1
MCH0003,LINE-A,2026-07-29T07:20:00,49.9188,1
MCH0003,LINE-A,2026-07-29T08:00:00,50.0562,1
MCH0003,LINE-A,2026-07-29T08:40:00,50.0096,1
MCH0003,LINE-A,2026-07-29T09:20:00,50.0431,1
MCH0003,LINE-A,2026-07-29T10:00:00,50.0365,1
MCH0003,LINE-A,2026-07-29T10:40:00,50.0275,1
MCH0003,LINE-A,2026-07-29T11:20:00,50.049,1
MCH0003,LINE-A,2026-07-29T12:00:00,50.0408,1
MCH0003,LINE-A,2026-07-29T12:40:00,50.1268,1
MCH0003,LINE-A,2026-07-29T13:20:00,50.087,1
MCH0003,LINE-A,2026-07-29T14:00:00,49.9697,1
MCH0003,LINE-A,2026-07-29T14:40:00,49.9728,1
MCH0003,LINE-A,2026-07-29T15:20:00,50.0504,1
MCH0003,LINE-A,2026-07-29T16:00:00,50.0463,1
MCH0003,LINE-A,2026-07-29T16:40:00,49.9957,1
MCH0003,LINE-A,2026-07-29T17:20:00,50.0473,1
MCH0003,LINE-A,2026-07-29T18:00:00,49.9591,1
MCH0003,LINE-A,2026-07-29T18:40:00,50.0031,1
MCH0003,LINE-A,2026-07-29T19:20:00,50.0658,1
MCH0003,LINE-A,2026-07-29T20:00:00,50.0864,1
MCH0003,LINE-A,2026-07-29T20:40:00,50.1018,1
MCH0003,LINE-A,2026-07-29T21:20:00,50.0387,1
MCH0003,LINE-A,2026-07-29T22:00:00,50.1489,1
MCH0003,LINE-A,2026-07-29T22:40:00,50.0349,1
MCH0003,LINE-A,2026-07-29T23:20:00,50.0652,1
MCH0003,LINE-A,2026-07-30T00:00:00,49.9635,1
MCH0003,LINE-A,2026-07-30T00:40:00,50.0528,1
MCH0003,LINE-A,2026-07-30T01:20:00,50.1033,1
MCH0003,LINE-A,2026-07-30T02:00:00,49.9837,1
MCH0003,LINE-A,2026-07-30T02:40:00,50.0783,1
MCH0003,LINE-A,2026-07-30T03:20:00,50.0908,1
MCH0003,LINE-A,2026-07-30T04:00:00,50.0869,1
MCH0003,LINE-A,2026-07-30T04:40:00,50.1761,1
MCH0003,LINE-A,2026-07-30T05:20:00,50.0305,1
MCH0003,LINE-A,2026-07-30T06:00:00,50.039,1
MCH0003,LINE-A,2026-07-30T06:40:00,50.0323,1
MCH0003,LINE-A,2026-07-30T07:20:00,50.0354,1
MCH0003,LINE-A,2026-07-30T08:00:00,50.0261,1
MCH0003,LINE-A,2026-07-30T08:40:00,50.0801,1
MCH0003,LINE-A,2026-07-30T09:20:00,50.052,1
MCH0003,LINE-A,2026-07-30T10:00:00,50.0622,1
MCH0003,LINE-A,2026-07-30T10:40:00,50.0139,1
MCH0003,LINE-A,2026-07-30T11:20:00,49.9906,1
MCH0003,LINE-A,2026-07-30T12:00:00,50.0752,1
MCH0003,LINE-A,2026-07-30T12:40:00,50.1117,1
MCH0003,LINE-A,2026-07-30T13:20:00,50.1023,1
MCH0003,LINE-A,2026-07-30T14:00:00,49.9924,1
MCH0003,LINE-A,2026-07-30T14:40:00,50.0661,1
MCH0003,LINE-A,2026-07-30T15:20:00,50.1006,1
MCH0003,LINE-A,2026-07-30T16:00:00,50.0829,1
MCH0003,LINE-A,2026-07-30T16:40:00,50.1724,1
MCH0003,LINE-A,2026-07-30T17:20:00,50.2181,1
MCH0003,LINE-A,2026-07-30T18:00:00,50.0745,1
MCH0003,LINE-A,2026-07-30T18:40:00,50.0584,1
MCH0003,LINE-A,2026-07-30T19:20:00,50.04,1
MCH0003,LINE-A,2026-07-30T20:00:00,50.0672,1
MCH0003,LINE-A,2026-07-30T20:40:00,50.0412,1
MCH0003,LINE-A,2026-07-30T21:20:00,50.1065,1
MCH0003,LINE-A,2026-07-30T22:00:00,50.1117,1
MCH0003,LINE-A,2026-07-30T22:40:00,50.1012,1
MCH0003,LINE-A,2026-07-30T23:20:00,50.0529,1
MCH0003,LINE-A,2026-07-31T00:00:00,50.184,1
MCH0003,LINE-A,2026-07-31T00:40:00,50.1052,1
MCH0003,LINE-A,2026-07-31T01:20:00,50.0368,1
MCH0003,LINE-A,2026-07-31T02:00:00,50.1257,1
MCH0003,LINE-A,2026-07-31T02:40:00,50.0775,1
MCH0003,LINE-A,2026-07-31T03:20:00,50.0128,1
MCH0003,LINE-A,2026-07-31T04:00:00,50.0689,1
MCH0003,LINE-A,2026-07-31T04:40:00,50.0507,1
MCH0003,LINE-A,2026-07-31T05:20:00,50.1364,1
MCH0003,LINE-A,2026-07-31T06:00:00,50.1338,1
MCH0003,LINE-A,2026-07-31T06:40:00,50.0288,1
MCH0003,LINE-A,2026-07-31T07:20:00,50.1669,1
MCH0003,LINE-A,2026-07-31T08:00:00,50.1589,1
MCH0003,LINE-A,2026-07-31T08:40:00,50.1232,1
MCH0003,LINE-A,2026-07-31T09:20:00,50.1259,1
MCH0003,LINE-A,2026-07-31T10:00:00,50.088,1
MCH0003,LINE-A,2026-07-31T10:40:00,50.1842,1
MCH0003,LINE-A,2026-07-31T11:20:00,50.038,1
MCH0003,LINE-A,2026-07-31T12:00:00,50.0644,1
MCH0003,LINE-A,2026-07-31T12:40:00,50.1282,1
MCH0003,LINE-A,2026-07-31T13:20:00,50.1635,1
MCH0003,LINE-A,2026-07-31T14:00:00,50.0577,1
MCH0003,LINE-A,2026-07-31T14:40:00,50.1902,1
MCH0003,LINE-A,2026-07-31T15:20:00,50.1801,1
MCH0003,LINE-A,2026-07-31T16:00:00,50.1334,1
MCH0003,LINE-A,2026-07-31T16:40:00,50.143,1
MCH0003,LINE-A,2026-07-31T17:20:00,50.0659,1
MCH0003,LINE-A,2026-07-31T18:00:00,50.1302,1
MCH0003,LINE-A,2026-07-31T18:40:00,50.0384,1
MCH0003,LINE-A,2026-07-31T19:20:00,50.0892,1
MCH0003,LINE-A,2026-07-31T20:00:00,50.0953,1
MCH0003,LINE-A,2026-07-31T20:40:00,50.1745,1
MCH0003,LINE-A,2026-07-31T21:20:00,50.1182,1
MCH0003,LINE-A,2026-07-31T22:00:00,50.0758,1
MCH0003,LINE-A,2026-07-31T22:40:00,50.0359,1
MCH0003,LINE-A,2026-07-31T23:20:00,50.1594,1
MCH0003,LINE-A,2026-08-01T00:00:00,50.1911,1
MCH0003,LINE-A,2026-08-01T00:40:00,50.0945,1
MCH0003,LINE-A,2026-08-01T01:20:00,50.1211,1
MCH0003,LINE-A,2026-08-01T02:00:00,50.1159,1
MCH0003,LINE-A,2026-08-01T02:40:00,50.0111,1
MCH0003,LINE-A,2026-08-01T03:20:00,50.0925,1
MCH0003,LINE-A,2026-08-01T04:00:00,50.0816,1
MCH0003,LINE-A,2026-08-01T04:40:00,50.1565,1
MCH0003,LINE-A,2026-08-01T05:20:00,50.0896,1
MCH0003,LINE-A,2026-08-01T06:00:00,50.1176,1
MCH0003,LINE-A,2026-08-01T06:40:00,49.9671,1
MCH0003,LINE-A,2026-08-01T07:20:00,50.1282,1
MCH0003,LINE-A,2026-08-01T08:00:00,50.0881,1
MCH0003,LINE-A,2026-08-01T08:40:00,50.0204,1
MCH0003,LINE-A,2026-08-01T09:20:00,50.2119,1
MCH0003,LINE-A,2026-08-01T10:00:00,50.1665,1
MCH0003,LINE-A,2026-08-01T10:40:00,50.072,1
MCH0003,LINE-A,2026-08-01T11:20:00,50.0639,1
MCH0003,LINE-A,2026-08-01T12:00:00,50.0959,1
MCH0003,LINE-A,2026-08-01T12:40:00,50.1993,1
MCH0003,LINE-A,2026-08-01T13:20:00,50.1672,1
MCH0003,LINE-A,2026-08-01T14:00:00,50.1816,1
MCH0003,LINE-A,2026-08-01T14:40:00,50.0826,1
MCH0003,LINE-A,2026-08-01T15:20:00,50.1846,1
MCH0003,LINE-A,2026-08-01T16:00:00,50.1791,1
MCH0003,LINE-A,2026-08-01T16:40:00,50.0933,1
MCH0003,LINE-A,2026-08-01T17:20:00,50.0708,1
MCH0003,LINE-A,2026-08-01T18:00:00,50.1039,1
MCH0003,LINE-A,2026-08-01T18:40:00,50.1421,1
MCH0003,LINE-A,2026-08-01T19:20:00,50.1478,1
MCH0003,LINE-A,2026-08-01T20:00:00,50.095,1
MCH0003,LINE-A,2026-08-01T20:40:00,50.0811,1
MCH0003,LINE-A,2026-08-01T21:20:00,50.1646,1
MCH0003,LINE-A,2026-08-01T22:00:00,50.1736,1
MCH0003,LINE-A,2026-08-01T22:40:00,50.1271,1
MCH0003,LINE-A,2026-08-01T23:20:00,50.1249,1
MCH0003,LINE-A,2026-08-02T00:00:00,50.1881,1
MCH0003,LINE-A,2026-08-02T00:40:00,50.1286,1
MCH0003,LINE-A,2026-08-02T01:20:00,50.1073,1
MCH0003,LINE-A,2026-08-02T02:00:00,50.1473,1
MCH0003,LINE-A,2026-08-02T02:40:00,50.2088,1
MCH0003,LINE-A,2026-08-02T03:20:00,50.0966,1
MCH0003,LINE-A,2026-08-02T04:00:00,50.1768,1
MCH0003,LINE-A,2026-08-02T04:40:00,50.2644,1
MCH0003,LINE-A,2026-08-02T05:20:00,50.165,1
MCH0003,LINE-A,2026-08-02T06:00:00,50.1563,1
MCH0003,LINE-A,2026-08-02T06:40:00,50.1605,1
MCH0003,LINE-A,2026-08-02T07:20:00,50.1292,1
MCH0003,LINE-A,2026-08-02T08:00:00,50.2664,1
MCH0003,LINE-A,2026-08-02T08:40:00,50.2187,1
MCH0003,LINE-A,2026-08-02T09:20:00,50.2865,1
MCH0003,LINE-A,2026-08-02T10:00:00,50.1918,1
MCH0003,LINE-A,2026-08-02T10:40:00,50.1487,1
MCH0003,LINE-A,2026-08-02T11:20:00,50.1729,1
MCH0003,LINE-A,2026-08-02T12:00:00,50.1332,1
MCH0003,LINE-A,2026-08-02T12:40:00,50.1751,1
MCH0003,LINE-A,2026-08-02T13:20:00,50.1655,1
MCH0003,LINE-A,2026-08-02T14:00:00,50.1503,1
MCH0003,LINE-A,2026-08-02T14:40:00,50.0996,1
MCH0003,LINE-A,2026-08-02T15:20:00,50.1981,1
MCH0003,LINE-A,2026-08-02T16:00:00,50.133,1
MCH0003,LINE-A,2026-08-02T16:40:00,50.2475,1
MCH0003,LINE-A,2026-08-02T17:20:00,50.1591,1
MCH0003,LINE-A,2026-08-02T18:00:00,50.1486,1
MCH0003,LINE-A,2026-08-02T18:40:00,50.1994,1
MCH0003,LINE-A,2026-08-02T19:20:00,50.1951,1
MCH0003,LINE-A,2026-08-02T20:00:00,50.1843,1
MCH0003,LINE-A,2026-08-02T20:40:00,50.2172,1
MCH0003,LINE-A,2026-08-02T21:20:00,50.2691,1
MCH0003,LINE-A,2026-08-02T22:00:00,50.3072,0
MCH0003,LINE-A,2026-08-02T22:40:00,50.273,1
MCH0003,LINE-A,2026-08-02T23:20:00,50.2603,1
MCH0003,LINE-A,2026-08-03T00:00:00,50.1128,1
MCH0003,LINE-A,2026-08-03T00:40:00,50.2068,1
MCH0003,LINE-A,2026-08-03T01:20:00,50.1999,1
MCH0003,LINE-A,2026-08-03T02:00:00,50.1064,1
MCH0003,LINE-A,2026-08-03T02:40:00,50.1422,1
MCH0003,LINE-A,2026-08-03T03:20:00,50.2587,1
MCH0003,LINE-A,2026-08-03T04:00:00,50.2315,1
MCH0003,LINE-A,2026-08-03T04:40:00,50.2598,1
MCH0003,LINE-A,2026-08-03T05:20:00,50.1776,1
MCH0003,LINE-A,2026-08-03T06:00:00,50.1985,1
MCH0003,LINE-A,2026-08-03T06:40:00,50.2354,1
MCH0003,LINE-A,2026-08-03T07:20:00,50.1885,1
MCH0003,LINE-A,2026-08-03T08:00:00,50.1715,1
MCH0003,LINE-A,2026-08-03T08:40:00,50.111,1
MCH0003,LINE-A,2026-08-03T09:20:00,50.1826,1
MCH0003,LINE-A,2026-08-03T10:00:00,50.2003,1
MCH0003,LINE-A,2026-08-03T10:40:00,50.1852,1
MCH0003,LINE-A,2026-08-03T11:20:00,50.2306,1
MCH0003,LINE-A,2026-08-03T12:00:00,50.1197,1
MCH0003,LINE-A,2026-08-03T12:40:00,50.127,1
MCH0003,LINE-A,2026-08-03T13:20:00,50.2245,1
MCH0003,LINE-A,2026-08-03T14:00:00,50.2238,1
MCH0003,LINE-A,2026-08-03T14:40:00,50.1767,1
MCH0003,LINE-A,2026-08-03T15:20:00,50.2795,1
MCH0003,LINE-A,2026-08-03T16:00:00,50.1822,1
MCH0003,LINE-A,2026-08-03T16:40:00,50.161,1
MCH0003,LINE-A,2026-08-03T17:20:00,50.1647,1
MCH0003,LINE-A,2026-08-03T18:00:00,50.1041,1
MCH0003,LINE-A,2026-08-03T18:40:00,50.1635,1
MCH0003,LINE-A,2026-08-03T19:20:00,50.2814,1
MCH0003,LINE-A,2026-08-03T20:00:00,50.168,1
MCH0003,LINE-A,2026-08-03T20:40:00,50.1403,1
MCH0003,LINE-A,2026-08-03T21:20:00,50.206,1
MCH0003,LINE-A,2026-08-03T22:00:00,50.2018,1
MCH0003,LINE-A,2026-08-03T22:40:00,50.264,1
MCH0003,LINE-A,2026-08-03T23:20:00,50.2438,1
MCH0003,LINE-A,2026-08-04T00:00:00,50.1596,1
MCH0003,LINE-A,2026-08-04T00:40:00,50.096,1
MCH0003,LINE-A,2026-08-04T01:20:00,50.2898,1
MCH0003,LINE-A,2026-08-04T02:00:00,50.1954,1
MCH0003,LINE-A,2026-08-04T02:40:00,50.2225,1
MCH0003,LINE-A,2026-08-04T03:20:00,50.1857,1
MCH0003,LINE-A,2026-08-04T04:00:00,50.1753,1
MCH0003,LINE-A,2026-08-04T04:40:00,50.2405,1
MCH0003,LINE-A,2026-08-04T05:20:00,50.1325,1
MCH0003,LINE-A,2026-08-04T06:00:00,50.1926,1
MCH0003,LINE-A,2026-08-04T06:40:00,50.1261,1
MCH0003,LINE-A,2026-08-04T07:20:00,50.2342,1
MCH0003,LINE-A,2026-08-04T08:00:00,50.2457,1
MCH0003,LINE-A,2026-08-04T08:40:00,50.2264,1
MCH0003,LINE-A,2026-08-04T09:20:00,50.2652,1
MCH0003,LINE-A,2026-08-04T10:00:00,50.2114,1
MCH0003,LINE-A,2026-08-04T10:40:00,50.0779,1
MCH0003,LINE-A,2026-08-04T11:20:00,50.2355,1
MCH0003,LINE-A,2026-08-04T12:00:00,50.2136,1
MCH0003,LINE-A,2026-08-04T12:40:00,50.244,1
MCH0003,LINE-A,2026-08-04T13:20:00,50.2596,1
MCH0003,LINE-A,2026-08-04T14:00:00,50.2856,1
MCH0003,LINE-A,2026-08-04T14:40:00,50.2672,1
MCH0003,LINE-A,2026-08-04T15:20:00,50.3353,0
MCH0003,LINE-A,2026-08-04T16:00:00,50.2587,1
MCH0003,LINE-A,2026-08-04T16:40:00,50.305,0
MCH0003,LINE-A,2026-08-04T17:20:00,50.2862,1
MCH0003,LINE-A,2026-08-04T18:00:00,50.2364,1
MCH0003,LINE-A,2026-08-04T18:40:00,50.2033,1
MCH0003,LINE-A,2026-08-04T19:20:00,50.2884,1
MCH0003,LINE-A,2026-08-04T20:00:00,50.2585,1
MCH0003,LINE-A,2026-08-04T20:40:00,50.3016,0
MCH0003,LINE-A,2026-08-04T21:20:00,50.1527,1
MCH0003,LINE-A,2026-08-04T22:00:00,50.2994,1
MCH0003,LINE-A,2026-08-04T22:40:00,50.2619,1
MCH0003,LINE-A,2026-08-04T23:20:00,50.1798,1
MCH0003,LINE-A,2026-08-05T00:00:00,50.2493,1
MCH0003,LINE-A,2026-08-05T00:40:00,50.1295,1
MCH0003,LINE-A,2026-08-05T01:20:00,50.2033,1
MCH0003,LINE-A,2026-08-05T02:00:00,50.2348,1
MCH0003,LINE-A,2026-08-05T02:40:00,50.2311,1
MCH0003,LINE-A,2026-08-05T03:20:00,50.2389,1
MCH0003,LINE-A,2026-08-05T04:00:00,50.2911,1
MCH0003,LINE-A,2026-08-05T04:40:00,50.2019,1
MCH0003,LINE-A,2026-08-05T05:20:00,50.2778,1
MCH0003,LINE-A,2026-08-05T06:00:00,50.2062,1
MCH0003,LINE-A,2026-08-05T06:40:00,50.3324,0
MCH0003,LINE-A,2026-08-05T07:20:00,50.2249,1
MCH0003,LINE-A,2026-08-05T08:00:00,50.3106,0
MCH0003,LINE-A,2026-08-05T08:40:00,50.235,1
MCH0003,LINE-A,2026-08-05T09:20:00,50.2193,1
MCH0003,LINE-A,2026-08-05T10:00:00,50.19,1
MCH0003,LINE-A,2026-08-05T10:40:00,50.2881,1
MCH0003,LINE-A,2026-08-05T11:20:00,50.2868,1
MCH0003,LINE-A,2026-08-05T12:00:00,50.3016,0
MCH0003,LINE-A,2026-08-05T12:40:00,50.1945,1
MCH0003,LINE-A,2026-08-05T13:20:00,50.2785,1
MCH0003,LINE-A,2026-08-05T14:00:00,50.3379,0
MCH0003,LINE-A,2026-08-05T14:40:00,50.2551,1
MCH0003,LINE-A,2026-08-05T15:20:00,50.1874,1
MCH0003,LINE-A,2026-08-05T16:00:00,50.2146,1
MCH0003,LINE-A,2026-08-05T16:40:00,50.2658,1
MCH0003,LINE-A,2026-08-05T17:20:00,50.2992,1
MCH0003,LINE-A,2026-08-05T18:00:00,50.2586,1
MCH0003,LINE-A,2026-08-05T18:40:00,50.3008,0
MCH0003,LINE-A,2026-08-05T19:20:00,50.3186,0
MCH0003,LINE-A,2026-08-05T20:00:00,50.3247,0
MCH0003,LINE-A,2026-08-05T20:40:00,50.2613,1
MCH0003,LINE-A,2026-08-05T21:20:00,50.1931,1
MCH0003,LINE-A,2026-08-05T22:00:00,50.3004,0
MCH0003,LINE-A,2026-08-05T22:40:00,50.1995,1
MCH0003,LINE-A,2026-08-05T23:20:00,50.2854,1
MCH0003,LINE-A,2026-08-06T00:00:00,50.2037,1
MCH0003,LINE-A,2026-08-06T00:40:00,50.2266,1
MCH0003,LINE-A,2026-08-06T01:20:00,50.2786,1
MCH0003,LINE-A,2026-08-06T02:00:00,50.2599,1
MCH0003,LINE-A,2026-08-06T02:40:00,50.3141,0
MCH0003,LINE-A,2026-08-06T03:20:00,50.3115,0
MCH0003,LINE-A,2026-08-06T04:00:00,50.3832,0
MCH0003,LINE-A,2026-08-06T04:40:00,50.3113,0
MCH0003,LINE-A,2026-08-06T05:20:00,50.3948,0
MCH0003,LINE-A,2026-08-06T06:00:00,50.3042,0
MCH0003,LINE-A,2026-08-06T06:40:00,50.364,0
MCH0003,LINE-A,2026-08-06T07:20:00,50.2886,1
MCH0003,LINE-A,2026-08-06T08:00:00,50.3425,0
MCH0003,LINE-A,2026-08-06T08:40:00,50.3522,0
MCH0003,LINE-A,2026-08-06T09:20:00,50.3304,0
MCH0003,LINE-A,2026-08-06T10:00:00,50.2525,1
MCH0003,LINE-A,2026-08-06T10:40:00,50.3057,0
MCH0003,LINE-A,2026-08-06T11:20:00,50.2716,1
MCH0003,LINE-A,2026-08-06T12:00:00,50.3713,0
MCH0003,LINE-A,2026-08-06T12:40:00,50.2475,1
MCH0003,LINE-A,2026-08-06T13:20:00,50.2749,1
MCH0003,LINE-A,2026-08-06T14:00:00,50.2757,1
MCH0003,LINE-A,2026-08-06T14:40:00,50.2953,1
MCH0003,LINE-A,2026-08-06T15:20:00,50.3167,0
MCH0003,LINE-A,2026-08-06T16:00:00,50.2253,1
MCH0003,LINE-A,2026-08-06T16:40:00,50.3136,0
MCH0003,LINE-A,2026-08-06T17:20:00,50.3289,0
MCH0003,LINE-A,2026-08-06T18:00:00,50.3317,0
MCH0003,LINE-A,2026-08-06T18:40:00,50.3467,0
MCH0003,LINE-A,2026-08-06T19:20:00,50.291,1
MCH0003,LINE-A,2026-08-06T20:00:00,50.3615,0
MCH0003,LINE-A,2026-08-06T20:40:00,50.2867,1
MCH0003,LINE-A,2026-08-06T21:20:00,50.3743,0
MCH0003,LINE-A,2026-08-06T22:00:00,50.2787,1
MCH0003,LINE-A,2026-08-06T22:40:00,50.3076,0
MCH0003,LINE-A,2026-08-06T23:20:00,50.3584,0
MCH0003,LINE-A,2026-08-07T00:00:00,50.329,0
MCH0003,LINE-A,2026-08-07T00:40:00,50.228,1
MCH0003,LINE-A,2026-08-07T01:20:00,50.2909,1
MCH0003,LINE-A,2026-08-07T02:00:00,50.3605,0
MCH0003,LINE-A,2026-08-07T02:40:00,50.3022,0
MCH0003,LINE-A,2026-08-07T03:20:00,50.3179,0
MCH0003,LINE-A,2026-08-07T04:00:00,50.3137,0
MCH0003,LINE-A,2026-08-07T04:40:00,50.3217,0
MCH0003,LINE-A,2026-08-07T05:20:00,50.3703,0
MCH0003,LINE-A,2026-08-07T06:00:00,50.3904,0
MCH0003,LINE-A,2026-08-07T06:40:00,50.236,1
MCH0003,LINE-A,2026-08-07T07:20:00,50.3569,0
MCH0003,LINE-A,2026-08-07T08:00:00,50.3525,0
MCH0003,LINE-A,2026-08-07T08:40:00,50.3314,0
MCH0003,LINE-A,2026-08-07T09:20:00,50.3407,0
MCH0003,LINE-A,2026-08-07T10:00:00,50.2853,1
MCH0003,LINE-A,2026-08-07T10:40:00,50.2515,1
MCH0003,LINE-A,2026-08-07T11:20:00,50.3091,0
MCH0003,LINE-A,2026-08-07T12:00:00,50.3035,0
MCH0003,LINE-A,2026-08-07T12:40:00,50.3259,0
MCH0003,LINE-A,2026-08-07T13:20:00,50.3564,0
MCH0003,LINE-A,2026-08-07T14:00:00,50.3822,0
MCH0003,LINE-A,2026-08-07T14:40:00,50.3326,0
MCH0003,LINE-A,2026-08-07T15:20:00,50.2987,1
MCH0003,LINE-A,2026-08-07T16:00:00,50.3238,0
MCH0003,LINE-A,2026-08-07T16:40:00,50.3096,0
MCH0003,LINE-A,2026-08-07T17:20:00,50.327,0
MCH0003,LINE-A,2026-08-07T18:00:00,50.3174,0
MCH0003,LINE-A,2026-08-07T18:40:00,50.3439,0
MCH0003,LINE-A,2026-08-07T19:20:00,50.3874,0
MCH0003,LINE-A,2026-08-07T20:00:00,50.3404,0
MCH0003,LINE-A,2026-08-07T20:40:00,50.3062,0
MCH0003,LINE-A,2026-08-07T21:20:00,50.3603,0
MCH0003,LINE-A,2026-08-07T22:00:00,50.3239,0
MCH0003,LINE-A,2026-08-07T22:40:00,50.2469,1
MCH0003,LINE-A,2026-08-07T23:20:00,50.3788,0
MCH0003,LINE-A,2026-08-08T00:00:00,50.3291,0
MCH0003,LINE-A,2026-08-08T00:40:00,50.3151,0
MCH0003,LINE-A,2026-08-08T01:20:00,50.3172,0
MCH0003,LINE-A,2026-08-08T02:00:00,50.38,0
MCH0003,LINE-A,2026-08-08T02:40:00,50.3069,0
MCH0003,LINE-A,2026-08-08T03:20:00,50.3431,0
MCH0003,LINE-A,2026-08-08T04:00:00,50.3245,0
MCH0003,LINE-A,2026-08-08T04:40:00,50.3099,0
MCH0003,LINE-A,2026-08-08T05:20:00,50.397,0
MCH0003,LINE-A,2026-08-08T06:00:00,50.3447,0
MCH0003,LINE-A,2026-08-08T06:40:00,50.2687,1
MCH0003,LINE-A,2026-08-08T07:20:00,50.3875,0
MCH0003,LINE-A,2026-08-08T08:00:00,50.4502,0
MCH0003,LINE-A,2026-08-08T08:40:00,50.3593,0
MCH0003,LINE-A,2026-08-08T09:20:00,50.31,0
MCH0003,LINE-A,2026-08-08T10:00:00,50.4204,0
MCH0003,LINE-A,2026-08-08T10:40:00,50.3672,0
MCH0003,LINE-A,2026-08-08T11:20:00,50.3811,0
MCH0003,LINE-A,2026-08-08T12:00:00,50.3569,0
MCH0003,LINE-A,2026-08-08T12:40:00,50.3822,0
MCH0003,LINE-A,2026-08-08T13:20:00,50.3067,0
MCH0003,LINE-A,2026-08-08T14:00:00,50.3004,0
MCH0003,LINE-A,2026-08-08T14:40:00,50.2986,1
MCH0003,LINE-A,2026-08-08T15:20:00,50.3752,0
MCH0003,LINE-A,2026-08-08T16:00:00,50.2717,1
MCH0003,LINE-A,2026-08-08T16:40:00,50.3792,0
MCH0003,LINE-A,2026-08-08T17:20:00,50.3271,0
MCH0003,LINE-A,2026-08-08T18:00:00,50.2561,1
MCH0003,LINE-A,2026-08-08T18:40:00,50.3577,0
MCH0003,LINE-A,2026-08-08T19:20:00,50.3548,0
MCH0003,LINE-A,2026-08-08T20:00:00,50.345,0
MCH0003,LINE-A,2026-08-08T20:40:00,50.2702,1
MCH0003,LINE-A,2026-08-08T21:20:00,50.2854,1
MCH0003,LINE-A,2026-08-08T22:00:00,50.3556,0
MCH0003,LINE-A,2026-08-08T22:40:00,50.3983,0
MCH0003,LINE-A,2026-08-08T23:20:00,50.3298,0
MCH0003,LINE-A,2026-08-09T00:00:00,50.438,0
MCH0003,LINE-A,2026-08-09T00:40:00,50.4344,0
MCH0003,LINE-A,2026-08-09T01:20:00,50.4004,0
MCH0003,LINE-A,2026-08-09T02:00:00,50.2916,1
MCH0003,LINE-A,2026-08-09T02:40:00,50.3647,0
MCH0003,LINE-A,2026-08-09T03:20:00,50.3975,0
MCH0003,LINE-A,2026-08-09T04:00:00,50.3867,0
MCH0003,LINE-A,2026-08-09T04:40:00,50.3363,0
MCH0003,LINE-A,2026-08-09T05:20:00,50.4017,0
MCH0003,LINE-A,2026-08-09T06:00:00,50.3281,0
MCH0003,LINE-A,2026-08-09T06:40:00,50.3936,0
MCH0003,LINE-A,2026-08-09T07:20:00,50.3664,0
MCH0003,LINE-A,2026-08-09T08:00:00,50.3107,0
MCH0003,LINE-A,2026-08-09T08:40:00,50.4524,0
MCH0003,LINE-A,2026-08-09T09:20:00,50.4316,0
MCH0003,LINE-A,2026-08-09T10:00:00,50.4058,0
MCH0003,LINE-A,2026-08-09T10:40:00,50.373,0
MCH0003,LINE-A,2026-08-09T11:20:00,50.3844,0
MCH0003,LINE-A,2026-08-09T12:00:00,50.3064,0
MCH0003,LINE-A,2026-08-09T12:40:00,50.4995,0
MCH0003,LINE-A,2026-08-09T13:20:00,50.3295,0
MCH0003,LINE-A,2026-08-09T14:00:00,50.4068,0
MCH0003,LINE-A,2026-08-09T14:40:00,50.3575,0
MCH0003,LINE-A,2026-08-09T15:20:00,50.3766,0
MCH0003,LINE-A,2026-08-09T16:00:00,50.2765,1
MCH0003,LINE-A,2026-08-09T16:40:00,50.3118,0
MCH0003,LINE-A,2026-08-09T17:20:00,50.2924,1
MCH0003,LINE-A,2026-08-09T18:00:00,50.3656,0
MCH0003,LINE-A,2026-08-09T18:40:00,50.4779,0
MCH0003,LINE-A,2026-08-09T19:20:00,50.3691,0
MCH0003,LINE-A,2026-08-09T20:00:00,50.3815,0
MCH0003,LINE-A,2026-08-09T20:40:00,50.4029,0
MCH0003,LINE-A,2026-08-09T21:20:00,50.4189,0
MCH0003,LINE-A,2026-08-09T22:00:00,50.3506,0
MCH0003,LINE-A,2026-08-09T22:40:00,50.4483,0
MCH0003,LINE-A,2026-08-09T23:20:00,50.4414,0
MCH0003,LINE-A,2026-08-10T00:00:00,50.3553,0
MCH0003,LINE-A,2026-08-10T00:40:00,50.3146,0
MCH0003,LINE-A,2026-08-10T01:20:00,50.3276,0
MCH0003,LINE-A,2026-08-10T02:00:00,50.4402,0
MCH0003,LINE-A,2026-08-10T02:40:00,50.4221,0
MCH0003,LINE-A,2026-08-10T03:20:00,50.4165,0
MCH0003,LINE-A,2026-08-10T04:00:00,50.4687,0
MCH0003,LINE-A,2026-08-10T04:40:00,50.3931,0
MCH0003,LINE-A,2026-08-10T05:20:00,50.385,0
MCH0003,LINE-A,2026-08-10T06:00:00,50.3529,0
MCH0003,LINE-A,2026-08-10T06:40:00,50.4701,0
MCH0003,LINE-A,2026-08-10T07:20:00,50.4367,0
MCH0003,LINE-A,2026-08-10T08:00:00,50.4887,0
MCH0003,LINE-A,2026-08-10T08:40:00,50.4091,0
MCH0003,LINE-A,2026-08-10T09:20:00,50.4429,0
MCH0003,LINE-A,2026-08-10T10:00:00,50.4688,0
MCH0003,LINE-A,2026-08-10T10:40:00,50.4814,0
MCH0003,LINE-A,2026-08-10T11:20:00,50.3997,0
MCH0003,LINE-A,2026-08-10T12:00:00,50.4268,0
MCH0003,LINE-A,2026-08-10T12:40:00,50.4806,0
MCH0003,LINE-A,2026-08-10T13:20:00,50.4576,0
MCH0003,LINE-A,2026-08-10T14:00:00,50.4011,0
MCH0003,LINE-A,2026-08-10T14:40:00,50.3492,0
MCH0003,LINE-A,2026-08-10T15:20:00,50.4171,0
MCH0003,LINE-A,2026-08-10T16:00:00,50.4986,0
MCH0003,LINE-A,2026-08-10T16:40:00,50.402,0
MCH0003,LINE-A,2026-08-10T17:20:00,50.4147,0
MCH0003,LINE-A,2026-08-10T18:00:00,50.4043,0
MCH0003,LINE-A,2026-08-10T18:40:00,50.33,0
MCH0003,LINE-A,2026-08-10T19:20:00,50.3619,0
MCH0003,LINE-A,2026-08-10T20:00:00,50.4662,0
MCH0003,LINE-A,2026-08-10T20:40:00,50.4171,0
MCH0003,LINE-A,2026-08-10T21:20:00,50.4113,0
MCH0003,LINE-A,2026-08-10T22:00:00,50.456,0
MCH0003,LINE-A,2026-08-10T22:40:00,50.4683,0
MCH0003,LINE-A,2026-08-10T23:20:00,50.4633,0
MCH0003,LINE-A,2026-08-11T00:00:00,50.4437,0
MCH0003,LINE-A,2026-08-11T00:40:00,50.385,0
MCH0003,LINE-A,2026-08-11T01:20:00,50.4154,0
MCH0003,LINE-A,2026-08-11T02:00:00,50.5222,0
MCH0003,LINE-A,2026-08-11T02:40:00,50.3647,0
MCH0003,LINE-A,2026-08-11T03:20:00,50.4107,0
MCH0003,LINE-A,2026-08-11T04:00:00,50.439,0
MCH0003,LINE-A,2026-08-11T04:40:00,50.4619,0
MCH0003,LINE-A,2026-08-11T05:20:00,50.4683,0
MCH0003,LINE-A,2026-08-11T06:00:00,50.4852,0
MCH0003,LINE-A,2026-08-11T06:40:00,50.4094,0
MCH0003,LINE-A,2026-08-11T07:20:00,50.4681,0
MCH0003,LINE-A,2026-08-11T08:00:00,50.457,0
MCH0003,LINE-A,2026-08-11T08:40:00,50.4148,0
MCH0003,LINE-A,2026-08-11T09:20:00,50.3856,0
MCH0003,LINE-A,2026-08-11T10:00:00,50.3672,0
MCH0003,LINE-A,2026-08-11T10:40:00,50.4075,0
MCH0003,LINE-A,2026-08-11T11:20:00,50.3915,0
MCH0003,LINE-A,2026-08-11T12:00:00,50.4672,0
MCH0003,LINE-A,2026-08-11T12:40:00,50.3345,0
MCH0003,LINE-A,2026-08-11T13:20:00,50.4965,0
MCH0003,LINE-A,2026-08-11T14:00:00,50.4424,0
MCH0003,LINE-A,2026-08-11T14:40:00,50.4001,0
MCH0003,LINE-A,2026-08-11T15:20:00,50.4578,0
MCH0003,LINE-A,2026-08-11T16:00:00,50.4536,0
MCH0003,LINE-A,2026-08-11T16:40:00,50.439,0
MCH0003,LINE-A,2026-08-11T17:20:00,50.4632,0
MCH0003,LINE-A,2026-08-11T18:00:00,50.4687,0
MCH0003,LINE-A,2026-08-11T18:40:00,50.4547,0
MCH0003,LINE-A,2026-08-11T19:20:00,50.461,0
MCH0003,LINE-A,2026-08-11T20:00:00,50.4158,0
MCH0003,LINE-A,2026-08-11T20:40:00,50.5064,0
MCH0003,LINE-A,2026-08-11T21:20:00,50.4973,0
MCH0003,LINE-A,2026-08-11T22:00:00,50.4699,0
MCH0003,LINE-A,2026-08-11T22:40:00,50.477,0
MCH0003,LINE-A,2026-08-11T23:20:00,50.4544,0
MCH0003,LINE-A,2026-08-12T00:00:00,50.3921,0
MCH0003,LINE-A,2026-08-12T00:40:00,50.5102,0
MCH0003,LINE-A,2026-08-12T01:20:00,50.4523,0
MCH0003,LINE-A,2026-08-12T02:00:00,50.4788,0
MCH0003,LINE-A,2026-08-12T02:40:00,50.4646,0
MCH0003,LINE-A,2026-08-12T03:20:00,50.4612,0
MCH0003,LINE-A,2026-08-12T04:00:00,50.4461,0
MCH0003,LINE-A,2026-08-12T04:40:00,50.4839,0
MCH0003,LINE-A,2026-08-12T05:20:00,50.5754,0
MCH0003,LINE-A,2026-08-12T06:00:00,50.4311,0
MCH0003,LINE-A,2026-08-12T06:40:00,50.5345,0
MCH0003,LINE-A,2026-08-12T07:20:00,50.4439,0
MCH0003,LINE-A,2026-08-12T08:00:00,50.4464,0
MCH0003,LINE-A,2026-08-12T08:40:00,50.4732,0
MCH0003,LINE-A,2026-08-12T09:20:00,50.4303,0
MCH0003,LINE-A,2026-08-12T10:00:00,50.4425,0
MCH0003,LINE-A,2026-08-12T10:40:00,50.522,0
MCH0003,LINE-A,2026-08-12T11:20:00,50.4384,0
MCH0003,LINE-A,2026-08-12T12:00:00,50.4059,0
MCH0003,LINE-A,2026-08-12T12:40:00,50.5129,0
MCH0003,LINE-A,2026-08-12T13:20:00,50.5313,0
MCH0003,LINE-A,2026-08-12T14:00:00,50.4676,0
MCH0003,LINE-A,2026-08-12T14:40:00,50.4891,0
MCH0003,LINE-A,2026-08-12T15:20:00,50.4682,0
MCH0003,LINE-A,2026-08-12T16:00:00,50.4762,0
MCH0003,LINE-A,2026-08-12T16:40:00,50.4899,0
MCH0003,LINE-A,2026-08-12T17:20:00,50.516,0
MCH0003,LINE-A,2026-08-12T18:00:00,50.4626,0
MCH0003,LINE-A,2026-08-12T18:40:00,50.5575,0
MCH0003,LINE-A,2026-08-12T19:20:00,50.4843,0
MCH0003,LINE-A,2026-08-12T20:00:00,50.5131,0
MCH0003,LINE-A,2026-08-12T20:40:00,50.4989,0
MCH0003,LINE-A,2026-08-12T21:20:00,50.4166,0
MCH0003,LINE-A,2026-08-12T22:00:00,50.4786,0
MCH0003,LINE-A,2026-08-12T22:40:00,50.4441,0
MCH0003,LINE-A,2026-08-12T23:20:00,50.4781,0
MCH0003,LINE-A,2026-08-13T00:00:00,50.5502,0
MCH0003,LINE-A,2026-08-13T00:40:00,50.4346,0
MCH0003,LINE-A,2026-08-13T01:20:00,50.4521,0
MCH0003,LINE-A,2026-08-13T02:00:00,50.4668,0
MCH0003,LINE-A,2026-08-13T02:40:00,50.4594,0
MCH0003,LINE-A,2026-08-13T03:20:00,50.4336,0
MCH0003,LINE-A,2026-08-13T04:00:00,50.5076,0
MCH0003,LINE-A,2026-08-13T04:40:00,50.6022,0
MCH0003,LINE-A,2026-08-13T05:20:00,50.4815,0
MCH0003,LINE-A,2026-08-13T06:00:00,50.4328,0
MCH0003,LINE-A,2026-08-13T06:40:00,50.4434,0
MCH0003,LINE-A,2026-08-13T07:20:00,50.568,0
MCH0003,LINE-A,2026-08-13T08:00:00,50.4215,0
MCH0003,LINE-A,2026-08-13T08:40:00,50.5647,0
MCH0003,LINE-A,2026-08-13T09:20:00,50.5059,0
MCH0003,LINE-A,2026-08-13T10:00:00,50.4751,0
MCH0003,LINE-A,2026-08-13T10:40:00,50.4816,0
MCH0003,LINE-A,2026-08-13T11:20:00,50.5203,0
MCH0003,LINE-A,2026-08-13T12:00:00,50.5175,0
MCH0003,LINE-A,2026-08-13T12:40:00,50.4648,0
MCH0003,LINE-A,2026-08-13T13:20:00,50.5528,0
MCH0003,LINE-A,2026-08-13T14:00:00,50.4888,0
MCH0003,LINE-A,2026-08-13T14:40:00,50.6047,0
MCH0003,LINE-A,2026-08-13T15:20:00,50.4943,0
MCH0003,LINE-A,2026-08-13T16:00:00,50.4711,0
MCH0003,LINE-A,2026-08-13T16:40:00,50.5503,0
MCH0003,LINE-A,2026-08-13T17:20:00,50.4869,0
MCH0003,LINE-A,2026-08-13T18:00:00,50.5057,0
MCH0003,LINE-A,2026-08-13T18:40:00,50.5254,0
MCH0003,LINE-A,2026-08-13T19:20:00,50.4921,0
MCH0003,LINE-A,2026-08-13T20:00:00,50.5058,0
MCH0003,LINE-A,2026-08-13T20:40:00,50.564,0
MCH0003,LINE-A,2026-08-13T21:20:00,50.4742,0
MCH0003,LINE-A,2026-08-13T22:00:00,50.5516,0
MCH0003,LINE-A,2026-08-13T22:40:00,50.5009,0
MCH0003,LINE-A,2026-08-13T23:20:00,50.5258,0
MCH0003,LINE-A,2026-08-14T00:00:00,50.4865,0
MCH0003,LINE-A,2026-08-14T00:40:00,50.4558,0
MCH0003,LINE-A,2026-08-14T01:20:00,50.5912,0
MCH0003,LINE-A,2026-08-14T02:00:00,50.411,0
MCH0003,LINE-A,2026-08-14T02:40:00,50.5302,0
MCH0003,LINE-A,2026-08-14T03:20:00,50.4063,0
MCH0003,LINE-A,2026-08-14T04:00:00,50.5119,0
MCH0003,LINE-A,2026-08-14T04:40:00,50.5135,0
MCH0003,LINE-A,2026-08-14T05:20:00,50.4961,0
MCH0003,LINE-A,2026-08-14T06:00:00,50.515,0
MCH0003,LINE-A,2026-08-14T06:40:00,50.4059,0
MCH0003,LINE-A,2026-08-14T07:20:00,50.5446,0
MCH0003,LINE-A,2026-08-14T08:00:00,50.4896,0
MCH0003,LINE-A,2026-08-14T08:40:00,50.4289,0
MCH0003,LINE-A,2026-08-14T09:20:00,50.4514,0
MCH0003,LINE-A,2026-08-14T10:00:00,50.4233,0
MCH0003,LINE-A,2026-08-14T10:40:00,50.4945,0
MCH0003,LINE-A,2026-08-14T11:20:00,50.4949,0
MCH0003,LINE-A,2026-08-14T12:00:00,50.6227,0
MCH0003,LINE-A,2026-08-14T12:40:00,50.5188,0
MCH0003,LINE-A,2026-08-14T13:20:00,50.5497,0
MCH0003,LINE-A,2026-08-14T14:00:00,50.4981,0
MCH0003,LINE-A,2026-08-14T14:40:00,50.6548,0
MCH0003,LINE-A,2026-08-14T15:20:00,50.6162,0
MCH0003,LINE-A,2026-08-14T16:00:00,50.5226,0
MCH0003,LINE-A,2026-08-14T16:40:00,50.4923,0
MCH0003,LINE-A,2026-08-14T17:20:00,50.5158,0
MCH0003,LINE-A,2026-08-14T18:00:00,50.5076,0
MCH0003,LINE-A,2026-08-14T18:40:00,50.5515,0
MCH0003,LINE-A,2026-08-14T19:20:00,50.5128,0
MCH0003,LINE-A,2026-08-14T20:00:00,50.5811,0
MCH0003,LINE-A,2026-08-14T20:40:00,50.4966,0
MCH0003,LINE-A,2026-08-14T21:20:00,50.6392,0
MCH0003,LINE-A,2026-08-14T22:00:00,50.5545,0
MCH0003,LINE-A,2026-08-14T22:40:00,50.5847,0
MCH0003,LINE-A,2026-08-14T23:20:00,50.4936,0
MCH0004,LINE-B,2026-07-01T00:00:00,50.0949,1
MCH0004,LINE-B,2026-07-01T00:40:00,49.9968,1
MCH0004,LINE-B,2026-07-01T01:20:00,49.9351,1
MCH0004,LINE-B,2026-07-01T02:00:00,49.9578,1
MCH0004,LINE-B,2026-07-01T02:40:00,50.0858,1
MCH0004,LINE-B,2026-07-01T03:20:00,50.0318,1
MCH0004,LINE-B,2026-07-01T04:00:00,49.9972,1
MCH0004,LINE-B,2026-07-01T04:40:00,49.9938,1
MCH0004,LINE-B,2026-07-01T05:20:00,50.0429,1
MCH0004,LINE-B,2026-07-01T06:00:00,50.0374,1
MCH0004,LINE-B,2026-07-01T06:40:00,50.0174,1
MCH0004,LINE-B,2026-07-01T07:20:00,49.9961,1
MCH0004,LINE-B,2026-07-01T08:00:00,49.9393,1
MCH0004,LINE-B,2026-07-01T08:40:00,49.9795,1
MCH0004,LINE-B,2026-07-01T09:20:00,50.0389,1
MCH0004,LINE-B,2026-07-01T10:00:00,50.0077,1
MCH0004,LINE-B,2026-07-01T10:40:00,50.0342,1
MCH0004,LINE-B,2026-07-01T11:20:00,50.0235,1
MCH0004,LINE-B,2026-07-01T12:00:00,49.9426,1
MCH0004,LINE-B,2026-07-01T12:40:00,50.0715,1
MCH0004,LINE-B,2026-07-01T13:20:00,50.0053,1
MCH0004,LINE-B,2026-07-01T14:00:00,50.0063,1
MCH0004,LINE-B,2026-07-01T14:40:00,50.0352,1
MCH0004,LINE-B,2026-07-01T15:20:00,50.0641,1
MCH0004,LINE-B,2026-07-01T16:00:00,50.0179,1
MCH0004,LINE-B,2026-07-01T16:40:00,50.0369,1
MCH0004,LINE-B,2026-07-01T17:20:00,50.0762,1
MCH0004,LINE-B,2026-07-01T18:00:00,49.9865,1
MCH0004,LINE-B,2026-07-01T18:40:00,50.0559,1
MCH0004,LINE-B,2026-07-01T19:20:00,50.1329,1
MCH0004,LINE-B,2026-07-01T20:00:00,50.0657,1
MCH0004,LINE-B,2026-07-01T20:40:00,50.0143,1
MCH0004,LINE-B,2026-07-01T21:20:00,49.937,1
MCH0004,LINE-B,2026-07-01T22:00:00,49.9953,1
MCH0004,LINE-B,2026-07-01T22:40:00,50.0375,1
MCH0004,LINE-B,2026-07-01T23:20:00,50.0335,1
MCH0004,LINE-B,2026-07-02T00:00:00,50.0064,1
MCH0004,LINE-B,2026-07-02T00:40:00,50.0478,1
MCH0004,LINE-B,2026-07-02T01:20:00,50.0411,1
MCH0004,LINE-B,2026-07-02T02:00:00,50.0107,1
MCH0004,LINE-B,2026-07-02T02:40:00,50.1077,1
MCH0004,LINE-B,2026-07-02T03:20:00,49.9636,1
MCH0004,LINE-B,2026-07-02T04:00:00,50.0429,1
MCH0004,LINE-B,2026-07-02T04:40:00,50.047,1
MCH0004,LINE-B,2026-07-02T05:20:00,50.1023,1
MCH0004,LINE-B,2026-07-02T06:00:00,50.0095,1
MCH0004,LINE-B,2026-07-02T06:40:00,50.09,1
MCH0004,LINE-B,2026-07-02T07:20:00,50.0493,1
MCH0004,LINE-B,2026-07-02T08:00:00,50.0094,1
MCH0004,LINE-B,2026-07-02T08:40:00,50.0381,1
MCH0004,LINE-B,2026-07-02T09:20:00,50.0814,1
MCH0004,LINE-B,2026-07-02T10:00:00,50.016,1
MCH0004,LINE-B,2026-07-02T10:40:00,50.0606,1
MCH0004,LINE-B,2026-07-02T11:20:00,50.0618,1
MCH0004,LINE-B,2026-07-02T12:00:00,50.0825,1
MCH0004,LINE-B,2026-07-02T12:40:00,50.0406,1
MCH0004,LINE-B,2026-07-02T13:20:00,50.0329,1
MCH0004,LINE-B,2026-07-02T14:00:00,50.0518,1
MCH0004,LINE-B,2026-07-02T14:40:00,50.136,1
MCH0004,LINE-B,2026-07-02T15:20:00,49.9797,1
MCH0004,LINE-B,2026-07-02T16:00:00,50.0555,1
MCH0004,LINE-B,2026-07-02T16:40:00,50.0516,1
MCH0004,LINE-B,2026-07-02T17:20:00,50.0436,1
MCH0004,LINE-B,2026-07-02T18:00:00,49.964,1
MCH0004,LINE-B,2026-07-02T18:40:00,50.0975,1
MCH0004,LINE-B,2026-07-02T19:20:00,50.0762,1
MCH0004,LINE-B,2026-07-02T20:00:00,50.0796,1
MCH0004,LINE-B,2026-07-02T20:40:00,50.0693,1
MCH0004,LINE-B,2026-07-02T21:20:00,50.1296,1
MCH0004,LINE-B,2026-07-02T22:00:00,50.0638,1
MCH0004,LINE-B,2026-07-02T22:40:00,50.0705,1
MCH0004,LINE-B,2026-07-02T23:20:00,50.0804,1
MCH0004,LINE-B,2026-07-03T00:00:00,50.0773,1
MCH0004,LINE-B,2026-07-03T00:40:00,50.0878,1
MCH0004,LINE-B,2026-07-03T01:20:00,50.1088,1
MCH0004,LINE-B,2026-07-03T02:00:00,50.2122,1
MCH0004,LINE-B,2026-07-03T02:40:00,50.065,1
MCH0004,LINE-B,2026-07-03T03:20:00,50.115,1
MCH0004,LINE-B,2026-07-03T04:00:00,50.1142,1
MCH0004,LINE-B,2026-07-03T04:40:00,50.0614,1
MCH0004,LINE-B,2026-07-03T05:20:00,50.0159,1
MCH0004,LINE-B,2026-07-03T06:00:00,50.0504,1
MCH0004,LINE-B,2026-07-03T06:40:00,50.1895,1
MCH0004,LINE-B,2026-07-03T07:20:00,50.0992,1
MCH0004,LINE-B,2026-07-03T08:00:00,50.0992,1
MCH0004,LINE-B,2026-07-03T08:40:00,50.1602,1
MCH0004,LINE-B,2026-07-03T09:20:00,50.1097,1
MCH0004,LINE-B,2026-07-03T10:00:00,50.1016,1
MCH0004,LINE-B,2026-07-03T10:40:00,50.1986,1
MCH0004,LINE-B,2026-07-03T11:20:00,50.1121,1
MCH0004,LINE-B,2026-07-03T12:00:00,50.1056,1
MCH0004,LINE-B,2026-07-03T12:40:00,50.165,1
MCH0004,LINE-B,2026-07-03T13:20:00,50.1653,1
MCH0004,LINE-B,2026-07-03T14:00:00,50.1736,1
MCH0004,LINE-B,2026-07-03T14:40:00,50.1705,1
MCH0004,LINE-B,2026-07-03T15:20:00,50.1243,1
MCH0004,LINE-B,2026-07-03T16:00:00,50.2345,1
MCH0004,LINE-B,2026-07-03T16:40:00,50.1355,1
MCH0004,LINE-B,2026-07-03T17:20:00,50.1144,1
MCH0004,LINE-B,2026-07-03T18:00:00,50.0639,1
MCH0004,LINE-B,2026-07-03T18:40:00,50.0653,1
MCH0004,LINE-B,2026-07-03T19:20:00,50.1054,1
MCH0004,LINE-B,2026-07-03T20:00:00,50.079,1
MCH0004,LINE-B,2026-07-03T20:40:00,50.0367,1
MCH0004,LINE-B,2026-07-03T21:20:00,50.1454,1
MCH0004,LINE-B,2026-07-03T22:00:00,50.2106,1
MCH0004,LINE-B,2026-07-03T22:40:00,50.2325,1
MCH0004,LINE-B,2026-07-03T23:20:00,50.2,1
MCH0004,LINE-B,2026-07-04T00:00:00,50.1551,1
MCH0004,LINE-B,2026-07-04T00:40:00,50.2305,1
MCH0004,LINE-B,2026-07-04T01:20:00,50.1793,1
MCH0004,LINE-B,2026-07-04T02:00:00,50.1937,1
MCH0004,LINE-B,2026-07-04T02:40:00,50.1075,1
MCH0004,LINE-B,2026-07-04T03:20:00,50.2679,1
MCH0004,LINE-B,2026-07-04T04:00:00,50.2014,1
MCH0004,LINE-B,2026-07-04T04:40:00,50.1745,1
MCH0004,LINE-B,2026-07-04T05:20:00,50.1833,1
MCH0004,LINE-B,2026-07-04T06:00:00,50.1967,1
MCH0004,LINE-B,2026-07-04T06:40:00,50.2148,1
MCH0004,LINE-B,2026-07-04T07:20:00,50.0896,1
MCH0004,LINE-B,2026-07-04T08:00:00,50.206,1
MCH0004,LINE-B,2026-07-04T08:40:00,50.0685,1
MCH0004,LINE-B,2026-07-04T09:20:00,50.1254,1
MCH0004,LINE-B,2026-07-04T10:00:00,50.1998,1
MCH0004,LINE-B,2026-07-04T10:40:00,50.0805,1
MCH0004,LINE-B,2026-07-04T11:20:00,50.1548,1
MCH0004,LINE-B,2026-07-04T12:00:00,50.2189,1
MCH0004,LINE-B,2026-07-04T12:40:00,50.1835,1
MCH0004,LINE-B,2026-07-04T13:20:00,50.2587,1
MCH0004,LINE-B,2026-07-04T14:00:00,50.1262,1
MCH0004,LINE-B,2026-07-04T14:40:00,50.1892,1
MCH0004,LINE-B,2026-07-04T15:20:00,50.1227,1
MCH0004,LINE-B,2026-07-04T16:00:00,50.1407,1
MCH0004,LINE-B,2026-07-04T16:40:00,50.2322,1
MCH0004,LINE-B,2026-07-04T17:20:00,50.252,1
MCH0004,LINE-B,2026-07-04T18:00:00,50.0898,1
MCH0004,LINE-B,2026-07-04T18:40:00,50.2436,1
MCH0004,LINE-B,2026-07-04T19:20:00,50.186,1
MCH0004,LINE-B,2026-07-04T20:00:00,50.1568,1
MCH0004,LINE-B,2026-07-04T20:40:00,50.15,1
MCH0004,LINE-B,2026-07-04T21:20:00,50.1905,1
MCH0004,LINE-B,2026-07-04T22:00:00,50.2186,1
MCH0004,LINE-B,2026-07-04T22:40:00,50.1707,1
MCH0004,LINE-B,2026-07-04T23:20:00,50.1598,1
MCH0004,LINE-B,2026-07-05T00:00:00,50.2163,1
MCH0004,LINE-B,2026-07-05T00:40:00,50.2259,1
MCH0004,LINE-B,2026-07-05T01:20:00,50.1871,1
MCH0004,LINE-B,2026-07-05T02:00:00,50.2166,1
MCH0004,LINE-B,2026-07-05T02:40:00,50.1903,1
MCH0004,LINE-B,2026-07-05T03:20:00,50.1221,1
MCH0004,LINE-B,2026-07-05T04:00:00,50.2408,1
MCH0004,LINE-B,2026-07-05T04:40:00,50.1031,1
MCH0004,LINE-B,2026-07-05T05:20:00,50.1598,1
MCH0004,LINE-B,2026-07-05T06:00:00,50.3021,0
MCH0004,LINE-B,2026-07-05T06:40:00,50.1108,1
MCH0004,LINE-B,2026-07-05T07:20:00,50.2187,1
MCH0004,LINE-B,2026-07-05T08:00:00,50.2511,1
MCH0004,LINE-B,2026-07-05T08:40:00,50.2519,1
MCH0004,LINE-B,2026-07-05T09:20:00,50.2121,1
MCH0004,LINE-B,2026-07-05T10:00:00,50.2968,1
MCH0004,LINE-B,2026-07-05T10:40:00,50.2211,1
MCH0004,LINE-B,2026-07-05T11:20:00,50.2769,1
MCH0004,LINE-B,2026-07-05T12:00:00,50.3425,0
MCH0004,LINE-B,2026-07-05T12:40:00,50.2091,1
MCH0004,LINE-B,2026-07-05T13:20:00,50.202,1
MCH0004,LINE-B,2026-07-05T14:00:00,50.2289,1
MCH0004,LINE-B,2026-07-05T14:40:00,50.2437,1
MCH0004,LINE-B,2026-07-05T15:20:00,50.2314,1
MCH0004,LINE-B,2026-07-05T16:00:00,50.3073,0
MCH0004,LINE-B,2026-07-05T16:40:00,50.2095,1
MCH0004,LINE-B,2026-07-05T17:20:00,50.2915,1
MCH0004,LINE-B,2026-07-05T18:00:00,50.18,1
MCH0004,LINE-B,2026-07-05T18:40:00,50.1879,1
MCH0004,LINE-B,2026-07-05T19:20:00,50.2633,1
MCH0004,LINE-B,2026-07-05T20:00:00,50.2174,1
MCH0004,LINE-B,2026-07-05T20:40:00,50.1239,1
MCH0004,LINE-B,2026-07-05T21:20:00,50.2002,1
MCH0004,LINE-B,2026-07-05T22:00:00,50.2513,1
MCH0004,LINE-B,2026-07-05T22:40:00,50.2298,1
MCH0004,LINE-B,2026-07-05T23:20:00,50.1645,1
MCH0004,LINE-B,2026-07-06T00:00:00,50.2776,1
MCH0004,LINE-B,2026-07-06T00:40:00,50.278,1
MCH0004,LINE-B,2026-07-06T01:20:00,50.1903,1
MCH0004,LINE-B,2026-07-06T02:00:00,50.2462,1
MCH0004,LINE-B,2026-07-06T02:40:00,50.3227,0
MCH0004,LINE-B,2026-07-06T03:20:00,50.2747,1
MCH0004,LINE-B,2026-07-06T04:00:00,50.3405,0
MCH0004,LINE-B,2026-07-06T04:40:00,50.1704,1
MCH0004,LINE-B,2026-07-06T05:20:00,50.2163,1
MCH0004,LINE-B,2026-07-06T06:00:00,50.2716,1
MCH0004,LINE-B,2026-07-06T06:40:00,50.2317,1
MCH0004,LINE-B,2026-07-06T07:20:00,50.2218,1
MCH0004,LINE-B,2026-07-06T08:00:00,50.2632,1
MCH0004,LINE-B,2026-07-06T08:40:00,50.2281,1
MCH0004,LINE-B,2026-07-06T09:20:00,50.2476,1
MCH0004,LINE-B,2026-07-06T10:00:00,50.2455,1
MCH0004,LINE-B,2026-07-06T10:40:00,50.1933,1
MCH0004,LINE-B,2026-07-06T11:20:00,50.2083,1
MCH0004,LINE-B,2026-07-06T12:00:00,50.1863,1
MCH0004,LINE-B,2026-07-06T12:40:00,50.3081,0
MCH0004,LINE-B,2026-07-06T13:20:00,50.2992,1
MCH0004,LINE-B,2026-07-06T14:00:00,50.3129,0
MCH0004,LINE-B,2026-07-06T14:40:00,50.211,1
MCH0004,LINE-B,2026-07-06T15:20:00,50.3191,0
MCH0004,LINE-B,2026-07-06T16:00:00,50.3549,0
MCH0004,LINE-B,2026-07-06T16:40:00,50.2787,1
MCH0004,LINE-B,2026-07-06T17:20:00,50.284,1
MCH0004,LINE-B,2026-07-06T18:00:00,50.2269,1
MCH0004,LINE-B,2026-07-06T18:40:00,50.2949,1
MCH0004,LINE-B,2026-07-06T19:20:00,50.2651,1
MCH0004,LINE-B,2026-07-06T20:00:00,50.2453,1
MCH0004,LINE-B,2026-07-06T20:40:00,50.2455,1
MCH0004,LINE-B,2026-07-06T21:20:00,50.3341,0
MCH0004,LINE-B,2026-07-06T22:00:00,50.1971,1
MCH0004,LINE-B,2026-07-06T22:40:00,50.2334,1
MCH0004,LINE-B,2026-07-06T23:20:00,50.2898,1
MCH0004,LINE-B,2026-07-07T00:00:00,50.3387,0
MCH0004,LINE-B,2026-07-07T00:40:00,50.3608,0
MCH0004,LINE-B,2026-07-07T01:20:00,50.2808,1
MCH0004,LINE-B,2026-07-07T02:00:00,50.3078,0
MCH0004,LINE-B,2026-07-07T02:40:00,50.32,0
MCH0004,LINE-B,2026-07-07T03:20:00,50.3971,0
MCH0004,LINE-B,2026-07-07T04:00:00,50.2553,1
MCH0004,LINE-B,2026-07-07T04:40:00,50.2783,1
MCH0004,LINE-B,2026-07-07T05:20:00,50.3384,0
MCH0004,LINE-B,2026-07-07T06:00:00,50.2721,1
MCH0004,LINE-B,2026-07-07T06:40:00,50.2878,1
MCH0004,LINE-B,2026-07-07T07:20:00,50.2352,1
MCH0004,LINE-B,2026-07-07T08:00:00,50.3117,0
MCH0004,LINE-B,2026-07-07T08:40:00,50.2408,1
MCH0004,LINE-B,2026-07-07T09:20:00,50.3794,0
MCH0004,LINE-B,2026-07-07T10:00:00,50.343,0
MCH0004,LINE-B,2026-07-07T10:40:00,50.2475,1
MCH0004,LINE-B,2026-07-07T11:20:00,50.2653,1
MCH0004,LINE-B,2026-07-07T12:00:00,50.3889,0
MCH0004,LINE-B,2026-07-07T12:40:00,50.2293,1
MCH0004,LINE-B,2026-07-07T13:20:00,50.319,0
MCH0004,LINE-B,2026-07-07T14:00:00,50.2119,1
MCH0004,LINE-B,2026-07-07T14:40:00,50.3214,0
MCH0004,LINE-B,2026-07-07T15:20:00,50.3003,0
MCH0004,LINE-B,2026-07-07T16:00:00,50.3592,0
MCH0004,LINE-B,2026-07-07T16:40:00,50.3651,0
MCH0004,LINE-B,2026-07-07T17:20:00,50.2639,1
MCH0004,LINE-B,2026-07-07T18:00:00,50.271,1
MCH0004,LINE-B,2026-07-07T18:40:00,50.2907,1
MCH0004,LINE-B,2026-07-07T19:20:00,50.3873,0
MCH0004,LINE-B,2026-07-07T20:00:00,50.2986,1
MCH0004,LINE-B,2026-07-07T20:40:00,50.3592,0
MCH0004,LINE-B,2026-07-07T21:20:00,50.3331,0
MCH0004,LINE-B,2026-07-07T22:00:00,50.3752,0
MCH0004,LINE-B,2026-07-07T22:40:00,50.2706,1
MCH0004,LINE-B,2026-07-07T23:20:00,50.2561,1
MCH0004,LINE-B,2026-07-08T00:00:00,50.3082,0
MCH0004,LINE-B,2026-07-08T00:40:00,50.3272,0
MCH0004,LINE-B,2026-07-08T01:20:00,50.4243,0
MCH0004,LINE-B,2026-07-08T02:00:00,50.4016,0
MCH0004,LINE-B,2026-07-08T02:40:00,50.3581,0
MCH0004,LINE-B,2026-07-08T03:20:00,50.3448,0
MCH0004,LINE-B,2026-07-08T04:00:00,50.3657,0
MCH0004,LINE-B,2026-07-08T04:40:00,50.3,1
MCH0004,LINE-B,2026-07-08T05:20:00,50.4131,0
MCH0004,LINE-B,2026-07-08T06:00:00,50.4523,0
MCH0004,LINE-B,2026-07-08T06:40:00,50.3307,0
MCH0004,LINE-B,2026-07-08T07:20:00,50.3143,0
MCH0004,LINE-B,2026-07-08T08:00:00,50.37,0
MCH0004,LINE-B,2026-07-08T08:40:00,50.2961,1
MCH0004,LINE-B,2026-07-08T09:20:00,50.3514,0
MCH0004,LINE-B,2026-07-08T10:00:00,50.3886,0
MCH0004,LINE-B,2026-07-08T10:40:00,50.3541,0
MCH0004,LINE-B,2026-07-08T11:20:00,50.3374,0
MCH0004,LINE-B,2026-07-08T12:00:00,50.3546,0
MCH0004,LINE-B,2026-07-08T12:40:00,50.3567,0
MCH0004,LINE-B,2026-07-08T13:20:00,50.3753,0
MCH0004,LINE-B,2026-07-08T14:00:00,50.416,0
MCH0004,LINE-B,2026-07-08T14:40:00,50.4438,0
MCH0004,LINE-B,2026-07-08T15:20:00,50.3994,0
MCH0004,LINE-B,2026-07-08T16:00:00,50.3365,0
MCH0004,LINE-B,2026-07-08T16:40:00,50.2951,1
MCH0004,LINE-B,2026-07-08T17:20:00,50.4058,0
MCH0004,LINE-B,2026-07-08T18:00:00,50.3301,0
MCH0004,LINE-B,2026-07-08T18:40:00,50.3205,0
MCH0004,LINE-B,2026-07-08T19:20:00,50.4287,0
MCH0004,LINE-B,2026-07-08T20:00:00,50.3846,0
MCH0004,LINE-B,2026-07-08T20:40:00,50.4268,0
MCH0004,LINE-B,2026-07-08T21:20:00,50.3721,0
MCH0004,LINE-B,2026-07-08T22:00:00,50.4317,0
MCH0004,LINE-B,2026-07-08T22:40:00,50.3271,0
MCH0004,LINE-B,2026-07-08T23:20:00,50.3701,0
MCH0004,LINE-B,2026-07-09T00:00:00,50.3444,0
MCH0004,LINE-B,2026-07-09T00:40:00,50.4205,0
MCH0004,LINE-B,2026-07-09T01:20:00,50.4075,0
MCH0004,LINE-B,2026-07-09T02:00:00,50.2916,1
MCH0004,LINE-B,2026-07-09T02:40:00,50.3597,0
MCH0004,LINE-B,2026-07-09T03:20:00,50.4301,0
MCH0004,LINE-B,2026-07-09T04:00:00,50.367,0
MCH0004,LINE-B,2026-07-09T04:40:00,50.3816,0
MCH0004,LINE-B,2026-07-09T05:20:00,50.3331,0
MCH0004,LINE-B,2026-07-09T06:00:00,50.3396,0
MCH0004,LINE-B,2026-07-09T06:40:00,50.4131,0
MCH0004,LINE-B,2026-07-09T07:20:00,50.3791,0
MCH0004,LINE-B,2026-07-09T08:00:00,50.4456,0
MCH0004,LINE-B,2026-07-09T08:40:00,50.4083,0
MCH0004,LINE-B,2026-07-09T09:20:00,50.3886,0
MCH0004,LINE-B,2026-07-09T10:00:00,50.3711,0
MCH0004,LINE-B,2026-07-09T10:40:00,50.4628,0
MCH0004,LINE-B,2026-07-09T11:20:00,50.4857,0
MCH0004,LINE-B,2026-07-09T12:00:00,50.4307,0
MCH0004,LINE-B,2026-07-09T12:40:00,50.4589,0
MCH0004,LINE-B,2026-07-09T13:20:00,50.413,0
MCH0004,LINE-B,2026-07-09T14:00:00,50.4688,0
MCH0004,LINE-B,2026-07-09T14:40:00,50.4522,0
MCH0004,LINE-B,2026-07-09T15:20:00,50.4156,0
MCH0004,LINE-B,2026-07-09T16:00:00,50.4004,0
MCH0004,LINE-B,2026-07-09T16:40:00,50.4441,0
MCH0004,LINE-B,2026-07-09T17:20:00,50.3536,0
MCH0004,LINE-B,2026-07-09T18:00:00,50.3496,0
MCH0004,LINE-B,2026-07-09T18:40:00,50.3387,0
MCH0004,LINE-B,2026-07-09T19:20:00,50.3474,0
MCH0004,LINE-B,2026-07-09T20:00:00,50.404,0
MCH0004,LINE-B,2026-07-09T20:40:00,50.385,0
MCH0004,LINE-B,2026-07-09T21:20:00,50.413,0
MCH0004,LINE-B,2026-07-09T22:00:00,50.3601,0
MCH0004,LINE-B,2026-07-09T22:40:00,50.34,0
MCH0004,LINE-B,2026-07-09T23:20:00,50.4495,0
MCH0004,LINE-B,2026-07-10T00:00:00,50.4447,0
MCH0004,LINE-B,2026-07-10T00:40:00,50.4437,0
MCH0004,LINE-B,2026-07-10T01:20:00,50.4736,0
MCH0004,LINE-B,2026-07-10T02:00:00,50.341,0
MCH0004,LINE-B,2026-07-10T02:40:00,50.4278,0
MCH0004,LINE-B,2026-07-10T03:20:00,50.342,0
MCH0004,LINE-B,2026-07-10T04:00:00,50.4321,0
MCH0004,LINE-B,2026-07-10T04:40:00,50.3522,0
MCH0004,LINE-B,2026-07-10T05:20:00,50.4276,0
MCH0004,LINE-B,2026-07-10T06:00:00,50.4473,0
MCH0004,LINE-B,2026-07-10T06:40:00,50.3981,0
MCH0004,LINE-B,2026-07-10T07:20:00,50.4341,0
MCH0004,LINE-B,2026-07-10T08:00:00,50.4155,0
MCH0004,LINE-B,2026-07-10T08:40:00,50.4333,0
MCH0004,LINE-B,2026-07-10T09:20:00,50.4871,0
MCH0004,LINE-B,2026-07-10T10:00:00,50.3413,0
MCH0004,LINE-B,2026-07-10T10:40:00,50.4664,0
MCH0004,LINE-B,2026-07-10T11:20:00,50.5026,0
MCH0004,LINE-B,2026-07-10T12:00:00,50.4397,0
MCH0004,LINE-B,2026-07-10T12:40:00,50.5168,0
MCH0004,LINE-B,2026-07-10T13:20:00,50.4225,0
MCH0004,LINE-B,2026-07-10T14:00:00,50.5636,0
MCH0004,LINE-B,2026-07-10T14:40:00,50.417,0
MCH0004,LINE-B,2026-07-10T15:20:00,50.4836,0
MCH0004,LINE-B,2026-07-10T16:00:00,50.4521,0
MCH0004,LINE-B,2026-07-10T16:40:00,50.508,0
MCH0004,LINE-B,2026-07-10T17:20:00,50.5106,0
MCH0004,LINE-B,2026-07-10T18:00:00,50.4459,0
MCH0004,LINE-B,2026-07-10T18:40:00,50.4958,0
MCH0004,LINE-B,2026-07-10T19:20:00,50.4595,0
MCH0004,LINE-B,2026-07-10T20:00:00,50.3935,0
MCH0004,LINE-B,2026-07-10T20:40:00,50.4296,0
MCH0004,LINE-B,2026-07-10T21:20:00,50.4129,0
MCH0004,LINE-B,2026-07-10T22:00:00,50.4478,0
MCH0004,LINE-B,2026-07-10T22:40:00,50.4299,0
MCH0004,LINE-B,2026-07-10T23:20:00,50.487,0
MCH0004,LINE-B,2026-07-11T00:00:00,50.4756,0
MCH0004,LINE-B,2026-07-11T00:40:00,50.4242,0
MCH0004,LINE-B,2026-07-11T01:20:00,50.4641,0
MCH0004,LINE-B,2026-07-11T02:00:00,50.4671,0
MCH0004,LINE-B,2026-07-11T02:40:00,50.5553,0
MCH0004,LINE-B,2026-07-11T03:20:00,50.4456,0
MCH0004,LINE-B,2026-07-11T04:00:00,50.484,0
MCH0004,LINE-B,2026-07-11T04:40:00,50.4726,0
MCH0004,LINE-B,2026-07-11T05:20:00,50.4473,0
MCH0004,LINE-B,2026-07-11T06:00:00,50.5403,0
MCH0004,LINE-B,2026-07-11T06:40:00,50.5488,0
MCH0004,LINE-B,2026-07-11T07:20:00,50.4035,0
MCH0004,LINE-B,2026-07-11T08:00:00,50.4318,0
MCH0004,LINE-B,2026-07-11T08:40:00,50.5326,0
MCH0004,LINE-B,2026-07-11T09:20:00,50.4015,0
MCH0004,LINE-B,2026-07-11T10:00:00,50.4549,0
MCH0004,LINE-B,2026-07-11T10:40:00,50.4758,0
MCH0004,LINE-B,2026-07-11T11:20:00,50.4716,0
MCH0004,LINE-B,2026-07-11T12:00:00,50.486,0
MCH0004,LINE-B,2026-07-11T12:40:00,50.4599,0
MCH0004,LINE-B,2026-07-11T13:20:00,50.413,0
MCH0004,LINE-B,2026-07-11T14:00:00,50.4607,0
MCH0004,LINE-B,2026-07-11T14:40:00,50.5443,0
MCH0004,LINE-B,2026-07-11T15:20:00,50.5111,0
MCH0004,LINE-B,2026-07-11T16:00:00,50.4997,0
MCH0004,LINE-B,2026-07-11T16:40:00,50.5693,0
MCH0004,LINE-B,2026-07-11T17:20:00,50.3492,0
MCH0004,LINE-B,2026-07-11T18:00:00,50.5504,0
MCH0004,LINE-B,2026-07-11T18:40:00,50.472,0
MCH0004,LINE-B,2026-07-11T19:20:00,50.5549,0
MCH0004,LINE-B,2026-07-11T20:00:00,50.4718,0
MCH0004,LINE-B,2026-07-11T20:40:00,50.472,0
MCH0004,LINE-B,2026-07-11T21:20:00,50.5877,0
MCH0004,LINE-B,2026-07-11T22:00:00,50.505,0
MCH0004,LINE-B,2026-07-11T22:40:00,50.4876,0
MCH0004,LINE-B,2026-07-11T23:20:00,50.4343,0
MCH0004,LINE-B,2026-07-12T00:00:00,50.4683,0
MCH0004,LINE-B,2026-07-12T00:40:00,50.5229,0
MCH0004,LINE-B,2026-07-12T01:20:00,50.4628,0
MCH0004,LINE-B,2026-07-12T02:00:00,50.515,0
MCH0004,LINE-B,2026-07-12T02:40:00,50.551,0
MCH0004,LINE-B,2026-07-12T03:20:00,50.4605,0
MCH0004,LINE-B,2026-07-12T04:00:00,50.5295,0
MCH0004,LINE-B,2026-07-12T04:40:00,50.5537,0
MCH0004,LINE-B,2026-07-12T05:20:00,50.5766,0
MCH0004,LINE-B,2026-07-12T06:00:00,50.5844,0
MCH0004,LINE-B,2026-07-12T06:40:00,50.487,0
MCH0004,LINE-B,2026-07-12T07:20:00,50.6359,0
MCH0004,LINE-B,2026-07-12T08:00:00,50.4341,0
MCH0004,LINE-B,2026-07-12T08:40:00,50.5099,0
MCH0004,LINE-B,2026-07-12T09:20:00,50.4765,0
MCH0004,LINE-B,2026-07-12T10:00:00,50.6537,0
MCH0004,LINE-B,2026-07-12T10:40:00,50.4986,0
MCH0004,LINE-B,2026-07-12T11:20:00,50.533,0
MCH0004,LINE-B,2026-07-12T12:00:00,50.5194,0
MCH0004,LINE-B,2026-07-12T12:40:00,50.4334,0
MCH0004,LINE-B,2026-07-12T13:20:00,50.4583,0
MCH0004,LINE-B,2026-07-12T14:00:00,50.6065,0
MCH0004,LINE-B,2026-07-12T14:40:00,50.4498,0
MCH0004,LINE-B,2026-07-12T15:20:00,50.6298,0
MCH0004,LINE-B,2026-07-12T16:00:00,50.4335,0
MCH0004,LINE-B,2026-07-12T16:40:00,50.5974,0
MCH0004,LINE-B,2026-07-12T17:20:00,50.6494,0
MCH0004,LINE-B,2026-07-12T18:00:00,50.4871,0
MCH0004,LINE-B,2026-07-12T18:40:00,50.5343,0
MCH0004,LINE-B,2026-07-12T19:20:00,50.5504,0
MCH0004,LINE-B,2026-07-12T20:00:00,50.5338,0
MCH0004,LINE-B,2026-07-12T20:40:00,50.5081,0
MCH0004,LINE-B,2026-07-12T21:20:00,50.5863,0
MCH0004,LINE-B,2026-07-12T22:00:00,50.4914,0
MCH0004,LINE-B,2026-07-12T22:40:00,50.4936,0
MCH0004,LINE-B,2026-07-12T23:20:00,50.6049,0
MCH0004,LINE-B,2026-07-13T00:00:00,50.568,0
MCH0004,LINE-B,2026-07-13T00:40:00,50.5731,0
MCH0004,LINE-B,2026-07-13T01:20:00,50.5884,0
MCH0004,LINE-B,2026-07-13T02:00:00,50.5091,0
MCH0004,LINE-B,2026-07-13T02:40:00,50.5715,0
MCH0004,LINE-B,2026-07-13T03:20:00,50.6053,0
MCH0004,LINE-B,2026-07-13T04:00:00,50.5226,0
MCH0004,LINE-B,2026-07-13T04:40:00,50.5999,0
MCH0004,LINE-B,2026-07-13T05:20:00,50.588,0
MCH0004,LINE-B,2026-07-13T06:00:00,50.4505,0
MCH0004,LINE-B,2026-07-13T06:40:00,50.579,0
MCH0004,LINE-B,2026-07-13T07:20:00,50.5447,0
MCH0004,LINE-B,2026-07-13T08:00:00,50.5069,0
MCH0004,LINE-B,2026-07-13T08:40:00,50.649,0
MCH0004,LINE-B,2026-07-13T09:20:00,50.5853,0
MCH0004,LINE-B,2026-07-13T10:00:00,50.6034,0
MCH0004,LINE-B,2026-07-13T10:40:00,50.545,0
MCH0004,LINE-B,2026-07-13T11:20:00,50.6211,0
MCH0004,LINE-B,2026-07-13T12:00:00,50.678,0
MCH0004,LINE-B,2026-07-13T12:40:00,50.6391,0
MCH0004,LINE-B,2026-07-13T13:20:00,50.5477,0
MCH0004,LINE-B,2026-07-13T14:00:00,50.5769,0
MCH0004,LINE-B,2026-07-13T14:40:00,50.5604,0
MCH0004,LINE-B,2026-07-13T15:20:00,50.5747,0
MCH0004,LINE-B,2026-07-13T16:00:00,50.5895,0
MCH0004,LINE-B,2026-07-13T16:40:00,50.5321,0
MCH0004,LINE-B,2026-07-13T17:20:00,50.556,0
MCH0004,LINE-B,2026-07-13T18:00:00,50.6377,0
MCH0004,LINE-B,2026-07-13T18:40:00,50.6024,0
MCH0004,LINE-B,2026-07-13T19:20:00,50.6967,0
MCH0004,LINE-B,2026-07-13T20:00:00,50.6174,0
MCH0004,LINE-B,2026-07-13T20:40:00,50.6394,0
MCH0004,LINE-B,2026-07-13T21:20:00,50.7158,0
MCH0004,LINE-B,2026-07-13T22:00:00,50.6913,0
MCH0004,LINE-B,2026-07-13T22:40:00,50.55,0
MCH0004,LINE-B,2026-07-13T23:20:00,50.6173,0
MCH0004,LINE-B,2026-07-14T00:00:00,50.5719,0
MCH0004,LINE-B,2026-07-14T00:40:00,50.5921,0
MCH0004,LINE-B,2026-07-14T01:20:00,50.6351,0
MCH0004,LINE-B,2026-07-14T02:00:00,50.6261,0
MCH0004,LINE-B,2026-07-14T02:40:00,50.6093,0
MCH0004,LINE-B,2026-07-14T03:20:00,50.0773,1
MCH0004,LINE-B,2026-07-14T04:00:00,50.0994,1
MCH0004,LINE-B,2026-07-14T04:40:00,50.0956,1
MCH0004,LINE-B,2026-07-14T05:20:00,50.0983,1
MCH0004,LINE-B,2026-07-14T06:00:00,49.9348,1
MCH0004,LINE-B,2026-07-14T06:40:00,49.9407,1
MCH0004,LINE-B,2026-07-14T07:20:00,50.0196,1
MCH0004,LINE-B,2026-07-14T08:00:00,49.9659,1
MCH0004,LINE-B,2026-07-14T08:40:00,50.0831,1
MCH0004,LINE-B,2026-07-14T09:20:00,50.007,1
MCH0004,LINE-B,2026-07-14T10:00:00,50.0975,1
MCH0004,LINE-B,2026-07-14T10:40:00,49.9872,1
MCH0004,LINE-B,2026-07-14T11:20:00,50.0524,1
MCH0004,LINE-B,2026-07-14T12:00:00,49.9241,1
MCH0004,LINE-B,2026-07-14T12:40:00,50.1232,1
MCH0004,LINE-B,2026-07-14T13:20:00,50.0473,1
MCH0004,LINE-B,2026-07-14T14:00:00,49.946,1
MCH0004,LINE-B,2026-07-14T14:40:00,50.0304,1
MCH0004,LINE-B,2026-07-14T15:20:00,50.006,1
MCH0004,LINE-B,2026-07-14T16:00:00,50.0775,1
MCH0004,LINE-B,2026-07-14T16:40:00,50.0747,1
MCH0004,LINE-B,2026-07-14T17:20:00,50.0959,1
MCH0004,LINE-B,2026-07-14T18:00:00,50.0728,1
MCH0004,LINE-B,2026-07-14T18:40:00,50.1417,1
MCH0004,LINE-B,2026-07-14T19:20:00,50.0021,1
MCH0004,LINE-B,2026-07-14T20:00:00,49.933,1
MCH0004,LINE-B,2026-07-14T20:40:00,50.0329,1
MCH0004,LINE-B,2026-07-14T21:20:00,50.0309,1
MCH0004,LINE-B,2026-07-14T22:00:00,49.9774,1
MCH0004,LINE-B,2026-07-14T22:40:00,50.0817,1
MCH0004,LINE-B,2026-07-14T23:20:00,49.9984,1
MCH0004,LINE-B,2026-07-15T00:00:00,50.1055,1
MCH0004,LINE-B,2026-07-15T00:40:00,50.0664,1
MCH0004,LINE-B,2026-07-15T01:20:00,50.047,1
MCH0004,LINE-B,2026-07-15T02:00:00,50.0764,1
MCH0004,LINE-B,2026-07-15T02:40:00,50.0983,1
MCH0004,LINE-B,2026-07-15T03:20:00,50.0077,1
MCH0004,LINE-B,2026-07-15T04:00:00,49.975,1
MCH0004,LINE-B,2026-07-15T04:40:00,50.0381,1
MCH0004,LINE-B,2026-07-15T05:20:00,50.1305,1
MCH0004,LINE-B,2026-07-15T06:00:00,50.017,1
MCH0004,LINE-B,2026-07-15T06:40:00,50.0357,1
MCH0004,LINE-B,2026-07-15T07:20:00,50.0162,1
MCH0004,LINE-B,2026-07-15T08:00:00,50.0271,1
MCH0004,LINE-B,2026-07-15T08:40:00,49.9746,1
MCH0004,LINE-B,2026-07-15T09:20:00,49.8755,1
MCH0004,LINE-B,2026-07-15T10:00:00,50.0564,1
MCH0004,LINE-B,2026-07-15T10:40:00,50.0071,1
MCH0004,LINE-B,2026-07-15T11:20:00,50.0324,1
MCH0004,LINE-B,2026-07-15T12:00:00,50.0048,1
MCH0004,LINE-B,2026-07-15T12:40:00,50.0106,1
MCH0004,LINE-B,2026-07-15T13:20:00,49.9337,1
MCH0004,LINE-B,2026-07-15T14:00:00,50.1234,1
MCH0004,LINE-B,2026-07-15T14:40:00,49.945,1
MCH0004,LINE-B,2026-07-15T15:20:00,50.0049,1
MCH0004,LINE-B,2026-07-15T16:00:00,50.0788,1
MCH0004,LINE-B,2026-07-15T16:40:00,50.0533,1
MCH0004,LINE-B,2026-07-15T17:20:00,50.0015,1
MCH0004,LINE-B,2026-07-15T18:00:00,50.0083,1
MCH0004,LINE-B,2026-07-15T18:40:00,50.0852,1
MCH0004,LINE-B,2026-07-15T19:20:00,50.016,1
MCH0004,LINE-B,2026-07-15T20:00:00,50.1408,1
MCH0004,LINE-B,2026-07-15T20:40:00,50.0477,1
MCH0004,LINE-B,2026-07-15T21:20:00,50.1856,1
MCH0004,LINE-B,2026-07-15T22:00:00,50.0829,1
MCH0004,LINE-B,2026-07-15T22:40:00,50.0591,1
MCH0004,LINE-B,2026-07-15T23:20:00,50.0718,1
MCH0004,LINE-B,2026-07-16T00:00:00,50.0961,1
MCH0004,LINE-B,2026-07-16T00:40:00,50.0649,1
MCH0004,LINE-B,2026-07-16T01:20:00,50.0978,1
MCH0004,LINE-B,2026-07-16T02:00:00,50.082,1
MCH0004,LINE-B,2026-07-16T02:40:00,49.9857,1
MCH0004,LINE-B,2026-07-16T03:20:00,50.0482,1
MCH0004,LINE-B,2026-07-16T04:00:00,50.0587,1
MCH0004,LINE-B,2026-07-16T04:40:00,50.0525,1
MCH0004,LINE-B,2026-07-16T05:20:00,50.1676,1
MCH0004,LINE-B,2026-07-16T06:00:00,50.0802,1
MCH0004,LINE-B,2026-07-16T06:40:00,50.1044,1
MCH0004,LINE-B,2026-07-16T07:20:00,50.1886,1
MCH0004,LINE-B,2026-07-16T08:00:00,49.9347,1
MCH0004,LINE-B,2026-07-16T08:40:00,50.0731,1
MCH0004,LINE-B,2026-07-16T09:20:00,50.029,1
MCH0004,LINE-B,2026-07-16T10:00:00,50.1181,1
MCH0004,LINE-B,2026-07-16T10:40:00,50.0876,1
MCH0004,LINE-B,2026-07-16T11:20:00,50.0192,1
MCH0004,LINE-B,2026-07-16T12:00:00,50.0645,1
MCH0004,LINE-B,2026-07-16T12:40:00,50.1188,1
MCH0004,LINE-B,2026-07-16T13:20:00,50.0717,1
MCH0004,LINE-B,2026-07-16T14:00:00,50.0882,1
MCH0004,LINE-B,2026-07-16T14:40:00,50.1353,1
MCH0004,LINE-B,2026-07-16T15:20:00,50.0979,1
MCH0004,LINE-B,2026-07-16T16:00:00,50.05,1
MCH0004,LINE-B,2026-07-16T16:40:00,50.2111,1
MCH0004,LINE-B,2026-07-16T17:20:00,50.0598,1
MCH0004,LINE-B,2026-07-16T18:00:00,50.0681,1
MCH0004,LINE-B,2026-07-16T18:40:00,50.0782,1
MCH0004,LINE-B,2026-07-16T19:20:00,50.1262,1
MCH0004,LINE-B,2026-07-16T20:00:00,50.0734,1
MCH0004,LINE-B,2026-07-16T20:40:00,50.1238,1
MCH0004,LINE-B,2026-07-16T21:20:00,50.1238,1
MCH0004,LINE-B,2026-07-16T22:00:00,50.064,1
MCH0004,LINE-B,2026-07-16T22:40:00,50.0767,1
MCH0004,LINE-B,2026-07-16T23:20:00,50.1258,1
MCH0004,LINE-B,2026-07-17T00:00:00,50.0913,1
MCH0004,LINE-B,2026-07-17T00:40:00,50.0934,1
MCH0004,LINE-B,2026-07-17T01:20:00,50.0861,1
MCH0004,LINE-B,2026-07-17T02:00:00,50.0685,1
MCH0004,LINE-B,2026-07-17T02:40:00,50.0587,1
MCH0004,LINE-B,2026-07-17T03:20:00,50.1434,1
MCH0004,LINE-B,2026-07-17T04:00:00,50.0988,1
MCH0004,LINE-B,2026-07-17T04:40:00,50.0325,1
MCH0004,LINE-B,2026-07-17T05:20:00,50.1922,1
MCH0004,LINE-B,2026-07-17T06:00:00,50.1014,1
MCH0004,LINE-B,2026-07-17T06:40:00,50.0515,1
MCH0004,LINE-B,2026-07-17T07:20:00,50.0875,1
MCH0004,LINE-B,2026-07-17T08:00:00,50.0565,1
MCH0004,LINE-B,2026-07-17T08:40:00,50.0235,1
MCH0004,LINE-B,2026-07-17T09:20:00,50.0624,1
MCH0004,LINE-B,2026-07-17T10:00:00,50.1629,1
MCH0004,LINE-B,2026-07-17T10:40:00,50.1026,1
MCH0004,LINE-B,2026-07-17T11:20:00,50.1372,1
MCH0004,LINE-B,2026-07-17T12:00:00,50.1437,1
MCH0004,LINE-B,2026-07-17T12:40:00,50.0438,1
MCH0004,LINE-B,2026-07-17T13:20:00,50.076,1
MCH0004,LINE-B,2026-07-17T14:00:00,50.1245,1
MCH0004,LINE-B,2026-07-17T14:40:00,50.1471,1
MCH0004,LINE-B,2026-07-17T15:20:00,50.0475,1
MCH0004,LINE-B,2026-07-17T16:00:00,50.0056,1
MCH0004,LINE-B,2026-07-17T16:40:00,50.1624,1
MCH0004,LINE-B,2026-07-17T17:20:00,50.1365,1
MCH0004,LINE-B,2026-07-17T18:00:00,50.0295,1
MCH0004,LINE-B,2026-07-17T18:40:00,50.1946,1
MCH0004,LINE-B,2026-07-17T19:20:00,50.1975,1
MCH0004,LINE-B,2026-07-17T20:00:00,50.1976,1
MCH0004,LINE-B,2026-07-17T20:40:00,50.1209,1
MCH0004,LINE-B,2026-07-17T21:20:00,50.1321,1
MCH0004,LINE-B,2026-07-17T22:00:00,50.2001,1
MCH0004,LINE-B,2026-07-17T22:40:00,50.1582,1
MCH0004,LINE-B,2026-07-17T23:20:00,50.1596,1
MCH0004,LINE-B,2026-07-18T00:00:00,50.1417,1
MCH0004,LINE-B,2026-07-18T00:40:00,50.0693,1
MCH0004,LINE-B,2026-07-18T01:20:00,50.092,1
MCH0004,LINE-B,2026-07-18T02:00:00,50.1098,1
MCH0004,LINE-B,2026-07-18T02:40:00,50.1446,1
MCH0004,LINE-B,2026-07-18T03:20:00,50.1293,1
MCH0004,LINE-B,2026-07-18T04:00:00,50.1252,1
MCH0004,LINE-B,2026-07-18T04:40:00,50.1379,1
MCH0004,LINE-B,2026-07-18T05:20:00,50.1266,1
MCH0004,LINE-B,2026-07-18T06:00:00,50.044,1
MCH0004,LINE-B,2026-07-18T06:40:00,50.146,1
MCH0004,LINE-B,2026-07-18T07:20:00,50.0661,1
MCH0004,LINE-B,2026-07-18T08:00:00,50.1245,1
MCH0004,LINE-B,2026-07-18T08:40:00,50.0668,1
MCH0004,LINE-B,2026-07-18T09:20:00,50.1445,1
MCH0004,LINE-B,2026-07-18T10:00:00,50.1012,1
MCH0004,LINE-B,2026-07-18T10:40:00,50.1089,1
MCH0004,LINE-B,2026-07-18T11:20:00,50.2007,1
MCH0004,LINE-B,2026-07-18T12:00:00,50.1244,1
MCH0004,LINE-B,2026-07-18T12:40:00,50.1682,1
MCH0004,LINE-B,2026-07-18T13:20:00,50.0724,1
MCH0004,LINE-B,2026-07-18T14:00:00,50.1299,1
MCH0004,LINE-B,2026-07-18T14:40:00,50.0973,1
MCH0004,LINE-B,2026-07-18T15:20:00,50.2492,1
MCH0004,LINE-B,2026-07-18T16:00:00,50.038,1
MCH0004,LINE-B,2026-07-18T16:40:00,50.0975,1
MCH0004,LINE-B,2026-07-18T17:20:00,50.1583,1
MCH0004,LINE-B,2026-07-18T18:00:00,50.1786,1
MCH0004,LINE-B,2026-07-18T18:40:00,50.1499,1
MCH0004,LINE-B,2026-07-18T19:20:00,50.219,1
MCH0004,LINE-B,2026-07-18T20:00:00,50.1427,1
MCH0004,LINE-B,2026-07-18T20:40:00,50.136,1
MCH0004,LINE-B,2026-07-18T21:20:00,50.2193,1
MCH0004,LINE-B,2026-07-18T22:00:00,50.1565,1
MCH0004,LINE-B,2026-07-18T22:40:00,50.1693,1
MCH0004,LINE-B,2026-07-18T23:20:00,50.1234,1
MCH0004,LINE-B,2026-07-19T00:00:00,50.1149,1
MCH0004,LINE-B,2026-07-19T00:40:00,50.1452,1
MCH0004,LINE-B,2026-07-19T01:20:00,50.1651,1
MCH0004,LINE-B,2026-07-19T02:00:00,50.1694,1
MCH0004,LINE-B,2026-07-19T02:40:00,50.1944,1
MCH0004,LINE-B,2026-07-19T03:20:00,50.1857,1
MCH0004,LINE-B,2026-07-19T04:00:00,50.2023,1
MCH0004,LINE-B,2026-07-19T04:40:00,50.1678,1
MCH0004,LINE-B,2026-07-19T05:20:00,50.1656,1
MCH0004,LINE-B,2026-07-19T06:00:00,50.1482,1
MCH0004,LINE-B,2026-07-19T06:40:00,50.1893,1
MCH0004,LINE-B,2026-07-19T07:20:00,50.2014,1
MCH0004,LINE-B,2026-07-19T08:00:00,50.1673,1
MCH0004,LINE-B,2026-07-19T08:40:00,50.1399,1
MCH0004,LINE-B,2026-07-19T09:20:00,50.2048,1
MCH0004,LINE-B,2026-07-19T10:00:00,50.1194,1
MCH0004,LINE-B,2026-07-19T10:40:00,50.1543,1
MCH0004,LINE-B,2026-07-19T11:20:00,50.2323,1
MCH0004,LINE-B,2026-07-19T12:00:00,50.1928,1
MCH0004,LINE-B,2026-07-19T12:40:00,50.1488,1
MCH0004,LINE-B,2026-07-19T13:20:00,50.1419,1
MCH0004,LINE-B,2026-07-19T14:00:00,50.1715,1
MCH0004,LINE-B,2026-07-19T14:40:00,50.1387,1
MCH0004,LINE-B,2026-07-19T15:20:00,50.1939,1
MCH0004,LINE-B,2026-07-19T16:00:00,50.1146,1
MCH0004,LINE-B,2026-07-19T16:40:00,50.2019,1
MCH0004,LINE-B,2026-07-19T17:20:00,50.1852,1
MCH0004,LINE-B,2026-07-19T18:00:00,50.2042,1
MCH0004,LINE-B,2026-07-19T18:40:00,50.0956,1
MCH0004,LINE-B,2026-07-19T19:20:00,50.1614,1
MCH0004,LINE-B,2026-07-19T20:00:00,50.2032,1
MCH0004,LINE-B,2026-07-19T20:40:00,50.172,1
MCH0004,LINE-B,2026-07-19T21:20:00,50.1731,1
MCH0004,LINE-B,2026-07-19T22:00:00,50.1672,1
MCH0004,LINE-B,2026-07-19T22:40:00,50.1789,1
MCH0004,LINE-B,2026-07-19T23:20:00,50.2642,1
MCH0004,LINE-B,2026-07-20T00:00:00,50.2457,1
MCH0004,LINE-B,2026-07-20T00:40:00,50.2059,1
MCH0004,LINE-B,2026-07-20T01:20:00,50.2411,1
MCH0004,LINE-B,2026-07-20T02:00:00,50.192,1
MCH0004,LINE-B,2026-07-20T02:40:00,50.1339,1
MCH0004,LINE-B,2026-07-20T03:20:00,50.158,1
MCH0004,LINE-B,2026-07-20T04:00:00,50.2148,1
MCH0004,LINE-B,2026-07-20T04:40:00,50.264,1
MCH0004,LINE-B,2026-07-20T05:20:00,50.2844,1
MCH0004,LINE-B,2026-07-20T06:00:00,50.1614,1
MCH0004,LINE-B,2026-07-20T06:40:00,50.2118,1
MCH0004,LINE-B,2026-07-20T07:20:00,50.2048,1
MCH0004,LINE-B,2026-07-20T08:00:00,50.1503,1
MCH0004,LINE-B,2026-07-20T08:40:00,50.1848,1
MCH0004,LINE-B,2026-07-20T09:20:00,50.1393,1
MCH0004,LINE-B,2026-07-20T10:00:00,50.218,1
MCH0004,LINE-B,2026-07-20T10:40:00,50.1708,1
MCH0004,LINE-B,2026-07-20T11:20:00,50.1954,1
MCH0004,LINE-B,2026-07-20T12:00:00,50.1834,1
MCH0004,LINE-B,2026-07-20T12:40:00,50.2435,1
MCH0004,LINE-B,2026-07-20T13:20:00,50.2185,1
MCH0004,LINE-B,2026-07-20T14:00:00,50.1334,1
MCH0004,LINE-B,2026-07-20T14:40:00,50.2424,1
MCH0004,LINE-B,2026-07-20T15:20:00,50.1582,1
MCH0004,LINE-B,2026-07-20T16:00:00,50.1671,1
MCH0004,LINE-B,2026-07-20T16:40:00,50.2176,1
MCH0004,LINE-B,2026-07-20T17:20:00,50.2637,1
MCH0004,LINE-B,2026-07-20T18:00:00,50.0956,1
MCH0004,LINE-B,2026-07-20T18:40:00,50.2102,1
MCH0004,LINE-B,2026-07-20T19:20:00,50.2426,1
MCH0004,LINE-B,2026-07-20T20:00:00,50.2395,1
MCH0004,LINE-B,2026-07-20T20:40:00,50.1589,1
MCH0004,LINE-B,2026-07-20T21:20:00,50.1784,1
MCH0004,LINE-B,2026-07-20T22:00:00,50.2143,1
MCH0004,LINE-B,2026-07-20T22:40:00,50.2277,1
MCH0004,LINE-B,2026-07-20T23:20:00,50.2222,1
MCH0004,LINE-B,2026-07-21T00:00:00,50.1902,1
MCH0004,LINE-B,2026-07-21T00:40:00,50.2726,1
MCH0004,LINE-B,2026-07-21T01:20:00,50.1643,1
MCH0004,LINE-B,2026-07-21T02:00:00,50.2485,1
MCH0004,LINE-B,2026-07-21T02:40:00,50.2363,1
MCH0004,LINE-B,2026-07-21T03:20:00,50.2507,1
MCH0004,LINE-B,2026-07-21T04:00:00,50.1663,1
MCH0004,LINE-B,2026-07-21T04:40:00,50.1421,1
MCH0004,LINE-B,2026-07-21T05:20:00,50.2499,1
MCH0004,LINE-B,2026-07-21T06:00:00,50.1275,1
MCH0004,LINE-B,2026-07-21T06:40:00,50.1733,1
MCH0004,LINE-B,2026-07-21T07:20:00,50.2628,1
MCH0004,LINE-B,2026-07-21T08:00:00,50.2535,1
MCH0004,LINE-B,2026-07-21T08:40:00,50.2075,1
MCH0004,LINE-B,2026-07-21T09:20:00,50.1678,1
MCH0004,LINE-B,2026-07-21T10:00:00,50.2442,1
MCH0004,LINE-B,2026-07-21T10:40:00,50.1801,1
MCH0004,LINE-B,2026-07-21T11:20:00,50.1814,1
MCH0004,LINE-B,2026-07-21T12:00:00,50.2677,1
MCH0004,LINE-B,2026-07-21T12:40:00,50.279,1
MCH0004,LINE-B,2026-07-21T13:20:00,50.3112,0
MCH0004,LINE-B,2026-07-21T14:00:00,50.2676,1
MCH0004,LINE-B,2026-07-21T14:40:00,50.2595,1
MCH0004,LINE-B,2026-07-21T15:20:00,50.2191,1
MCH0004,LINE-B,2026-07-21T16:00:00,50.2219,1
MCH0004,LINE-B,2026-07-21T16:40:00,50.2666,1
MCH0004,LINE-B,2026-07-21T17:20:00,50.1588,1
MCH0004,LINE-B,2026-07-21T18:00:00,50.2454,1
MCH0004,LINE-B,2026-07-21T18:40:00,50.2944,1
MCH0004,LINE-B,2026-07-21T19:20:00,50.3549,0
MCH0004,LINE-B,2026-07-21T20:00:00,50.2877,1
MCH0004,LINE-B,2026-07-21T20:40:00,50.2213,1
MCH0004,LINE-B,2026-07-21T21:20:00,50.2395,1
MCH0004,LINE-B,2026-07-21T22:00:00,50.2786,1
MCH0004,LINE-B,2026-07-21T22:40:00,50.1399,1
MCH0004,LINE-B,2026-07-21T23:20:00,50.3628,0
MCH0004,LINE-B,2026-07-22T00:00:00,50.2426,1
MCH0004,LINE-B,2026-07-22T00:40:00,50.2687,1
MCH0004,LINE-B,2026-07-22T01:20:00,50.297,1
MCH0004,LINE-B,2026-07-22T02:00:00,50.2722,1
MCH0004,LINE-B,2026-07-22T02:40:00,50.2696,1
MCH0004,LINE-B,2026-07-22T03:20:00,50.3378,0
MCH0004,LINE-B,2026-07-22T04:00:00,50.1551,1
MCH0004,LINE-B,2026-07-22T04:40:00,50.1817,1
MCH0004,LINE-B,2026-07-22T05:20:00,50.3079,0
MCH0004,LINE-B,2026-07-22T06:00:00,50.16,1
MCH0004,LINE-B,2026-07-22T06:40:00,50.3183,0
MCH0004,LINE-B,2026-07-22T07:20:00,50.2437,1
MCH0004,LINE-B,2026-07-22T08:00:00,50.3089,0
MCH0004,LINE-B,2026-07-22T08:40:00,50.2797,1
MCH0004,LINE-B,2026-07-22T09:20:00,50.3333,0
MCH0004,LINE-B,2026-07-22T10:00:00,50.2829,1
MCH0004,LINE-B,2026-07-22T10:40:00,50.3461,0
MCH0004,LINE-B,2026-07-22T11:20:00,50.3194,0
MCH0004,LINE-B,2026-07-22T12:00:00,50.1666,1
MCH0004,LINE-B,2026-07-22T12:40:00,50.1731,1
MCH0004,LINE-B,2026-07-22T13:20:00,50.3086,0
MCH0004,LINE-B,2026-07-22T14:00:00,50.2454,1
MCH0004,LINE-B,2026-07-22T14:40:00,50.1955,1
MCH0004,LINE-B,2026-07-22T15:20:00,50.3013,0
MCH0004,LINE-B,2026-07-22T16:00:00,50.2812,1
MCH0004,LINE-B,2026-07-22T16:40:00,50.2266,1
MCH0004,LINE-B,2026-07-22T17:20:00,50.257,1
MCH0004,LINE-B,2026-07-22T18:00:00,50.2312,1
MCH0004,LINE-B,2026-07-22T18:40:00,50.2056,1
MCH0004,LINE-B,2026-07-22T19:20:00,50.23,1
MCH0004,LINE-B,2026-07-22T20:00:00,50.1108,1
MCH0004,LINE-B,2026-07-22T20:40:00,50.2524,1
MCH0004,LINE-B,2026-07-22T21:20:00,50.2468,1
MCH0004,LINE-B,2026-07-22T22:00:00,50.248,1
MCH0004,LINE-B,2026-07-22T22:40:00,50.2345,1
MCH0004,LINE-B,2026-07-22T23:20:00,50.369,0
MCH0004,LINE-B,2026-07-23T00:00:00,50.2108,1
MCH0004,LINE-B,2026-07-23T00:40:00,50.3267,0
MCH0004,LINE-B,2026-07-23T01:20:00,50.2394,1
MCH0004,LINE-B,2026-07-23T02:00:00,50.2168,1
MCH0004,LINE-B,2026-07-23T02:40:00,50.316,0
MCH0004,LINE-B,2026-07-23T03:20:00,50.2416,1
MCH0004,LINE-B,2026-07-23T04:00:00,50.2725,1
MCH0004,LINE-B,2026-07-23T04:40:00,50.2843,1
MCH0004,LINE-B,2026-07-23T05:20:00,50.3429,0
MCH0004,LINE-B,2026-07-23T06:00:00,50.1837,1
MCH0004,LINE-B,2026-07-23T06:40:00,50.2988,1
MCH0004,LINE-B,2026-07-23T07:20:00,50.3493,0
MCH0004,LINE-B,2026-07-23T08:00:00,50.2808,1
MCH0004,LINE-B,2026-07-23T08:40:00,50.3197,0
MCH0004,LINE-B,2026-07-23T09:20:00,50.3755,0
MCH0004,LINE-B,2026-07-23T10:00:00,50.2554,1
MCH0004,LINE-B,2026-07-23T10:40:00,50.2881,1
MCH0004,LINE-B,2026-07-23T11:20:00,50.1917,1
MCH0004,LINE-B,2026-07-23T12:00:00,50.3598,0
MCH0004,LINE-B,2026-07-23T12:40:00,50.2555,1
MCH0004,LINE-B,2026-07-23T13:20:00,50.3594,0
MCH0004,LINE-B,2026-07-23T14:00:00,50.2757,1
MCH0004,LINE-B,2026-07-23T14:40:00,50.2519,1
MCH0004,LINE-B,2026-07-23T15:20:00,50.1722,1
MCH0004,LINE-B,2026-07-23T16:00:00,50.2928,1
MCH0004,LINE-B,2026-07-23T16:40:00,50.445,0
MCH0004,LINE-B,2026-07-23T17:20:00,50.2616,1
MCH0004,LINE-B,2026-07-23T18:00:00,50.2641,1
MCH0004,LINE-B,2026-07-23T18:40:00,50.2531,1
MCH0004,LINE-B,2026-07-23T19:20:00,50.3591,0
MCH0004,LINE-B,2026-07-23T20:00:00,50.4145,0
MCH0004,LINE-B,2026-07-23T20:40:00,50.2516,1
MCH0004,LINE-B,2026-07-23T21:20:00,50.3129,0
MCH0004,LINE-B,2026-07-23T22:00:00,50.2772,1
MCH0004,LINE-B,2026-07-23T22:40:00,50.3094,0
MCH0004,LINE-B,2026-07-23T23:20:00,50.2606,1
MCH0004,LINE-B,2026-07-24T00:00:00,50.2573,1
MCH0004,LINE-B,2026-07-24T00:40:00,50.3006,0
MCH0004,LINE-B,2026-07-24T01:20:00,50.2535,1
MCH0004,LINE-B,2026-07-24T02:00:00,50.218,1
MCH0004,LINE-B,2026-07-24T02:40:00,50.3112,0
MCH0004,LINE-B,2026-07-24T03:20:00,50.2556,1
MCH0004,LINE-B,2026-07-24T04:00:00,50.3575,0
MCH0004,LINE-B,2026-07-24T04:40:00,50.3101,0
MCH0004,LINE-B,2026-07-24T05:20:00,50.1881,1
MCH0004,LINE-B,2026-07-24T06:00:00,50.225,1
MCH0004,LINE-B,2026-07-24T06:40:00,50.2673,1
MCH0004,LINE-B,2026-07-24T07:20:00,50.3425,0
MCH0004,LINE-B,2026-07-24T08:00:00,50.316,0
MCH0004,LINE-B,2026-07-24T08:40:00,50.2964,1
MCH0004,LINE-B,2026-07-24T09:20:00,50.3153,0
MCH0004,LINE-B,2026-07-24T10:00:00,50.2893,1
MCH0004,LINE-B,2026-07-24T10:40:00,50.2403,1
MCH0004,LINE-B,2026-07-24T11:20:00,50.315,0
MCH0004,LINE-B,2026-07-24T12:00:00,50.2939,1
MCH0004,LINE-B,2026-07-24T12:40:00,50.4088,0
MCH0004,LINE-B,2026-07-24T13:20:00,50.3404,0
MCH0004,LINE-B,2026-07-24T14:00:00,50.3827,0
MCH0004,LINE-B,2026-07-24T14:40:00,50.3049,0
MCH0004,LINE-B,2026-07-24T15:20:00,50.3436,0
MCH0004,LINE-B,2026-07-24T16:00:00,50.2589,1
MCH0004,LINE-B,2026-07-24T16:40:00,50.2696,1
MCH0004,LINE-B,2026-07-24T17:20:00,50.2674,1
MCH0004,LINE-B,2026-07-24T18:00:00,50.3997,0
MCH0004,LINE-B,2026-07-24T18:40:00,50.4017,0
MCH0004,LINE-B,2026-07-24T19:20:00,50.3082,0
MCH0004,LINE-B,2026-07-24T20:00:00,50.4186,0
MCH0004,LINE-B,2026-07-24T20:40:00,50.3678,0
MCH0004,LINE-B,2026-07-24T21:20:00,50.2821,1
MCH0004,LINE-B,2026-07-24T22:00:00,50.2939,1
MCH0004,LINE-B,2026-07-24T22:40:00,50.3174,0
MCH0004,LINE-B,2026-07-24T23:20:00,50.3508,0
MCH0004,LINE-B,2026-07-25T00:00:00,50.2776,1
MCH0004,LINE-B,2026-07-25T00:40:00,50.3224,0
MCH0004,LINE-B,2026-07-25T01:20:00,50.3016,0
MCH0004,LINE-B,2026-07-25T02:00:00,50.2997,1
MCH0004,LINE-B,2026-07-25T02:40:00,50.4131,0
MCH0004,LINE-B,2026-07-25T03:20:00,50.2725,1
MCH0004,LINE-B,2026-07-25T04:00:00,50.2737,1
MCH0004,LINE-B,2026-07-25T04:40:00,50.3801,0
MCH0004,LINE-B,2026-07-25T05:20:00,50.3473,0
MCH0004,LINE-B,2026-07-25T06:00:00,50.4338,0
MCH0004,LINE-B,2026-07-25T06:40:00,50.2947,1
MCH0004,LINE-B,2026-07-25T07:20:00,50.2866,1
MCH0004,LINE-B,2026-07-25T08:00:00,50.3965,0
MCH0004,LINE-B,2026-07-25T08:40:00,50.3851,0
MCH0004,LINE-B,2026-07-25T09:20:00,50.3,1
MCH0004,LINE-B,2026-07-25T10:00:00,50.3381,0
MCH0004,LINE-B,2026-07-25T10:40:00,50.2622,1
MCH0004,LINE-B,2026-07-25T11:20:00,50.4156,0
MCH0004,LINE-B,2026-07-25T12:00:00,50.3834,0
MCH0004,LINE-B,2026-07-25T12:40:00,50.3455,0
MCH0004,LINE-B,2026-07-25T13:20:00,50.2753,1
MCH0004,LINE-B,2026-07-25T14:00:00,50.4352,0
MCH0004,LINE-B,2026-07-25T14:40:00,50.3221,0
MCH0004,LINE-B,2026-07-25T15:20:00,50.507,0
MCH0004,LINE-B,2026-07-25T16:00:00,50.3305,0
MCH0004,LINE-B,2026-07-25T16:40:00,50.2793,1
MCH0004,LINE-B,2026-07-25T17:20:00,50.3206,0
MCH0004,LINE-B,2026-07-25T18:00:00,50.3278,0
MCH0004,LINE-B,2026-07-25T18:40:00,50.2898,1
MCH0004,LINE-B,2026-07-25T19:20:00,50.2946,1
MCH0004,LINE-B,2026-07-25T20:00:00,50.3857,0
MCH0004,LINE-B,2026-07-25T20:40:00,50.3719,0
MCH0004,LINE-B,2026-07-25T21:20:00,50.3233,0
MCH0004,LINE-B,2026-07-25T22:00:00,50.4617,0
MCH0004,LINE-B,2026-07-25T22:40:00,50.3808,0
MCH0004,LINE-B,2026-07-25T23:20:00,50.3491,0
MCH0004,LINE-B,2026-07-26T00:00:00,50.3778,0
MCH0004,LINE-B,2026-07-26T00:40:00,50.3804,0
MCH0004,LINE-B,2026-07-26T01:20:00,50.3144,0
MCH0004,LINE-B,2026-07-26T02:00:00,50.3788,0
MCH0004,LINE-B,2026-07-26T02:40:00,50.4091,0
MCH0004,LINE-B,2026-07-26T03:20:00,50.3611,0
MCH0004,LINE-B,2026-07-26T04:00:00,50.343,0
MCH0004,LINE-B,2026-07-26T04:40:00,50.2957,1
MCH0004,LINE-B,2026-07-26T05:20:00,50.368,0
MCH0004,LINE-B,2026-07-26T06:00:00,50.3393,0
MCH0004,LINE-B,2026-07-26T06:40:00,50.4171,0
MCH0004,LINE-B,2026-07-26T07:20:00,50.4332,0
MCH0004,LINE-B,2026-07-26T08:00:00,50.3705,0
MCH0004,LINE-B,2026-07-26T08:40:00,50.3957,0
MCH0004,LINE-B,2026-07-26T09:20:00,50.3261,0
MCH0004,LINE-B,2026-07-26T10:00:00,50.3021,0
MCH0004,LINE-B,2026-07-26T10:40:00,50.3934,0
MCH0004,LINE-B,2026-07-26T11:20:00,50.2643,1
MCH0004,LINE-B,2026-07-26T12:00:00,50.3051,0
MCH0004,LINE-B,2026-07-26T12:40:00,50.4014,0
MCH0004,LINE-B,2026-07-26T13:20:00,50.369,0
MCH0004,LINE-B,2026-07-26T14:00:00,50.3201,0
MCH0004,LINE-B,2026-07-26T14:40:00,50.4983,0
MCH0004,LINE-B,2026-07-26T15:20:00,50.3002,0
MCH0004,LINE-B,2026-07-26T16:00:00,50.4843,0
MCH0004,LINE-B,2026-07-26T16:40:00,50.4578,0
MCH0004,LINE-B,2026-07-26T17:20:00,50.3703,0
MCH0004,LINE-B,2026-07-26T18:00:00,50.3429,0
MCH0004,LINE-B,2026-07-26T18:40:00,50.3865,0
MCH0004,LINE-B,2026-07-26T19:20:00,50.4139,0
MCH0004,LINE-B,2026-07-26T20:00:00,50.3482,0
MCH0004,LINE-B,2026-07-26T20:40:00,50.4382,0
MCH0004,LINE-B,2026-07-26T21:20:00,50.3935,0
MCH0004,LINE-B,2026-07-26T22:00:00,50.4187,0
MCH0004,LINE-B,2026-07-26T22:40:00,50.4703,0
MCH0004,LINE-B,2026-07-26T23:20:00,50.3886,0
MCH0004,LINE-B,2026-07-27T00:00:00,50.3729,0
MCH0004,LINE-B,2026-07-27T00:40:00,50.3881,0
MCH0004,LINE-B,2026-07-27T01:20:00,50.3851,0
MCH0004,LINE-B,2026-07-27T02:00:00,50.4025,0
MCH0004,LINE-B,2026-07-27T02:40:00,50.2559,1
MCH0004,LINE-B,2026-07-27T03:20:00,50.3827,0
MCH0004,LINE-B,2026-07-27T04:00:00,50.4259,0
MCH0004,LINE-B,2026-07-27T04:40:00,50.3657,0
MCH0004,LINE-B,2026-07-27T05:20:00,50.3438,0
MCH0004,LINE-B,2026-07-27T06:00:00,50.4276,0
MCH0004,LINE-B,2026-07-27T06:40:00,50.4363,0
MCH0004,LINE-B,2026-07-27T07:20:00,50.4856,0
MCH0004,LINE-B,2026-07-27T08:00:00,50.3892,0
MCH0004,LINE-B,2026-07-27T08:40:00,50.387,0
MCH0004,LINE-B,2026-07-27T09:20:00,50.4286,0
MCH0004,LINE-B,2026-07-27T10:00:00,50.3649,0
MCH0004,LINE-B,2026-07-27T10:40:00,50.3311,0
MCH0004,LINE-B,2026-07-27T11:20:00,50.4134,0
MCH0004,LINE-B,2026-07-27T12:00:00,50.3756,0
MCH0004,LINE-B,2026-07-27T12:40:00,50.445,0
MCH0004,LINE-B,2026-07-27T13:20:00,50.3611,0
MCH0004,LINE-B,2026-07-27T14:00:00,50.386,0
MCH0004,LINE-B,2026-07-27T14:40:00,50.332,0
MCH0004,LINE-B,2026-07-27T15:20:00,50.3217,0
MCH0004,LINE-B,2026-07-27T16:00:00,50.3707,0
MCH0004,LINE-B,2026-07-27T16:40:00,50.4303,0
MCH0004,LINE-B,2026-07-27T17:20:00,50.5277,0
MCH0004,LINE-B,2026-07-27T18:00:00,50.3846,0
MCH0004,LINE-B,2026-07-27T18:40:00,50.4732,0
MCH0004,LINE-B,2026-07-27T19:20:00,50.4025,0
MCH0004,LINE-B,2026-07-27T20:00:00,50.4797,0
MCH0004,LINE-B,2026-07-27T20:40:00,50.4359,0
MCH0004,LINE-B,2026-07-27T21:20:00,50.4529,0
MCH0004,LINE-B,2026-07-27T22:00:00,50.3532,0
MCH0004,LINE-B,2026-07-27T22:40:00,50.3332,0
MCH0004,LINE-B,2026-07-27T23:20:00,50.421,0
MCH0004,LINE-B,2026-07-28T00:00:00,50.4627,0
MCH0004,LINE-B,2026-07-28T00:40:00,50.3639,0
MCH0004,LINE-B,2026-07-28T01:20:00,50.4912,0
MCH0004,LINE-B,2026-07-28T02:00:00,50.5255,0
MCH0004,LINE-B,2026-07-28T02:40:00,50.4042,0
MCH0004,LINE-B,2026-07-28T03:20:00,50.4295,0
MCH0004,LINE-B,2026-07-28T04:00:00,50.3215,0
MCH0004,LINE-B,2026-07-28T04:40:00,50.3889,0
MCH0004,LINE-B,2026-07-28T05:20:00,50.3526,0
MCH0004,LINE-B,2026-07-28T06:00:00,50.3728,0
MCH0004,LINE-B,2026-07-28T06:40:00,50.3806,0
MCH0004,LINE-B,2026-07-28T07:20:00,50.3664,0
MCH0004,LINE-B,2026-07-28T08:00:00,50.4758,0
MCH0004,LINE-B,2026-07-28T08:40:00,50.4654,0
MCH0004,LINE-B,2026-07-28T09:20:00,50.4137,0
MCH0004,LINE-B,2026-07-28T10:00:00,50.3739,0
MCH0004,LINE-B,2026-07-28T10:40:00,50.3859,0
MCH0004,LINE-B,2026-07-28T11:20:00,50.4242,0
MCH0004,LINE-B,2026-07-28T12:00:00,50.3823,0
MCH0004,LINE-B,2026-07-28T12:40:00,50.4802,0
MCH0004,LINE-B,2026-07-28T13:20:00,50.45,0
MCH0004,LINE-B,2026-07-28T14:00:00,50.4669,0
MCH0004,LINE-B,2026-07-28T14:40:00,50.3135,0
MCH0004,LINE-B,2026-07-28T15:20:00,50.4236,0
MCH0004,LINE-B,2026-07-28T16:00:00,50.4031,0
MCH0004,LINE-B,2026-07-28T16:40:00,50.2904,1
MCH0004,LINE-B,2026-07-28T17:20:00,50.3569,0
MCH0004,LINE-B,2026-07-28T18:00:00,50.4266,0
MCH0004,LINE-B,2026-07-28T18:40:00,50.4842,0
MCH0004,LINE-B,2026-07-28T19:20:00,50.407,0
MCH0004,LINE-B,2026-07-28T20:00:00,50.4366,0
MCH0004,LINE-B,2026-07-28T20:40:00,50.3714,0
MCH0004,LINE-B,2026-07-28T21:20:00,50.4168,0
MCH0004,LINE-B,2026-07-28T22:00:00,50.3699,0
MCH0004,LINE-B,2026-07-28T22:40:00,50.3646,0
MCH0004,LINE-B,2026-07-28T23:20:00,50.5001,0
MCH0004,LINE-B,2026-07-29T00:00:00,50.3991,0
MCH0004,LINE-B,2026-07-29T00:40:00,50.4324,0
MCH0004,LINE-B,2026-07-29T01:20:00,50.4709,0
MCH0004,LINE-B,2026-07-29T02:00:00,50.4757,0
MCH0004,LINE-B,2026-07-29T02:40:00,50.3764,0
MCH0004,LINE-B,2026-07-29T03:20:00,50.4469,0
MCH0004,LINE-B,2026-07-29T04:00:00,50.3823,0
MCH0004,LINE-B,2026-07-29T04:40:00,50.3797,0
MCH0004,LINE-B,2026-07-29T05:20:00,50.4538,0
MCH0004,LINE-B,2026-07-29T06:00:00,50.4344,0
MCH0004,LINE-B,2026-07-29T06:40:00,50.4093,0
MCH0004,LINE-B,2026-07-29T07:20:00,50.4161,0
MCH0004,LINE-B,2026-07-29T08:00:00,50.4727,0
MCH0004,LINE-B,2026-07-29T08:40:00,50.3928,0
MCH0004,LINE-B,2026-07-29T09:20:00,50.3898,0
MCH0004,LINE-B,2026-07-29T10:00:00,50.421,0
MCH0004,LINE-B,2026-07-29T10:40:00,50.4287,0
MCH0004,LINE-B,2026-07-29T11:20:00,50.473,0
MCH0004,LINE-B,2026-07-29T12:00:00,50.4087,0
MCH0004,LINE-B,2026-07-29T12:40:00,50.4663,0
MCH0004,LINE-B,2026-07-29T13:20:00,50.5374,0
MCH0004,LINE-B,2026-07-29T14:00:00,50.4415,0
MCH0004,LINE-B,2026-07-29T14:40:00,50.4629,0
MCH0004,LINE-B,2026-07-29T15:20:00,50.4059,0
MCH0004,LINE-B,2026-07-29T16:00:00,50.409,0
MCH0004,LINE-B,2026-07-29T16:40:00,50.5009,0
MCH0004,LINE-B,2026-07-29T17:20:00,50.4697,0
MCH0004,LINE-B,2026-07-29T18:00:00,50.442,0
MCH0004,LINE-B,2026-07-29T18:40:00,50.5241,0
MCH0004,LINE-B,2026-07-29T19:20:00,50.4626,0
MCH0004,LINE-B,2026-07-29T20:00:00,50.4424,0
MCH0004,LINE-B,2026-07-29T20:40:00,50.4666,0
MCH0004,LINE-B,2026-07-29T21:20:00,50.4296,0
MCH0004,LINE-B,2026-07-29T22:00:00,50.5096,0
MCH0004,LINE-B,2026-07-29T22:40:00,50.3759,0
MCH0004,LINE-B,2026-07-29T23:20:00,50.4161,0
MCH0004,LINE-B,2026-07-30T00:00:00,50.5047,0
MCH0004,LINE-B,2026-07-30T00:40:00,50.5421,0
MCH0004,LINE-B,2026-07-30T01:20:00,50.4584,0
MCH0004,LINE-B,2026-07-30T02:00:00,50.4638,0
MCH0004,LINE-B,2026-07-30T02:40:00,50.5171,0
MCH0004,LINE-B,2026-07-30T03:20:00,50.4831,0
MCH0004,LINE-B,2026-07-30T04:00:00,50.4303,0
MCH0004,LINE-B,2026-07-30T04:40:00,50.5728,0
MCH0004,LINE-B,2026-07-30T05:20:00,50.4549,0
MCH0004,LINE-B,2026-07-30T06:00:00,50.3767,0
MCH0004,LINE-B,2026-07-30T06:40:00,50.5106,0
MCH0004,LINE-B,2026-07-30T07:20:00,50.4425,0
MCH0004,LINE-B,2026-07-30T08:00:00,50.4189,0
MCH0004,LINE-B,2026-07-30T08:40:00,50.4287,0
MCH0004,LINE-B,2026-07-30T09:20:00,50.526,0
MCH0004,LINE-B,2026-07-30T10:00:00,50.5458,0
MCH0004,LINE-B,2026-07-30T10:40:00,50.503,0
MCH0004,LINE-B,2026-07-30T11:20:00,50.521,0
MCH0004,LINE-B,2026-07-30T12:00:00,50.4713,0
MCH0004,LINE-B,2026-07-30T12:40:00,50.5398,0
MCH0004,LINE-B,2026-07-30T13:20:00,50.436,0
MCH0004,LINE-B,2026-07-30T14:00:00,50.5509,0
MCH0004,LINE-B,2026-07-30T14:40:00,50.5116,0
MCH0004,LINE-B,2026-07-30T15:20:00,50.4873,0
MCH0004,LINE-B,2026-07-30T16:00:00,50.4873,0
MCH0004,LINE-B,2026-07-30T16:40:00,50.5596,0
MCH0004,LINE-B,2026-07-30T17:20:00,50.4513,0
MCH0004,LINE-B,2026-07-30T18:00:00,50.4593,0
MCH0004,LINE-B,2026-07-30T18:40:00,50.466,0
MCH0004,LINE-B,2026-07-30T19:20:00,50.5184,0
MCH0004,LINE-B,2026-07-30T20:00:00,50.4328,0
MCH0004,LINE-B,2026-07-30T20:40:00,50.4491,0
MCH0004,LINE-B,2026-07-30T21:20:00,50.5622,0
MCH0004,LINE-B,2026-07-30T22:00:00,50.5648,0
MCH0004,LINE-B,2026-07-30T22:40:00,50.4677,0
MCH0004,LINE-B,2026-07-30T23:20:00,50.4207,0
MCH0004,LINE-B,2026-07-31T00:00:00,50.4313,0
MCH0004,LINE-B,2026-07-31T00:40:00,50.5067,0
MCH0004,LINE-B,2026-07-31T01:20:00,50.4481,0
MCH0004,LINE-B,2026-07-31T02:00:00,50.4988,0
MCH0004,LINE-B,2026-07-31T02:40:00,50.4789,0
MCH0004,LINE-B,2026-07-31T03:20:00,50.5113,0
MCH0004,LINE-B,2026-07-31T04:00:00,50.4053,0
MCH0004,LINE-B,2026-07-31T04:40:00,50.4481,0
MCH0004,LINE-B,2026-07-31T05:20:00,50.489,0
MCH0004,LINE-B,2026-07-31T06:00:00,50.3939,0
MCH0004,LINE-B,2026-07-31T06:40:00,50.4614,0
MCH0004,LINE-B,2026-07-31T07:20:00,50.4785,0
MCH0004,LINE-B,2026-07-31T08:00:00,50.4791,0
MCH0004,LINE-B,2026-07-31T08:40:00,50.5059,0
MCH0004,LINE-B,2026-07-31T09:20:00,50.5589,0
MCH0004,LINE-B,2026-07-31T10:00:00,50.4227,0
MCH0004,LINE-B,2026-07-31T10:40:00,50.5767,0
MCH0004,LINE-B,2026-07-31T11:20:00,50.4941,0
MCH0004,LINE-B,2026-07-31T12:00:00,50.4942,0
MCH0004,LINE-B,2026-07-31T12:40:00,50.5399,0
MCH0004,LINE-B,2026-07-31T13:20:00,50.4997,0
MCH0004,LINE-B,2026-07-31T14:00:00,50.4935,0
MCH0004,LINE-B,2026-07-31T14:40:00,50.4717,0
MCH0004,LINE-B,2026-07-31T15:20:00,50.5647,0
MCH0004,LINE-B,2026-07-31T16:00:00,50.4967,0
MCH0004,LINE-B,2026-07-31T16:40:00,50.4664,0
MCH0004,LINE-B,2026-07-31T17:20:00,50.4783,0
MCH0004,LINE-B,2026-07-31T18:00:00,50.4991,0
MCH0004,LINE-B,2026-07-31T18:40:00,50.4653,0
MCH0004,LINE-B,2026-07-31T19:20:00,50.5289,0
MCH0004,LINE-B,2026-07-31T20:00:00,50.5668,0
MCH0004,LINE-B,2026-07-31T20:40:00,50.4567,0
MCH0004,LINE-B,2026-07-31T21:20:00,50.5448,0
MCH0004,LINE-B,2026-07-31T22:00:00,50.4863,0
MCH0004,LINE-B,2026-07-31T22:40:00,50.5688,0
MCH0004,LINE-B,2026-07-31T23:20:00,50.5039,0
MCH0004,LINE-B,2026-08-01T00:00:00,50.4756,0
MCH0004,LINE-B,2026-08-01T00:40:00,50.5081,0
MCH0004,LINE-B,2026-08-01T01:20:00,50.4715,0
MCH0004,LINE-B,2026-08-01T02:00:00,50.5111,0
MCH0004,LINE-B,2026-08-01T02:40:00,50.4631,0
MCH0004,LINE-B,2026-08-01T03:20:00,50.4959,0
MCH0004,LINE-B,2026-08-01T04:00:00,50.5377,0
MCH0004,LINE-B,2026-08-01T04:40:00,50.4649,0
MCH0004,LINE-B,2026-08-01T05:20:00,50.5039,0
MCH0004,LINE-B,2026-08-01T06:00:00,50.5177,0
MCH0004,LINE-B,2026-08-01T06:40:00,50.4992,0
MCH0004,LINE-B,2026-08-01T07:20:00,50.5875,0
MCH0004,LINE-B,2026-08-01T08:00:00,50.5001,0
MCH0004,LINE-B,2026-08-01T08:40:00,50.5828,0
MCH0004,LINE-B,2026-08-01T09:20:00,50.5014,0
MCH0004,LINE-B,2026-08-01T10:00:00,50.5937,0
MCH0004,LINE-B,2026-08-01T10:40:00,50.5807,0
MCH0004,LINE-B,2026-08-01T11:20:00,50.481,0
MCH0004,LINE-B,2026-08-01T12:00:00,50.5087,0
MCH0004,LINE-B,2026-08-01T12:40:00,50.519,0
MCH0004,LINE-B,2026-08-01T13:20:00,50.6225,0
MCH0004,LINE-B,2026-08-01T14:00:00,50.4542,0
MCH0004,LINE-B,2026-08-01T14:40:00,50.4729,0
MCH0004,LINE-B,2026-08-01T15:20:00,50.485,0
MCH0004,LINE-B,2026-08-01T16:00:00,50.5253,0
MCH0004,LINE-B,2026-08-01T16:40:00,50.5275,0
MCH0004,LINE-B,2026-08-01T17:20:00,50.5307,0
MCH0004,LINE-B,2026-08-01T18:00:00,50.5097,0
MCH0004,LINE-B,2026-08-01T18:40:00,50.5168,0
MCH0004,LINE-B,2026-08-01T19:20:00,50.5454,0
MCH0004,LINE-B,2026-08-01T20:00:00,50.5111,0
MCH0004,LINE-B,2026-08-01T20:40:00,50.4879,0
MCH0004,LINE-B,2026-08-01T21:20:00,50.6654,0
MCH0004,LINE-B,2026-08-01T22:00:00,50.4492,0
MCH0004,LINE-B,2026-08-01T22:40:00,50.5345,0
MCH0004,LINE-B,2026-08-01T23:20:00,50.5909,0
MCH0004,LINE-B,2026-08-02T00:00:00,50.581,0
MCH0004,LINE-B,2026-08-02T00:40:00,50.586,0
MCH0004,LINE-B,2026-08-02T01:20:00,50.5995,0
MCH0004,LINE-B,2026-08-02T02:00:00,50.5548,0
MCH0004,LINE-B,2026-08-02T02:40:00,50.49,0
MCH0004,LINE-B,2026-08-02T03:20:00,50.5439,0
MCH0004,LINE-B,2026-08-02T04:00:00,50.4469,0
MCH0004,LINE-B,2026-08-02T04:40:00,50.6208,0
MCH0004,LINE-B,2026-08-02T05:20:00,50.5707,0
MCH0004,LINE-B,2026-08-02T06:00:00,50.4987,0
MCH0004,LINE-B,2026-08-02T06:40:00,50.5736,0
MCH0004,LINE-B,2026-08-02T07:20:00,50.562,0
MCH0004,LINE-B,2026-08-02T08:00:00,50.5315,0
MCH0004,LINE-B,2026-08-02T08:40:00,50.5649,0
MCH0004,LINE-B,2026-08-02T09:20:00,50.5036,0
MCH0004,LINE-B,2026-08-02T10:00:00,50.5425,0
MCH0004,LINE-B,2026-08-02T10:40:00,50.6186,0
MCH0004,LINE-B,2026-08-02T11:20:00,50.4738,0
MCH0004,LINE-B,2026-08-02T12:00:00,50.6771,0
MCH0004,LINE-B,2026-08-02T12:40:00,50.4767,0
MCH0004,LINE-B,2026-08-02T13:20:00,50.5422,0
MCH0004,LINE-B,2026-08-02T14:00:00,50.5753,0
MCH0004,LINE-B,2026-08-02T14:40:00,50.5482,0
MCH0004,LINE-B,2026-08-02T15:20:00,50.5366,0
MCH0004,LINE-B,2026-08-02T16:00:00,50.5111,0
MCH0004,LINE-B,2026-08-02T16:40:00,50.7174,0
MCH0004,LINE-B,2026-08-02T17:20:00,50.6006,0
MCH0004,LINE-B,2026-08-02T18:00:00,50.5795,0
MCH0004,LINE-B,2026-08-02T18:40:00,50.5282,0
MCH0004,LINE-B,2026-08-02T19:20:00,50.605,0
MCH0004,LINE-B,2026-08-02T20:00:00,50.5876,0
MCH0004,LINE-B,2026-08-02T20:40:00,50.5956,0
MCH0004,LINE-B,2026-08-02T21:20:00,50.6014,0
MCH0004,LINE-B,2026-08-02T22:00:00,50.5243,0
MCH0004,LINE-B,2026-08-02T22:40:00,50.5718,0
MCH0004,LINE-B,2026-08-02T23:20:00,50.6816,0
MCH0004,LINE-B,2026-08-03T00:00:00,50.6525,0
MCH0004,LINE-B,2026-08-03T00:40:00,50.5819,0
MCH0004,LINE-B,2026-08-03T01:20:00,50.6214,0
MCH0004,LINE-B,2026-08-03T02:00:00,50.5722,0
MCH0004,LINE-B,2026-08-03T02:40:00,50.705,0
MCH0004,LINE-B,2026-08-03T03:20:00,50.5682,0
MCH0004,LINE-B,2026-08-03T04:00:00,50.5526,0
MCH0004,LINE-B,2026-08-03T04:40:00,50.4592,0
MCH0004,LINE-B,2026-08-03T05:20:00,50.5064,0
MCH0004,LINE-B,2026-08-03T06:00:00,50.6074,0
MCH0004,LINE-B,2026-08-03T06:40:00,50.6834,0
MCH0004,LINE-B,2026-08-03T07:20:00,50.5309,0
MCH0004,LINE-B,2026-08-03T08:00:00,50.4958,0
MCH0004,LINE-B,2026-08-03T08:40:00,50.6277,0
MCH0004,LINE-B,2026-08-03T09:20:00,50.5372,0
MCH0004,LINE-B,2026-08-03T10:00:00,50.5412,0
MCH0004,LINE-B,2026-08-03T10:40:00,50.4635,0
MCH0004,LINE-B,2026-08-03T11:20:00,50.6309,0
MCH0004,LINE-B,2026-08-03T12:00:00,50.6291,0
MCH0004,LINE-B,2026-08-03T12:40:00,50.6372,0
MCH0004,LINE-B,2026-08-03T13:20:00,50.6658,0
MCH0004,LINE-B,2026-08-03T14:00:00,50.6292,0
MCH0004,LINE-B,2026-08-03T14:40:00,50.5787,0
MCH0004,LINE-B,2026-08-03T15:20:00,50.6446,0
MCH0004,LINE-B,2026-08-03T16:00:00,50.5702,0
MCH0004,LINE-B,2026-08-03T16:40:00,50.509,0
MCH0004,LINE-B,2026-08-03T17:20:00,50.6132,0
MCH0004,LINE-B,2026-08-03T18:00:00,50.6031,0
MCH0004,LINE-B,2026-08-03T18:40:00,50.6165,0
MCH0004,LINE-B,2026-08-03T19:20:00,49.9899,1
MCH0004,LINE-B,2026-08-03T20:00:00,49.9513,1
MCH0004,LINE-B,2026-08-03T20:40:00,50.0598,1
MCH0004,LINE-B,2026-08-03T21:20:00,49.997,1
MCH0004,LINE-B,2026-08-03T22:00:00,50.0211,1
MCH0004,LINE-B,2026-08-03T22:40:00,50.1062,1
MCH0004,LINE-B,2026-08-03T23:20:00,49.9359,1
MCH0004,LINE-B,2026-08-04T00:00:00,50.0389,1
MCH0004,LINE-B,2026-08-04T00:40:00,50.0806,1
MCH0004,LINE-B,2026-08-04T01:20:00,50.0672,1
MCH0004,LINE-B,2026-08-04T02:00:00,50.0336,1
MCH0004,LINE-B,2026-08-04T02:40:00,50.0933,1
MCH0004,LINE-B,2026-08-04T03:20:00,49.9713,1
MCH0004,LINE-B,2026-08-04T04:00:00,50.0516,1
MCH0004,LINE-B,2026-08-04T04:40:00,50.0104,1
MCH0004,LINE-B,2026-08-04T05:20:00,50.0017,1
MCH0004,LINE-B,2026-08-04T06:00:00,50.0159,1
MCH0004,LINE-B,2026-08-04T06:40:00,50.0113,1
MCH0004,LINE-B,2026-08-04T07:20:00,50.0341,1
MCH0004,LINE-B,2026-08-04T08:00:00,49.9995,1
MCH0004,LINE-B,2026-08-04T08:40:00,49.9755,1
MCH0004,LINE-B,2026-08-04T09:20:00,50.0412,1
MCH0004,LINE-B,2026-08-04T10:00:00,50.0233,1
MCH0004,LINE-B,2026-08-04T10:40:00,50.0859,1
MCH0004,LINE-B,2026-08-04T11:20:00,50.0144,1
MCH0004,LINE-B,2026-08-04T12:00:00,50.0428,1
MCH0004,LINE-B,2026-08-04T12:40:00,50.0632,1
MCH0004,LINE-B,2026-08-04T13:20:00,49.9886,1
MCH0004,LINE-B,2026-08-04T14:00:00,49.954,1
MCH0004,LINE-B,2026-08-04T14:40:00,50.0259,1
MCH0004,LINE-B,2026-08-04T15:20:00,49.9744,1
MCH0004,LINE-B,2026-08-04T16:00:00,50.0971,1
MCH0004,LINE-B,2026-08-04T16:40:00,50.1544,1
MCH0004,LINE-B,2026-08-04T17:20:00,49.9975,1
MCH0004,LINE-B,2026-08-04T18:00:00,49.9996,1
MCH0004,LINE-B,2026-08-04T18:40:00,50.0735,1
MCH0004,LINE-B,2026-08-04T19:20:00,50.0246,1
MCH0004,LINE-B,2026-08-04T20:00:00,49.9712,1
MCH0004,LINE-B,2026-08-04T20:40:00,50.0898,1
MCH0004,LINE-B,2026-08-04T21:20:00,50.0263,1
MCH0004,LINE-B,2026-08-04T22:00:00,50.1017,1
MCH0004,LINE-B,2026-08-04T22:40:00,50.1077,1
MCH0004,LINE-B,2026-08-04T23:20:00,50.0476,1
MCH0004,LINE-B,2026-08-05T00:00:00,50.0063,1
MCH0004,LINE-B,2026-08-05T00:40:00,50.0261,1
MCH0004,LINE-B,2026-08-05T01:20:00,50.1422,1
MCH0004,LINE-B,2026-08-05T02:00:00,50.087,1
MCH0004,LINE-B,2026-08-05T02:40:00,50.117,1
MCH0004,LINE-B,2026-08-05T03:20:00,49.9818,1
MCH0004,LINE-B,2026-08-05T04:00:00,50.0639,1
MCH0004,LINE-B,2026-08-05T04:40:00,50.1161,1
MCH0004,LINE-B,2026-08-05T05:20:00,50.0119,1
MCH0004,LINE-B,2026-08-05T06:00:00,50.0643,1
MCH0004,LINE-B,2026-08-05T06:40:00,50.131,1
MCH0004,LINE-B,2026-08-05T07:20:00,50.1578,1
MCH0004,LINE-B,2026-08-05T08:00:00,50.0455,1
MCH0004,LINE-B,2026-08-05T08:40:00,50.1629,1
MCH0004,LINE-B,2026-08-05T09:20:00,50.1186,1
MCH0004,LINE-B,2026-08-05T10:00:00,50.0276,1
MCH0004,LINE-B,2026-08-05T10:40:00,50.0659,1
MCH0004,LINE-B,2026-08-05T11:20:00,50.0908,1
MCH0004,LINE-B,2026-08-05T12:00:00,50.1034,1
MCH0004,LINE-B,2026-08-05T12:40:00,50.1418,1
MCH0004,LINE-B,2026-08-05T13:20:00,50.1145,1
MCH0004,LINE-B,2026-08-05T14:00:00,50.0702,1
MCH0004,LINE-B,2026-08-05T14:40:00,50.0556,1
MCH0004,LINE-B,2026-08-05T15:20:00,50.2162,1
MCH0004,LINE-B,2026-08-05T16:00:00,50.0697,1
MCH0004,LINE-B,2026-08-05T16:40:00,50.1382,1
MCH0004,LINE-B,2026-08-05T17:20:00,50.0861,1
MCH0004,LINE-B,2026-08-05T18:00:00,50.066,1
MCH0004,LINE-B,2026-08-05T18:40:00,50.1683,1
MCH0004,LINE-B,2026-08-05T19:20:00,50.0827,1
MCH0004,LINE-B,2026-08-05T20:00:00,49.9964,1
MCH0004,LINE-B,2026-08-05T20:40:00,50.1227,1
MCH0004,LINE-B,2026-08-05T21:20:00,50.0763,1
MCH0004,LINE-B,2026-08-05T22:00:00,50.1256,1
MCH0004,LINE-B,2026-08-05T22:40:00,50.0868,1
MCH0004,LINE-B,2026-08-05T23:20:00,50.0676,1
MCH0004,LINE-B,2026-08-06T00:00:00,50.0512,1
MCH0004,LINE-B,2026-08-06T00:40:00,50.0727,1
MCH0004,LINE-B,2026-08-06T01:20:00,50.1327,1
MCH0004,LINE-B,2026-08-06T02:00:00,50.0938,1
MCH0004,LINE-B,2026-08-06T02:40:00,50.1649,1
MCH0004,LINE-B,2026-08-06T03:20:00,50.1468,1
MCH0004,LINE-B,2026-08-06T04:00:00,50.1377,1
MCH0004,LINE-B,2026-08-06T04:40:00,50.1773,1
MCH0004,LINE-B,2026-08-06T05:20:00,50.0337,1
MCH0004,LINE-B,2026-08-06T06:00:00,50.0931,1
MCH0004,LINE-B,2026-08-06T06:40:00,50.0754,1
MCH0004,LINE-B,2026-08-06T07:20:00,50.0367,1
MCH0004,LINE-B,2026-08-06T08:00:00,50.1233,1
MCH0004,LINE-B,2026-08-06T08:40:00,50.1118,1
MCH0004,LINE-B,2026-08-06T09:20:00,50.1864,1
MCH0004,LINE-B,2026-08-06T10:00:00,50.163,1
MCH0004,LINE-B,2026-08-06T10:40:00,50.1867,1
MCH0004,LINE-B,2026-08-06T11:20:00,50.1591,1
MCH0004,LINE-B,2026-08-06T12:00:00,50.1733,1
MCH0004,LINE-B,2026-08-06T12:40:00,50.1967,1
MCH0004,LINE-B,2026-08-06T13:20:00,50.2274,1
MCH0004,LINE-B,2026-08-06T14:00:00,50.1983,1
MCH0004,LINE-B,2026-08-06T14:40:00,50.1101,1
MCH0004,LINE-B,2026-08-06T15:20:00,50.2291,1
MCH0004,LINE-B,2026-08-06T16:00:00,50.193,1
MCH0004,LINE-B,2026-08-06T16:40:00,50.1427,1
MCH0004,LINE-B,2026-08-06T17:20:00,50.246,1
MCH0004,LINE-B,2026-08-06T18:00:00,50.168,1
MCH0004,LINE-B,2026-08-06T18:40:00,50.2052,1
MCH0004,LINE-B,2026-08-06T19:20:00,50.1083,1
MCH0004,LINE-B,2026-08-06T20:00:00,50.1924,1
MCH0004,LINE-B,2026-08-06T20:40:00,50.1128,1
MCH0004,LINE-B,2026-08-06T21:20:00,50.1947,1
MCH0004,LINE-B,2026-08-06T22:00:00,50.1201,1
MCH0004,LINE-B,2026-08-06T22:40:00,50.2053,1
MCH0004,LINE-B,2026-08-06T23:20:00,50.1439,1
MCH0004,LINE-B,2026-08-07T00:00:00,50.2046,1
MCH0004,LINE-B,2026-08-07T00:40:00,50.2165,1
MCH0004,LINE-B,2026-08-07T01:20:00,50.2442,1
MCH0004,LINE-B,2026-08-07T02:00:00,50.1567,1
MCH0004,LINE-B,2026-08-07T02:40:00,50.184,1
MCH0004,LINE-B,2026-08-07T03:20:00,50.1413,1
MCH0004,LINE-B,2026-08-07T04:00:00,50.149,1
MCH0004,LINE-B,2026-08-07T04:40:00,50.1345,1
MCH0004,LINE-B,2026-08-07T05:20:00,50.1734,1
MCH0004,LINE-B,2026-08-07T06:00:00,50.0699,1
MCH0004,LINE-B,2026-08-07T06:40:00,50.2083,1
MCH0004,LINE-B,2026-08-07T07:20:00,50.1892,1
MCH0004,LINE-B,2026-08-07T08:00:00,50.1415,1
MCH0004,LINE-B,2026-08-07T08:40:00,50.2012,1
MCH0004,LINE-B,2026-08-07T09:20:00,50.178,1
MCH0004,LINE-B,2026-08-07T10:00:00,50.1597,1
MCH0004,LINE-B,2026-08-07T10:40:00,50.1186,1
MCH0004,LINE-B,2026-08-07T11:20:00,50.169,1
MCH0004,LINE-B,2026-08-07T12:00:00,50.0848,1
MCH0004,LINE-B,2026-08-07T12:40:00,50.1149,1
MCH0004,LINE-B,2026-08-07T13:20:00,50.1942,1
MCH0004,LINE-B,2026-08-07T14:00:00,50.1803,1
MCH0004,LINE-B,2026-08-07T14:40:00,50.2241,1
MCH0004,LINE-B,2026-08-07T15:20:00,50.1807,1
MCH0004,LINE-B,2026-08-07T16:00:00,50.1633,1
MCH0004,LINE-B,2026-08-07T16:40:00,50.1932,1
MCH0004,LINE-B,2026-08-07T17:20:00,50.2291,1
MCH0004,LINE-B,2026-08-07T18:00:00,50.2988,1
MCH0004,LINE-B,2026-08-07T18:40:00,50.1947,1
MCH0004,LINE-B,2026-08-07T19:20:00,50.2069,1
MCH0004,LINE-B,2026-08-07T20:00:00,50.0809,1
MCH0004,LINE-B,2026-08-07T20:40:00,50.2713,1
MCH0004,LINE-B,2026-08-07T21:20:00,50.1951,1
MCH0004,LINE-B,2026-08-07T22:00:00,50.159,1
MCH0004,LINE-B,2026-08-07T22:40:00,50.2399,1
MCH0004,LINE-B,2026-08-07T23:20:00,50.2932,1
MCH0004,LINE-B,2026-08-08T00:00:00,50.1813,1
MCH0004,LINE-B,2026-08-08T00:40:00,50.2,1
MCH0004,LINE-B,2026-08-08T01:20:00,50.1635,1
MCH0004,LINE-B,2026-08-08T02:00:00,50.2432,1
MCH0004,LINE-B,2026-08-08T02:40:00,50.2037,1
MCH0004,LINE-B,2026-08-08T03:20:00,50.2567,1
MCH0004,LINE-B,2026-08-08T04:00:00,50.3223,0
MCH0004,LINE-B,2026-08-08T04:40:00,50.2803,1
MCH0004,LINE-B,2026-08-08T05:20:00,50.2858,1
MCH0004,LINE-B,2026-08-08T06:00:00,50.1874,1
MCH0004,LINE-B,2026-08-08T06:40:00,50.2441,1
MCH0004,LINE-B,2026-08-08T07:20:00,50.2626,1
MCH0004,LINE-B,2026-08-08T08:00:00,50.1873,1
MCH0004,LINE-B,2026-08-08T08:40:00,50.2868,1
MCH0004,LINE-B,2026-08-08T09:20:00,50.2141,1
MCH0004,LINE-B,2026-08-08T10:00:00,50.2844,1
MCH0004,LINE-B,2026-08-08T10:40:00,50.1988,1
MCH0004,LINE-B,2026-08-08T11:20:00,50.1994,1
MCH0004,LINE-B,2026-08-08T12:00:00,50.2119,1
MCH0004,LINE-B,2026-08-08T12:40:00,50.3391,0
MCH0004,LINE-B,2026-08-08T13:20:00,50.3826,0
MCH0004,LINE-B,2026-08-08T14:00:00,50.1856,1
MCH0004,LINE-B,2026-08-08T14:40:00,50.2465,1
MCH0004,LINE-B,2026-08-08T15:20:00,50.2168,1
MCH0004,LINE-B,2026-08-08T16:00:00,50.2761,1
MCH0004,LINE-B,2026-08-08T16:40:00,50.2432,1
MCH0004,LINE-B,2026-08-08T17:20:00,50.2601,1
MCH0004,LINE-B,2026-08-08T18:00:00,50.1987,1
MCH0004,LINE-B,2026-08-08T18:40:00,50.2512,1
MCH0004,LINE-B,2026-08-08T19:20:00,50.2158,1
MCH0004,LINE-B,2026-08-08T20:00:00,50.1274,1
MCH0004,LINE-B,2026-08-08T20:40:00,50.2754,1
MCH0004,LINE-B,2026-08-08T21:20:00,50.2718,1
MCH0004,LINE-B,2026-08-08T22:00:00,50.3244,0
MCH0004,LINE-B,2026-08-08T22:40:00,50.2848,1
MCH0004,LINE-B,2026-08-08T23:20:00,50.3215,0
MCH0004,LINE-B,2026-08-09T00:00:00,50.26,1
MCH0004,LINE-B,2026-08-09T00:40:00,50.2337,1
MCH0004,LINE-B,2026-08-09T01:20:00,50.3515,0
MCH0004,LINE-B,2026-08-09T02:00:00,50.2552,1
MCH0004,LINE-B,2026-08-09T02:40:00,50.2111,1
MCH0004,LINE-B,2026-08-09T03:20:00,50.3169,0
MCH0004,LINE-B,2026-08-09T04:00:00,50.2673,1
MCH0004,LINE-B,2026-08-09T04:40:00,50.2816,1
MCH0004,LINE-B,2026-08-09T05:20:00,50.292,1
MCH0004,LINE-B,2026-08-09T06:00:00,50.2237,1
MCH0004,LINE-B,2026-08-09T06:40:00,50.2995,1
MCH0004,LINE-B,2026-08-09T07:20:00,50.2336,1
MCH0004,LINE-B,2026-08-09T08:00:00,50.2719,1
MCH0004,LINE-B,2026-08-09T08:40:00,50.2436,1
MCH0004,LINE-B,2026-08-09T09:20:00,50.2934,1
MCH0004,LINE-B,2026-08-09T10:00:00,50.3039,0
MCH0004,LINE-B,2026-08-09T10:40:00,50.386,0
MCH0004,LINE-B,2026-08-09T11:20:00,50.2096,1
MCH0004,LINE-B,2026-08-09T12:00:00,50.268,1
MCH0004,LINE-B,2026-08-09T12:40:00,50.3225,0
MCH0004,LINE-B,2026-08-09T13:20:00,50.3657,0
MCH0004,LINE-B,2026-08-09T14:00:00,50.3093,0
MCH0004,LINE-B,2026-08-09T14:40:00,50.3388,0
MCH0004,LINE-B,2026-08-09T15:20:00,50.2814,1
MCH0004,LINE-B,2026-08-09T16:00:00,50.2536,1
MCH0004,LINE-B,2026-08-09T16:40:00,50.2051,1
MCH0004,LINE-B,2026-08-09T17:20:00,50.3386,0
MCH0004,LINE-B,2026-08-09T18:00:00,50.3701,0
MCH0004,LINE-B,2026-08-09T18:40:00,50.3013,0
MCH0004,LINE-B,2026-08-09T19:20:00,50.3622,0
MCH0004,LINE-B,2026-08-09T20:00:00,50.4448,0
MCH0004,LINE-B,2026-08-09T20:40:00,50.3687,0
MCH0004,LINE-B,2026-08-09T21:20:00,50.2877,1
MCH0004,LINE-B,2026-08-09T22:00:00,50.3453,0
MCH0004,LINE-B,2026-08-09T22:40:00,50.3046,0
MCH0004,LINE-B,2026-08-09T23:20:00,50.3126,0
MCH0004,LINE-B,2026-08-10T00:00:00,50.3073,0
MCH0004,LINE-B,2026-08-10T00:40:00,50.2614,1
MCH0004,LINE-B,2026-08-10T01:20:00,50.2358,1
MCH0004,LINE-B,2026-08-10T02:00:00,50.266,1
MCH0004,LINE-B,2026-08-10T02:40:00,50.3075,0
MCH0004,LINE-B,2026-08-10T03:20:00,50.3449,0
MCH0004,LINE-B,2026-08-10T04:00:00,50.2978,1
MCH0004,LINE-B,2026-08-10T04:40:00,50.3095,0
MCH0004,LINE-B,2026-08-10T05:20:00,50.3792,0
MCH0004,LINE-B,2026-08-10T06:00:00,50.2522,1
MCH0004,LINE-B,2026-08-10T06:40:00,50.3061,0
MCH0004,LINE-B,2026-08-10T07:20:00,50.3194,0
MCH0004,LINE-B,2026-08-10T08:00:00,50.2494,1
MCH0004,LINE-B,2026-08-10T08:40:00,50.317,0
MCH0004,LINE-B,2026-08-10T09:20:00,50.3332,0
MCH0004,LINE-B,2026-08-10T10:00:00,50.3543,0
MCH0004,LINE-B,2026-08-10T10:40:00,50.381,0
MCH0004,LINE-B,2026-08-10T11:20:00,50.4094,0
MCH0004,LINE-B,2026-08-10T12:00:00,50.3852,0
MCH0004,LINE-B,2026-08-10T12:40:00,50.3515,0
MCH0004,LINE-B,2026-08-10T13:20:00,50.3727,0
MCH0004,LINE-B,2026-08-10T14:00:00,50.2602,1
MCH0004,LINE-B,2026-08-10T14:40:00,50.4236,0
MCH0004,LINE-B,2026-08-10T15:20:00,50.3883,0
MCH0004,LINE-B,2026-08-10T16:00:00,50.3598,0
MCH0004,LINE-B,2026-08-10T16:40:00,50.4119,0
MCH0004,LINE-B,2026-08-10T17:20:00,50.3032,0
MCH0004,LINE-B,2026-08-10T18:00:00,50.3041,0
MCH0004,LINE-B,2026-08-10T18:40:00,50.3795,0
MCH0004,LINE-B,2026-08-10T19:20:00,50.358,0
MCH0004,LINE-B,2026-08-10T20:00:00,50.3525,0
MCH0004,LINE-B,2026-08-10T20:40:00,50.3841,0
MCH0004,LINE-B,2026-08-10T21:20:00,50.3053,0
MCH0004,LINE-B,2026-08-10T22:00:00,50.4579,0
MCH0004,LINE-B,2026-08-10T22:40:00,50.3503,0
MCH0004,LINE-B,2026-08-10T23:20:00,50.4041,0
MCH0004,LINE-B,2026-08-11T00:00:00,50.2874,1
MCH0004,LINE-B,2026-08-11T00:40:00,50.3965,0
MCH0004,LINE-B,2026-08-11T01:20:00,50.3808,0
MCH0004,LINE-B,2026-08-11T02:00:00,50.3264,0
MCH0004,LINE-B,2026-08-11T02:40:00,50.3759,0
MCH0004,LINE-B,2026-08-11T03:20:00,50.3529,0
MCH0004,LINE-B,2026-08-11T04:00:00,50.3157,0
MCH0004,LINE-B,2026-08-11T04:40:00,50.3584,0
MCH0004,LINE-B,2026-08-11T05:20:00,50.3457,0
MCH0004,LINE-B,2026-08-11T06:00:00,50.4286,0
MCH0004,LINE-B,2026-08-11T06:40:00,50.234,1
MCH0004,LINE-B,2026-08-11T07:20:00,50.3873,0
MCH0004,LINE-B,2026-08-11T08:00:00,50.3925,0
MCH0004,LINE-B,2026-08-11T08:40:00,50.4644,0
MCH0004,LINE-B,2026-08-11T09:20:00,50.3701,0
MCH0004,LINE-B,2026-08-11T10:00:00,50.4291,0
MCH0004,LINE-B,2026-08-11T10:40:00,50.3693,0
MCH0004,LINE-B,2026-08-11T11:20:00,50.3828,0
MCH0004,LINE-B,2026-08-11T12:00:00,50.3902,0
MCH0004,LINE-B,2026-08-11T12:40:00,50.3691,0
MCH0004,LINE-B,2026-08-11T13:20:00,50.4343,0
MCH0004,LINE-B,2026-08-11T14:00:00,50.4275,0
MCH0004,LINE-B,2026-08-11T14:40:00,50.3036,0
MCH0004,LINE-B,2026-08-11T15:20:00,50.4231,0
MCH0004,LINE-B,2026-08-11T16:00:00,50.3286,0
MCH0004,LINE-B,2026-08-11T16:40:00,50.5061,0
MCH0004,LINE-B,2026-08-11T17:20:00,50.3045,0
MCH0004,LINE-B,2026-08-11T18:00:00,50.331,0
MCH0004,LINE-B,2026-08-11T18:40:00,50.4533,0
MCH0004,LINE-B,2026-08-11T19:20:00,50.4587,0
MCH0004,LINE-B,2026-08-11T20:00:00,50.341,0
MCH0004,LINE-B,2026-08-11T20:40:00,50.3564,0
MCH0004,LINE-B,2026-08-11T21:20:00,50.4008,0
MCH0004,LINE-B,2026-08-11T22:00:00,50.352,0
MCH0004,LINE-B,2026-08-11T22:40:00,50.408,0
MCH0004,LINE-B,2026-08-11T23:20:00,50.4295,0
MCH0004,LINE-B,2026-08-12T00:00:00,50.3981,0
MCH0004,LINE-B,2026-08-12T00:40:00,50.4461,0
MCH0004,LINE-B,2026-08-12T01:20:00,50.4821,0
MCH0004,LINE-B,2026-08-12T02:00:00,50.553,0
MCH0004,LINE-B,2026-08-12T02:40:00,50.4864,0
MCH0004,LINE-B,2026-08-12T03:20:00,50.4523,0
MCH0004,LINE-B,2026-08-12T04:00:00,50.4047,0
MCH0004,LINE-B,2026-08-12T04:40:00,50.4496,0
MCH0004,LINE-B,2026-08-12T05:20:00,50.4372,0
MCH0004,LINE-B,2026-08-12T06:00:00,50.4757,0
MCH0004,LINE-B,2026-08-12T06:40:00,50.4202,0
MCH0004,LINE-B,2026-08-12T07:20:00,50.438,0
MCH0004,LINE-B,2026-08-12T08:00:00,50.4309,0
MCH0004,LINE-B,2026-08-12T08:40:00,50.3991,0
MCH0004,LINE-B,2026-08-12T09:20:00,50.4395,0
MCH0004,LINE-B,2026-08-12T10:00:00,50.482,0
MCH0004,LINE-B,2026-08-12T10:40:00,50.4633,0
MCH0004,LINE-B,2026-08-12T11:20:00,50.452,0
MCH0004,LINE-B,2026-08-12T12:00:00,50.3966,0
MCH0004,LINE-B,2026-08-12T12:40:00,50.4332,0
MCH0004,LINE-B,2026-08-12T13:20:00,50.4214,0
MCH0004,LINE-B,2026-08-12T14:00:00,50.4406,0
MCH0004,LINE-B,2026-08-12T14:40:00,50.4401,0
MCH0004,LINE-B,2026-08-12T15:20:00,50.4357,0
MCH0004,LINE-B,2026-08-12T16:00:00,50.4226,0
MCH0004,LINE-B,2026-08-12T16:40:00,50.3882,0
MCH0004,LINE-B,2026-08-12T17:20:00,50.4695,0
MCH0004,LINE-B,2026-08-12T18:00:00,50.3771,0
MCH0004,LINE-B,2026-08-12T18:40:00,50.534,0
MCH0004,LINE-B,2026-08-12T19:20:00,50.5094,0
MCH0004,LINE-B,2026-08-12T20:00:00,50.4364,0
MCH0004,LINE-B,2026-08-12T20:40:00,50.4161,0
MCH0004,LINE-B,2026-08-12T21:20:00,50.4653,0
MCH0004,LINE-B,2026-08-12T22:00:00,50.4268,0
MCH0004,LINE-B,2026-08-12T22:40:00,50.5054,0
MCH0004,LINE-B,2026-08-12T23:20:00,50.4394,0
MCH0004,LINE-B,2026-08-13T00:00:00,50.39,0
MCH0004,LINE-B,2026-08-13T00:40:00,50.5003,0
MCH0004,LINE-B,2026-08-13T01:20:00,50.5142,0
MCH0004,LINE-B,2026-08-13T02:00:00,50.4232,0
MCH0004,LINE-B,2026-08-13T02:40:00,50.5382,0
MCH0004,LINE-B,2026-08-13T03:20:00,50.468,0
MCH0004,LINE-B,2026-08-13T04:00:00,50.5268,0
MCH0004,LINE-B,2026-08-13T04:40:00,50.4507,0
MCH0004,LINE-B,2026-08-13T05:20:00,50.4752,0
MCH0004,LINE-B,2026-08-13T06:00:00,50.4253,0
MCH0004,LINE-B,2026-08-13T06:40:00,50.4835,0
MCH0004,LINE-B,2026-08-13T07:20:00,50.5379,0
MCH0004,LINE-B,2026-08-13T08:00:00,50.5777,0
MCH0004,LINE-B,2026-08-13T08:40:00,50.5764,0
MCH0004,LINE-B,2026-08-13T09:20:00,50.5117,0
MCH0004,LINE-B,2026-08-13T10:00:00,50.5181,0
MCH0004,LINE-B,2026-08-13T10:40:00,50.539,0
MCH0004,LINE-B,2026-08-13T11:20:00,50.4346,0
MCH0004,LINE-B,2026-08-13T12:00:00,50.4442,0
MCH0004,LINE-B,2026-08-13T12:40:00,50.399,0
MCH0004,LINE-B,2026-08-13T13:20:00,50.4907,0
MCH0004,LINE-B,2026-08-13T14:00:00,50.4529,0
MCH0004,LINE-B,2026-08-13T14:40:00,50.4986,0
MCH0004,LINE-B,2026-08-13T15:20:00,50.4701,0
MCH0004,LINE-B,2026-08-13T16:00:00,50.5331,0
MCH0004,LINE-B,2026-08-13T16:40:00,50.5028,0
MCH0004,LINE-B,2026-08-13T17:20:00,50.5188,0
MCH0004,LINE-B,2026-08-13T18:00:00,50.6013,0
MCH0004,LINE-B,2026-08-13T18:40:00,50.4717,0
MCH0004,LINE-B,2026-08-13T19:20:00,50.4724,0
MCH0004,LINE-B,2026-08-13T20:00:00,50.4091,0
MCH0004,LINE-B,2026-08-13T20:40:00,50.4838,0
MCH0004,LINE-B,2026-08-13T21:20:00,50.5161,0
MCH0004,LINE-B,2026-08-13T22:00:00,50.4416,0
MCH0004,LINE-B,2026-08-13T22:40:00,50.6189,0
MCH0004,LINE-B,2026-08-13T23:20:00,50.5967,0
MCH0004,LINE-B,2026-08-14T00:00:00,50.4783,0
MCH0004,LINE-B,2026-08-14T00:40:00,50.4874,0
MCH0004,LINE-B,2026-08-14T01:20:00,50.5513,0
MCH0004,LINE-B,2026-08-14T02:00:00,50.4854,0
MCH0004,LINE-B,2026-08-14T02:40:00,50.5241,0
MCH0004,LINE-B,2026-08-14T03:20:00,50.5248,0
MCH0004,LINE-B,2026-08-14T04:00:00,50.5141,0
MCH0004,LINE-B,2026-08-14T04:40:00,50.436,0
MCH0004,LINE-B,2026-08-14T05:20:00,50.4345,0
MCH0004,LINE-B,2026-08-14T06:00:00,50.5463,0
MCH0004,LINE-B,2026-08-14T06:40:00,50.5792,0
MCH0004,LINE-B,2026-08-14T07:20:00,50.5395,0
MCH0004,LINE-B,2026-08-14T08:00:00,50.4453,0
MCH0004,LINE-B,2026-08-14T08:40:00,50.5213,0
MCH0004,LINE-B,2026-08-14T09:20:00,50.4897,0
MCH0004,LINE-B,2026-08-14T10:00:00,50.4583,0
MCH0004,LINE-B,2026-08-14T10:40:00,50.518,0
MCH0004,LINE-B,2026-08-14T11:20:00,50.5076,0
MCH0004,LINE-B,2026-08-14T12:00:00,50.5436,0
MCH0004,LINE-B,2026-08-14T12:40:00,50.521,0
MCH0004,LINE-B,2026-08-14T13:20:00,50.553,0
MCH0004,LINE-B,2026-08-14T14:00:00,50.5988,0
MCH0004,LINE-B,2026-08-14T14:40:00,50.6047,0
MCH0004,LINE-B,2026-08-14T15:20:00,50.5153,0
MCH0004,LINE-B,2026-08-14T16:00:00,50.5529,0
MCH0004,LINE-B,2026-08-14T16:40:00,50.5983,0
MCH0004,LINE-B,2026-08-14T17:20:00,50.5022,0
MCH0004,LINE-B,2026-08-14T18:00:00,50.5201,0
MCH0004,LINE-B,2026-08-14T18:40:00,50.6352,0
MCH0004,LINE-B,2026-08-14T19:20:00,50.6644,0
MCH0004,LINE-B,2026-08-14T20:00:00,50.4369,0
MCH0004,LINE-B,2026-08-14T20:40:00,50.5652,0
MCH0004,LINE-B,2026-08-14T21:20:00,50.6547,0
MCH0004,LINE-B,2026-08-14T22:00:00,50.5403,0
MCH0004,LINE-B,2026-08-14T22:40:00,50.4905,0
MCH0004,LINE-B,2026-08-14T23:20:00,50.5096,0
MCH0005,LINE-B,2026-07-01T00:00:00,50.0098,1
MCH0005,LINE-B,2026-07-01T00:40:00,50.0242,1
MCH0005,LINE-B,2026-07-01T01:20:00,49.8301,1
MCH0005,LINE-B,2026-07-01T02:00:00,49.9311,1
MCH0005,LINE-B,2026-07-01T02:40:00,49.922,1
MCH0005,LINE-B,2026-07-01T03:20:00,50.0203,1
MCH0005,LINE-B,2026-07-01T04:00:00,50.1131,1
MCH0005,LINE-B,2026-07-01T04:40:00,49.9657,1
MCH0005,LINE-B,2026-07-01T05:20:00,50.0129,1
MCH0005,LINE-B,2026-07-01T06:00:00,50.0039,1
MCH0005,LINE-B,2026-07-01T06:40:00,50.0049,1
MCH0005,LINE-B,2026-07-01T07:20:00,50.0242,1
MCH0005,LINE-B,2026-07-01T08:00:00,50.0158,1
MCH0005,LINE-B,2026-07-01T08:40:00,50.0755,1
MCH0005,LINE-B,2026-07-01T09:20:00,50.035,1
MCH0005,LINE-B,2026-07-01T10:00:00,50.0698,1
MCH0005,LINE-B,2026-07-01T10:40:00,49.9967,1
MCH0005,LINE-B,2026-07-01T11:20:00,50.0129,1
MCH0005,LINE-B,2026-07-01T12:00:00,50.0106,1
MCH0005,LINE-B,2026-07-01T12:40:00,50.1546,1
MCH0005,LINE-B,2026-07-01T13:20:00,50.0726,1
MCH0005,LINE-B,2026-07-01T14:00:00,50.0717,1
MCH0005,LINE-B,2026-07-01T14:40:00,50.0352,1
MCH0005,LINE-B,2026-07-01T15:20:00,50.0234,1
MCH0005,LINE-B,2026-07-01T16:00:00,50.0877,1
MCH0005,LINE-B,2026-07-01T16:40:00,50.0041,1
MCH0005,LINE-B,2026-07-01T17:20:00,50.0577,1
MCH0005,LINE-B,2026-07-01T18:00:00,50.0887,1
MCH0005,LINE-B,2026-07-01T18:40:00,50.0092,1
MCH0005,LINE-B,2026-07-01T19:20:00,50.036,1
MCH0005,LINE-B,2026-07-01T20:00:00,50.0011,1
MCH0005,LINE-B,2026-07-01T20:40:00,50.0959,1
MCH0005,LINE-B,2026-07-01T21:20:00,50.0835,1
MCH0005,LINE-B,2026-07-01T22:00:00,50.0624,1
MCH0005,LINE-B,2026-07-01T22:40:00,50.142,1
MCH0005,LINE-B,2026-07-01T23:20:00,50.0529,1
MCH0005,LINE-B,2026-07-02T00:00:00,50.1265,1
MCH0005,LINE-B,2026-07-02T00:40:00,50.1138,1
MCH0005,LINE-B,2026-07-02T01:20:00,50.0418,1
MCH0005,LINE-B,2026-07-02T02:00:00,50.0526,1
MCH0005,LINE-B,2026-07-02T02:40:00,50.0799,1
MCH0005,LINE-B,2026-07-02T03:20:00,50.0424,1
MCH0005,LINE-B,2026-07-02T04:00:00,50.0276,1
MCH0005,LINE-B,2026-07-02T04:40:00,50.105,1
MCH0005,LINE-B,2026-07-02T05:20:00,50.0954,1
MCH0005,LINE-B,2026-07-02T06:00:00,50.0369,1
MCH0005,LINE-B,2026-07-02T06:40:00,50.2078,1
MCH0005,LINE-B,2026-07-02T07:20:00,50.103,1
MCH0005,LINE-B,2026-07-02T08:00:00,50.0381,1
MCH0005,LINE-B,2026-07-02T08:40:00,50.0186,1
MCH0005,LINE-B,2026-07-02T09:20:00,50.0374,1
MCH0005,LINE-B,2026-07-02T10:00:00,50.1067,1
MCH0005,LINE-B,2026-07-02T10:40:00,50.0697,1
MCH0005,LINE-B,2026-07-02T11:20:00,50.1242,1
MCH0005,LINE-B,2026-07-02T12:00:00,50.0883,1
MCH0005,LINE-B,2026-07-02T12:40:00,50.1341,1
MCH0005,LINE-B,2026-07-02T13:20:00,50.0119,1
MCH0005,LINE-B,2026-07-02T14:00:00,50.0198,1
MCH0005,LINE-B,2026-07-02T14:40:00,50.1396,1
MCH0005,LINE-B,2026-07-02T15:20:00,50.0204,1
MCH0005,LINE-B,2026-07-02T16:00:00,50.099,1
MCH0005,LINE-B,2026-07-02T16:40:00,50.0602,1
MCH0005,LINE-B,2026-07-02T17:20:00,49.9838,1
MCH0005,LINE-B,2026-07-02T18:00:00,50.0734,1
MCH0005,LINE-B,2026-07-02T18:40:00,50.0844,1
MCH0005,LINE-B,2026-07-02T19:20:00,50.1179,1
MCH0005,LINE-B,2026-07-02T20:00:00,50.0953,1
MCH0005,LINE-B,2026-07-02T20:40:00,50.1201,1
MCH0005,LINE-B,2026-07-02T21:20:00,50.1471,1
MCH0005,LINE-B,2026-07-02T22:00:00,50.0461,1
MCH0005,LINE-B,2026-07-02T22:40:00,50.153,1
MCH0005,LINE-B,2026-07-02T23:20:00,50.1819,1
MCH0005,LINE-B,2026-07-03T00:00:00,50.1042,1
MCH0005,LINE-B,2026-07-03T00:40:00,50.0872,1
MCH0005,LINE-B,2026-07-03T01:20:00,50.2222,1
MCH0005,LINE-B,2026-07-03T02:00:00,50.0768,1
MCH0005,LINE-B,2026-07-03T02:40:00,50.1235,1
MCH0005,LINE-B,2026-07-03T03:20:00,50.136,1
MCH0005,LINE-B,2026-07-03T04:00:00,50.188,1
MCH0005,LINE-B,2026-07-03T04:40:00,50.0792,1
MCH0005,LINE-B,2026-07-03T05:20:00,50.1648,1
MCH0005,LINE-B,2026-07-03T06:00:00,50.1028,1
MCH0005,LINE-B,2026-07-03T06:40:00,50.197,1
MCH0005,LINE-B,2026-07-03T07:20:00,50.1666,1
MCH0005,LINE-B,2026-07-03T08:00:00,50.1476,1
MCH0005,LINE-B,2026-07-03T08:40:00,50.2159,1
MCH0005,LINE-B,2026-07-03T09:20:00,50.1769,1
MCH0005,LINE-B,2026-07-03T10:00:00,50.0601,1
MCH0005,LINE-B,2026-07-03T10:40:00,50.1617,1
MCH0005,LINE-B,2026-07-03T11:20:00,50.088,1
MCH0005,LINE-B,2026-07-03T12:00:00,50.122,1
MCH0005,LINE-B,2026-07-03T12:40:00,50.1966,1
MCH0005,LINE-B,2026-07-03T13:20:00,50.0891,1
MCH0005,LINE-B,2026-07-03T14:00:00,50.2589,1
MCH0005,LINE-B,2026-07-03T14:40:00,50.1233,1
MCH0005,LINE-B,2026-07-03T15:20:00,50.1072,1
MCH0005,LINE-B,2026-07-03T16:00:00,50.1034,1
MCH0005,LINE-B,2026-07-03T16:40:00,50.1913,1
MCH0005,LINE-B,2026-07-03T17:20:00,50.1199,1
MCH0005,LINE-B,2026-07-03T18:00:00,50.1105,1
MCH0005,LINE-B,2026-07-03T18:40:00,50.2365,1
MCH0005,LINE-B,2026-07-03T19:20:00,50.0998,1
MCH0005,LINE-B,2026-07-03T20:00:00,50.1477,1
MCH0005,LINE-B,2026-07-03T20:40:00,50.1389,1
MCH0005,LINE-B,2026-07-03T21:20:00,50.1293,1
MCH0005,LINE-B,2026-07-03T22:00:00,50.1026,1
MCH0005,LINE-B,2026-07-03T22:40:00,50.1548,1
MCH0005,LINE-B,2026-07-03T23:20:00,50.2394,1
MCH0005,LINE-B,2026-07-04T00:00:00,50.0677,1
MCH0005,LINE-B,2026-07-04T00:40:00,50.2437,1
MCH0005,LINE-B,2026-07-04T01:20:00,50.1665,1
MCH0005,LINE-B,2026-07-04T02:00:00,50.1845,1
MCH0005,LINE-B,2026-07-04T02:40:00,50.2201,1
MCH0005,LINE-B,2026-07-04T03:20:00,50.0934,1
MCH0005,LINE-B,2026-07-04T04:00:00,50.1465,1
MCH0005,LINE-B,2026-07-04T04:40:00,50.1499,1
MCH0005,LINE-B,2026-07-04T05:20:00,50.1013,1
MCH0005,LINE-B,2026-07-04T06:00:00,50.1787,1
MCH0005,LINE-B,2026-07-04T06:40:00,50.1918,1
MCH0005,LINE-B,2026-07-04T07:20:00,50.1751,1
MCH0005,LINE-B,2026-07-04T08:00:00,50.1377,1
MCH0005,LINE-B,2026-07-04T08:40:00,50.1157,1
MCH0005,LINE-B,2026-07-04T09:20:00,50.109,1
MCH0005,LINE-B,2026-07-04T10:00:00,50.1712,1
MCH0005,LINE-B,2026-07-04T10:40:00,50.1832,1
MCH0005,LINE-B,2026-07-04T11:20:00,50.3036,0
MCH0005,LINE-B,2026-07-04T12:00:00,50.2155,1
MCH0005,LINE-B,2026-07-04T12:40:00,50.1871,1
MCH0005,LINE-B,2026-07-04T13:20:00,50.228,1
MCH0005,LINE-B,2026-07-04T14:00:00,50.2084,1
MCH0005,LINE-B,2026-07-04T14:40:00,50.1569,1
MCH0005,LINE-B,2026-07-04T15:20:00,50.2868,1
MCH0005,LINE-B,2026-07-04T16:00:00,50.1662,1
MCH0005,LINE-B,2026-07-04T16:40:00,50.253,1
MCH0005,LINE-B,2026-07-04T17:20:00,50.1898,1
MCH0005,LINE-B,2026-07-04T18:00:00,50.1922,1
MCH0005,LINE-B,2026-07-04T18:40:00,50.2354,1
MCH0005,LINE-B,2026-07-04T19:20:00,50.2518,1
MCH0005,LINE-B,2026-07-04T20:00:00,50.2391,1
MCH0005,LINE-B,2026-07-04T20:40:00,50.3007,0
MCH0005,LINE-B,2026-07-04T21:20:00,50.2445,1
MCH0005,LINE-B,2026-07-04T22:00:00,50.1382,1
MCH0005,LINE-B,2026-07-04T22:40:00,50.1946,1
MCH0005,LINE-B,2026-07-04T23:20:00,50.224,1
MCH0005,LINE-B,2026-07-05T00:00:00,50.2724,1
MCH0005,LINE-B,2026-07-05T00:40:00,50.2559,1
MCH0005,LINE-B,2026-07-05T01:20:00,50.1433,1
MCH0005,LINE-B,2026-07-05T02:00:00,50.2004,1
MCH0005,LINE-B,2026-07-05T02:40:00,50.2088,1
MCH0005,LINE-B,2026-07-05T03:20:00,50.2274,1
MCH0005,LINE-B,2026-07-05T04:00:00,50.2841,1
MCH0005,LINE-B,2026-07-05T04:40:00,50.2602,1
MCH0005,LINE-B,2026-07-05T05:20:00,50.1559,1
MCH0005,LINE-B,2026-07-05T06:00:00,50.2528,1
MCH0005,LINE-B,2026-07-05T06:40:00,50.2566,1
MCH0005,LINE-B,2026-07-05T07:20:00,50.2092,1
MCH0005,LINE-B,2026-07-05T08:00:00,50.2324,1
MCH0005,LINE-B,2026-07-05T08:40:00,50.1724,1
MCH0005,LINE-B,2026-07-05T09:20:00,50.303,0
MCH0005,LINE-B,2026-07-05T10:00:00,50.2147,1
MCH0005,LINE-B,2026-07-05T10:40:00,50.3293,0
MCH0005,LINE-B,2026-07-05T11:20:00,50.269,1
MCH0005,LINE-B,2026-07-05T12:00:00,50.2266,1
MCH0005,LINE-B,2026-07-05T12:40:00,50.2935,1
MCH0005,LINE-B,2026-07-05T13:20:00,50.2732,1
MCH0005,LINE-B,2026-07-05T14:00:00,50.3131,0
MCH0005,LINE-B,2026-07-05T14:40:00,50.2914,1
MCH0005,LINE-B,2026-07-05T15:20:00,50.2746,1
MCH0005,LINE-B,2026-07-05T16:00:00,50.2147,1
MCH0005,LINE-B,2026-07-05T16:40:00,50.2191,1
MCH0005,LINE-B,2026-07-05T17:20:00,50.1978,1
MCH0005,LINE-B,2026-07-05T18:00:00,50.2541,1
MCH0005,LINE-B,2026-07-05T18:40:00,50.2303,1
MCH0005,LINE-B,2026-07-05T19:20:00,50.2455,1
MCH0005,LINE-B,2026-07-05T20:00:00,50.2559,1
MCH0005,LINE-B,2026-07-05T20:40:00,50.1964,1
MCH0005,LINE-B,2026-07-05T21:20:00,50.2374,1
MCH0005,LINE-B,2026-07-05T22:00:00,50.2506,1
MCH0005,LINE-B,2026-07-05T22:40:00,50.3338,0
MCH0005,LINE-B,2026-07-05T23:20:00,50.312,0
MCH0005,LINE-B,2026-07-06T00:00:00,50.2878,1
MCH0005,LINE-B,2026-07-06T00:40:00,50.1977,1
MCH0005,LINE-B,2026-07-06T01:20:00,50.2576,1
MCH0005,LINE-B,2026-07-06T02:00:00,50.3071,0
MCH0005,LINE-B,2026-07-06T02:40:00,50.287,1
MCH0005,LINE-B,2026-07-06T03:20:00,50.2967,1
MCH0005,LINE-B,2026-07-06T04:00:00,50.2603,1
MCH0005,LINE-B,2026-07-06T04:40:00,50.2295,1
MCH0005,LINE-B,2026-07-06T05:20:00,50.3945,0
MCH0005,LINE-B,2026-07-06T06:00:00,50.3311,0
MCH0005,LINE-B,2026-07-06T06:40:00,50.304,0
MCH0005,LINE-B,2026-07-06T07:20:00,50.3169,0
MCH0005,LINE-B,2026-07-06T08:00:00,50.2882,1
MCH0005,LINE-B,2026-07-06T08:40:00,50.2173,1
MCH0005,LINE-B,2026-07-06T09:20:00,50.2784,1
MCH0005,LINE-B,2026-07-06T10:00:00,50.3665,0
MCH0005,LINE-B,2026-07-06T10:40:00,50.3653,0
MCH0005,LINE-B,2026-07-06T11:20:00,50.2828,1
MCH0005,LINE-B,2026-07-06T12:00:00,50.3272,0
MCH0005,LINE-B,2026-07-06T12:40:00,50.3203,0
MCH0005,LINE-B,2026-07-06T13:20:00,50.2549,1
MCH0005,LINE-B,2026-07-06T14:00:00,50.3594,0
MCH0005,LINE-B,2026-07-06T14:40:00,50.3404,0
MCH0005,LINE-B,2026-07-06T15:20:00,50.3721,0
MCH0005,LINE-B,2026-07-06T16:00:00,50.2974,1
MCH0005,LINE-B,2026-07-06T16:40:00,50.1989,1
MCH0005,LINE-B,2026-07-06T17:20:00,50.2703,1
MCH0005,LINE-B,2026-07-06T18:00:00,50.328,0
MCH0005,LINE-B,2026-07-06T18:40:00,50.3659,0
MCH0005,LINE-B,2026-07-06T19:20:00,50.3061,0
MCH0005,LINE-B,2026-07-06T20:00:00,50.3022,0
MCH0005,LINE-B,2026-07-06T20:40:00,50.3268,0
MCH0005,LINE-B,2026-07-06T21:20:00,50.2472,1
MCH0005,LINE-B,2026-07-06T22:00:00,50.2807,1
MCH0005,LINE-B,2026-07-06T22:40:00,50.3115,0
MCH0005,LINE-B,2026-07-06T23:20:00,50.3515,0
MCH0005,LINE-B,2026-07-07T00:00:00,50.3645,0
MCH0005,LINE-B,2026-07-07T00:40:00,50.415,0
MCH0005,LINE-B,2026-07-07T01:20:00,50.3786,0
MCH0005,LINE-B,2026-07-07T02:00:00,50.3081,0
MCH0005,LINE-B,2026-07-07T02:40:00,50.287,1
MCH0005,LINE-B,2026-07-07T03:20:00,50.3402,0
MCH0005,LINE-B,2026-07-07T04:00:00,50.3718,0
MCH0005,LINE-B,2026-07-07T04:40:00,50.3785,0
MCH0005,LINE-B,2026-07-07T05:20:00,50.306,0
MCH0005,LINE-B,2026-07-07T06:00:00,50.3332,0
MCH0005,LINE-B,2026-07-07T06:40:00,50.414,0
MCH0005,LINE-B,2026-07-07T07:20:00,50.3798,0
MCH0005,LINE-B,2026-07-07T08:00:00,50.2959,1
MCH0005,LINE-B,2026-07-07T08:40:00,50.3416,0
MCH0005,LINE-B,2026-07-07T09:20:00,50.3454,0
MCH0005,LINE-B,2026-07-07T10:00:00,50.3521,0
MCH0005,LINE-B,2026-07-07T10:40:00,50.3779,0
MCH0005,LINE-B,2026-07-07T11:20:00,50.4212,0
MCH0005,LINE-B,2026-07-07T12:00:00,50.3062,0
MCH0005,LINE-B,2026-07-07T12:40:00,50.3449,0
MCH0005,LINE-B,2026-07-07T13:20:00,50.3705,0
MCH0005,LINE-B,2026-07-07T14:00:00,50.4448,0
MCH0005,LINE-B,2026-07-07T14:40:00,50.3615,0
MCH0005,LINE-B,2026-07-07T15:20:00,50.3771,0
MCH0005,LINE-B,2026-07-07T16:00:00,50.3424,0
MCH0005,LINE-B,2026-07-07T16:40:00,50.2884,1
MCH0005,LINE-B,2026-07-07T17:20:00,50.4477,0
MCH0005,LINE-B,2026-07-07T18:00:00,50.3696,0
MCH0005,LINE-B,2026-07-07T18:40:00,50.3792,0
MCH0005,LINE-B,2026-07-07T19:20:00,50.3177,0
MCH0005,LINE-B,2026-07-07T20:00:00,50.3197,0
MCH0005,LINE-B,2026-07-07T20:40:00,50.4305,0
MCH0005,LINE-B,2026-07-07T21:20:00,50.3072,0
MCH0005,LINE-B,2026-07-07T22:00:00,50.3759,0
MCH0005,LINE-B,2026-07-07T22:40:00,50.4084,0
MCH0005,LINE-B,2026-07-07T23:20:00,50.2967,1
MCH0005,LINE-B,2026-07-08T00:00:00,50.366,0
MCH0005,LINE-B,2026-07-08T00:40:00,50.4399,0
MCH0005,LINE-B,2026-07-08T01:20:00,50.399,0
MCH0005,LINE-B,2026-07-08T02:00:00,50.361,0
MCH0005,LINE-B,2026-07-08T02:40:00,50.4427,0
MCH0005,LINE-B,2026-07-08T03:20:00,50.3309,0
MCH0005,LINE-B,2026-07-08T04:00:00,50.4952,0
MCH0005,LINE-B,2026-07-08T04:40:00,50.3272,0
MCH0005,LINE-B,2026-07-08T05:20:00,50.4119,0
MCH0005,LINE-B,2026-07-08T06:00:00,50.303,0
MCH0005,LINE-B,2026-07-08T06:40:00,50.4445,0
MCH0005,LINE-B,2026-07-08T07:20:00,50.4673,0
MCH0005,LINE-B,2026-07-08T08:00:00,50.3839,0
MCH0005,LINE-B,2026-07-08T08:40:00,50.3549,0
MCH0005,LINE-B,2026-07-08T09:20:00,50.4126,0
MCH0005,LINE-B,2026-07-08T10:00:00,50.4391,0
MCH0005,LINE-B,2026-07-08T10:40:00,50.4823,0
MCH0005,LINE-B,2026-07-08T11:20:00,50.4474,0
MCH0005,LINE-B,2026-07-08T12:00:00,50.4319,0
MCH0005,LINE-B,2026-07-08T12:40:00,50.4228,0
MCH0005,LINE-B,2026-07-08T13:20:00,50.4712,0
MCH0005,LINE-B,2026-07-08T14:00:00,50.3686,0
MCH0005,LINE-B,2026-07-08T14:40:00,50.4144,0
MCH0005,LINE-B,2026-07-08T15:20:00,50.4115,0
MCH0005,LINE-B,2026-07-08T16:00:00,50.4581,0
MCH0005,LINE-B,2026-07-08T16:40:00,50.5815,0
MCH0005,LINE-B,2026-07-08T17:20:00,50.4797,0
MCH0005,LINE-B,2026-07-08T18:00:00,50.3458,0
MCH0005,LINE-B,2026-07-08T18:40:00,50.3708,0
MCH0005,LINE-B,2026-07-08T19:20:00,50.4777,0
MCH0005,LINE-B,2026-07-08T20:00:00,50.4647,0
MCH0005,LINE-B,2026-07-08T20:40:00,50.4301,0
MCH0005,LINE-B,2026-07-08T21:20:00,50.4719,0
MCH0005,LINE-B,2026-07-08T22:00:00,50.508,0
MCH0005,LINE-B,2026-07-08T22:40:00,50.4006,0
MCH0005,LINE-B,2026-07-08T23:20:00,50.4337,0
MCH0005,LINE-B,2026-07-09T00:00:00,50.4716,0
MCH0005,LINE-B,2026-07-09T00:40:00,50.4466,0
MCH0005,LINE-B,2026-07-09T01:20:00,50.4051,0
MCH0005,LINE-B,2026-07-09T02:00:00,50.4203,0
MCH0005,LINE-B,2026-07-09T02:40:00,50.4933,0
MCH0005,LINE-B,2026-07-09T03:20:00,50.4291,0
MCH0005,LINE-B,2026-07-09T04:00:00,50.4561,0
MCH0005,LINE-B,2026-07-09T04:40:00,50.4111,0
MCH0005,LINE-B,2026-07-09T05:20:00,50.4524,0
MCH0005,LINE-B,2026-07-09T06:00:00,50.4104,0
MCH0005,LINE-B,2026-07-09T06:40:00,50.4179,0
MCH0005,LINE-B,2026-07-09T07:20:00,50.4651,0
MCH0005,LINE-B,2026-07-09T08:00:00,50.4688,0
MCH0005,LINE-B,2026-07-09T08:40:00,50.4951,0
MCH0005,LINE-B,2026-07-09T09:20:00,50.4566,0
MCH0005,LINE-B,2026-07-09T10:00:00,50.4436,0
MCH0005,LINE-B,2026-07-09T10:40:00,50.4645,0
MCH0005,LINE-B,2026-07-09T11:20:00,50.4576,0
MCH0005,LINE-B,2026-07-09T12:00:00,50.48,0
MCH0005,LINE-B,2026-07-09T12:40:00,50.4674,0
MCH0005,LINE-B,2026-07-09T13:20:00,50.5322,0
MCH0005,LINE-B,2026-07-09T14:00:00,50.4729,0
MCH0005,LINE-B,2026-07-09T14:40:00,50.4618,0
MCH0005,LINE-B,2026-07-09T15:20:00,50.4236,0
MCH0005,LINE-B,2026-07-09T16:00:00,50.5135,0
MCH0005,LINE-B,2026-07-09T16:40:00,50.4928,0
MCH0005,LINE-B,2026-07-09T17:20:00,50.4963,0
MCH0005,LINE-B,2026-07-09T18:00:00,50.5054,0
MCH0005,LINE-B,2026-07-09T18:40:00,50.4507,0
MCH0005,LINE-B,2026-07-09T19:20:00,50.5226,0
MCH0005,LINE-B,2026-07-09T20:00:00,50.4314,0
MCH0005,LINE-B,2026-07-09T20:40:00,50.4601,0
MCH0005,LINE-B,2026-07-09T21:20:00,50.5573,0
MCH0005,LINE-B,2026-07-09T22:00:00,50.5276,0
MCH0005,LINE-B,2026-07-09T22:40:00,50.488,0
MCH0005,LINE-B,2026-07-09T23:20:00,50.5489,0
MCH0005,LINE-B,2026-07-10T00:00:00,50.6343,0
MCH0005,LINE-B,2026-07-10T00:40:00,50.5248,0
MCH0005,LINE-B,2026-07-10T01:20:00,50.5185,0
MCH0005,LINE-B,2026-07-10T02:00:00,50.3967,0
MCH0005,LINE-B,2026-07-10T02:40:00,50.5348,0
MCH0005,LINE-B,2026-07-10T03:20:00,50.4988,0
MCH0005,LINE-B,2026-07-10T04:00:00,50.4741,0
MCH0005,LINE-B,2026-07-10T04:40:00,50.5622,0
MCH0005,LINE-B,2026-07-10T05:20:00,50.5332,0
MCH0005,LINE-B,2026-07-10T06:00:00,50.4236,0
MCH0005,LINE-B,2026-07-10T06:40:00,50.3989,0
MCH0005,LINE-B,2026-07-10T07:20:00,50.4628,0
MCH0005,LINE-B,2026-07-10T08:00:00,50.4885,0
MCH0005,LINE-B,2026-07-10T08:40:00,50.4813,0
MCH0005,LINE-B,2026-07-10T09:20:00,50.602,0
MCH0005,LINE-B,2026-07-10T10:00:00,50.5168,0
MCH0005,LINE-B,2026-07-10T10:40:00,50.5355,0
MCH0005,LINE-B,2026-07-10T11:20:00,50.5043,0
MCH0005,LINE-B,2026-07-10T12:00:00,50.4989,0
MCH0005,LINE-B,2026-07-10T12:40:00,50.4894,0
MCH0005,LINE-B,2026-07-10T13:20:00,50.5941,0
MCH0005,LINE-B,2026-07-10T14:00:00,50.5698,0
MCH0005,LINE-B,2026-07-10T14:40:00,50.5458,0
MCH0005,LINE-B,2026-07-10T15:20:00,50.6388,0
MCH0005,LINE-B,2026-07-10T16:00:00,50.5051,0
MCH0005,LINE-B,2026-07-10T16:40:00,50.5713,0
MCH0005,LINE-B,2026-07-10T17:20:00,50.4893,0
MCH0005,LINE-B,2026-07-10T18:00:00,50.4942,0
MCH0005,LINE-B,2026-07-10T18:40:00,50.5801,0
MCH0005,LINE-B,2026-07-10T19:20:00,50.4114,0
MCH0005,LINE-B,2026-07-10T20:00:00,50.5448,0
MCH0005,LINE-B,2026-07-10T20:40:00,50.456,0
MCH0005,LINE-B,2026-07-10T21:20:00,50.56,0
MCH0005,LINE-B,2026-07-10T22:00:00,50.518,0
MCH0005,LINE-B,2026-07-10T22:40:00,50.5559,0
MCH0005,LINE-B,2026-07-10T23:20:00,50.6224,0
MCH0005,LINE-B,2026-07-11T00:00:00,50.565,0
MCH0005,LINE-B,2026-07-11T00:40:00,50.5461,0
MCH0005,LINE-B,2026-07-11T01:20:00,50.5513,0
MCH0005,LINE-B,2026-07-11T02:00:00,50.5963,0
MCH0005,LINE-B,2026-07-11T02:40:00,50.5763,0
MCH0005,LINE-B,2026-07-11T03:20:00,50.405,0
MCH0005,LINE-B,2026-07-11T04:00:00,50.5245,0
MCH0005,LINE-B,2026-07-11T04:40:00,50.6338,0
MCH0005,LINE-B,2026-07-11T05:20:00,50.5743,0
MCH0005,LINE-B,2026-07-11T06:00:00,50.6188,0
MCH0005,LINE-B,2026-07-11T06:40:00,50.541,0
MCH0005,LINE-B,2026-07-11T07:20:00,50.5068,0
MCH0005,LINE-B,2026-07-11T08:00:00,50.6363,0
MCH0005,LINE-B,2026-07-11T08:40:00,50.5887,0
MCH0005,LINE-B,2026-07-11T09:20:00,50.5654,0
MCH0005,LINE-B,2026-07-11T10:00:00,50.6141,0
MCH0005,LINE-B,2026-07-11T10:40:00,50.5869,0
MCH0005,LINE-B,2026-07-11T11:20:00,50.6625,0
MCH0005,LINE-B,2026-07-11T12:00:00,50.6104,0
MCH0005,LINE-B,2026-07-11T12:40:00,50.4933,0
MCH0005,LINE-B,2026-07-11T13:20:00,50.5576,0
MCH0005,LINE-B,2026-07-11T14:00:00,50.6639,0
MCH0005,LINE-B,2026-07-11T14:40:00,50.5132,0
MCH0005,LINE-B,2026-07-11T15:20:00,50.5934,0
MCH0005,LINE-B,2026-07-11T16:00:00,50.5408,0
MCH0005,LINE-B,2026-07-11T16:40:00,50.592,0
MCH0005,LINE-B,2026-07-11T17:20:00,50.6085,0
MCH0005,LINE-B,2026-07-11T18:00:00,50.5963,0
MCH0005,LINE-B,2026-07-11T18:40:00,50.5362,0
MCH0005,LINE-B,2026-07-11T19:20:00,50.0569,1
MCH0005,LINE-B,2026-07-11T20:00:00,49.9999,1
MCH0005,LINE-B,2026-07-11T20:40:00,50.062,1
MCH0005,LINE-B,2026-07-11T21:20:00,50.0383,1
MCH0005,LINE-B,2026-07-11T22:00:00,50.0196,1
MCH0005,LINE-B,2026-07-11T22:40:00,50.0526,1
MCH0005,LINE-B,2026-07-11T23:20:00,50.0862,1
MCH0005,LINE-B,2026-07-12T00:00:00,50.072,1
MCH0005,LINE-B,2026-07-12T00:40:00,49.9711,1
MCH0005,LINE-B,2026-07-12T01:20:00,49.9986,1
MCH0005,LINE-B,2026-07-12T02:00:00,50.0449,1
MCH0005,LINE-B,2026-07-12T02:40:00,50.0368,1
MCH0005,LINE-B,2026-07-12T03:20:00,50.0169,1
MCH0005,LINE-B,2026-07-12T04:00:00,49.9993,1
MCH0005,LINE-B,2026-07-12T04:40:00,50.055,1
MCH0005,LINE-B,2026-07-12T05:20:00,50.0378,1
MCH0005,LINE-B,2026-07-12T06:00:00,50.0217,1
MCH0005,LINE-B,2026-07-12T06:40:00,50.093,1
MCH0005,LINE-B,2026-07-12T07:20:00,50.0624,1
MCH0005,LINE-B,2026-07-12T08:00:00,50.0035,1
MCH0005,LINE-B,2026-07-12T08:40:00,50.1047,1
MCH0005,LINE-B,2026-07-12T09:20:00,50.0641,1
MCH0005,LINE-B,2026-07-12T10:00:00,49.954,1
MCH0005,LINE-B,2026-07-12T10:40:00,50.0556,1
MCH0005,LINE-B,2026-07-12T11:20:00,50.1507,1
MCH0005,LINE-B,2026-07-12T12:00:00,50.0541,1
MCH0005,LINE-B,2026-07-12T12:40:00,50.0404,1
MCH0005,LINE-B,2026-07-12T13:20:00,50.1128,1
MCH0005,LINE-B,2026-07-12T14:00:00,50.1038,1
MCH0005,LINE-B,2026-07-12T14:40:00,50.0358,1
MCH0005,LINE-B,2026-07-12T15:20:00,50.0366,1
MCH0005,LINE-B,2026-07-12T16:00:00,50.0378,1
MCH0005,LINE-B,2026-07-12T16:40:00,50.0124,1
MCH0005,LINE-B,2026-07-12T17:20:00,50.1121,1
MCH0005,LINE-B,2026-07-12T18:00:00,50.1573,1
MCH0005,LINE-B,2026-07-12T18:40:00,50.064,1
MCH0005,LINE-B,2026-07-12T19:20:00,50.0845,1
MCH0005,LINE-B,2026-07-12T20:00:00,50.0377,1
MCH0005,LINE-B,2026-07-12T20:40:00,50.0454,1
MCH0005,LINE-B,2026-07-12T21:20:00,50.0934,1
MCH0005,LINE-B,2026-07-12T22:00:00,50.1372,1
MCH0005,LINE-B,2026-07-12T22:40:00,50.106,1
MCH0005,LINE-B,2026-07-12T23:20:00,50.1319,1
MCH0005,LINE-B,2026-07-13T00:00:00,50.1393,1
MCH0005,LINE-B,2026-07-13T00:40:00,50.0212,1
MCH0005,LINE-B,2026-07-13T01:20:00,50.0744,1
MCH0005,LINE-B,2026-07-13T02:00:00,50.125,1
MCH0005,LINE-B,2026-07-13T02:40:00,50.227,1
MCH0005,LINE-B,2026-07-13T03:20:00,50.1368,1
MCH0005,LINE-B,2026-07-13T04:00:00,50.1015,1
MCH0005,LINE-B,2026-07-13T04:40:00,50.1965,1
MCH0005,LINE-B,2026-07-13T05:20:00,50.0256,1
MCH0005,LINE-B,2026-07-13T06:00:00,50.1224,1
MCH0005,LINE-B,2026-07-13T06:40:00,50.1091,1
MCH0005,LINE-B,2026-07-13T07:20:00,50.1303,1
MCH0005,LINE-B,2026-07-13T08:00:00,50.0805,1
MCH0005,LINE-B,2026-07-13T08:40:00,50.1952,1
MCH0005,LINE-B,2026-07-13T09:20:00,50.2138,1
MCH0005,LINE-B,2026-07-13T10:00:00,50.1656,1
MCH0005,LINE-B,2026-07-13T10:40:00,50.2027,1
MCH0005,LINE-B,2026-07-13T11:20:00,50.0525,1
MCH0005,LINE-B,2026-07-13T12:00:00,50.1588,1
MCH0005,LINE-B,2026-07-13T12:40:00,50.1876,1
MCH0005,LINE-B,2026-07-13T13:20:00,50.0601,1
MCH0005,LINE-B,2026-07-13T14:00:00,50.2155,1
MCH0005,LINE-B,2026-07-13T14:40:00,50.155,1
MCH0005,LINE-B,2026-07-13T15:20:00,50.2045,1
MCH0005,LINE-B,2026-07-13T16:00:00,50.0776,1
MCH0005,LINE-B,2026-07-13T16:40:00,50.1589,1
MCH0005,LINE-B,2026-07-13T17:20:00,50.1542,1
MCH0005,LINE-B,2026-07-13T18:00:00,50.184,1
MCH0005,LINE-B,2026-07-13T18:40:00,50.1474,1
MCH0005,LINE-B,2026-07-13T19:20:00,50.1001,1
MCH0005,LINE-B,2026-07-13T20:00:00,50.1194,1
MCH0005,LINE-B,2026-07-13T20:40:00,50.1964,1
MCH0005,LINE-B,2026-07-13T21:20:00,50.1338,1
MCH0005,LINE-B,2026-07-13T22:00:00,50.1248,1
MCH0005,LINE-B,2026-07-13T22:40:00,50.0641,1
MCH0005,LINE-B,2026-07-13T23:20:00,50.1922,1
MCH0005,LINE-B,2026-07-14T00:00:00,50.1717,1
MCH0005,LINE-B,2026-07-14T00:40:00,50.2082,1
MCH0005,LINE-B,2026-07-14T01:20:00,50.0568,1
MCH0005,LINE-B,2026-07-14T02:00:00,50.1851,1
MCH0005,LINE-B,2026-07-14T02:40:00,50.122,1
MCH0005,LINE-B,2026-07-14T03:20:00,50.1765,1
MCH0005,LINE-B,2026-07-14T04:00:00,50.1678,1
MCH0005,LINE-B,2026-07-14T04:40:00,50.1386,1
MCH0005,LINE-B,2026-07-14T05:20:00,50.2366,1
MCH0005,LINE-B,2026-07-14T06:00:00,50.2118,1
MCH0005,LINE-B,2026-07-14T06:40:00,50.1617,1
MCH0005,LINE-B,2026-07-14T07:20:00,50.1635,1
MCH0005,LINE-B,2026-07-14T08:00:00,50.1616,1
MCH0005,LINE-B,2026-07-14T08:40:00,50.2459,1
MCH0005,LINE-B,2026-07-14T09:20:00,50.1556,1
MCH0005,LINE-B,2026-07-14T10:00:00,50.2692,1
MCH0005,LINE-B,2026-07-14T10:40:00,50.218,1
MCH0005,LINE-B,2026-07-14T11:20:00,50.2727,1
MCH0005,LINE-B,2026-07-14T12:00:00,50.1084,1
MCH0005,LINE-B,2026-07-14T12:40:00,50.1696,1
MCH0005,LINE-B,2026-07-14T13:20:00,50.2032,1
MCH0005,LINE-B,2026-07-14T14:00:00,50.2246,1
MCH0005,LINE-B,2026-07-14T14:40:00,50.2367,1
MCH0005,LINE-B,2026-07-14T15:20:00,50.1555,1
MCH0005,LINE-B,2026-07-14T16:00:00,50.1509,1
MCH0005,LINE-B,2026-07-14T16:40:00,50.1009,1
MCH0005,LINE-B,2026-07-14T17:20:00,50.1384,1
MCH0005,LINE-B,2026-07-14T18:00:00,50.2702,1
MCH0005,LINE-B,2026-07-14T18:40:00,50.2394,1
MCH0005,LINE-B,2026-07-14T19:20:00,50.1658,1
MCH0005,LINE-B,2026-07-14T20:00:00,50.1929,1
MCH0005,LINE-B,2026-07-14T20:40:00,50.1995,1
MCH0005,LINE-B,2026-07-14T21:20:00,50.2577,1
MCH0005,LINE-B,2026-07-14T22:00:00,50.2331,1
MCH0005,LINE-B,2026-07-14T22:40:00,50.1242,1
MCH0005,LINE-B,2026-07-14T23:20:00,50.1916,1
MCH0005,LINE-B,2026-07-15T00:00:00,50.2506,1
MCH0005,LINE-B,2026-07-15T00:40:00,50.2381,1
MCH0005,LINE-B,2026-07-15T01:20:00,50.2402,1
MCH0005,LINE-B,2026-07-15T02:00:00,50.2438,1
MCH0005,LINE-B,2026-07-15T02:40:00,50.2444,1
MCH0005,LINE-B,2026-07-15T03:20:00,50.2363,1
MCH0005,LINE-B,2026-07-15T04:00:00,50.2767,1
MCH0005,LINE-B,2026-07-15T04:40:00,50.2222,1
MCH0005,LINE-B,2026-07-15T05:20:00,50.2541,1
MCH0005,LINE-B,2026-07-15T06:00:00,50.1368,1
MCH0005,LINE-B,2026-07-15T06:40:00,50.288,1
MCH0005,LINE-B,2026-07-15T07:20:00,50.2741,1
MCH0005,LINE-B,2026-07-15T08:00:00,50.251,1
MCH0005,LINE-B,2026-07-15T08:40:00,50.2265,1
MCH0005,LINE-B,2026-07-15T09:20:00,50.3007,0
MCH0005,LINE-B,2026-07-15T10:00:00,50.2662,1
MCH0005,LINE-B,2026-07-15T10:40:00,50.1744,1
MCH0005,LINE-B,2026-07-15T11:20:00,50.1597,1
MCH0005,LINE-B,2026-07-15T12:00:00,50.1704,1
MCH0005,LINE-B,2026-07-15T12:40:00,50.2497,1
MCH0005,LINE-B,2026-07-15T13:20:00,50.29,1
MCH0005,LINE-B,2026-07-15T14:00:00,50.3035,0
MCH0005,LINE-B,2026-07-15T14:40:00,50.3128,0
MCH0005,LINE-B,2026-07-15T15:20:00,50.2686,1
MCH0005,LINE-B,2026-07-15T16:00:00,50.2386,1
MCH0005,LINE-B,2026-07-15T16:40:00,50.2819,1
MCH0005,LINE-B,2026-07-15T17:20:00,50.2724,1
MCH0005,LINE-B,2026-07-15T18:00:00,50.3268,0
MCH0005,LINE-B,2026-07-15T18:40:00,50.2732,1
MCH0005,LINE-B,2026-07-15T19:20:00,50.2543,1
MCH0005,LINE-B,2026-07-15T20:00:00,50.257,1
MCH0005,LINE-B,2026-07-15T20:40:00,50.2573,1
MCH0005,LINE-B,2026-07-15T21:20:00,50.326,0
MCH0005,LINE-B,2026-07-15T22:00:00,50.2491,1
MCH0005,LINE-B,2026-07-15T22:40:00,50.3007,0
MCH0005,LINE-B,2026-07-15T23:20:00,50.2692,1
MCH0005,LINE-B,2026-07-16T00:00:00,50.258,1
MCH0005,LINE-B,2026-07-16T00:40:00,50.2001,1
MCH0005,LINE-B,2026-07-16T01:20:00,50.3425,0
MCH0005,LINE-B,2026-07-16T02:00:00,50.2172,1
MCH0005,LINE-B,2026-07-16T02:40:00,50.3378,0
MCH0005,LINE-B,2026-07-16T03:20:00,50.2902,1
MCH0005,LINE-B,2026-07-16T04:00:00,50.3414,0
MCH0005,LINE-B,2026-07-16T04:40:00,50.2804,1
MCH0005,LINE-B,2026-07-16T05:20:00,50.2861,1
MCH0005,LINE-B,2026-07-16T06:00:00,50.3442,0
MCH0005,LINE-B,2026-07-16T06:40:00,50.357,0
MCH0005,LINE-B,2026-07-16T07:20:00,50.3597,0
MCH0005,LINE-B,2026-07-16T08:00:00,50.2651,1
MCH0005,LINE-B,2026-07-16T08:40:00,50.2523,1
MCH0005,LINE-B,2026-07-16T09:20:00,50.336,0
MCH0005,LINE-B,2026-07-16T10:00:00,50.3877,0
MCH0005,LINE-B,2026-07-16T10:40:00,50.2759,1
MCH0005,LINE-B,2026-07-16T11:20:00,50.3107,0
MCH0005,LINE-B,2026-07-16T12:00:00,50.3643,0
MCH0005,LINE-B,2026-07-16T12:40:00,50.3783,0
MCH0005,LINE-B,2026-07-16T13:20:00,50.2607,1
MCH0005,LINE-B,2026-07-16T14:00:00,50.2631,1
MCH0005,LINE-B,2026-07-16T14:40:00,50.2748,1
MCH0005,LINE-B,2026-07-16T15:20:00,50.3552,0
MCH0005,LINE-B,2026-07-16T16:00:00,50.355,0
MCH0005,LINE-B,2026-07-16T16:40:00,50.2902,1
MCH0005,LINE-B,2026-07-16T17:20:00,50.3118,0
MCH0005,LINE-B,2026-07-16T18:00:00,50.4494,0
MCH0005,LINE-B,2026-07-16T18:40:00,50.3053,0
MCH0005,LINE-B,2026-07-16T19:20:00,50.334,0
MCH0005,LINE-B,2026-07-16T20:00:00,50.4041,0
MCH0005,LINE-B,2026-07-16T20:40:00,50.3117,0
MCH0005,LINE-B,2026-07-16T21:20:00,50.3846,0
MCH0005,LINE-B,2026-07-16T22:00:00,50.3935,0
MCH0005,LINE-B,2026-07-16T22:40:00,50.2248,1
MCH0005,LINE-B,2026-07-16T23:20:00,50.3758,0
MCH0005,LINE-B,2026-07-17T00:00:00,50.3559,0
MCH0005,LINE-B,2026-07-17T00:40:00,50.4071,0
MCH0005,LINE-B,2026-07-17T01:20:00,50.3656,0
MCH0005,LINE-B,2026-07-17T02:00:00,50.3708,0
MCH0005,LINE-B,2026-07-17T02:40:00,50.3155,0
MCH0005,LINE-B,2026-07-17T03:20:00,50.4213,0
MCH0005,LINE-B,2026-07-17T04:00:00,50.3344,0
MCH0005,LINE-B,2026-07-17T04:40:00,50.3531,0
MCH0005,LINE-B,2026-07-17T05:20:00,50.3203,0
MCH0005,LINE-B,2026-07-17T06:00:00,50.37,0
MCH0005,LINE-B,2026-07-17T06:40:00,50.3319,0
MCH0005,LINE-B,2026-07-17T07:20:00,50.4679,0
MCH0005,LINE-B,2026-07-17T08:00:00,50.3561,0
MCH0005,LINE-B,2026-07-17T08:40:00,50.3224,0
MCH0005,LINE-B,2026-07-17T09:20:00,50.3652,0
MCH0005,LINE-B,2026-07-17T10:00:00,50.4207,0
MCH0005,LINE-B,2026-07-17T10:40:00,50.3229,0
MCH0005,LINE-B,2026-07-17T11:20:00,50.4229,0
MCH0005,LINE-B,2026-07-17T12:00:00,50.4062,0
MCH0005,LINE-B,2026-07-17T12:40:00,50.3599,0
MCH0005,LINE-B,2026-07-17T13:20:00,50.4853,0
MCH0005,LINE-B,2026-07-17T14:00:00,50.4089,0
MCH0005,LINE-B,2026-07-17T14:40:00,50.3876,0
MCH0005,LINE-B,2026-07-17T15:20:00,50.4601,0
MCH0005,LINE-B,2026-07-17T16:00:00,50.3426,0
MCH0005,LINE-B,2026-07-17T16:40:00,50.4411,0
MCH0005,LINE-B,2026-07-17T17:20:00,50.3522,0
MCH0005,LINE-B,2026-07-17T18:00:00,50.359,0
MCH0005,LINE-B,2026-07-17T18:40:00,50.3499,0
MCH0005,LINE-B,2026-07-17T19:20:00,50.4228,0
MCH0005,LINE-B,2026-07-17T20:00:00,50.4363,0
MCH0005,LINE-B,2026-07-17T20:40:00,50.4683,0
MCH0005,LINE-B,2026-07-17T21:20:00,50.3603,0
MCH0005,LINE-B,2026-07-17T22:00:00,50.3816,0
MCH0005,LINE-B,2026-07-17T22:40:00,50.4415,0
MCH0005,LINE-B,2026-07-17T23:20:00,50.3781,0
MCH0005,LINE-B,2026-07-18T00:00:00,50.4588,0
MCH0005,LINE-B,2026-07-18T00:40:00,50.4609,0
MCH0005,LINE-B,2026-07-18T01:20:00,50.352,0
MCH0005,LINE-B,2026-07-18T02:00:00,50.4214,0
MCH0005,LINE-B,2026-07-18T02:40:00,50.4579,0
MCH0005,LINE-B,2026-07-18T03:20:00,50.3802,0
MCH0005,LINE-B,2026-07-18T04:00:00,50.4955,0
MCH0005,LINE-B,2026-07-18T04:40:00,50.4969,0
MCH0005,LINE-B,2026-07-18T05:20:00,50.3877,0
MCH0005,LINE-B,2026-07-18T06:00:00,50.4377,0
MCH0005,LINE-B,2026-07-18T06:40:00,50.4925,0
MCH0005,LINE-B,2026-07-18T07:20:00,50.4939,0
MCH0005,LINE-B,2026-07-18T08:00:00,50.2972,1
MCH0005,LINE-B,2026-07-18T08:40:00,50.4301,0
MCH0005,LINE-B,2026-07-18T09:20:00,50.433,0
MCH0005,LINE-B,2026-07-18T10:00:00,50.551,0
MCH0005,LINE-B,2026-07-18T10:40:00,50.4382,0
MCH0005,LINE-B,2026-07-18T11:20:00,50.4637,0
MCH0005,LINE-B,2026-07-18T12:00:00,50.4887,0
MCH0005,LINE-B,2026-07-18T12:40:00,50.4497,0
MCH0005,LINE-B,2026-07-18T13:20:00,50.4791,0
MCH0005,LINE-B,2026-07-18T14:00:00,50.5011,0
MCH0005,LINE-B,2026-07-18T14:40:00,50.5411,0
MCH0005,LINE-B,2026-07-18T15:20:00,50.4687,0
MCH0005,LINE-B,2026-07-18T16:00:00,50.4936,0
MCH0005,LINE-B,2026-07-18T16:40:00,50.479,0
MCH0005,LINE-B,2026-07-18T17:20:00,50.5244,0
MCH0005,LINE-B,2026-07-18T18:00:00,50.3412,0
MCH0005,LINE-B,2026-07-18T18:40:00,50.4008,0
MCH0005,LINE-B,2026-07-18T19:20:00,50.4797,0
MCH0005,LINE-B,2026-07-18T20:00:00,50.427,0
MCH0005,LINE-B,2026-07-18T20:40:00,50.5402,0
MCH0005,LINE-B,2026-07-18T21:20:00,50.491,0
MCH0005,LINE-B,2026-07-18T22:00:00,50.3737,0
MCH0005,LINE-B,2026-07-18T22:40:00,50.5277,0
MCH0005,LINE-B,2026-07-18T23:20:00,50.45,0
MCH0005,LINE-B,2026-07-19T00:00:00,50.3887,0
MCH0005,LINE-B,2026-07-19T00:40:00,50.5132,0
MCH0005,LINE-B,2026-07-19T01:20:00,50.6106,0
MCH0005,LINE-B,2026-07-19T02:00:00,50.4425,0
MCH0005,LINE-B,2026-07-19T02:40:00,50.4986,0
MCH0005,LINE-B,2026-07-19T03:20:00,50.4682,0
MCH0005,LINE-B,2026-07-19T04:00:00,50.4274,0
MCH0005,LINE-B,2026-07-19T04:40:00,50.4991,0
MCH0005,LINE-B,2026-07-19T05:20:00,50.4812,0
MCH0005,LINE-B,2026-07-19T06:00:00,50.4755,0
MCH0005,LINE-B,2026-07-19T06:40:00,50.5181,0
MCH0005,LINE-B,2026-07-19T07:20:00,50.477,0
MCH0005,LINE-B,2026-07-19T08:00:00,50.5954,0
MCH0005,LINE-B,2026-07-19T08:40:00,50.5533,0
MCH0005,LINE-B,2026-07-19T09:20:00,50.5375,0
MCH0005,LINE-B,2026-07-19T10:00:00,50.5313,0
MCH0005,LINE-B,2026-07-19T10:40:00,50.4786,0
MCH0005,LINE-B,2026-07-19T11:20:00,50.4735,0
MCH0005,LINE-B,2026-07-19T12:00:00,50.5458,0
MCH0005,LINE-B,2026-07-19T12:40:00,50.5246,0
MCH0005,LINE-B,2026-07-19T13:20:00,50.5005,0
MCH0005,LINE-B,2026-07-19T14:00:00,50.5685,0
MCH0005,LINE-B,2026-07-19T14:40:00,50.54,0
MCH0005,LINE-B,2026-07-19T15:20:00,50.5006,0
MCH0005,LINE-B,2026-07-19T16:00:00,50.5266,0
MCH0005,LINE-B,2026-07-19T16:40:00,50.5998,0
MCH0005,LINE-B,2026-07-19T17:20:00,50.5415,0
MCH0005,LINE-B,2026-07-19T18:00:00,50.5565,0
MCH0005,LINE-B,2026-07-19T18:40:00,50.6059,0
MCH0005,LINE-B,2026-07-19T19:20:00,50.5417,0
MCH0005,LINE-B,2026-07-19T20:00:00,50.553,0
MCH0005,LINE-B,2026-07-19T20:40:00,50.5824,0
MCH0005,LINE-B,2026-07-19T21:20:00,50.4907,0
MCH0005,LINE-B,2026-07-19T22:00:00,50.4752,0
MCH0005,LINE-B,2026-07-19T22:40:00,50.5682,0
MCH0005,LINE-B,2026-07-19T23:20:00,50.5598,0
MCH0005,LINE-B,2026-07-20T00:00:00,50.5391,0
MCH0005,LINE-B,2026-07-20T00:40:00,50.5133,0
MCH0005,LINE-B,2026-07-20T01:20:00,50.6433,0
MCH0005,LINE-B,2026-07-20T02:00:00,50.5464,0
MCH0005,LINE-B,2026-07-20T02:40:00,50.6046,0
MCH0005,LINE-B,2026-07-20T03:20:00,50.5492,0
MCH0005,LINE-B,2026-07-20T04:00:00,50.5725,0
MCH0005,LINE-B,2026-07-20T04:40:00,50.5988,0
MCH0005,LINE-B,2026-07-20T05:20:00,50.581,0
MCH0005,LINE-B,2026-07-20T06:00:00,50.5311,0
MCH0005,LINE-B,2026-07-20T06:40:00,50.5188,0
MCH0005,LINE-B,2026-07-20T07:20:00,50.6001,0
MCH0005,LINE-B,2026-07-20T08:00:00,50.5635,0
MCH0005,LINE-B,2026-07-20T08:40:00,50.5086,0
MCH0005,LINE-B,2026-07-20T09:20:00,50.6469,0
MCH0005,LINE-B,2026-07-20T10:00:00,50.5332,0
MCH0005,LINE-B,2026-07-20T10:40:00,50.5297,0
MCH0005,LINE-B,2026-07-20T11:20:00,50.5838,0
MCH0005,LINE-B,2026-07-20T12:00:00,50.5789,0
MCH0005,LINE-B,2026-07-20T12:40:00,50.6428,0
MCH0005,LINE-B,2026-07-20T13:20:00,50.5705,0
MCH0005,LINE-B,2026-07-20T14:00:00,50.5721,0
MCH0005,LINE-B,2026-07-20T14:40:00,50.6684,0
MCH0005,LINE-B,2026-07-20T15:20:00,50.6934,0
MCH0005,LINE-B,2026-07-20T16:00:00,50.5701,0
MCH0005,LINE-B,2026-07-20T16:40:00,49.9467,1
MCH0005,LINE-B,2026-07-20T17:20:00,50.077,1
MCH0005,LINE-B,2026-07-20T18:00:00,49.9981,1
MCH0005,LINE-B,2026-07-20T18:40:00,50.042,1
MCH0005,LINE-B,2026-07-20T19:20:00,50.0301,1
MCH0005,LINE-B,2026-07-20T20:00:00,50.0469,1
MCH0005,LINE-B,2026-07-20T20:40:00,50.0826,1
MCH0005,LINE-B,2026-07-20T21:20:00,50.1495,1
MCH0005,LINE-B,2026-07-20T22:00:00,50.0589,1
MCH0005,LINE-B,2026-07-20T22:40:00,50.0426,1
MCH0005,LINE-B,2026-07-20T23:20:00,50.0923,1
MCH0005,LINE-B,2026-07-21T00:00:00,50.1979,1
MCH0005,LINE-B,2026-07-21T00:40:00,50.0066,1
MCH0005,LINE-B,2026-07-21T01:20:00,50.1134,1
MCH0005,LINE-B,2026-07-21T02:00:00,50.09,1
MCH0005,LINE-B,2026-07-21T02:40:00,50.0494,1
MCH0005,LINE-B,2026-07-21T03:20:00,49.9907,1
MCH0005,LINE-B,2026-07-21T04:00:00,50.0586,1
MCH0005,LINE-B,2026-07-21T04:40:00,50.0112,1
MCH0005,LINE-B,2026-07-21T05:20:00,50.0976,1
MCH0005,LINE-B,2026-07-21T06:00:00,50.0238,1
MCH0005,LINE-B,2026-07-21T06:40:00,50.0675,1
MCH0005,LINE-B,2026-07-21T07:20:00,50.0989,1
MCH0005,LINE-B,2026-07-21T08:00:00,50.0504,1
MCH0005,LINE-B,2026-07-21T08:40:00,49.9518,1
MCH0005,LINE-B,2026-07-21T09:20:00,50.036,1
MCH0005,LINE-B,2026-07-21T10:00:00,50.0817,1
MCH0005,LINE-B,2026-07-21T10:40:00,50.0678,1
MCH0005,LINE-B,2026-07-21T11:20:00,50.0728,1
MCH0005,LINE-B,2026-07-21T12:00:00,50.1359,1
MCH0005,LINE-B,2026-07-21T12:40:00,50.0615,1
MCH0005,LINE-B,2026-07-21T13:20:00,50.0458,1
MCH0005,LINE-B,2026-07-21T14:00:00,50.0914,1
MCH0005,LINE-B,2026-07-21T14:40:00,50.0603,1
MCH0005,LINE-B,2026-07-21T15:20:00,50.0734,1
MCH0005,LINE-B,2026-07-21T16:00:00,50.0844,1
MCH0005,LINE-B,2026-07-21T16:40:00,50.065,1
MCH0005,LINE-B,2026-07-21T17:20:00,50.1667,1
MCH0005,LINE-B,2026-07-21T18:00:00,50.0418,1
MCH0005,LINE-B,2026-07-21T18:40:00,50.0919,1
MCH0005,LINE-B,2026-07-21T19:20:00,50.0311,1
MCH0005,LINE-B,2026-07-21T20:00:00,50.1991,1
MCH0005,LINE-B,2026-07-21T20:40:00,50.1307,1
MCH0005,LINE-B,2026-07-21T21:20:00,50.0714,1
MCH0005,LINE-B,2026-07-21T22:00:00,50.1166,1
MCH0005,LINE-B,2026-07-21T22:40:00,50.1455,1
MCH0005,LINE-B,2026-07-21T23:20:00,50.0851,1
MCH0005,LINE-B,2026-07-22T00:00:00,50.0525,1
MCH0005,LINE-B,2026-07-22T00:40:00,50.1094,1
MCH0005,LINE-B,2026-07-22T01:20:00,50.1804,1
MCH0005,LINE-B,2026-07-22T02:00:00,50.0935,1
MCH0005,LINE-B,2026-07-22T02:40:00,50.1518,1
MCH0005,LINE-B,2026-07-22T03:20:00,50.1901,1
MCH0005,LINE-B,2026-07-22T04:00:00,50.2014,1
MCH0005,LINE-B,2026-07-22T04:40:00,50.1354,1
MCH0005,LINE-B,2026-07-22T05:20:00,50.1086,1
MCH0005,LINE-B,2026-07-22T06:00:00,50.0962,1
MCH0005,LINE-B,2026-07-22T06:40:00,50.1403,1
MCH0005,LINE-B,2026-07-22T07:20:00,50.1762,1
MCH0005,LINE-B,2026-07-22T08:00:00,50.0542,1
MCH0005,LINE-B,2026-07-22T08:40:00,50.1221,1
MCH0005,LINE-B,2026-07-22T09:20:00,50.078,1
MCH0005,LINE-B,2026-07-22T10:00:00,50.1719,1
MCH0005,LINE-B,2026-07-22T10:40:00,50.1437,1
MCH0005,LINE-B,2026-07-22T11:20:00,50.1228,1
MCH0005,LINE-B,2026-07-22T12:00:00,50.1501,1
MCH0005,LINE-B,2026-07-22T12:40:00,50.1014,1
MCH0005,LINE-B,2026-07-22T13:20:00,50.1979,1
MCH0005,LINE-B,2026-07-22T14:00:00,50.2899,1
MCH0005,LINE-B,2026-07-22T14:40:00,50.1847,1
MCH0005,LINE-B,2026-07-22T15:20:00,50.1055,1
MCH0005,LINE-B,2026-07-22T16:00:00,50.0827,1
MCH0005,LINE-B,2026-07-22T16:40:00,50.1968,1
MCH0005,LINE-B,2026-07-22T17:20:00,50.1549,1
MCH0005,LINE-B,2026-07-22T18:00:00,50.1147,1
MCH0005,LINE-B,2026-07-22T18:40:00,50.2467,1
MCH0005,LINE-B,2026-07-22T19:20:00,50.1323,1
MCH0005,LINE-B,2026-07-22T20:00:00,50.2359,1
MCH0005,LINE-B,2026-07-22T20:40:00,50.1398,1
MCH0005,LINE-B,2026-07-22T21:20:00,50.1534,1
MCH0005,LINE-B,2026-07-22T22:00:00,50.2341,1
MCH0005,LINE-B,2026-07-22T22:40:00,50.2046,1
MCH0005,LINE-B,2026-07-22T23:20:00,50.2122,1
MCH0005,LINE-B,2026-07-23T00:00:00,50.216,1
MCH0005,LINE-B,2026-07-23T00:40:00,50.1276,1
MCH0005,LINE-B,2026-07-23T01:20:00,50.2118,1
MCH0005,LINE-B,2026-07-23T02:00:00,50.0864,1
MCH0005,LINE-B,2026-07-23T02:40:00,50.2449,1
MCH0005,LINE-B,2026-07-23T03:20:00,50.2325,1
MCH0005,LINE-B,2026-07-23T04:00:00,50.1737,1
MCH0005,LINE-B,2026-07-23T04:40:00,50.2355,1
MCH0005,LINE-B,2026-07-23T05:20:00,50.233,1
MCH0005,LINE-B,2026-07-23T06:00:00,50.2065,1
MCH0005,LINE-B,2026-07-23T06:40:00,50.1565,1
MCH0005,LINE-B,2026-07-23T07:20:00,50.2584,1
MCH0005,LINE-B,2026-07-23T08:00:00,50.2573,1
MCH0005,LINE-B,2026-07-23T08:40:00,50.1957,1
MCH0005,LINE-B,2026-07-23T09:20:00,50.2807,1
MCH0005,LINE-B,2026-07-23T10:00:00,50.2495,1
MCH0005,LINE-B,2026-07-23T10:40:00,50.26,1
MCH0005,LINE-B,2026-07-23T11:20:00,50.1929,1
MCH0005,LINE-B,2026-07-23T12:00:00,50.2712,1
MCH0005,LINE-B,2026-07-23T12:40:00,50.1488,1
MCH0005,LINE-B,2026-07-23T13:20:00,50.3411,0
MCH0005,LINE-B,2026-07-23T14:00:00,50.3183,0
MCH0005,LINE-B,2026-07-23T14:40:00,50.3029,0
MCH0005,LINE-B,2026-07-23T15:20:00,50.2992,1
MCH0005,LINE-B,2026-07-23T16:00:00,50.1819,1
MCH0005,LINE-B,2026-07-23T16:40:00,50.2461,1
MCH0005,LINE-B,2026-07-23T17:20:00,50.2841,1
MCH0005,LINE-B,2026-07-23T18:00:00,50.1333,1
MCH0005,LINE-B,2026-07-23T18:40:00,50.2288,1
MCH0005,LINE-B,2026-07-23T19:20:00,50.2269,1
MCH0005,LINE-B,2026-07-23T20:00:00,50.2823,1
MCH0005,LINE-B,2026-07-23T20:40:00,50.2047,1
MCH0005,LINE-B,2026-07-23T21:20:00,50.2461,1
MCH0005,LINE-B,2026-07-23T22:00:00,50.2037,1
MCH0005,LINE-B,2026-07-23T22:40:00,50.3138,0
MCH0005,LINE-B,2026-07-23T23:20:00,50.3055,0
MCH0005,LINE-B,2026-07-24T00:00:00,50.3177,0
MCH0005,LINE-B,2026-07-24T00:40:00,50.3612,0
MCH0005,LINE-B,2026-07-24T01:20:00,50.2643,1
MCH0005,LINE-B,2026-07-24T02:00:00,50.3018,0
MCH0005,LINE-B,2026-07-24T02:40:00,50.1645,1
MCH0005,LINE-B,2026-07-24T03:20:00,50.213,1
MCH0005,LINE-B,2026-07-24T04:00:00,50.284,1
MCH0005,LINE-B,2026-07-24T04:40:00,50.2411,1
MCH0005,LINE-B,2026-07-24T05:20:00,50.2474,1
MCH0005,LINE-B,2026-07-24T06:00:00,50.3318,0
MCH0005,LINE-B,2026-07-24T06:40:00,50.2831,1
MCH0005,LINE-B,2026-07-24T07:20:00,50.3132,0
MCH0005,LINE-B,2026-07-24T08:00:00,50.3584,0
MCH0005,LINE-B,2026-07-24T08:40:00,50.3262,0
MCH0005,LINE-B,2026-07-24T09:20:00,50.2811,1
MCH0005,LINE-B,2026-07-24T10:00:00,50.3394,0
MCH0005,LINE-B,2026-07-24T10:40:00,50.3141,0
MCH0005,LINE-B,2026-07-24T11:20:00,50.3419,0
MCH0005,LINE-B,2026-07-24T12:00:00,50.3904,0
MCH0005,LINE-B,2026-07-24T12:40:00,50.294,1
MCH0005,LINE-B,2026-07-24T13:20:00,50.2756,1
MCH0005,LINE-B,2026-07-24T14:00:00,50.2294,1
MCH0005,LINE-B,2026-07-24T14:40:00,50.2461,1
MCH0005,LINE-B,2026-07-24T15:20:00,50.3203,0
MCH0005,LINE-B,2026-07-24T16:00:00,50.3183,0
MCH0005,LINE-B,2026-07-24T16:40:00,50.3011,0
MCH0005,LINE-B,2026-07-24T17:20:00,50.3724,0
MCH0005,LINE-B,2026-07-24T18:00:00,50.2636,1
MCH0005,LINE-B,2026-07-24T18:40:00,50.3721,0
MCH0005,LINE-B,2026-07-24T19:20:00,50.3286,0
MCH0005,LINE-B,2026-07-24T20:00:00,50.2771,1
MCH0005,LINE-B,2026-07-24T20:40:00,50.2721,1
MCH0005,LINE-B,2026-07-24T21:20:00,50.3612,0
MCH0005,LINE-B,2026-07-24T22:00:00,50.3368,0
MCH0005,LINE-B,2026-07-24T22:40:00,50.2852,1
MCH0005,LINE-B,2026-07-24T23:20:00,50.3619,0
MCH0005,LINE-B,2026-07-25T00:00:00,50.3249,0
MCH0005,LINE-B,2026-07-25T00:40:00,50.4158,0
MCH0005,LINE-B,2026-07-25T01:20:00,50.3149,0
MCH0005,LINE-B,2026-07-25T02:00:00,50.2859,1
MCH0005,LINE-B,2026-07-25T02:40:00,50.374,0
MCH0005,LINE-B,2026-07-25T03:20:00,50.3455,0
MCH0005,LINE-B,2026-07-25T04:00:00,50.4039,0
MCH0005,LINE-B,2026-07-25T04:40:00,50.3699,0
MCH0005,LINE-B,2026-07-25T05:20:00,50.4369,0
MCH0005,LINE-B,2026-07-25T06:00:00,50.4318,0
MCH0005,LINE-B,2026-07-25T06:40:00,50.3567,0
MCH0005,LINE-B,2026-07-25T07:20:00,50.3647,0
MCH0005,LINE-B,2026-07-25T08:00:00,50.4689,0
MCH0005,LINE-B,2026-07-25T08:40:00,50.4551,0
MCH0005,LINE-B,2026-07-25T09:20:00,50.3608,0
MCH0005,LINE-B,2026-07-25T10:00:00,50.3467,0
MCH0005,LINE-B,2026-07-25T10:40:00,50.3695,0
MCH0005,LINE-B,2026-07-25T11:20:00,50.3156,0
MCH0005,LINE-B,2026-07-25T12:00:00,50.3646,0
MCH0005,LINE-B,2026-07-25T12:40:00,50.4001,0
MCH0005,LINE-B,2026-07-25T13:20:00,50.4436,0
MCH0005,LINE-B,2026-07-25T14:00:00,50.3973,0
MCH0005,LINE-B,2026-07-25T14:40:00,50.379,0
MCH0005,LINE-B,2026-07-25T15:20:00,50.3411,0
MCH0005,LINE-B,2026-07-25T16:00:00,50.4109,0
MCH0005,LINE-B,2026-07-25T16:40:00,50.4279,0
MCH0005,LINE-B,2026-07-25T17:20:00,50.3585,0
MCH0005,LINE-B,2026-07-25T18:00:00,50.4467,0
MCH0005,LINE-B,2026-07-25T18:40:00,50.5119,0
MCH0005,LINE-B,2026-07-25T19:20:00,50.3764,0
MCH0005,LINE-B,2026-07-25T20:00:00,50.3196,0
MCH0005,LINE-B,2026-07-25T20:40:00,50.398,0
MCH0005,LINE-B,2026-07-25T21:20:00,50.3872,0
MCH0005,LINE-B,2026-07-25T22:00:00,50.4851,0
MCH0005,LINE-B,2026-07-25T22:40:00,50.4608,0
MCH0005,LINE-B,2026-07-25T23:20:00,50.4349,0
MCH0005,LINE-B,2026-07-26T00:00:00,50.437,0
MCH0005,LINE-B,2026-07-26T00:40:00,50.4598,0
MCH0005,LINE-B,2026-07-26T01:20:00,50.3285,0
MCH0005,LINE-B,2026-07-26T02:00:00,50.4927,0
MCH0005,LINE-B,2026-07-26T02:40:00,50.4417,0
MCH0005,LINE-B,2026-07-26T03:20:00,50.4868,0
MCH0005,LINE-B,2026-07-26T04:00:00,50.5166,0
MCH0005,LINE-B,2026-07-26T04:40:00,50.6175,0
MCH0005,LINE-B,2026-07-26T05:20:00,50.4894,0
MCH0005,LINE-B,2026-07-26T06:00:00,50.4391,0
MCH0005,LINE-B,2026-07-26T06:40:00,50.4206,0
MCH0005,LINE-B,2026-07-26T07:20:00,50.4334,0
MCH0005,LINE-B,2026-07-26T08:00:00,50.5442,0
MCH0005,LINE-B,2026-07-26T08:40:00,50.4089,0
MCH0005,LINE-B,2026-07-26T09:20:00,50.4283,0
MCH0005,LINE-B,2026-07-26T10:00:00,50.4891,0
MCH0005,LINE-B,2026-07-26T10:40:00,50.4672,0
MCH0005,LINE-B,2026-07-26T11:20:00,50.405,0
MCH0005,LINE-B,2026-07-26T12:00:00,50.5059,0
MCH0005,LINE-B,2026-07-26T12:40:00,50.4086,0
MCH0005,LINE-B,2026-07-26T13:20:00,50.405,0
MCH0005,LINE-B,2026-07-26T14:00:00,50.4934,0
MCH0005,LINE-B,2026-07-26T14:40:00,50.5067,0
MCH0005,LINE-B,2026-07-26T15:20:00,50.409,0
MCH0005,LINE-B,2026-07-26T16:00:00,50.5098,0
MCH0005,LINE-B,2026-07-26T16:40:00,50.4984,0
MCH0005,LINE-B,2026-07-26T17:20:00,50.4761,0
MCH0005,LINE-B,2026-07-26T18:00:00,50.441,0
MCH0005,LINE-B,2026-07-26T18:40:00,50.4857,0
MCH0005,LINE-B,2026-07-26T19:20:00,50.5443,0
MCH0005,LINE-B,2026-07-26T20:00:00,50.5176,0
MCH0005,LINE-B,2026-07-26T20:40:00,50.406,0
MCH0005,LINE-B,2026-07-26T21:20:00,50.4742,0
MCH0005,LINE-B,2026-07-26T22:00:00,50.4686,0
MCH0005,LINE-B,2026-07-26T22:40:00,50.4534,0
MCH0005,LINE-B,2026-07-26T23:20:00,50.4691,0
MCH0005,LINE-B,2026-07-27T00:00:00,50.5551,0
MCH0005,LINE-B,2026-07-27T00:40:00,50.5213,0
MCH0005,LINE-B,2026-07-27T01:20:00,50.5153,0
MCH0005,LINE-B,2026-07-27T02:00:00,50.4398,0
MCH0005,LINE-B,2026-07-27T02:40:00,50.5232,0
MCH0005,LINE-B,2026-07-27T03:20:00,50.495,0
MCH0005,LINE-B,2026-07-27T04:00:00,50.5414,0
MCH0005,LINE-B,2026-07-27T04:40:00,50.4025,0
MCH0005,LINE-B,2026-07-27T05:20:00,50.586,0
MCH0005,LINE-B,2026-07-27T06:00:00,50.5354,0
MCH0005,LINE-B,2026-07-27T06:40:00,50.5136,0
MCH0005,LINE-B,2026-07-27T07:20:00,50.5147,0
MCH0005,LINE-B,2026-07-27T08:00:00,50.6758,0
MCH0005,LINE-B,2026-07-27T08:40:00,50.4785,0
MCH0005,LINE-B,2026-07-27T09:20:00,50.4632,0
MCH0005,LINE-B,2026-07-27T10:00:00,50.5388,0
MCH0005,LINE-B,2026-07-27T10:40:00,50.5959,0
MCH0005,LINE-B,2026-07-27T11:20:00,50.4615,0
MCH0005,LINE-B,2026-07-27T12:00:00,50.5772,0
MCH0005,LINE-B,2026-07-27T12:40:00,50.6112,0
MCH0005,LINE-B,2026-07-27T13:20:00,50.5534,0
MCH0005,LINE-B,2026-07-27T14:00:00,50.573,0
MCH0005,LINE-B,2026-07-27T14:40:00,50.5185,0
MCH0005,LINE-B,2026-07-27T15:20:00,50.6087,0
MCH0005,LINE-B,2026-07-27T16:00:00,50.5326,0
MCH0005,LINE-B,2026-07-27T16:40:00,50.4905,0
MCH0005,LINE-B,2026-07-27T17:20:00,50.6005,0
MCH0005,LINE-B,2026-07-27T18:00:00,50.5704,0
MCH0005,LINE-B,2026-07-27T18:40:00,50.5815,0
MCH0005,LINE-B,2026-07-27T19:20:00,50.4715,0
MCH0005,LINE-B,2026-07-27T20:00:00,50.5636,0
MCH0005,LINE-B,2026-07-27T20:40:00,50.6319,0
MCH0005,LINE-B,2026-07-27T21:20:00,50.6414,0
MCH0005,LINE-B,2026-07-27T22:00:00,50.5043,0
MCH0005,LINE-B,2026-07-27T22:40:00,50.6268,0
MCH0005,LINE-B,2026-07-27T23:20:00,50.6134,0
MCH0005,LINE-B,2026-07-28T00:00:00,50.558,0
MCH0005,LINE-B,2026-07-28T00:40:00,50.5669,0
MCH0005,LINE-B,2026-07-28T01:20:00,50.5566,0
MCH0005,LINE-B,2026-07-28T02:00:00,50.5473,0
MCH0005,LINE-B,2026-07-28T02:40:00,50.5337,0
MCH0005,LINE-B,2026-07-28T03:20:00,50.5031,0
MCH0005,LINE-B,2026-07-28T04:00:00,50.5132,0
MCH0005,LINE-B,2026-07-28T04:40:00,50.6596,0
MCH0005,LINE-B,2026-07-28T05:20:00,50.5596,0
MCH0005,LINE-B,2026-07-28T06:00:00,50.5491,0
MCH0005,LINE-B,2026-07-28T06:40:00,50.6415,0
MCH0005,LINE-B,2026-07-28T07:20:00,50.5673,0
MCH0005,LINE-B,2026-07-28T08:00:00,50.7433,0
MCH0005,LINE-B,2026-07-28T08:40:00,49.9921,1
MCH0005,LINE-B,2026-07-28T09:20:00,50.0232,1
MCH0005,LINE-B,2026-07-28T10:00:00,50.0813,1
MCH0005,LINE-B,2026-07-28T10:40:00,50.0337,1
MCH0005,LINE-B,2026-07-28T11:20:00,49.9527,1
MCH0005,LINE-B,2026-07-28T12:00:00,50.0381,1
MCH0005,LINE-B,2026-07-28T12:40:00,50.0137,1
MCH0005,LINE-B,2026-07-28T13:20:00,49.9847,1
MCH0005,LINE-B,2026-07-28T14:00:00,50.0935,1
MCH0005,LINE-B,2026-07-28T14:40:00,50.0299,1
MCH0005,LINE-B,2026-07-28T15:20:00,50.0348,1
MCH0005,LINE-B,2026-07-28T16:00:00,50.0901,1
MCH0005,LINE-B,2026-07-28T16:40:00,50.0798,1
MCH0005,LINE-B,2026-07-28T17:20:00,50.0238,1
MCH0005,LINE-B,2026-07-28T18:00:00,50.0049,1
MCH0005,LINE-B,2026-07-28T18:40:00,50.0976,1
MCH0005,LINE-B,2026-07-28T19:20:00,50.002,1
MCH0005,LINE-B,2026-07-28T20:00:00,50.0141,1
MCH0005,LINE-B,2026-07-28T20:40:00,50.1487,1
MCH0005,LINE-B,2026-07-28T21:20:00,50.086,1
MCH0005,LINE-B,2026-07-28T22:00:00,50.07,1
MCH0005,LINE-B,2026-07-28T22:40:00,50.0705,1
MCH0005,LINE-B,2026-07-28T23:20:00,50.0777,1
MCH0005,LINE-B,2026-07-29T00:00:00,50.0865,1
MCH0005,LINE-B,2026-07-29T00:40:00,50.0436,1
MCH0005,LINE-B,2026-07-29T01:20:00,50.0697,1
MCH0005,LINE-B,2026-07-29T02:00:00,50.0545,1
MCH0005,LINE-B,2026-07-29T02:40:00,50.0886,1
MCH0005,LINE-B,2026-07-29T03:20:00,50.128,1
MCH0005,LINE-B,2026-07-29T04:00:00,50.0475,1
MCH0005,LINE-B,2026-07-29T04:40:00,50.0315,1
MCH0005,LINE-B,2026-07-29T05:20:00,50.0982,1
MCH0005,LINE-B,2026-07-29T06:00:00,50.0057,1
MCH0005,LINE-B,2026-07-29T06:40:00,50.1055,1
MCH0005,LINE-B,2026-07-29T07:20:00,50.0825,1
MCH0005,LINE-B,2026-07-29T08:00:00,50.1102,1
MCH0005,LINE-B,2026-07-29T08:40:00,50.1353,1
MCH0005,LINE-B,2026-07-29T09:20:00,50.0765,1
MCH0005,LINE-B,2026-07-29T10:00:00,50.0625,1
MCH0005,LINE-B,2026-07-29T10:40:00,50.0006,1
MCH0005,LINE-B,2026-07-29T11:20:00,50.1252,1
MCH0005,LINE-B,2026-07-29T12:00:00,50.0681,1
MCH0005,LINE-B,2026-07-29T12:40:00,50.1149,1
MCH0005,LINE-B,2026-07-29T13:20:00,50.0252,1
MCH0005,LINE-B,2026-07-29T14:00:00,50.0484,1
MCH0005,LINE-B,2026-07-29T14:40:00,50.1177,1
MCH0005,LINE-B,2026-07-29T15:20:00,50.117,1
MCH0005,LINE-B,2026-07-29T16:00:00,50.1287,1
MCH0005,LINE-B,2026-07-29T16:40:00,50.0975,1
MCH0005,LINE-B,2026-07-29T17:20:00,50.0703,1
MCH0005,LINE-B,2026-07-29T18:00:00,50.1551,1
MCH0005,LINE-B,2026-07-29T18:40:00,50.0332,1
MCH0005,LINE-B,2026-07-29T19:20:00,50.1191,1
MCH0005,LINE-B,2026-07-29T20:00:00,50.0641,1
MCH0005,LINE-B,2026-07-29T20:40:00,50.1225,1
MCH0005,LINE-B,2026-07-29T21:20:00,50.1465,1
MCH0005,LINE-B,2026-07-29T22:00:00,50.1893,1
MCH0005,LINE-B,2026-07-29T22:40:00,50.1313,1
MCH0005,LINE-B,2026-07-29T23:20:00,50.1858,1
MCH0005,LINE-B,2026-07-30T00:00:00,50.1484,1
MCH0005,LINE-B,2026-07-30T00:40:00,50.097,1
MCH0005,LINE-B,2026-07-30T01:20:00,50.1101,1
MCH0005,LINE-B,2026-07-30T02:00:00,50.0735,1
MCH0005,LINE-B,2026-07-30T02:40:00,50.0263,1
MCH0005,LINE-B,2026-07-30T03:20:00,50.0507,1
MCH0005,LINE-B,2026-07-30T04:00:00,50.0361,1
MCH0005,LINE-B,2026-07-30T04:40:00,50.0437,1
MCH0005,LINE-B,2026-07-30T05:20:00,50.0913,1
MCH0005,LINE-B,2026-07-30T06:00:00,50.1015,1
MCH0005,LINE-B,2026-07-30T06:40:00,50.1492,1
MCH0005,LINE-B,2026-07-30T07:20:00,50.0445,1
MCH0005,LINE-B,2026-07-30T08:00:00,50.0779,1
MCH0005,LINE-B,2026-07-30T08:40:00,50.1637,1
MCH0005,LINE-B,2026-07-30T09:20:00,50.1206,1
MCH0005,LINE-B,2026-07-30T10:00:00,50.1321,1
MCH0005,LINE-B,2026-07-30T10:40:00,50.2023,1
MCH0005,LINE-B,2026-07-30T11:20:00,50.0566,1
MCH0005,LINE-B,2026-07-30T12:00:00,50.1584,1
MCH0005,LINE-B,2026-07-30T12:40:00,50.1258,1
MCH0005,LINE-B,2026-07-30T13:20:00,50.1349,1
MCH0005,LINE-B,2026-07-30T14:00:00,50.1908,1
MCH0005,LINE-B,2026-07-30T14:40:00,50.1488,1
MCH0005,LINE-B,2026-07-30T15:20:00,50.0891,1
MCH0005,LINE-B,2026-07-30T16:00:00,50.0616,1
MCH0005,LINE-B,2026-07-30T16:40:00,50.1834,1
MCH0005,LINE-B,2026-07-30T17:20:00,50.1854,1
MCH0005,LINE-B,2026-07-30T18:00:00,50.2069,1
MCH0005,LINE-B,2026-07-30T18:40:00,50.1538,1
MCH0005,LINE-B,2026-07-30T19:20:00,50.1843,1
MCH0005,LINE-B,2026-07-30T20:00:00,50.1139,1
MCH0005,LINE-B,2026-07-30T20:40:00,50.2328,1
MCH0005,LINE-B,2026-07-30T21:20:00,50.0684,1
MCH0005,LINE-B,2026-07-30T22:00:00,50.0888,1
MCH0005,LINE-B,2026-07-30T22:40:00,50.2017,1
MCH0005,LINE-B,2026-07-30T23:20:00,50.1177,1
MCH0005,LINE-B,2026-07-31T00:00:00,50.2697,1
MCH0005,LINE-B,2026-07-31T00:40:00,50.2505,1
MCH0005,LINE-B,2026-07-31T01:20:00,50.2092,1
MCH0005,LINE-B,2026-07-31T02:00:00,50.1144,1
MCH0005,LINE-B,2026-07-31T02:40:00,50.2765,1
MCH0005,LINE-B,2026-07-31T03:20:00,50.2118,1
MCH0005,LINE-B,2026-07-31T04:00:00,50.2249,1
MCH0005,LINE-B,2026-07-31T04:40:00,50.203,1
MCH0005,LINE-B,2026-07-31T05:20:00,50.2436,1
MCH0005,LINE-B,2026-07-31T06:00:00,50.19,1
MCH0005,LINE-B,2026-07-31T06:40:00,50.2023,1
MCH0005,LINE-B,2026-07-31T07:20:00,50.0594,1
MCH0005,LINE-B,2026-07-31T08:00:00,50.1764,1
MCH0005,LINE-B,2026-07-31T08:40:00,50.1407,1
MCH0005,LINE-B,2026-07-31T09:20:00,50.168,1
MCH0005,LINE-B,2026-07-31T10:00:00,50.1963,1
MCH0005,LINE-B,2026-07-31T10:40:00,50.1749,1
MCH0005,LINE-B,2026-07-31T11:20:00,50.1348,1
MCH0005,LINE-B,2026-07-31T12:00:00,50.2198,1
MCH0005,LINE-B,2026-07-31T12:40:00,50.2167,1
MCH0005,LINE-B,2026-07-31T13:20:00,50.1604,1
MCH0005,LINE-B,2026-07-31T14:00:00,50.2343,1
MCH0005,LINE-B,2026-07-31T14:40:00,50.2089,1
MCH0005,LINE-B,2026-07-31T15:20:00,50.2569,1
MCH0005,LINE-B,2026-07-31T16:00:00,50.115,1
MCH0005,LINE-B,2026-07-31T16:40:00,50.1798,1
MCH0005,LINE-B,2026-07-31T17:20:00,50.2655,1
MCH0005,LINE-B,2026-07-31T18:00:00,50.2334,1
MCH0005,LINE-B,2026-07-31T18:40:00,50.2686,1
MCH0005,LINE-B,2026-07-31T19:20:00,50.1645,1
MCH0005,LINE-B,2026-07-31T20:00:00,50.2487,1
MCH0005,LINE-B,2026-07-31T20:40:00,50.1262,1
MCH0005,LINE-B,2026-07-31T21:20:00,50.2669,1
MCH0005,LINE-B,2026-07-31T22:00:00,50.102,1
MCH0005,LINE-B,2026-07-31T22:40:00,50.1347,1
MCH0005,LINE-B,2026-07-31T23:20:00,50.2257,1
MCH0005,LINE-B,2026-08-01T00:00:00,50.1797,1
MCH0005,LINE-B,2026-08-01T00:40:00,50.2246,1
MCH0005,LINE-B,2026-08-01T01:20:00,50.2216,1
MCH0005,LINE-B,2026-08-01T02:00:00,50.2223,1
MCH0005,LINE-B,2026-08-01T02:40:00,50.1901,1
MCH0005,LINE-B,2026-08-01T03:20:00,50.2004,1
MCH0005,LINE-B,2026-08-01T04:00:00,50.1622,1
MCH0005,LINE-B,2026-08-01T04:40:00,50.2979,1
MCH0005,LINE-B,2026-08-01T05:20:00,50.3133,0
MCH0005,LINE-B,2026-08-01T06:00:00,50.1802,1
MCH0005,LINE-B,2026-08-01T06:40:00,50.2543,1
MCH0005,LINE-B,2026-08-01T07:20:00,50.2494,1
MCH0005,LINE-B,2026-08-01T08:00:00,50.3108,0
MCH0005,LINE-B,2026-08-01T08:40:00,50.25,1
MCH0005,LINE-B,2026-08-01T09:20:00,50.2628,1
MCH0005,LINE-B,2026-08-01T10:00:00,50.2434,1
MCH0005,LINE-B,2026-08-01T10:40:00,50.2563,1
MCH0005,LINE-B,2026-08-01T11:20:00,50.2841,1
MCH0005,LINE-B,2026-08-01T12:00:00,50.3295,0
MCH0005,LINE-B,2026-08-01T12:40:00,50.2596,1
MCH0005,LINE-B,2026-08-01T13:20:00,50.2849,1
MCH0005,LINE-B,2026-08-01T14:00:00,50.2807,1
MCH0005,LINE-B,2026-08-01T14:40:00,50.2169,1
MCH0005,LINE-B,2026-08-01T15:20:00,50.2699,1
MCH0005,LINE-B,2026-08-01T16:00:00,50.2959,1
MCH0005,LINE-B,2026-08-01T16:40:00,50.2262,1
MCH0005,LINE-B,2026-08-01T17:20:00,50.364,0
MCH0005,LINE-B,2026-08-01T18:00:00,50.2078,1
MCH0005,LINE-B,2026-08-01T18:40:00,50.2556,1
MCH0005,LINE-B,2026-08-01T19:20:00,50.2828,1
MCH0005,LINE-B,2026-08-01T20:00:00,50.3333,0
MCH0005,LINE-B,2026-08-01T20:40:00,50.3336,0
MCH0005,LINE-B,2026-08-01T21:20:00,50.3063,0
MCH0005,LINE-B,2026-08-01T22:00:00,50.2885,1
MCH0005,LINE-B,2026-08-01T22:40:00,50.2483,1
MCH0005,LINE-B,2026-08-01T23:20:00,50.2997,1
MCH0005,LINE-B,2026-08-02T00:00:00,50.296,1
MCH0005,LINE-B,2026-08-02T00:40:00,50.2445,1
MCH0005,LINE-B,2026-08-02T01:20:00,50.3042,0
MCH0005,LINE-B,2026-08-02T02:00:00,50.3185,0
MCH0005,LINE-B,2026-08-02T02:40:00,50.3088,0
MCH0005,LINE-B,2026-08-02T03:20:00,50.3208,0
MCH0005,LINE-B,2026-08-02T04:00:00,50.2767,1
MCH0005,LINE-B,2026-08-02T04:40:00,50.3046,0
MCH0005,LINE-B,2026-08-02T05:20:00,50.3182,0
MCH0005,LINE-B,2026-08-02T06:00:00,50.3281,0
MCH0005,LINE-B,2026-08-02T06:40:00,50.2682,1
MCH0005,LINE-B,2026-08-02T07:20:00,50.2069,1
MCH0005,LINE-B,2026-08-02T08:00:00,50.2096,1
MCH0005,LINE-B,2026-08-02T08:40:00,50.3037,0
MCH0005,LINE-B,2026-08-02T09:20:00,50.302,0
MCH0005,LINE-B,2026-08-02T10:00:00,50.3398,0
MCH0005,LINE-B,2026-08-02T10:40:00,50.3696,0
MCH0005,LINE-B,2026-08-02T11:20:00,50.2874,1
MCH0005,LINE-B,2026-08-02T12:00:00,50.3255,0
MCH0005,LINE-B,2026-08-02T12:40:00,50.3767,0
MCH0005,LINE-B,2026-08-02T13:20:00,50.3433,0
MCH0005,LINE-B,2026-08-02T14:00:00,50.4029,0
MCH0005,LINE-B,2026-08-02T14:40:00,50.3241,0
MCH0005,LINE-B,2026-08-02T15:20:00,50.3059,0
MCH0005,LINE-B,2026-08-02T16:00:00,50.2829,1
MCH0005,LINE-B,2026-08-02T16:40:00,50.3202,0
MCH0005,LINE-B,2026-08-02T17:20:00,50.3198,0
MCH0005,LINE-B,2026-08-02T18:00:00,50.3421,0
MCH0005,LINE-B,2026-08-02T18:40:00,50.3673,0
MCH0005,LINE-B,2026-08-02T19:20:00,50.4023,0
MCH0005,LINE-B,2026-08-02T20:00:00,50.2642,1
MCH0005,LINE-B,2026-08-02T20:40:00,50.3877,0
MCH0005,LINE-B,2026-08-02T21:20:00,50.2968,1
MCH0005,LINE-B,2026-08-02T22:00:00,50.3782,0
MCH0005,LINE-B,2026-08-02T22:40:00,50.3637,0
MCH0005,LINE-B,2026-08-02T23:20:00,50.3906,0
MCH0005,LINE-B,2026-08-03T00:00:00,50.2767,1
MCH0005,LINE-B,2026-08-03T00:40:00,50.3651,0
MCH0005,LINE-B,2026-08-03T01:20:00,50.3744,0
MCH0005,LINE-B,2026-08-03T02:00:00,50.3436,0
MCH0005,LINE-B,2026-08-03T02:40:00,50.4265,0
MCH0005,LINE-B,2026-08-03T03:20:00,50.3599,0
MCH0005,LINE-B,2026-08-03T04:00:00,50.4568,0
MCH0005,LINE-B,2026-08-03T04:40:00,50.3658,0
MCH0005,LINE-B,2026-08-03T05:20:00,50.4168,0
MCH0005,LINE-B,2026-08-03T06:00:00,50.3795,0
MCH0005,LINE-B,2026-08-03T06:40:00,50.3861,0
MCH0005,LINE-B,2026-08-03T07:20:00,50.3939,0
MCH0005,LINE-B,2026-08-03T08:00:00,50.3786,0
MCH0005,LINE-B,2026-08-03T08:40:00,50.3247,0
MCH0005,LINE-B,2026-08-03T09:20:00,50.2668,1
MCH0005,LINE-B,2026-08-03T10:00:00,50.3333,0
MCH0005,LINE-B,2026-08-03T10:40:00,50.3527,0
MCH0005,LINE-B,2026-08-03T11:20:00,50.3497,0
MCH0005,LINE-B,2026-08-03T12:00:00,50.374,0
MCH0005,LINE-B,2026-08-03T12:40:00,50.4607,0
MCH0005,LINE-B,2026-08-03T13:20:00,50.352,0
MCH0005,LINE-B,2026-08-03T14:00:00,50.4886,0
MCH0005,LINE-B,2026-08-03T14:40:00,50.351,0
MCH0005,LINE-B,2026-08-03T15:20:00,50.3852,0
MCH0005,LINE-B,2026-08-03T16:00:00,50.3908,0
MCH0005,LINE-B,2026-08-03T16:40:00,50.3539,0
MCH0005,LINE-B,2026-08-03T17:20:00,50.415,0
MCH0005,LINE-B,2026-08-03T18:00:00,50.5061,0
MCH0005,LINE-B,2026-08-03T18:40:00,50.305,0
MCH0005,LINE-B,2026-08-03T19:20:00,50.4436,0
MCH0005,LINE-B,2026-08-03T20:00:00,50.3887,0
MCH0005,LINE-B,2026-08-03T20:40:00,50.4696,0
MCH0005,LINE-B,2026-08-03T21:20:00,50.3252,0
MCH0005,LINE-B,2026-08-03T22:00:00,50.3732,0
MCH0005,LINE-B,2026-08-03T22:40:00,50.3015,0
MCH0005,LINE-B,2026-08-03T23:20:00,50.3813,0
MCH0005,LINE-B,2026-08-04T00:00:00,50.3582,0
MCH0005,LINE-B,2026-08-04T00:40:00,50.3941,0
MCH0005,LINE-B,2026-08-04T01:20:00,50.4345,0
MCH0005,LINE-B,2026-08-04T02:00:00,50.3859,0
MCH0005,LINE-B,2026-08-04T02:40:00,50.4413,0
MCH0005,LINE-B,2026-08-04T03:20:00,50.4228,0
MCH0005,LINE-B,2026-08-04T04:00:00,50.418,0
MCH0005,LINE-B,2026-08-04T04:40:00,50.426,0
MCH0005,LINE-B,2026-08-04T05:20:00,50.4582,0
MCH0005,LINE-B,2026-08-04T06:00:00,50.4112,0
MCH0005,LINE-B,2026-08-04T06:40:00,50.3732,0
MCH0005,LINE-B,2026-08-04T07:20:00,50.405,0
MCH0005,LINE-B,2026-08-04T08:00:00,50.3565,0
MCH0005,LINE-B,2026-08-04T08:40:00,50.4719,0
MCH0005,LINE-B,2026-08-04T09:20:00,50.4973,0
MCH0005,LINE-B,2026-08-04T10:00:00,50.4508,0
MCH0005,LINE-B,2026-08-04T10:40:00,50.4373,0
MCH0005,LINE-B,2026-08-04T11:20:00,50.506,0
MCH0005,LINE-B,2026-08-04T12:00:00,50.5442,0
MCH0005,LINE-B,2026-08-04T12:40:00,50.4039,0
MCH0005,LINE-B,2026-08-04T13:20:00,50.4753,0
MCH0005,LINE-B,2026-08-04T14:00:00,50.3625,0
MCH0005,LINE-B,2026-08-04T14:40:00,50.4672,0
MCH0005,LINE-B,2026-08-04T15:20:00,50.4751,0
MCH0005,LINE-B,2026-08-04T16:00:00,50.4142,0
MCH0005,LINE-B,2026-08-04T16:40:00,50.4117,0
MCH0005,LINE-B,2026-08-04T17:20:00,50.5148,0
MCH0005,LINE-B,2026-08-04T18:00:00,50.4409,0
MCH0005,LINE-B,2026-08-04T18:40:00,50.493,0
MCH0005,LINE-B,2026-08-04T19:20:00,50.4767,0
MCH0005,LINE-B,2026-08-04T20:00:00,50.4789,0
MCH0005,LINE-B,2026-08-04T20:40:00,50.4614,0
MCH0005,LINE-B,2026-08-04T21:20:00,50.5389,0
MCH0005,LINE-B,2026-08-04T22:00:00,50.4881,0
MCH0005,LINE-B,2026-08-04T22:40:00,50.4697,0
MCH0005,LINE-B,2026-08-04T23:20:00,50.4453,0
MCH0005,LINE-B,2026-08-05T00:00:00,50.5234,0
MCH0005,LINE-B,2026-08-05T00:40:00,50.4902,0
MCH0005,LINE-B,2026-08-05T01:20:00,50.5141,0
MCH0005,LINE-B,2026-08-05T02:00:00,50.443,0
MCH0005,LINE-B,2026-08-05T02:40:00,50.4733,0
MCH0005,LINE-B,2026-08-05T03:20:00,50.4639,0
MCH0005,LINE-B,2026-08-05T04:00:00,50.5273,0
MCH0005,LINE-B,2026-08-05T04:40:00,50.49,0
MCH0005,LINE-B,2026-08-05T05:20:00,50.4904,0
MCH0005,LINE-B,2026-08-05T06:00:00,50.4845,0
MCH0005,LINE-B,2026-08-05T06:40:00,50.5915,0
MCH0005,LINE-B,2026-08-05T07:20:00,50.5064,0
MCH0005,LINE-B,2026-08-05T08:00:00,50.5669,0
MCH0005,LINE-B,2026-08-05T08:40:00,50.5432,0
MCH0005,LINE-B,2026-08-05T09:20:00,50.4827,0
MCH0005,LINE-B,2026-08-05T10:00:00,50.5187,0
MCH0005,LINE-B,2026-08-05T10:40:00,50.4763,0
MCH0005,LINE-B,2026-08-05T11:20:00,50.4982,0
MCH0005,LINE-B,2026-08-05T12:00:00,50.4859,0
MCH0005,LINE-B,2026-08-05T12:40:00,50.5324,0
MCH0005,LINE-B,2026-08-05T13:20:00,50.5386,0
MCH0005,LINE-B,2026-08-05T14:00:00,50.5833,0
MCH0005,LINE-B,2026-08-05T14:40:00,50.5743,0
MCH0005,LINE-B,2026-08-05T15:20:00,50.4445,0
MCH0005,LINE-B,2026-08-05T16:00:00,50.5977,0
MCH0005,LINE-B,2026-08-05T16:40:00,50.4596,0
MCH0005,LINE-B,2026-08-05T17:20:00,50.4886,0
MCH0005,LINE-B,2026-08-05T18:00:00,50.5304,0
MCH0005,LINE-B,2026-08-05T18:40:00,50.586,0
MCH0005,LINE-B,2026-08-05T19:20:00,50.409,0
MCH0005,LINE-B,2026-08-05T20:00:00,50.4977,0
MCH0005,LINE-B,2026-08-05T20:40:00,50.4801,0
MCH0005,LINE-B,2026-08-05T21:20:00,50.4762,0
MCH0005,LINE-B,2026-08-05T22:00:00,50.6049,0
MCH0005,LINE-B,2026-08-05T22:40:00,50.3981,0
MCH0005,LINE-B,2026-08-05T23:20:00,50.5387,0
MCH0005,LINE-B,2026-08-06T00:00:00,50.547,0
MCH0005,LINE-B,2026-08-06T00:40:00,50.5669,0
MCH0005,LINE-B,2026-08-06T01:20:00,50.612,0
MCH0005,LINE-B,2026-08-06T02:00:00,50.4469,0
MCH0005,LINE-B,2026-08-06T02:40:00,50.5702,0
MCH0005,LINE-B,2026-08-06T03:20:00,50.3652,0
MCH0005,LINE-B,2026-08-06T04:00:00,50.5353,0
MCH0005,LINE-B,2026-08-06T04:40:00,50.5091,0
MCH0005,LINE-B,2026-08-06T05:20:00,50.503,0
MCH0005,LINE-B,2026-08-06T06:00:00,50.578,0
MCH0005,LINE-B,2026-08-06T06:40:00,50.5824,0
MCH0005,LINE-B,2026-08-06T07:20:00,50.5618,0
MCH0005,LINE-B,2026-08-06T08:00:00,50.5168,0
MCH0005,LINE-B,2026-08-06T08:40:00,50.6038,0
MCH0005,LINE-B,2026-08-06T09:20:00,50.6131,0
MCH0005,LINE-B,2026-08-06T10:00:00,50.5879,0
MCH0005,LINE-B,2026-08-06T10:40:00,50.4603,0
MCH0005,LINE-B,2026-08-06T11:20:00,50.6192,0
MCH0005,LINE-B,2026-08-06T12:00:00,50.6209,0
MCH0005,LINE-B,2026-08-06T12:40:00,50.6275,0
MCH0005,LINE-B,2026-08-06T13:20:00,50.5962,0
MCH0005,LINE-B,2026-08-06T14:00:00,50.5918,0
MCH0005,LINE-B,2026-08-06T14:40:00,50.532,0
MCH0005,LINE-B,2026-08-06T15:20:00,50.6324,0
MCH0005,LINE-B,2026-08-06T16:00:00,50.5833,0
MCH0005,LINE-B,2026-08-06T16:40:00,50.58,0
MCH0005,LINE-B,2026-08-06T17:20:00,50.4834,0
MCH0005,LINE-B,2026-08-06T18:00:00,50.6782,0
MCH0005,LINE-B,2026-08-06T18:40:00,50.5724,0
MCH0005,LINE-B,2026-08-06T19:20:00,50.5778,0
MCH0005,LINE-B,2026-08-06T20:00:00,50.4645,0
MCH0005,LINE-B,2026-08-06T20:40:00,50.5405,0
MCH0005,LINE-B,2026-08-06T21:20:00,50.524,0
MCH0005,LINE-B,2026-08-06T22:00:00,50.5165,0
MCH0005,LINE-B,2026-08-06T22:40:00,50.5996,0
MCH0005,LINE-B,2026-08-06T23:20:00,50.6137,0
MCH0005,LINE-B,2026-08-07T00:00:00,50.5056,0
MCH0005,LINE-B,2026-08-07T00:40:00,50.561,0
MCH0005,LINE-B,2026-08-07T01:20:00,50.541,0
MCH0005,LINE-B,2026-08-07T02:00:00,50.6286,0
MCH0005,LINE-B,2026-08-07T02:40:00,50.5972,0
MCH0005,LINE-B,2026-08-07T03:20:00,50.0218,1
MCH0005,LINE-B,2026-08-07T04:00:00,50.0035,1
MCH0005,LINE-B,2026-08-07T04:40:00,50.0155,1
MCH0005,LINE-B,2026-08-07T05:20:00,49.9449,1
MCH0005,LINE-B,2026-08-07T06:00:00,49.9869,1
MCH0005,LINE-B,2026-08-07T06:40:00,50.0026,1
MCH0005,LINE-B,2026-08-07T07:20:00,49.9687,1
MCH0005,LINE-B,2026-08-07T08:00:00,49.9743,1
MCH0005,LINE-B,2026-08-07T08:40:00,50.0113,1
MCH0005,LINE-B,2026-08-07T09:20:00,50.0533,1
MCH0005,LINE-B,2026-08-07T10:00:00,50.0463,1
MCH0005,LINE-B,2026-08-07T10:40:00,50.0638,1
MCH0005,LINE-B,2026-08-07T11:20:00,50.0173,1
MCH0005,LINE-B,2026-08-07T12:00:00,49.9951,1
MCH0005,LINE-B,2026-08-07T12:40:00,50.0901,1
MCH0005,LINE-B,2026-08-07T13:20:00,49.988,1
MCH0005,LINE-B,2026-08-07T14:00:00,50.006,1
MCH0005,LINE-B,2026-08-07T14:40:00,50.0243,1
MCH0005,LINE-B,2026-08-07T15:20:00,49.887,1
MCH0005,LINE-B,2026-08-07T16:00:00,50.0938,1
MCH0005,LINE-B,2026-08-07T16:40:00,50.0192,1
MCH0005,LINE-B,2026-08-07T17:20:00,49.9938,1
MCH0005,LINE-B,2026-08-07T18:00:00,49.983,1
MCH0005,LINE-B,2026-08-07T18:40:00,50.0267,1
MCH0005,LINE-B,2026-08-07T19:20:00,50.0302,1
MCH0005,LINE-B,2026-08-07T20:00:00,50.1043,1
MCH0005,LINE-B,2026-08-07T20:40:00,50.012,1
MCH0005,LINE-B,2026-08-07T21:20:00,50.0294,1
MCH0005,LINE-B,2026-08-07T22:00:00,49.9833,1
MCH0005,LINE-B,2026-08-07T22:40:00,50.0576,1
MCH0005,LINE-B,2026-08-07T23:20:00,50.1249,1
MCH0005,LINE-B,2026-08-08T00:00:00,50.0962,1
MCH0005,LINE-B,2026-08-08T00:40:00,50.0149,1
MCH0005,LINE-B,2026-08-08T01:20:00,50.0554,1
MCH0005,LINE-B,2026-08-08T02:00:00,50.0214,1
MCH0005,LINE-B,2026-08-08T02:40:00,50.0483,1
MCH0005,LINE-B,2026-08-08T03:20:00,50.0567,1
MCH0005,LINE-B,2026-08-08T04:00:00,50.0826,1
MCH0005,LINE-B,2026-08-08T04:40:00,50.0722,1
MCH0005,LINE-B,2026-08-08T05:20:00,50.0289,1
MCH0005,LINE-B,2026-08-08T06:00:00,50.036,1
MCH0005,LINE-B,2026-08-08T06:40:00,50.1037,1
MCH0005,LINE-B,2026-08-08T07:20:00,50.0989,1
MCH0005,LINE-B,2026-08-08T08:00:00,50.1241,1
MCH0005,LINE-B,2026-08-08T08:40:00,50.087,1
MCH0005,LINE-B,2026-08-08T09:20:00,50.0859,1
MCH0005,LINE-B,2026-08-08T10:00:00,50.0758,1
MCH0005,LINE-B,2026-08-08T10:40:00,50.1478,1
MCH0005,LINE-B,2026-08-08T11:20:00,50.0985,1
MCH0005,LINE-B,2026-08-08T12:00:00,50.0695,1
MCH0005,LINE-B,2026-08-08T12:40:00,50.0567,1
MCH0005,LINE-B,2026-08-08T13:20:00,50.1769,1
MCH0005,LINE-B,2026-08-08T14:00:00,50.0741,1
MCH0005,LINE-B,2026-08-08T14:40:00,50.0828,1
MCH0005,LINE-B,2026-08-08T15:20:00,50.1177,1
MCH0005,LINE-B,2026-08-08T16:00:00,50.0432,1
MCH0005,LINE-B,2026-08-08T16:40:00,50.0528,1
MCH0005,LINE-B,2026-08-08T17:20:00,50.1085,1
MCH0005,LINE-B,2026-08-08T18:00:00,50.0773,1
MCH0005,LINE-B,2026-08-08T18:40:00,50.2053,1
MCH0005,LINE-B,2026-08-08T19:20:00,50.081,1
MCH0005,LINE-B,2026-08-08T20:00:00,50.1309,1
MCH0005,LINE-B,2026-08-08T20:40:00,50.0915,1
MCH0005,LINE-B,2026-08-08T21:20:00,50.0867,1
MCH0005,LINE-B,2026-08-08T22:00:00,50.0839,1
MCH0005,LINE-B,2026-08-08T22:40:00,50.0528,1
MCH0005,LINE-B,2026-08-08T23:20:00,50.1367,1
MCH0005,LINE-B,2026-08-09T00:00:00,50.1489,1
MCH0005,LINE-B,2026-08-09T00:40:00,50.0226,1
MCH0005,LINE-B,2026-08-09T01:20:00,50.0608,1
MCH0005,LINE-B,2026-08-09T02:00:00,50.1762,1
MCH0005,LINE-B,2026-08-09T02:40:00,50.1607,1
MCH0005,LINE-B,2026-08-09T03:20:00,50.109,1
MCH0005,LINE-B,2026-08-09T04:00:00,50.1629,1
MCH0005,LINE-B,2026-08-09T04:40:00,50.113,1
MCH0005,LINE-B,2026-08-09T05:20:00,50.0773,1
MCH0005,LINE-B,2026-08-09T06:00:00,50.0294,1
MCH0005,LINE-B,2026-08-09T06:40:00,50.0688,1
MCH0005,LINE-B,2026-08-09T07:20:00,50.1318,1
MCH0005,LINE-B,2026-08-09T08:00:00,50.0664,1
MCH0005,LINE-B,2026-08-09T08:40:00,50.1465,1
MCH0005,LINE-B,2026-08-09T09:20:00,50.1425,1
MCH0005,LINE-B,2026-08-09T10:00:00,50.2141,1
MCH0005,LINE-B,2026-08-09T10:40:00,50.1579,1
MCH0005,LINE-B,2026-08-09T11:20:00,50.1098,1
MCH0005,LINE-B,2026-08-09T12:00:00,50.1035,1
MCH0005,LINE-B,2026-08-09T12:40:00,50.1364,1
MCH0005,LINE-B,2026-08-09T13:20:00,50.0896,1
MCH0005,LINE-B,2026-08-09T14:00:00,50.143,1
MCH0005,LINE-B,2026-08-09T14:40:00,50.1291,1
MCH0005,LINE-B,2026-08-09T15:20:00,50.0963,1
MCH0005,LINE-B,2026-08-09T16:00:00,50.1402,1
MCH0005,LINE-B,2026-08-09T16:40:00,50.1037,1
MCH0005,LINE-B,2026-08-09T17:20:00,50.1034,1
MCH0005,LINE-B,2026-08-09T18:00:00,50.1071,1
MCH0005,LINE-B,2026-08-09T18:40:00,50.156,1
MCH0005,LINE-B,2026-08-09T19:20:00,50.0694,1
MCH0005,LINE-B,2026-08-09T20:00:00,50.1432,1
MCH0005,LINE-B,2026-08-09T20:40:00,50.1124,1
MCH0005,LINE-B,2026-08-09T21:20:00,50.1647,1
MCH0005,LINE-B,2026-08-09T22:00:00,50.0561,1
MCH0005,LINE-B,2026-08-09T22:40:00,50.1512,1
MCH0005,LINE-B,2026-08-09T23:20:00,50.1832,1
MCH0005,LINE-B,2026-08-10T00:00:00,50.1015,1
MCH0005,LINE-B,2026-08-10T00:40:00,50.1421,1
MCH0005,LINE-B,2026-08-10T01:20:00,50.1254,1
MCH0005,LINE-B,2026-08-10T02:00:00,50.1205,1
MCH0005,LINE-B,2026-08-10T02:40:00,50.1538,1
MCH0005,LINE-B,2026-08-10T03:20:00,50.151,1
MCH0005,LINE-B,2026-08-10T04:00:00,50.214,1
MCH0005,LINE-B,2026-08-10T04:40:00,50.1512,1
MCH0005,LINE-B,2026-08-10T05:20:00,50.1583,1
MCH0005,LINE-B,2026-08-10T06:00:00,50.1579,1
MCH0005,LINE-B,2026-08-10T06:40:00,50.1061,1
MCH0005,LINE-B,2026-08-10T07:20:00,50.1284,1
MCH0005,LINE-B,2026-08-10T08:00:00,50.1469,1
MCH0005,LINE-B,2026-08-10T08:40:00,50.2555,1
MCH0005,LINE-B,2026-08-10T09:20:00,50.2097,1
MCH0005,LINE-B,2026-08-10T10:00:00,50.1203,1
MCH0005,LINE-B,2026-08-10T10:40:00,50.1211,1
MCH0005,LINE-B,2026-08-10T11:20:00,50.136,1
MCH0005,LINE-B,2026-08-10T12:00:00,50.2024,1
MCH0005,LINE-B,2026-08-10T12:40:00,50.153,1
MCH0005,LINE-B,2026-08-10T13:20:00,50.1524,1
MCH0005,LINE-B,2026-08-10T14:00:00,50.1796,1
MCH0005,LINE-B,2026-08-10T14:40:00,50.1736,1
MCH0005,LINE-B,2026-08-10T15:20:00,50.1614,1
MCH0005,LINE-B,2026-08-10T16:00:00,50.1313,1
MCH0005,LINE-B,2026-08-10T16:40:00,50.2217,1
MCH0005,LINE-B,2026-08-10T17:20:00,50.1254,1
MCH0005,LINE-B,2026-08-10T18:00:00,50.1451,1
MCH0005,LINE-B,2026-08-10T18:40:00,50.1772,1
MCH0005,LINE-B,2026-08-10T19:20:00,50.0866,1
MCH0005,LINE-B,2026-08-10T20:00:00,50.1902,1
MCH0005,LINE-B,2026-08-10T20:40:00,50.2497,1
MCH0005,LINE-B,2026-08-10T21:20:00,50.1797,1
MCH0005,LINE-B,2026-08-10T22:00:00,50.122,1
MCH0005,LINE-B,2026-08-10T22:40:00,50.1486,1
MCH0005,LINE-B,2026-08-10T23:20:00,50.1668,1
MCH0005,LINE-B,2026-08-11T00:00:00,50.1098,1
MCH0005,LINE-B,2026-08-11T00:40:00,50.1928,1
MCH0005,LINE-B,2026-08-11T01:20:00,50.2344,1
MCH0005,LINE-B,2026-08-11T02:00:00,50.171,1
MCH0005,LINE-B,2026-08-11T02:40:00,50.0818,1
MCH0005,LINE-B,2026-08-11T03:20:00,50.2262,1
MCH0005,LINE-B,2026-08-11T04:00:00,50.2264,1
MCH0005,LINE-B,2026-08-11T04:40:00,50.2533,1
MCH0005,LINE-B,2026-08-11T05:20:00,50.3364,0
MCH0005,LINE-B,2026-08-11T06:00:00,50.2674,1
MCH0005,LINE-B,2026-08-11T06:40:00,50.224,1
MCH0005,LINE-B,2026-08-11T07:20:00,50.1954,1
MCH0005,LINE-B,2026-08-11T08:00:00,50.3254,0
MCH0005,LINE-B,2026-08-11T08:40:00,50.2027,1
MCH0005,LINE-B,2026-08-11T09:20:00,50.3128,0
MCH0005,LINE-B,2026-08-11T10:00:00,50.1765,1
MCH0005,LINE-B,2026-08-11T10:40:00,50.1162,1
MCH0005,LINE-B,2026-08-11T11:20:00,50.1623,1
MCH0005,LINE-B,2026-08-11T12:00:00,50.3141,0
MCH0005,LINE-B,2026-08-11T12:40:00,50.2428,1
MCH0005,LINE-B,2026-08-11T13:20:00,50.1654,1
MCH0005,LINE-B,2026-08-11T14:00:00,50.2377,1
MCH0005,LINE-B,2026-08-11T14:40:00,50.2884,1
MCH0005,LINE-B,2026-08-11T15:20:00,50.2675,1
MCH0005,LINE-B,2026-08-11T16:00:00,50.2305,1
MCH0005,LINE-B,2026-08-11T16:40:00,50.23,1
MCH0005,LINE-B,2026-08-11T17:20:00,50.1316,1
MCH0005,LINE-B,2026-08-11T18:00:00,50.217,1
MCH0005,LINE-B,2026-08-11T18:40:00,50.1037,1
MCH0005,LINE-B,2026-08-11T19:20:00,50.3268,0
MCH0005,LINE-B,2026-08-11T20:00:00,50.1978,1
MCH0005,LINE-B,2026-08-11T20:40:00,50.1499,1
MCH0005,LINE-B,2026-08-11T21:20:00,50.1634,1
MCH0005,LINE-B,2026-08-11T22:00:00,50.2638,1
MCH0005,LINE-B,2026-08-11T22:40:00,50.2234,1
MCH0005,LINE-B,2026-08-11T23:20:00,50.2348,1
MCH0005,LINE-B,2026-08-12T00:00:00,50.1792,1
MCH0005,LINE-B,2026-08-12T00:40:00,50.2899,1
MCH0005,LINE-B,2026-08-12T01:20:00,50.22,1
MCH0005,LINE-B,2026-08-12T02:00:00,50.1831,1
MCH0005,LINE-B,2026-08-12T02:40:00,50.1919,1
MCH0005,LINE-B,2026-08-12T03:20:00,50.2906,1
MCH0005,LINE-B,2026-08-12T04:00:00,50.2517,1
MCH0005,LINE-B,2026-08-12T04:40:00,50.3197,0
MCH0005,LINE-B,2026-08-12T05:20:00,50.282,1
MCH0005,LINE-B,2026-08-12T06:00:00,50.3009,0
MCH0005,LINE-B,2026-08-12T06:40:00,50.1992,1
MCH0005,LINE-B,2026-08-12T07:20:00,50.2313,1
MCH0005,LINE-B,2026-08-12T08:00:00,50.2787,1
MCH0005,LINE-B,2026-08-12T08:40:00,50.2569,1
MCH0005,LINE-B,2026-08-12T09:20:00,50.2007,1
MCH0005,LINE-B,2026-08-12T10:00:00,50.2362,1
MCH0005,LINE-B,2026-08-12T10:40:00,50.2207,1
MCH0005,LINE-B,2026-08-12T11:20:00,50.2839,1
MCH0005,LINE-B,2026-08-12T12:00:00,50.2203,1
MCH0005,LINE-B,2026-08-12T12:40:00,50.2624,1
MCH0005,LINE-B,2026-08-12T13:20:00,50.2906,1
MCH0005,LINE-B,2026-08-12T14:00:00,50.1932,1
MCH0005,LINE-B,2026-08-12T14:40:00,50.258,1
MCH0005,LINE-B,2026-08-12T15:20:00,50.31,0
MCH0005,LINE-B,2026-08-12T16:00:00,50.3371,0
MCH0005,LINE-B,2026-08-12T16:40:00,50.3708,0
MCH0005,LINE-B,2026-08-12T17:20:00,50.3698,0
MCH0005,LINE-B,2026-08-12T18:00:00,50.263,1
MCH0005,LINE-B,2026-08-12T18:40:00,50.2695,1
MCH0005,LINE-B,2026-08-12T19:20:00,50.1893,1
MCH0005,LINE-B,2026-08-12T20:00:00,50.2442,1
MCH0005,LINE-B,2026-08-12T20:40:00,50.247,1
MCH0005,LINE-B,2026-08-12T21:20:00,50.2867,1
MCH0005,LINE-B,2026-08-12T22:00:00,50.2506,1
MCH0005,LINE-B,2026-08-12T22:40:00,50.2907,1
MCH0005,LINE-B,2026-08-12T23:20:00,50.2375,1
MCH0005,LINE-B,2026-08-13T00:00:00,50.2308,1
MCH0005,LINE-B,2026-08-13T00:40:00,50.3257,0
MCH0005,LINE-B,2026-08-13T01:20:00,50.341,0
MCH0005,LINE-B,2026-08-13T02:00:00,50.2906,1
MCH0005,LINE-B,2026-08-13T02:40:00,50.3041,0
MCH0005,LINE-B,2026-08-13T03:20:00,50.2624,1
MCH0005,LINE-B,2026-08-13T04:00:00,50.3015,0
MCH0005,LINE-B,2026-08-13T04:40:00,50.2828,1
MCH0005,LINE-B,2026-08-13T05:20:00,50.3147,0
MCH0005,LINE-B,2026-08-13T06:00:00,50.2971,1
MCH0005,LINE-B,2026-08-13T06:40:00,50.2702,1
MCH0005,LINE-B,2026-08-13T07:20:00,50.3102,0
MCH0005,LINE-B,2026-08-13T08:00:00,50.2792,1
MCH0005,LINE-B,2026-08-13T08:40:00,50.2362,1
MCH0005,LINE-B,2026-08-13T09:20:00,50.3157,0
MCH0005,LINE-B,2026-08-13T10:00:00,50.3051,0
MCH0005,LINE-B,2026-08-13T10:40:00,50.3705,0
MCH0005,LINE-B,2026-08-13T11:20:00,50.223,1
MCH0005,LINE-B,2026-08-13T12:00:00,50.3798,0
MCH0005,LINE-B,2026-08-13T12:40:00,50.3889,0
MCH0005,LINE-B,2026-08-13T13:20:00,50.2793,1
MCH0005,LINE-B,2026-08-13T14:00:00,50.2926,1
MCH0005,LINE-B,2026-08-13T14:40:00,50.2945,1
MCH0005,LINE-B,2026-08-13T15:20:00,50.3433,0
MCH0005,LINE-B,2026-08-13T16:00:00,50.3446,0
MCH0005,LINE-B,2026-08-13T16:40:00,50.3322,0
MCH0005,LINE-B,2026-08-13T17:20:00,50.3488,0
MCH0005,LINE-B,2026-08-13T18:00:00,50.2867,1
MCH0005,LINE-B,2026-08-13T18:40:00,50.3575,0
MCH0005,LINE-B,2026-08-13T19:20:00,50.3452,0
MCH0005,LINE-B,2026-08-13T20:00:00,50.294,1
MCH0005,LINE-B,2026-08-13T20:40:00,50.3362,0
MCH0005,LINE-B,2026-08-13T21:20:00,50.3915,0
MCH0005,LINE-B,2026-08-13T22:00:00,50.3245,0
MCH0005,LINE-B,2026-08-13T22:40:00,50.408,0
MCH0005,LINE-B,2026-08-13T23:20:00,50.3704,0
MCH0005,LINE-B,2026-08-14T00:00:00,50.2078,1
MCH0005,LINE-B,2026-08-14T00:40:00,50.3648,0
MCH0005,LINE-B,2026-08-14T01:20:00,50.3138,0
MCH0005,LINE-B,2026-08-14T02:00:00,50.4064,0
MCH0005,LINE-B,2026-08-14T02:40:00,50.315,0
MCH0005,LINE-B,2026-08-14T03:20:00,50.3242,0
MCH0005,LINE-B,2026-08-14T04:00:00,50.339,0
MCH0005,LINE-B,2026-08-14T04:40:00,50.3559,0
MCH0005,LINE-B,2026-08-14T05:20:00,50.3039,0
MCH0005,LINE-B,2026-08-14T06:00:00,50.3029,0
MCH0005,LINE-B,2026-08-14T06:40:00,50.2983,1
MCH0005,LINE-B,2026-08-14T07:20:00,50.3921,0
MCH0005,LINE-B,2026-08-14T08:00:00,50.2922,1
MCH0005,LINE-B,2026-08-14T08:40:00,50.3454,0
MCH0005,LINE-B,2026-08-14T09:20:00,50.3677,0
MCH0005,LINE-B,2026-08-14T10:00:00,50.276,1
MCH0005,LINE-B,2026-08-14T10:40:00,50.3731,0
MCH0005,LINE-B,2026-08-14T11:20:00,50.297,1
MCH0005,LINE-B,2026-08-14T12:00:00,50.2386,1
MCH0005,LINE-B,2026-08-14T12:40:00,50.3774,0
MCH0005,LINE-B,2026-08-14T13:20:00,50.4438,0
MCH0005,LINE-B,2026-08-14T14:00:00,50.3034,0
MCH0005,LINE-B,2026-08-14T14:40:00,50.4007,0
MCH0005,LINE-B,2026-08-14T15:20:00,50.3737,0
MCH0005,LINE-B,2026-08-14T16:00:00,50.4076,0
MCH0005,LINE-B,2026-08-14T16:40:00,50.3236,0
MCH0005,LINE-B,2026-08-14T17:20:00,50.419,0
MCH0005,LINE-B,2026-08-14T18:00:00,50.3382,0
MCH0005,LINE-B,2026-08-14T18:40:00,50.2876,1
MCH0005,LINE-B,2026-08-14T19:20:00,50.2868,1
MCH0005,LINE-B,2026-08-14T20:00:00,50.3241,0
MCH0005,LINE-B,2026-08-14T20:40:00,50.404,0
MCH0005,LINE-B,2026-08-14T21:20:00,50.3455,0
MCH0005,LINE-B,2026-08-14T22:00:00,50.3467,0
MCH0005,LINE-B,2026-08-14T22:40:00,50.385,0
MCH0005,LINE-B,2026-08-14T23:20:00,50.4189,0
MCH0006,LINE-B,2026-07-01T00:00:00,49.9757,1
MCH0006,LINE-B,2026-07-01T00:40:00,50.0438,1
MCH0006,LINE-B,2026-07-01T01:20:00,50.0001,1
MCH0006,LINE-B,2026-07-01T02:00:00,50.0508,1
MCH0006,LINE-B,2026-07-01T02:40:00,49.9777,1
MCH0006,LINE-B,2026-07-01T03:20:00,49.9714,1
MCH0006,LINE-B,2026-07-01T04:00:00,50.0701,1
MCH0006,LINE-B,2026-07-01T04:40:00,50.0424,1
MCH0006,LINE-B,2026-07-01T05:20:00,50.0035,1
MCH0006,LINE-B,2026-07-01T06:00:00,50.0318,1
MCH0006,LINE-B,2026-07-01T06:40:00,49.9755,1
MCH0006,LINE-B,2026-07-01T07:20:00,49.9779,1
MCH0006,LINE-B,2026-07-01T08:00:00,50.0734,1
MCH0006,LINE-B,2026-07-01T08:40:00,50.0239,1
MCH0006,LINE-B,2026-07-01T09:20:00,49.9698,1
MCH0006,LINE-B,2026-07-01T10:00:00,50.0427,1
MCH0006,LINE-B,2026-07-01T10:40:00,50.0179,1
MCH0006,LINE-B,2026-07-01T11:20:00,50.0265,1
MCH0006,LINE-B,2026-07-01T12:00:00,49.998,1
MCH0006,LINE-B,2026-07-01T12:40:00,50.0237,1
MCH0006,LINE-B,2026-07-01T13:20:00,50.0777,1
MCH0006,LINE-B,2026-07-01T14:00:00,50.0253,1
MCH0006,LINE-B,2026-07-01T14:40:00,49.9971,1
MCH0006,LINE-B,2026-07-01T15:20:00,50.0095,1
MCH0006,LINE-B,2026-07-01T16:00:00,50.0012,1
MCH0006,LINE-B,2026-07-01T16:40:00,49.9798,1
MCH0006,LINE-B,2026-07-01T17:20:00,49.9823,1
MCH0006,LINE-B,2026-07-01T18:00:00,50.0248,1
MCH0006,LINE-B,2026-07-01T18:40:00,50.101,1
MCH0006,LINE-B,2026-07-01T19:20:00,50.0401,1
MCH0006,LINE-B,2026-07-01T20:00:00,50.0834,1
MCH0006,LINE-B,2026-07-01T20:40:00,50.052,1
MCH0006,LINE-B,2026-07-01T21:20:00,50.0714,1
MCH0006,LINE-B,2026-07-01T22:00:00,49.996,1
MCH0006,LINE-B,2026-07-01T22:40:00,50.0737,1
MCH0006,LINE-B,2026-07-01T23:20:00,50.0054,1
MCH0006,LINE-B,2026-07-02T00:00:00,50.0771,1
MCH0006,LINE-B,2026-07-02T00:40:00,50.1163,1
MCH0006,LINE-B,2026-07-02T01:20:00,50.1351,1
MCH0006,LINE-B,2026-07-02T02:00:00,50.1428,1
MCH0006,LINE-B,2026-07-02T02:40:00,50.025,1
MCH0006,LINE-B,2026-07-02T03:20:00,50.1138,1
MCH0006,LINE-B,2026-07-02T04:00:00,50.0896,1
MCH0006,LINE-B,2026-07-02T04:40:00,50.0333,1
MCH0006,LINE-B,2026-07-02T05:20:00,50.0435,1
MCH0006,LINE-B,2026-07-02T06:00:00,50.1365,1
MCH0006,LINE-B,2026-07-02T06:40:00,50.0361,1
MCH0006,LINE-B,2026-07-02T07:20:00,50.0973,1
MCH0006,LINE-B,2026-07-02T08:00:00,50.1266,1
MCH0006,LINE-B,2026-07-02T08:40:00,50.1675,1
MCH0006,LINE-B,2026-07-02T09:20:00,50.0247,1
MCH0006,LINE-B,2026-07-02T10:00:00,50.1935,1
MCH0006,LINE-B,2026-07-02T10:40:00,50.0689,1
MCH0006,LINE-B,2026-07-02T11:20:00,50.0739,1
MCH0006,LINE-B,2026-07-02T12:00:00,50.0806,1
MCH0006,LINE-B,2026-07-02T12:40:00,50.0533,1
MCH0006,LINE-B,2026-07-02T13:20:00,50.1384,1
MCH0006,LINE-B,2026-07-02T14:00:00,50.088,1
MCH0006,LINE-B,2026-07-02T14:40:00,50.1001,1
MCH0006,LINE-B,2026-07-02T15:20:00,50.083,1
MCH0006,LINE-B,2026-07-02T16:00:00,50.0969,1
MCH0006,LINE-B,2026-07-02T16:40:00,50.2224,1
MCH0006,LINE-B,2026-07-02T17:20:00,50.1544,1
MCH0006,LINE-B,2026-07-02T18:00:00,50.1389,1
MCH0006,LINE-B,2026-07-02T18:40:00,50.0882,1
MCH0006,LINE-B,2026-07-02T19:20:00,50.0664,1
MCH0006,LINE-B,2026-07-02T20:00:00,50.0973,1
MCH0006,LINE-B,2026-07-02T20:40:00,50.0641,1
MCH0006,LINE-B,2026-07-02T21:20:00,50.0701,1
MCH0006,LINE-B,2026-07-02T22:00:00,50.0725,1
MCH0006,LINE-B,2026-07-02T22:40:00,50.1632,1
MCH0006,LINE-B,2026-07-02T23:20:00,50.0836,1
MCH0006,LINE-B,2026-07-03T00:00:00,50.0907,1
MCH0006,LINE-B,2026-07-03T00:40:00,50.2039,1
MCH0006,LINE-B,2026-07-03T01:20:00,50.1985,1
MCH0006,LINE-B,2026-07-03T02:00:00,50.0837,1
MCH0006,LINE-B,2026-07-03T02:40:00,50.1634,1
MCH0006,LINE-B,2026-07-03T03:20:00,50.2282,1
MCH0006,LINE-B,2026-07-03T04:00:00,50.1571,1
MCH0006,LINE-B,2026-07-03T04:40:00,50.1113,1
MCH0006,LINE-B,2026-07-03T05:20:00,50.1527,1
MCH0006,LINE-B,2026-07-03T06:00:00,50.1011,1
MCH0006,LINE-B,2026-07-03T06:40:00,50.1751,1
MCH0006,LINE-B,2026-07-03T07:20:00,50.1328,1
MCH0006,LINE-B,2026-07-03T08:00:00,50.1391,1
MCH0006,LINE-B,2026-07-03T08:40:00,50.1854,1
MCH0006,LINE-B,2026-07-03T09:20:00,50.1372,1
MCH0006,LINE-B,2026-07-03T10:00:00,50.0727,1
MCH0006,LINE-B,2026-07-03T10:40:00,50.1533,1
MCH0006,LINE-B,2026-07-03T11:20:00,50.1985,1
MCH0006,LINE-B,2026-07-03T12:00:00,50.2598,1
MCH0006,LINE-B,2026-07-03T12:40:00,50.1951,1
MCH0006,LINE-B,2026-07-03T13:20:00,50.1592,1
MCH0006,LINE-B,2026-07-03T14:00:00,50.1142,1
MCH0006,LINE-B,2026-07-03T14:40:00,50.1658,1
MCH0006,LINE-B,2026-07-03T15:20:00,50.1873,1
MCH0006,LINE-B,2026-07-03T16:00:00,50.2004,1
MCH0006,LINE-B,2026-07-03T16:40:00,50.1637,1
MCH0006,LINE-B,2026-07-03T17:20:00,50.0777,1
MCH0006,LINE-B,2026-07-03T18:00:00,50.1476,1
MCH0006,LINE-B,2026-07-03T18:40:00,50.1279,1
MCH0006,LINE-B,2026-07-03T19:20:00,50.1474,1
MCH0006,LINE-B,2026-07-03T20:00:00,50.1648,1
MCH0006,LINE-B,2026-07-03T20:40:00,50.2167,1
MCH0006,LINE-B,2026-07-03T21:20:00,50.1591,1
MCH0006,LINE-B,2026-07-03T22:00:00,50.1991,1
MCH0006,LINE-B,2026-07-03T22:40:00,50.2168,1
MCH0006,LINE-B,2026-07-03T23:20:00,50.0578,1
MCH0006,LINE-B,2026-07-04T00:00:00,50.2331,1
MCH0006,LINE-B,2026-07-04T00:40:00,50.1927,1
MCH0006,LINE-B,2026-07-04T01:20:00,50.1981,1
MCH0006,LINE-B,2026-07-04T02:00:00,50.2015,1
MCH0006,LINE-B,2026-07-04T02:40:00,50.2078,1
MCH0006,LINE-B,2026-07-04T03:20:00,50.124,1
MCH0006,LINE-B,2026-07-04T04:00:00,50.2492,1
MCH0006,LINE-B,2026-07-04T04:40:00,50.2561,1
MCH0006,LINE-B,2026-07-04T05:20:00,50.242,1
MCH0006,LINE-B,2026-07-04T06:00:00,50.2323,1
MCH0006,LINE-B,2026-07-04T06:40:00,50.2918,1
MCH0006,LINE-B,2026-07-04T07:20:00,50.2383,1
MCH0006,LINE-B,2026-07-04T08:00:00,50.3216,0
MCH0006,LINE-B,2026-07-04T08:40:00,50.182,1
MCH0006,LINE-B,2026-07-04T09:20:00,50.2531,1
MCH0006,LINE-B,2026-07-04T10:00:00,50.1568,1
MCH0006,LINE-B,2026-07-04T10:40:00,50.1997,1
MCH0006,LINE-B,2026-07-04T11:20:00,50.3031,0
MCH0006,LINE-B,2026-07-04T12:00:00,50.2409,1
MCH0006,LINE-B,2026-07-04T12:40:00,50.2124,1
MCH0006,LINE-B,2026-07-04T13:20:00,50.2973,1
MCH0006,LINE-B,2026-07-04T14:00:00,50.1551,1
MCH0006,LINE-B,2026-07-04T14:40:00,50.1597,1
MCH0006,LINE-B,2026-07-04T15:20:00,50.1662,1
MCH0006,LINE-B,2026-07-04T16:00:00,50.2506,1
MCH0006,LINE-B,2026-07-04T16:40:00,50.2787,1
MCH0006,LINE-B,2026-07-04T17:20:00,50.2116,1
MCH0006,LINE-B,2026-07-04T18:00:00,50.2425,1
MCH0006,LINE-B,2026-07-04T18:40:00,50.2301,1
MCH0006,LINE-B,2026-07-04T19:20:00,50.2383,1
MCH0006,LINE-B,2026-07-04T20:00:00,50.2452,1
MCH0006,LINE-B,2026-07-04T20:40:00,50.2978,1
MCH0006,LINE-B,2026-07-04T21:20:00,50.2883,1
MCH0006,LINE-B,2026-07-04T22:00:00,50.2393,1
MCH0006,LINE-B,2026-07-04T22:40:00,50.2243,1
MCH0006,LINE-B,2026-07-04T23:20:00,50.2706,1
MCH0006,LINE-B,2026-07-05T00:00:00,50.2248,1
MCH0006,LINE-B,2026-07-05T00:40:00,50.2004,1
MCH0006,LINE-B,2026-07-05T01:20:00,50.2972,1
MCH0006,LINE-B,2026-07-05T02:00:00,50.2633,1
MCH0006,LINE-B,2026-07-05T02:40:00,50.2699,1
MCH0006,LINE-B,2026-07-05T03:20:00,50.2706,1
MCH0006,LINE-B,2026-07-05T04:00:00,50.3231,0
MCH0006,LINE-B,2026-07-05T04:40:00,50.2684,1
MCH0006,LINE-B,2026-07-05T05:20:00,50.3647,0
MCH0006,LINE-B,2026-07-05T06:00:00,50.2988,1
MCH0006,LINE-B,2026-07-05T06:40:00,50.3481,0
MCH0006,LINE-B,2026-07-05T07:20:00,50.2205,1
MCH0006,LINE-B,2026-07-05T08:00:00,50.1978,1
MCH0006,LINE-B,2026-07-05T08:40:00,50.1701,1
MCH0006,LINE-B,2026-07-05T09:20:00,50.2097,1
MCH0006,LINE-B,2026-07-05T10:00:00,50.3105,0
MCH0006,LINE-B,2026-07-05T10:40:00,50.2719,1
MCH0006,LINE-B,2026-07-05T11:20:00,50.2298,1
MCH0006,LINE-B,2026-07-05T12:00:00,50.2533,1
MCH0006,LINE-B,2026-07-05T12:40:00,50.193,1
MCH0006,LINE-B,2026-07-05T13:20:00,50.2518,1
MCH0006,LINE-B,2026-07-05T14:00:00,50.2011,1
MCH0006,LINE-B,2026-07-05T14:40:00,50.3534,0
MCH0006,LINE-B,2026-07-05T15:20:00,50.2403,1
MCH0006,LINE-B,2026-07-05T16:00:00,50.4103,0
MCH0006,LINE-B,2026-07-05T16:40:00,50.31,0
MCH0006,LINE-B,2026-07-05T17:20:00,50.3087,0
MCH0006,LINE-B,2026-07-05T18:00:00,50.2951,1
MCH0006,LINE-B,2026-07-05T18:40:00,50.2865,1
MCH0006,LINE-B,2026-07-05T19:20:00,50.3906,0
MCH0006,LINE-B,2026-07-05T20:00:00,50.2516,1
MCH0006,LINE-B,2026-07-05T20:40:00,50.3078,0
MCH0006,LINE-B,2026-07-05T21:20:00,50.396,0
MCH0006,LINE-B,2026-07-05T22:00:00,50.3545,0
MCH0006,LINE-B,2026-07-05T22:40:00,50.2724,1
MCH0006,LINE-B,2026-07-05T23:20:00,50.2912,1
MCH0006,LINE-B,2026-07-06T00:00:00,50.3177,0
MCH0006,LINE-B,2026-07-06T00:40:00,50.3177,0
MCH0006,LINE-B,2026-07-06T01:20:00,50.2888,1
MCH0006,LINE-B,2026-07-06T02:00:00,50.3714,0
MCH0006,LINE-B,2026-07-06T02:40:00,50.3648,0
MCH0006,LINE-B,2026-07-06T03:20:00,50.4516,0
MCH0006,LINE-B,2026-07-06T04:00:00,50.3048,0
MCH0006,LINE-B,2026-07-06T04:40:00,50.2999,1
MCH0006,LINE-B,2026-07-06T05:20:00,50.2746,1
MCH0006,LINE-B,2026-07-06T06:00:00,50.3538,0
MCH0006,LINE-B,2026-07-06T06:40:00,50.3712,0
MCH0006,LINE-B,2026-07-06T07:20:00,50.318,0
MCH0006,LINE-B,2026-07-06T08:00:00,50.3704,0
MCH0006,LINE-B,2026-07-06T08:40:00,50.3666,0
MCH0006,LINE-B,2026-07-06T09:20:00,50.275,1
MCH0006,LINE-B,2026-07-06T10:00:00,50.3819,0
MCH0006,LINE-B,2026-07-06T10:40:00,50.2963,1
MCH0006,LINE-B,2026-07-06T11:20:00,50.4449,0
MCH0006,LINE-B,2026-07-06T12:00:00,50.378,0
MCH0006,LINE-B,2026-07-06T12:40:00,50.3402,0
MCH0006,LINE-B,2026-07-06T13:20:00,50.3662,0
MCH0006,LINE-B,2026-07-06T14:00:00,50.3545,0
MCH0006,LINE-B,2026-07-06T14:40:00,50.3213,0
MCH0006,LINE-B,2026-07-06T15:20:00,50.3916,0
MCH0006,LINE-B,2026-07-06T16:00:00,50.3735,0
MCH0006,LINE-B,2026-07-06T16:40:00,50.432,0
MCH0006,LINE-B,2026-07-06T17:20:00,50.4019,0
MCH0006,LINE-B,2026-07-06T18:00:00,50.471,0
MCH0006,LINE-B,2026-07-06T18:40:00,50.3684,0
MCH0006,LINE-B,2026-07-06T19:20:00,50.2768,1
MCH0006,LINE-B,2026-07-06T20:00:00,50.3915,0
MCH0006,LINE-B,2026-07-06T20:40:00,50.4772,0
MCH0006,LINE-B,2026-07-06T21:20:00,50.3698,0
MCH0006,LINE-B,2026-07-06T22:00:00,50.3747,0
MCH0006,LINE-B,2026-07-06T22:40:00,50.3714,0
MCH0006,LINE-B,2026-07-06T23:20:00,50.4168,0
MCH0006,LINE-B,2026-07-07T00:00:00,50.4316,0
MCH0006,LINE-B,2026-07-07T00:40:00,50.2865,1
MCH0006,LINE-B,2026-07-07T01:20:00,50.4347,0
MCH0006,LINE-B,2026-07-07T02:00:00,50.3459,0
MCH0006,LINE-B,2026-07-07T02:40:00,50.4124,0
MCH0006,LINE-B,2026-07-07T03:20:00,50.4113,0
MCH0006,LINE-B,2026-07-07T04:00:00,50.3134,0
MCH0006,LINE-B,2026-07-07T04:40:00,50.4022,0
MCH0006,LINE-B,2026-07-07T05:20:00,50.4265,0
MCH0006,LINE-B,2026-07-07T06:00:00,50.3993,0
MCH0006,LINE-B,2026-07-07T06:40:00,50.4713,0
MCH0006,LINE-B,2026-07-07T07:20:00,50.4602,0
MCH0006,LINE-B,2026-07-07T08:00:00,50.5005,0
MCH0006,LINE-B,2026-07-07T08:40:00,50.4205,0
MCH0006,LINE-B,2026-07-07T09:20:00,50.4653,0
MCH0006,LINE-B,2026-07-07T10:00:00,50.4335,0
MCH0006,LINE-B,2026-07-07T10:40:00,50.466,0
MCH0006,LINE-B,2026-07-07T11:20:00,50.4597,0
MCH0006,LINE-B,2026-07-07T12:00:00,50.3954,0
MCH0006,LINE-B,2026-07-07T12:40:00,50.4472,0
MCH0006,LINE-B,2026-07-07T13:20:00,50.3584,0
MCH0006,LINE-B,2026-07-07T14:00:00,50.448,0
MCH0006,LINE-B,2026-07-07T14:40:00,50.4266,0
MCH0006,LINE-B,2026-07-07T15:20:00,50.4029,0
MCH0006,LINE-B,2026-07-07T16:00:00,50.4247,0
MCH0006,LINE-B,2026-07-07T16:40:00,50.4329,0
MCH0006,LINE-B,2026-07-07T17:20:00,50.4707,0
MCH0006,LINE-B,2026-07-07T18:00:00,50.4859,0
MCH0006,LINE-B,2026-07-07T18:40:00,50.4137,0
MCH0006,LINE-B,2026-07-07T19:20:00,50.4303,0
MCH0006,LINE-B,2026-07-07T20:00:00,50.3335,0
MCH0006,LINE-B,2026-07-07T20:40:00,50.5285,0
MCH0006,LINE-B,2026-07-07T21:20:00,50.4595,0
MCH0006,LINE-B,2026-07-07T22:00:00,50.3767,0
MCH0006,LINE-B,2026-07-07T22:40:00,50.4725,0
MCH0006,LINE-B,2026-07-07T23:20:00,50.4251,0
MCH0006,LINE-B,2026-07-08T00:00:00,50.4395,0
MCH0006,LINE-B,2026-07-08T00:40:00,50.4606,0
MCH0006,LINE-B,2026-07-08T01:20:00,50.4063,0
MCH0006,LINE-B,2026-07-08T02:00:00,50.5027,0
MCH0006,LINE-B,2026-07-08T02:40:00,50.4355,0
MCH0006,LINE-B,2026-07-08T03:20:00,50.4077,0
MCH0006,LINE-B,2026-07-08T04:00:00,50.3695,0
MCH0006,LINE-B,2026-07-08T04:40:00,50.4873,0
MCH0006,LINE-B,2026-07-08T05:20:00,50.62,0
MCH0006,LINE-B,2026-07-08T06:00:00,50.4068,0
MCH0006,LINE-B,2026-07-08T06:40:00,50.4651,0
MCH0006,LINE-B,2026-07-08T07:20:00,50.4433,0
MCH0006,LINE-B,2026-07-08T08:00:00,50.5599,0
MCH0006,LINE-B,2026-07-08T08:40:00,50.5322,0
MCH0006,LINE-B,2026-07-08T09:20:00,50.5802,0
MCH0006,LINE-B,2026-07-08T10:00:00,50.492,0
MCH0006,LINE-B,2026-07-08T10:40:00,50.5139,0
MCH0006,LINE-B,2026-07-08T11:20:00,50.5316,0
MCH0006,LINE-B,2026-07-08T12:00:00,50.587,0
MCH0006,LINE-B,2026-07-08T12:40:00,50.4544,0
MCH0006,LINE-B,2026-07-08T13:20:00,50.5504,0
MCH0006,LINE-B,2026-07-08T14:00:00,50.518,0
MCH0006,LINE-B,2026-07-08T14:40:00,50.4827,0
MCH0006,LINE-B,2026-07-08T15:20:00,50.5303,0
MCH0006,LINE-B,2026-07-08T16:00:00,50.5197,0
MCH0006,LINE-B,2026-07-08T16:40:00,50.5283,0
MCH0006,LINE-B,2026-07-08T17:20:00,50.5198,0
MCH0006,LINE-B,2026-07-08T18:00:00,50.4473,0
MCH0006,LINE-B,2026-07-08T18:40:00,50.5529,0
MCH0006,LINE-B,2026-07-08T19:20:00,50.523,0
MCH0006,LINE-B,2026-07-08T20:00:00,50.4058,0
MCH0006,LINE-B,2026-07-08T20:40:00,50.5383,0
MCH0006,LINE-B,2026-07-08T21:20:00,50.5047,0
MCH0006,LINE-B,2026-07-08T22:00:00,50.5989,0
MCH0006,LINE-B,2026-07-08T22:40:00,50.545,0
MCH0006,LINE-B,2026-07-08T23:20:00,50.6259,0
MCH0006,LINE-B,2026-07-09T00:00:00,50.5596,0
MCH0006,LINE-B,2026-07-09T00:40:00,50.5843,0
MCH0006,LINE-B,2026-07-09T01:20:00,50.5825,0
MCH0006,LINE-B,2026-07-09T02:00:00,50.5503,0
MCH0006,LINE-B,2026-07-09T02:40:00,50.4896,0
MCH0006,LINE-B,2026-07-09T03:20:00,50.5639,0
MCH0006,LINE-B,2026-07-09T04:00:00,50.4329,0
MCH0006,LINE-B,2026-07-09T04:40:00,50.6146,0
MCH0006,LINE-B,2026-07-09T05:20:00,50.575,0
MCH0006,LINE-B,2026-07-09T06:00:00,50.5362,0
MCH0006,LINE-B,2026-07-09T06:40:00,50.6325,0
MCH0006,LINE-B,2026-07-09T07:20:00,50.512,0
MCH0006,LINE-B,2026-07-09T08:00:00,50.5838,0
MCH0006,LINE-B,2026-07-09T08:40:00,50.5482,0
MCH0006,LINE-B,2026-07-09T09:20:00,50.563,0
MCH0006,LINE-B,2026-07-09T10:00:00,50.5913,0
MCH0006,LINE-B,2026-07-09T10:40:00,50.5812,0
MCH0006,LINE-B,2026-07-09T11:20:00,50.615,0
MCH0006,LINE-B,2026-07-09T12:00:00,50.5323,0
MCH0006,LINE-B,2026-07-09T12:40:00,50.5259,0
MCH0006,LINE-B,2026-07-09T13:20:00,50.6513,0
MCH0006,LINE-B,2026-07-09T14:00:00,50.5862,0
MCH0006,LINE-B,2026-07-09T14:40:00,50.5685,0
MCH0006,LINE-B,2026-07-09T15:20:00,50.5245,0
MCH0006,LINE-B,2026-07-09T16:00:00,50.5602,0
MCH0006,LINE-B,2026-07-09T16:40:00,50.6365,0
MCH0006,LINE-B,2026-07-09T17:20:00,50.5634,0
MCH0006,LINE-B,2026-07-09T18:00:00,50.5751,0
MCH0006,LINE-B,2026-07-09T18:40:00,50.5515,0
MCH0006,LINE-B,2026-07-09T19:20:00,50.5922,0
MCH0006,LINE-B,2026-07-09T20:00:00,50.6043,0
MCH0006,LINE-B,2026-07-09T20:40:00,50.5166,0
MCH0006,LINE-B,2026-07-09T21:20:00,49.9355,1
MCH0006,LINE-B,2026-07-09T22:00:00,49.9597,1
MCH0006,LINE-B,2026-07-09T22:40:00,49.9814,1
MCH0006,LINE-B,2026-07-09T23:20:00,49.9639,1
MCH0006,LINE-B,2026-07-10T00:00:00,50.0301,1
MCH0006,LINE-B,2026-07-10T00:40:00,50.0565,1
MCH0006,LINE-B,2026-07-10T01:20:00,49.984,1
MCH0006,LINE-B,2026-07-10T02:00:00,50.027,1
MCH0006,LINE-B,2026-07-10T02:40:00,50.0237,1
MCH0006,LINE-B,2026-07-10T03:20:00,50.0668,1
MCH0006,LINE-B,2026-07-10T04:00:00,49.9591,1
MCH0006,LINE-B,2026-07-10T04:40:00,50.1052,1
MCH0006,LINE-B,2026-07-10T05:20:00,50.0088,1
MCH0006,LINE-B,2026-07-10T06:00:00,50.0568,1
MCH0006,LINE-B,2026-07-10T06:40:00,50.1132,1
MCH0006,LINE-B,2026-07-10T07:20:00,50.1322,1
MCH0006,LINE-B,2026-07-10T08:00:00,50.1865,1
MCH0006,LINE-B,2026-07-10T08:40:00,50.0795,1
MCH0006,LINE-B,2026-07-10T09:20:00,49.9988,1
MCH0006,LINE-B,2026-07-10T10:00:00,50.0416,1
MCH0006,LINE-B,2026-07-10T10:40:00,50.023,1
MCH0006,LINE-B,2026-07-10T11:20:00,50.0645,1
MCH0006,LINE-B,2026-07-10T12:00:00,50.1272,1
MCH0006,LINE-B,2026-07-10T12:40:00,50.0328,1
MCH0006,LINE-B,2026-07-10T13:20:00,49.9979,1
MCH0006,LINE-B,2026-07-10T14:00:00,50.05,1
MCH0006,LINE-B,2026-07-10T14:40:00,50.0572,1
MCH0006,LINE-B,2026-07-10T15:20:00,50.0064,1
MCH0006,LINE-B,2026-07-10T16:00:00,50.1843,1
MCH0006,LINE-B,2026-07-10T16:40:00,50.1184,1
MCH0006,LINE-B,2026-07-10T17:20:00,50.1015,1
MCH0006,LINE-B,2026-07-10T18:00:00,50.1023,1
MCH0006,LINE-B,2026-07-10T18:40:00,50.185,1
MCH0006,LINE-B,2026-07-10T19:20:00,50.1174,1
MCH0006,LINE-B,2026-07-10T20:00:00,50.1307,1
MCH0006,LINE-B,2026-07-10T20:40:00,50.0618,1
MCH0006,LINE-B,2026-07-10T21:20:00,50.1484,1
MCH0006,LINE-B,2026-07-10T22:00:00,50.0506,1
MCH0006,LINE-B,2026-07-10T22:40:00,50.1315,1
MCH0006,LINE-B,2026-07-10T23:20:00,50.0809,1
MCH0006,LINE-B,2026-07-11T00:00:00,50.1027,1
MCH0006,LINE-B,2026-07-11T00:40:00,50.1274,1
MCH0006,LINE-B,2026-07-11T01:20:00,50.0431,1
MCH0006,LINE-B,2026-07-11T02:00:00,50.1663,1
MCH0006,LINE-B,2026-07-11T02:40:00,50.153,1
MCH0006,LINE-B,2026-07-11T03:20:00,50.0337,1
MCH0006,LINE-B,2026-07-11T04:00:00,50.1447,1
MCH0006,LINE-B,2026-07-11T04:40:00,50.1198,1
MCH0006,LINE-B,2026-07-11T05:20:00,50.1,1
MCH0006,LINE-B,2026-07-11T06:00:00,50.0938,1
MCH0006,LINE-B,2026-07-11T06:40:00,50.027,1
MCH0006,LINE-B,2026-07-11T07:20:00,50.0975,1
MCH0006,LINE-B,2026-07-11T08:00:00,50.1456,1
MCH0006,LINE-B,2026-07-11T08:40:00,50.0762,1
MCH0006,LINE-B,2026-07-11T09:20:00,50.1613,1
MCH0006,LINE-B,2026-07-11T10:00:00,50.1873,1
MCH0006,LINE-B,2026-07-11T10:40:00,50.1226,1
MCH0006,LINE-B,2026-07-11T11:20:00,50.1118,1
MCH0006,LINE-B,2026-07-11T12:00:00,50.2064,1
MCH0006,LINE-B,2026-07-11T12:40:00,50.1242,1
MCH0006,LINE-B,2026-07-11T13:20:00,50.0475,1
MCH0006,LINE-B,2026-07-11T14:00:00,50.1047,1
MCH0006,LINE-B,2026-07-11T14:40:00,50.136,1
MCH0006,LINE-B,2026-07-11T15:20:00,50.232,1
MCH0006,LINE-B,2026-07-11T16:00:00,50.0912,1
MCH0006,LINE-B,2026-07-11T16:40:00,50.1378,1
MCH0006,LINE-B,2026-07-11T17:20:00,50.1567,1
MCH0006,LINE-B,2026-07-11T18:00:00,50.1581,1
MCH0006,LINE-B,2026-07-11T18:40:00,50.1373,1
MCH0006,LINE-B,2026-07-11T19:20:00,50.2375,1
MCH0006,LINE-B,2026-07-11T20:00:00,50.1309,1
MCH0006,LINE-B,2026-07-11T20:40:00,50.1812,1
MCH0006,LINE-B,2026-07-11T21:20:00,50.1754,1
MCH0006,LINE-B,2026-07-11T22:00:00,50.1331,1
MCH0006,LINE-B,2026-07-11T22:40:00,50.1739,1
MCH0006,LINE-B,2026-07-11T23:20:00,50.1746,1
MCH0006,LINE-B,2026-07-12T00:00:00,50.1437,1
MCH0006,LINE-B,2026-07-12T00:40:00,50.2177,1
MCH0006,LINE-B,2026-07-12T01:20:00,50.1382,1
MCH0006,LINE-B,2026-07-12T02:00:00,50.2103,1
MCH0006,LINE-B,2026-07-12T02:40:00,50.1906,1
MCH0006,LINE-B,2026-07-12T03:20:00,50.0883,1
MCH0006,LINE-B,2026-07-12T04:00:00,50.155,1
MCH0006,LINE-B,2026-07-12T04:40:00,50.1948,1
MCH0006,LINE-B,2026-07-12T05:20:00,50.2686,1
MCH0006,LINE-B,2026-07-12T06:00:00,50.1843,1
MCH0006,LINE-B,2026-07-12T06:40:00,50.2191,1
MCH0006,LINE-B,2026-07-12T07:20:00,50.2561,1
MCH0006,LINE-B,2026-07-12T08:00:00,50.1417,1
MCH0006,LINE-B,2026-07-12T08:40:00,50.2197,1
MCH0006,LINE-B,2026-07-12T09:20:00,50.2247,1
MCH0006,LINE-B,2026-07-12T10:00:00,50.1645,1
MCH0006,LINE-B,2026-07-12T10:40:00,50.1899,1
MCH0006,LINE-B,2026-07-12T11:20:00,50.2309,1
MCH0006,LINE-B,2026-07-12T12:00:00,50.2233,1
MCH0006,LINE-B,2026-07-12T12:40:00,50.2475,1
MCH0006,LINE-B,2026-07-12T13:20:00,50.2005,1
MCH0006,LINE-B,2026-07-12T14:00:00,50.1694,1
MCH0006,LINE-B,2026-07-12T14:40:00,50.3136,0
MCH0006,LINE-B,2026-07-12T15:20:00,50.2624,1
MCH0006,LINE-B,2026-07-12T16:00:00,50.2353,1
MCH0006,LINE-B,2026-07-12T16:40:00,50.1785,1
MCH0006,LINE-B,2026-07-12T17:20:00,50.1579,1
MCH0006,LINE-B,2026-07-12T18:00:00,50.1479,1
MCH0006,LINE-B,2026-07-12T18:40:00,50.3522,0
MCH0006,LINE-B,2026-07-12T19:20:00,50.2042,1
MCH0006,LINE-B,2026-07-12T20:00:00,50.2651,1
MCH0006,LINE-B,2026-07-12T20:40:00,50.1942,1
MCH0006,LINE-B,2026-07-12T21:20:00,50.2485,1
MCH0006,LINE-B,2026-07-12T22:00:00,50.287,1
MCH0006,LINE-B,2026-07-12T22:40:00,50.2243,1
MCH0006,LINE-B,2026-07-12T23:20:00,50.2241,1
MCH0006,LINE-B,2026-07-13T00:00:00,50.1964,1
MCH0006,LINE-B,2026-07-13T00:40:00,50.2325,1
MCH0006,LINE-B,2026-07-13T01:20:00,50.4104,0
MCH0006,LINE-B,2026-07-13T02:00:00,50.235,1
MCH0006,LINE-B,2026-07-13T02:40:00,50.2567,1
MCH0006,LINE-B,2026-07-13T03:20:00,50.2689,1
MCH0006,LINE-B,2026-07-13T04:00:00,50.2131,1
MCH0006,LINE-B,2026-07-13T04:40:00,50.2114,1
MCH0006,LINE-B,2026-07-13T05:20:00,50.308,0
MCH0006,LINE-B,2026-07-13T06:00:00,50.1745,1
MCH0006,LINE-B,2026-07-13T06:40:00,50.2232,1
MCH0006,LINE-B,2026-07-13T07:20:00,50.3396,0
MCH0006,LINE-B,2026-07-13T08:00:00,50.2225,1
MCH0006,LINE-B,2026-07-13T08:40:00,50.2801,1
MCH0006,LINE-B,2026-07-13T09:20:00,50.2389,1
MCH0006,LINE-B,2026-07-13T10:00:00,50.2785,1
MCH0006,LINE-B,2026-07-13T10:40:00,50.2884,1
MCH0006,LINE-B,2026-07-13T11:20:00,50.3166,0
MCH0006,LINE-B,2026-07-13T12:00:00,50.2317,1
MCH0006,LINE-B,2026-07-13T12:40:00,50.3355,0
MCH0006,LINE-B,2026-07-13T13:20:00,50.3352,0
MCH0006,LINE-B,2026-07-13T14:00:00,50.3264,0
MCH0006,LINE-B,2026-07-13T14:40:00,50.2987,1
MCH0006,LINE-B,2026-07-13T15:20:00,50.211,1
MCH0006,LINE-B,2026-07-13T16:00:00,50.2441,1
MCH0006,LINE-B,2026-07-13T16:40:00,50.3194,0
MCH0006,LINE-B,2026-07-13T17:20:00,50.3215,0
MCH0006,LINE-B,2026-07-13T18:00:00,50.3529,0
MCH0006,LINE-B,2026-07-13T18:40:00,50.3638,0
MCH0006,LINE-B,2026-07-13T19:20:00,50.3068,0
MCH0006,LINE-B,2026-07-13T20:00:00,50.3409,0
MCH0006,LINE-B,2026-07-13T20:40:00,50.27,1
MCH0006,LINE-B,2026-07-13T21:20:00,50.3665,0
MCH0006,LINE-B,2026-07-13T22:00:00,50.3916,0
MCH0006,LINE-B,2026-07-13T22:40:00,50.3569,0
MCH0006,LINE-B,2026-07-13T23:20:00,50.4191,0
MCH0006,LINE-B,2026-07-14T00:00:00,50.3121,0
MCH0006,LINE-B,2026-07-14T00:40:00,50.3934,0
MCH0006,LINE-B,2026-07-14T01:20:00,50.3365,0
MCH0006,LINE-B,2026-07-14T02:00:00,50.4248,0
MCH0006,LINE-B,2026-07-14T02:40:00,50.3528,0
MCH0006,LINE-B,2026-07-14T03:20:00,50.4132,0
MCH0006,LINE-B,2026-07-14T04:00:00,50.3821,0
MCH0006,LINE-B,2026-07-14T04:40:00,50.3511,0
MCH0006,LINE-B,2026-07-14T05:20:00,50.3348,0
MCH0006,LINE-B,2026-07-14T06:00:00,50.2933,1
MCH0006,LINE-B,2026-07-14T06:40:00,50.3336,0
MCH0006,LINE-B,2026-07-14T07:20:00,50.2815,1
MCH0006,LINE-B,2026-07-14T08:00:00,50.3606,0
MCH0006,LINE-B,2026-07-14T08:40:00,50.3447,0
MCH0006,LINE-B,2026-07-14T09:20:00,50.3919,0
MCH0006,LINE-B,2026-07-14T10:00:00,50.3806,0
MCH0006,LINE-B,2026-07-14T10:40:00,50.3905,0
MCH0006,LINE-B,2026-07-14T11:20:00,50.3057,0
MCH0006,LINE-B,2026-07-14T12:00:00,50.3189,0
MCH0006,LINE-B,2026-07-14T12:40:00,50.2237,1
MCH0006,LINE-B,2026-07-14T13:20:00,50.4027,0
MCH0006,LINE-B,2026-07-14T14:00:00,50.515,0
MCH0006,LINE-B,2026-07-14T14:40:00,50.4648,0
MCH0006,LINE-B,2026-07-14T15:20:00,50.3651,0
MCH0006,LINE-B,2026-07-14T16:00:00,50.3582,0
MCH0006,LINE-B,2026-07-14T16:40:00,50.4276,0
MCH0006,LINE-B,2026-07-14T17:20:00,50.4574,0
MCH0006,LINE-B,2026-07-14T18:00:00,50.3813,0
MCH0006,LINE-B,2026-07-14T18:40:00,50.3846,0
MCH0006,LINE-B,2026-07-14T19:20:00,50.3677,0
MCH0006,LINE-B,2026-07-14T20:00:00,50.2916,1
MCH0006,LINE-B,2026-07-14T20:40:00,50.4438,0
MCH0006,LINE-B,2026-07-14T21:20:00,50.38,0
MCH0006,LINE-B,2026-07-14T22:00:00,50.3687,0
MCH0006,LINE-B,2026-07-14T22:40:00,50.3518,0
MCH0006,LINE-B,2026-07-14T23:20:00,50.4028,0
MCH0006,LINE-B,2026-07-15T00:00:00,50.4559,0
MCH0006,LINE-B,2026-07-15T00:40:00,50.419,0
MCH0006,LINE-B,2026-07-15T01:20:00,50.4747,0
MCH0006,LINE-B,2026-07-15T02:00:00,50.5122,0
MCH0006,LINE-B,2026-07-15T02:40:00,50.3579,0
MCH0006,LINE-B,2026-07-15T03:20:00,50.3753,0
MCH0006,LINE-B,2026-07-15T04:00:00,50.4902,0
MCH0006,LINE-B,2026-07-15T04:40:00,50.4186,0
MCH0006,LINE-B,2026-07-15T05:20:00,50.4454,0
MCH0006,LINE-B,2026-07-15T06:00:00,50.378,0
MCH0006,LINE-B,2026-07-15T06:40:00,50.4406,0
MCH0006,LINE-B,2026-07-15T07:20:00,50.4481,0
MCH0006,LINE-B,2026-07-15T08:00:00,50.3531,0
MCH0006,LINE-B,2026-07-15T08:40:00,50.4415,0
MCH0006,LINE-B,2026-07-15T09:20:00,50.4382,0
MCH0006,LINE-B,2026-07-15T10:00:00,50.3811,0
MCH0006,LINE-B,2026-07-15T10:40:00,50.4049,0
MCH0006,LINE-B,2026-07-15T11:20:00,50.4877,0
MCH0006,LINE-B,2026-07-15T12:00:00,50.3687,0
MCH0006,LINE-B,2026-07-15T12:40:00,50.4663,0
MCH0006,LINE-B,2026-07-15T13:20:00,50.4751,0
MCH0006,LINE-B,2026-07-15T14:00:00,50.3634,0
MCH0006,LINE-B,2026-07-15T14:40:00,50.4677,0
MCH0006,LINE-B,2026-07-15T15:20:00,50.5059,0
MCH0006,LINE-B,2026-07-15T16:00:00,50.5048,0
MCH0006,LINE-B,2026-07-15T16:40:00,50.4467,0
MCH0006,LINE-B,2026-07-15T17:20:00,50.4436,0
MCH0006,LINE-B,2026-07-15T18:00:00,50.4717,0
MCH0006,LINE-B,2026-07-15T18:40:00,50.4785,0
MCH0006,LINE-B,2026-07-15T19:20:00,50.4035,0
MCH0006,LINE-B,2026-07-15T20:00:00,50.4402,0
MCH0006,LINE-B,2026-07-15T20:40:00,50.5533,0
MCH0006,LINE-B,2026-07-15T21:20:00,50.5345,0
MCH0006,LINE-B,2026-07-15T22:00:00,50.3581,0
MCH0006,LINE-B,2026-07-15T22:40:00,50.4624,0
MCH0006,LINE-B,2026-07-15T23:20:00,50.5061,0
MCH0006,LINE-B,2026-07-16T00:00:00,50.5376,0
MCH0006,LINE-B,2026-07-16T00:40:00,50.4298,0
MCH0006,LINE-B,2026-07-16T01:20:00,50.4112,0
MCH0006,LINE-B,2026-07-16T02:00:00,50.6222,0
MCH0006,LINE-B,2026-07-16T02:40:00,50.4783,0
MCH0006,LINE-B,2026-07-16T03:20:00,50.543,0
MCH0006,LINE-B,2026-07-16T04:00:00,50.5506,0
MCH0006,LINE-B,2026-07-16T04:40:00,50.5297,0
MCH0006,LINE-B,2026-07-16T05:20:00,50.5726,0
MCH0006,LINE-B,2026-07-16T06:00:00,50.5717,0
MCH0006,LINE-B,2026-07-16T06:40:00,50.5147,0
MCH0006,LINE-B,2026-07-16T07:20:00,50.5264,0
MCH0006,LINE-B,2026-07-16T08:00:00,50.5707,0
MCH0006,LINE-B,2026-07-16T08:40:00,50.4531,0
MCH0006,LINE-B,2026-07-16T09:20:00,50.5899,0
MCH0006,LINE-B,2026-07-16T10:00:00,50.5125,0
MCH0006,LINE-B,2026-07-16T10:40:00,50.5455,0
MCH0006,LINE-B,2026-07-16T11:20:00,50.523,0
MCH0006,LINE-B,2026-07-16T12:00:00,50.5345,0
MCH0006,LINE-B,2026-07-16T12:40:00,50.7046,0
MCH0006,LINE-B,2026-07-16T13:20:00,50.6162,0
MCH0006,LINE-B,2026-07-16T14:00:00,50.5074,0
MCH0006,LINE-B,2026-07-16T14:40:00,50.4411,0
MCH0006,LINE-B,2026-07-16T15:20:00,50.5683,0
MCH0006,LINE-B,2026-07-16T16:00:00,50.5429,0
MCH0006,LINE-B,2026-07-16T16:40:00,50.618,0
MCH0006,LINE-B,2026-07-16T17:20:00,50.5448,0
MCH0006,LINE-B,2026-07-16T18:00:00,50.5173,0
MCH0006,LINE-B,2026-07-16T18:40:00,50.5206,0
MCH0006,LINE-B,2026-07-16T19:20:00,50.6016,0
MCH0006,LINE-B,2026-07-16T20:00:00,50.5645,0
MCH0006,LINE-B,2026-07-16T20:40:00,50.4783,0
MCH0006,LINE-B,2026-07-16T21:20:00,50.4835,0
MCH0006,LINE-B,2026-07-16T22:00:00,50.6205,0
MCH0006,LINE-B,2026-07-16T22:40:00,50.614,0
MCH0006,LINE-B,2026-07-16T23:20:00,50.5814,0
MCH0006,LINE-B,2026-07-17T00:00:00,50.5292,0
MCH0006,LINE-B,2026-07-17T00:40:00,50.5824,0
MCH0006,LINE-B,2026-07-17T01:20:00,50.5681,0
MCH0006,LINE-B,2026-07-17T02:00:00,50.6347,0
MCH0006,LINE-B,2026-07-17T02:40:00,50.5494,0
MCH0006,LINE-B,2026-07-17T03:20:00,50.5216,0
MCH0006,LINE-B,2026-07-17T04:00:00,50.586,0
MCH0006,LINE-B,2026-07-17T04:40:00,50.6511,0
MCH0006,LINE-B,2026-07-17T05:20:00,50.6146,0
MCH0006,LINE-B,2026-07-17T06:00:00,50.6015,0
MCH0006,LINE-B,2026-07-17T06:40:00,50.727,0
MCH0006,LINE-B,2026-07-17T07:20:00,50.4672,0
MCH0006,LINE-B,2026-07-17T08:00:00,50.5319,0
MCH0006,LINE-B,2026-07-17T08:40:00,50.5259,0
MCH0006,LINE-B,2026-07-17T09:20:00,50.4988,0
MCH0006,LINE-B,2026-07-17T10:00:00,50.5552,0
MCH0006,LINE-B,2026-07-17T10:40:00,50.7269,0
MCH0006,LINE-B,2026-07-17T11:20:00,50.4687,0
MCH0006,LINE-B,2026-07-17T12:00:00,50.5829,0
MCH0006,LINE-B,2026-07-17T12:40:00,50.5942,0
MCH0006,LINE-B,2026-07-17T13:20:00,50.0776,1
MCH0006,LINE-B,2026-07-17T14:00:00,50.0769,1
MCH0006,LINE-B,2026-07-17T14:40:00,49.9828,1
MCH0006,LINE-B,2026-07-17T15:20:00,50.0441,1
MCH0006,LINE-B,2026-07-17T16:00:00,50.0106,1
MCH0006,LINE-B,2026-07-17T16:40:00,50.0169,1
MCH0006,LINE-B,2026-07-17T17:20:00,49.9868,1
MCH0006,LINE-B,2026-07-17T18:00:00,50.0068,1
MCH0006,LINE-B,2026-07-17T18:40:00,50.078,1
MCH0006,LINE-B,2026-07-17T19:20:00,50.0574,1
MCH0006,LINE-B,2026-07-17T20:00:00,50.0234,1
MCH0006,LINE-B,2026-07-17T20:40:00,50.0568,1
MCH0006,LINE-B,2026-07-17T21:20:00,49.9759,1
MCH0006,LINE-B,2026-07-17T22:00:00,50.1027,1
MCH0006,LINE-B,2026-07-17T22:40:00,50.0084,1
MCH0006,LINE-B,2026-07-17T23:20:00,50.0229,1
MCH0006,LINE-B,2026-07-18T00:00:00,50.0585,1
MCH0006,LINE-B,2026-07-18T00:40:00,50.1157,1
MCH0006,LINE-B,2026-07-18T01:20:00,49.9891,1
MCH0006,LINE-B,2026-07-18T02:00:00,50.0239,1
MCH0006,LINE-B,2026-07-18T02:40:00,50.0766,1
MCH0006,LINE-B,2026-07-18T03:20:00,50.0293,1
MCH0006,LINE-B,2026-07-18T04:00:00,50.0521,1
MCH0006,LINE-B,2026-07-18T04:40:00,50.1198,1
MCH0006,LINE-B,2026-07-18T05:20:00,50.0299,1
MCH0006,LINE-B,2026-07-18T06:00:00,50.0776,1
MCH0006,LINE-B,2026-07-18T06:40:00,49.9313,1
MCH0006,LINE-B,2026-07-18T07:20:00,50.0539,1
MCH0006,LINE-B,2026-07-18T08:00:00,50.0481,1
MCH0006,LINE-B,2026-07-18T08:40:00,50.009,1
MCH0006,LINE-B,2026-07-18T09:20:00,50.1043,1
MCH0006,LINE-B,2026-07-18T10:00:00,50.0444,1
MCH0006,LINE-B,2026-07-18T10:40:00,50.119,1
MCH0006,LINE-B,2026-07-18T11:20:00,50.0743,1
MCH0006,LINE-B,2026-07-18T12:00:00,49.9775,1
MCH0006,LINE-B,2026-07-18T12:40:00,50.0748,1
MCH0006,LINE-B,2026-07-18T13:20:00,50.0315,1
MCH0006,LINE-B,2026-07-18T14:00:00,49.9818,1
MCH0006,LINE-B,2026-07-18T14:40:00,49.9543,1
MCH0006,LINE-B,2026-07-18T15:20:00,49.9746,1
MCH0006,LINE-B,2026-07-18T16:00:00,50.1295,1
MCH0006,LINE-B,2026-07-18T16:40:00,50.0475,1
MCH0006,LINE-B,2026-07-18T17:20:00,50.0956,1
MCH0006,LINE-B,2026-07-18T18:00:00,50.0305,1
MCH0006,LINE-B,2026-07-18T18:40:00,50.0389,1
MCH0006,LINE-B,2026-07-18T19:20:00,50.1283,1
MCH0006,LINE-B,2026-07-18T20:00:00,50.0011,1
MCH0006,LINE-B,2026-07-18T20:40:00,50.0005,1
MCH0006,LINE-B,2026-07-18T21:20:00,50.089,1
MCH0006,LINE-B,2026-07-18T22:00:00,50.0101,1
MCH0006,LINE-B,2026-07-18T22:40:00,50.101,1
MCH0006,LINE-B,2026-07-18T23:20:00,50.1294,1
MCH0006,LINE-B,2026-07-19T00:00:00,50.0371,1
MCH0006,LINE-B,2026-07-19T00:40:00,50.0698,1
MCH0006,LINE-B,2026-07-19T01:20:00,50.0911,1
MCH0006,LINE-B,2026-07-19T02:00:00,50.0228,1
MCH0006,LINE-B,2026-07-19T02:40:00,50.0514,1
MCH0006,LINE-B,2026-07-19T03:20:00,50.147,1
MCH0006,LINE-B,2026-07-19T04:00:00,49.9182,1
MCH0006,LINE-B,2026-07-19T04:40:00,50.0748,1
MCH0006,LINE-B,2026-07-19T05:20:00,50.1202,1
MCH0006,LINE-B,2026-07-19T06:00:00,50.0112,1
MCH0006,LINE-B,2026-07-19T06:40:00,50.0362,1
MCH0006,LINE-B,2026-07-19T07:20:00,50.0698,1
MCH0006,LINE-B,2026-07-19T08:00:00,50.039,1
MCH0006,LINE-B,2026-07-19T08:40:00,50.1123,1
MCH0006,LINE-B,2026-07-19T09:20:00,50.0824,1
MCH0006,LINE-B,2026-07-19T10:00:00,50.103,1
MCH0006,LINE-B,2026-07-19T10:40:00,50.1539,1
MCH0006,LINE-B,2026-07-19T11:20:00,50.1191,1
MCH0006,LINE-B,2026-07-19T12:00:00,49.9985,1
MCH0006,LINE-B,2026-07-19T12:40:00,50.0541,1
MCH0006,LINE-B,2026-07-19T13:20:00,50.1322,1
MCH0006,LINE-B,2026-07-19T14:00:00,50.0778,1
MCH0006,LINE-B,2026-07-19T14:40:00,50.1551,1
MCH0006,LINE-B,2026-07-19T15:20:00,50.0403,1
MCH0006,LINE-B,2026-07-19T16:00:00,49.9847,1
MCH0006,LINE-B,2026-07-19T16:40:00,50.0556,1
MCH0006,LINE-B,2026-07-19T17:20:00,50.0796,1
MCH0006,LINE-B,2026-07-19T18:00:00,50.0414,1
MCH0006,LINE-B,2026-07-19T18:40:00,50.099,1
MCH0006,LINE-B,2026-07-19T19:20:00,50.0405,1
MCH0006,LINE-B,2026-07-19T20:00:00,50.1898,1
MCH0006,LINE-B,2026-07-19T20:40:00,50.158,1
MCH0006,LINE-B,2026-07-19T21:20:00,50.0853,1
MCH0006,LINE-B,2026-07-19T22:00:00,50.096,1
MCH0006,LINE-B,2026-07-19T22:40:00,50.0568,1
MCH0006,LINE-B,2026-07-19T23:20:00,50.1311,1
MCH0006,LINE-B,2026-07-20T00:00:00,49.9986,1
MCH0006,LINE-B,2026-07-20T00:40:00,50.1075,1
MCH0006,LINE-B,2026-07-20T01:20:00,50.0568,1
MCH0006,LINE-B,2026-07-20T02:00:00,50.1107,1
MCH0006,LINE-B,2026-07-20T02:40:00,50.0933,1
MCH0006,LINE-B,2026-07-20T03:20:00,50.0947,1
MCH0006,LINE-B,2026-07-20T04:00:00,50.0568,1
MCH0006,LINE-B,2026-07-20T04:40:00,50.2015,1
MCH0006,LINE-B,2026-07-20T05:20:00,49.9916,1
MCH0006,LINE-B,2026-07-20T06:00:00,50.0706,1
MCH0006,LINE-B,2026-07-20T06:40:00,50.0705,1
MCH0006,LINE-B,2026-07-20T07:20:00,50.042,1
MCH0006,LINE-B,2026-07-20T08:00:00,50.037,1
MCH0006,LINE-B,2026-07-20T08:40:00,50.0687,1
MCH0006,LINE-B,2026-07-20T09:20:00,50.1943,1
MCH0006,LINE-B,2026-07-20T10:00:00,50.0803,1
MCH0006,LINE-B,2026-07-20T10:40:00,50.0498,1
MCH0006,LINE-B,2026-07-20T11:20:00,50.1654,1
MCH0006,LINE-B,2026-07-20T12:00:00,50.1006,1
MCH0006,LINE-B,2026-07-20T12:40:00,50.0673,1
MCH0006,LINE-B,2026-07-20T13:20:00,50.1791,1
MCH0006,LINE-B,2026-07-20T14:00:00,50.0964,1
MCH0006,LINE-B,2026-07-20T14:40:00,50.0312,1
MCH0006,LINE-B,2026-07-20T15:20:00,50.0868,1
MCH0006,LINE-B,2026-07-20T16:00:00,50.1098,1
MCH0006,LINE-B,2026-07-20T16:40:00,50.1353,1
MCH0006,LINE-B,2026-07-20T17:20:00,50.0339,1
MCH0006,LINE-B,2026-07-20T18:00:00,50.105,1
MCH0006,LINE-B,2026-07-20T18:40:00,50.0932,1
MCH0006,LINE-B,2026-07-20T19:20:00,50.0765,1
MCH0006,LINE-B,2026-07-20T20:00:00,50.0387,1
MCH0006,LINE-B,2026-07-20T20:40:00,50.0369,1
MCH0006,LINE-B,2026-07-20T21:20:00,50.1392,1
MCH0006,LINE-B,2026-07-20T22:00:00,50.1326,1
MCH0006,LINE-B,2026-07-20T22:40:00,50.0826,1
MCH0006,LINE-B,2026-07-20T23:20:00,50.2189,1
MCH0006,LINE-B,2026-07-21T00:00:00,50.1258,1
MCH0006,LINE-B,2026-07-21T00:40:00,50.1566,1
MCH0006,LINE-B,2026-07-21T01:20:00,50.1085,1
MCH0006,LINE-B,2026-07-21T02:00:00,50.1769,1
MCH0006,LINE-B,2026-07-21T02:40:00,50.0888,1
MCH0006,LINE-B,2026-07-21T03:20:00,50.222,1
MCH0006,LINE-B,2026-07-21T04:00:00,50.1576,1
MCH0006,LINE-B,2026-07-21T04:40:00,50.1947,1
MCH0006,LINE-B,2026-07-21T05:20:00,50.0623,1
MCH0006,LINE-B,2026-07-21T06:00:00,50.1169,1
MCH0006,LINE-B,2026-07-21T06:40:00,50.2188,1
MCH0006,LINE-B,2026-07-21T07:20:00,50.1464,1
MCH0006,LINE-B,2026-07-21T08:00:00,50.1201,1
MCH0006,LINE-B,2026-07-21T08:40:00,50.0945,1
MCH0006,LINE-B,2026-07-21T09:20:00,50.1234,1
MCH0006,LINE-B,2026-07-21T10:00:00,50.1852,1
MCH0006,LINE-B,2026-07-21T10:40:00,50.1439,1
MCH0006,LINE-B,2026-07-21T11:20:00,50.208,1
MCH0006,LINE-B,2026-07-21T12:00:00,50.1899,1
MCH0006,LINE-B,2026-07-21T12:40:00,50.1289,1
MCH0006,LINE-B,2026-07-21T13:20:00,50.1238,1
MCH0006,LINE-B,2026-07-21T14:00:00,50.1756,1
MCH0006,LINE-B,2026-07-21T14:40:00,50.1559,1
MCH0006,LINE-B,2026-07-21T15:20:00,50.1773,1
MCH0006,LINE-B,2026-07-21T16:00:00,50.2306,1
MCH0006,LINE-B,2026-07-21T16:40:00,50.2223,1
MCH0006,LINE-B,2026-07-21T17:20:00,50.1859,1
MCH0006,LINE-B,2026-07-21T18:00:00,50.2433,1
MCH0006,LINE-B,2026-07-21T18:40:00,50.251,1
MCH0006,LINE-B,2026-07-21T19:20:00,50.1721,1
MCH0006,LINE-B,2026-07-21T20:00:00,50.1728,1
MCH0006,LINE-B,2026-07-21T20:40:00,50.12,1
MCH0006,LINE-B,2026-07-21T21:20:00,50.1925,1
MCH0006,LINE-B,2026-07-21T22:00:00,50.1033,1
MCH0006,LINE-B,2026-07-21T22:40:00,50.217,1
MCH0006,LINE-B,2026-07-21T23:20:00,50.1754,1
MCH0006,LINE-B,2026-07-22T00:00:00,50.2221,1
MCH0006,LINE-B,2026-07-22T00:40:00,50.1648,1
MCH0006,LINE-B,2026-07-22T01:20:00,50.2785,1
MCH0006,LINE-B,2026-07-22T02:00:00,50.1108,1
MCH0006,LINE-B,2026-07-22T02:40:00,50.1354,1
MCH0006,LINE-B,2026-07-22T03:20:00,50.2799,1
MCH0006,LINE-B,2026-07-22T04:00:00,50.1079,1
MCH0006,LINE-B,2026-07-22T04:40:00,50.238,1
MCH0006,LINE-B,2026-07-22T05:20:00,50.1548,1
MCH0006,LINE-B,2026-07-22T06:00:00,50.0921,1
MCH0006,LINE-B,2026-07-22T06:40:00,50.1749,1
MCH0006,LINE-B,2026-07-22T07:20:00,50.2286,1
MCH0006,LINE-B,2026-07-22T08:00:00,50.1775,1
MCH0006,LINE-B,2026-07-22T08:40:00,50.1021,1
MCH0006,LINE-B,2026-07-22T09:20:00,50.1692,1
MCH0006,LINE-B,2026-07-22T10:00:00,50.1685,1
MCH0006,LINE-B,2026-07-22T10:40:00,50.1864,1
MCH0006,LINE-B,2026-07-22T11:20:00,50.2534,1
MCH0006,LINE-B,2026-07-22T12:00:00,50.2663,1
MCH0006,LINE-B,2026-07-22T12:40:00,50.2216,1
MCH0006,LINE-B,2026-07-22T13:20:00,50.1959,1
MCH0006,LINE-B,2026-07-22T14:00:00,50.2113,1
MCH0006,LINE-B,2026-07-22T14:40:00,50.2301,1
MCH0006,LINE-B,2026-07-22T15:20:00,50.1813,1
MCH0006,LINE-B,2026-07-22T16:00:00,50.2146,1
MCH0006,LINE-B,2026-07-22T16:40:00,50.2128,1
MCH0006,LINE-B,2026-07-22T17:20:00,50.2088,1
MCH0006,LINE-B,2026-07-22T18:00:00,50.1637,1
MCH0006,LINE-B,2026-07-22T18:40:00,50.1237,1
MCH0006,LINE-B,2026-07-22T19:20:00,50.2014,1
MCH0006,LINE-B,2026-07-22T20:00:00,50.2689,1
MCH0006,LINE-B,2026-07-22T20:40:00,50.1458,1
MCH0006,LINE-B,2026-07-22T21:20:00,50.2389,1
MCH0006,LINE-B,2026-07-22T22:00:00,50.2054,1
MCH0006,LINE-B,2026-07-22T22:40:00,50.2183,1
MCH0006,LINE-B,2026-07-22T23:20:00,50.2618,1
MCH0006,LINE-B,2026-07-23T00:00:00,50.1594,1
MCH0006,LINE-B,2026-07-23T00:40:00,50.2727,1
MCH0006,LINE-B,2026-07-23T01:20:00,50.1601,1
MCH0006,LINE-B,2026-07-23T02:00:00,50.2381,1
MCH0006,LINE-B,2026-07-23T02:40:00,50.2233,1
MCH0006,LINE-B,2026-07-23T03:20:00,50.2093,1
MCH0006,LINE-B,2026-07-23T04:00:00,50.2191,1
MCH0006,LINE-B,2026-07-23T04:40:00,50.2723,1
MCH0006,LINE-B,2026-07-23T05:20:00,50.1679,1
MCH0006,LINE-B,2026-07-23T06:00:00,50.1889,1
MCH0006,LINE-B,2026-07-23T06:40:00,50.2393,1
MCH0006,LINE-B,2026-07-23T07:20:00,50.2567,1
MCH0006,LINE-B,2026-07-23T08:00:00,50.2086,1
MCH0006,LINE-B,2026-07-23T08:40:00,50.182,1
MCH0006,LINE-B,2026-07-23T09:20:00,50.1713,1
MCH0006,LINE-B,2026-07-23T10:00:00,50.2426,1
MCH0006,LINE-B,2026-07-23T10:40:00,50.2653,1
MCH0006,LINE-B,2026-07-23T11:20:00,50.2085,1
MCH0006,LINE-B,2026-07-23T12:00:00,50.2316,1
MCH0006,LINE-B,2026-07-23T12:40:00,50.2448,1
MCH0006,LINE-B,2026-07-23T13:20:00,50.2145,1
MCH0006,LINE-B,2026-07-23T14:00:00,50.2446,1
MCH0006,LINE-B,2026-07-23T14:40:00,50.2472,1
MCH0006,LINE-B,2026-07-23T15:20:00,50.2815,1
MCH0006,LINE-B,2026-07-23T16:00:00,50.2413,1
MCH0006,LINE-B,2026-07-23T16:40:00,50.2085,1
MCH0006,LINE-B,2026-07-23T17:20:00,50.2928,1
MCH0006,LINE-B,2026-07-23T18:00:00,50.2305,1
MCH0006,LINE-B,2026-07-23T18:40:00,50.2668,1
MCH0006,LINE-B,2026-07-23T19:20:00,50.1899,1
MCH0006,LINE-B,2026-07-23T20:00:00,50.3282,0
MCH0006,LINE-B,2026-07-23T20:40:00,50.1876,1
MCH0006,LINE-B,2026-07-23T21:20:00,50.2789,1
MCH0006,LINE-B,2026-07-23T22:00:00,50.2164,1
MCH0006,LINE-B,2026-07-23T22:40:00,50.2833,1
MCH0006,LINE-B,2026-07-23T23:20:00,50.1414,1
MCH0006,LINE-B,2026-07-24T00:00:00,50.2057,1
MCH0006,LINE-B,2026-07-24T00:40:00,50.2937,1
MCH0006,LINE-B,2026-07-24T01:20:00,50.2644,1
MCH0006,LINE-B,2026-07-24T02:00:00,50.2841,1
MCH0006,LINE-B,2026-07-24T02:40:00,50.2067,1
MCH0006,LINE-B,2026-07-24T03:20:00,50.2758,1
MCH0006,LINE-B,2026-07-24T04:00:00,50.1592,1
MCH0006,LINE-B,2026-07-24T04:40:00,50.2184,1
MCH0006,LINE-B,2026-07-24T05:20:00,50.1804,1
MCH0006,LINE-B,2026-07-24T06:00:00,50.319,0
MCH0006,LINE-B,2026-07-24T06:40:00,50.332,0
MCH0006,LINE-B,2026-07-24T07:20:00,50.3158,0
MCH0006,LINE-B,2026-07-24T08:00:00,50.251,1
MCH0006,LINE-B,2026-07-24T08:40:00,50.2746,1
MCH0006,LINE-B,2026-07-24T09:20:00,50.3047,0
MCH0006,LINE-B,2026-07-24T10:00:00,50.3087,0
MCH0006,LINE-B,2026-07-24T10:40:00,50.284,1
MCH0006,LINE-B,2026-07-24T11:20:00,50.2945,1
MCH0006,LINE-B,2026-07-24T12:00:00,50.2745,1
MCH0006,LINE-B,2026-07-24T12:40:00,50.2605,1
MCH0006,LINE-B,2026-07-24T13:20:00,50.2643,1
MCH0006,LINE-B,2026-07-24T14:00:00,50.3199,0
MCH0006,LINE-B,2026-07-24T14:40:00,50.2759,1
MCH0006,LINE-B,2026-07-24T15:20:00,50.2985,1
MCH0006,LINE-B,2026-07-24T16:00:00,50.3151,0
MCH0006,LINE-B,2026-07-24T16:40:00,50.2083,1
MCH0006,LINE-B,2026-07-24T17:20:00,50.2697,1
MCH0006,LINE-B,2026-07-24T18:00:00,50.214,1
MCH0006,LINE-B,2026-07-24T18:40:00,50.3078,0
MCH0006,LINE-B,2026-07-24T19:20:00,50.2949,1
MCH0006,LINE-B,2026-07-24T20:00:00,50.2694,1
MCH0006,LINE-B,2026-07-24T20:40:00,50.2644,1
MCH0006,LINE-B,2026-07-24T21:20:00,50.2775,1
MCH0006,LINE-B,2026-07-24T22:00:00,50.2122,1
MCH0006,LINE-B,2026-07-24T22:40:00,50.2647,1
MCH0006,LINE-B,2026-07-24T23:20:00,50.2414,1
MCH0006,LINE-B,2026-07-25T00:00:00,50.3165,0
MCH0006,LINE-B,2026-07-25T00:40:00,50.2546,1
MCH0006,LINE-B,2026-07-25T01:20:00,50.2746,1
MCH0006,LINE-B,2026-07-25T02:00:00,50.2826,1
MCH0006,LINE-B,2026-07-25T02:40:00,50.2226,1
MCH0006,LINE-B,2026-07-25T03:20:00,50.2898,1
MCH0006,LINE-B,2026-07-25T04:00:00,50.2549,1
MCH0006,LINE-B,2026-07-25T04:40:00,50.2721,1
MCH0006,LINE-B,2026-07-25T05:20:00,50.2733,1
MCH0006,LINE-B,2026-07-25T06:00:00,50.3136,0
MCH0006,LINE-B,2026-07-25T06:40:00,50.2675,1
MCH0006,LINE-B,2026-07-25T07:20:00,50.3458,0
MCH0006,LINE-B,2026-07-25T08:00:00,50.3061,0
MCH0006,LINE-B,2026-07-25T08:40:00,50.3071,0
MCH0006,LINE-B,2026-07-25T09:20:00,50.3055,0
MCH0006,LINE-B,2026-07-25T10:00:00,50.2666,1
MCH0006,LINE-B,2026-07-25T10:40:00,50.2976,1
MCH0006,LINE-B,2026-07-25T11:20:00,50.3186,0
MCH0006,LINE-B,2026-07-25T12:00:00,50.2588,1
MCH0006,LINE-B,2026-07-25T12:40:00,50.3006,0
MCH0006,LINE-B,2026-07-25T13:20:00,50.3696,0
MCH0006,LINE-B,2026-07-25T14:00:00,50.38,0
MCH0006,LINE-B,2026-07-25T14:40:00,50.3781,0
MCH0006,LINE-B,2026-07-25T15:20:00,50.2714,1
MCH0006,LINE-B,2026-07-25T16:00:00,50.3173,0
MCH0006,LINE-B,2026-07-25T16:40:00,50.2824,1
MCH0006,LINE-B,2026-07-25T17:20:00,50.3199,0
MCH0006,LINE-B,2026-07-25T18:00:00,50.2325,1
MCH0006,LINE-B,2026-07-25T18:40:00,50.2421,1
MCH0006,LINE-B,2026-07-25T19:20:00,50.2794,1
MCH0006,LINE-B,2026-07-25T20:00:00,50.2467,1
MCH0006,LINE-B,2026-07-25T20:40:00,50.2262,1
MCH0006,LINE-B,2026-07-25T21:20:00,50.2893,1
MCH0006,LINE-B,2026-07-25T22:00:00,50.3088,0
MCH0006,LINE-B,2026-07-25T22:40:00,50.3731,0
MCH0006,LINE-B,2026-07-25T23:20:00,50.2626,1
MCH0006,LINE-B,2026-07-26T00:00:00,50.2619,1
MCH0006,LINE-B,2026-07-26T00:40:00,50.3037,0
MCH0006,LINE-B,2026-07-26T01:20:00,50.3955,0
MCH0006,LINE-B,2026-07-26T02:00:00,50.337,0
MCH0006,LINE-B,2026-07-26T02:40:00,50.3777,0
MCH0006,LINE-B,2026-07-26T03:20:00,50.3878,0
MCH0006,LINE-B,2026-07-26T04:00:00,50.4226,0
MCH0006,LINE-B,2026-07-26T04:40:00,50.4132,0
MCH0006,LINE-B,2026-07-26T05:20:00,50.3637,0
MCH0006,LINE-B,2026-07-26T06:00:00,50.4491,0
MCH0006,LINE-B,2026-07-26T06:40:00,50.3364,0
MCH0006,LINE-B,2026-07-26T07:20:00,50.3702,0
MCH0006,LINE-B,2026-07-26T08:00:00,50.36,0
MCH0006,LINE-B,2026-07-26T08:40:00,50.4069,0
MCH0006,LINE-B,2026-07-26T09:20:00,50.419,0
MCH0006,LINE-B,2026-07-26T10:00:00,50.3215,0
MCH0006,LINE-B,2026-07-26T10:40:00,50.3288,0
MCH0006,LINE-B,2026-07-26T11:20:00,50.3563,0
MCH0006,LINE-B,2026-07-26T12:00:00,50.2522,1
MCH0006,LINE-B,2026-07-26T12:40:00,50.3667,0
MCH0006,LINE-B,2026-07-26T13:20:00,50.3329,0
MCH0006,LINE-B,2026-07-26T14:00:00,50.3125,0
MCH0006,LINE-B,2026-07-26T14:40:00,50.4377,0
MCH0006,LINE-B,2026-07-26T15:20:00,50.2581,1
MCH0006,LINE-B,2026-07-26T16:00:00,50.4111,0
MCH0006,LINE-B,2026-07-26T16:40:00,50.2333,1
MCH0006,LINE-B,2026-07-26T17:20:00,50.291,1
MCH0006,LINE-B,2026-07-26T18:00:00,50.3228,0
MCH0006,LINE-B,2026-07-26T18:40:00,50.3545,0
MCH0006,LINE-B,2026-07-26T19:20:00,50.3471,0
MCH0006,LINE-B,2026-07-26T20:00:00,50.3798,0
MCH0006,LINE-B,2026-07-26T20:40:00,50.4661,0
MCH0006,LINE-B,2026-07-26T21:20:00,50.2724,1
MCH0006,LINE-B,2026-07-26T22:00:00,50.4195,0
MCH0006,LINE-B,2026-07-26T22:40:00,50.3935,0
MCH0006,LINE-B,2026-07-26T23:20:00,50.3443,0
MCH0006,LINE-B,2026-07-27T00:00:00,50.4296,0
MCH0006,LINE-B,2026-07-27T00:40:00,50.3627,0
MCH0006,LINE-B,2026-07-27T01:20:00,50.3452,0
MCH0006,LINE-B,2026-07-27T02:00:00,50.3729,0
MCH0006,LINE-B,2026-07-27T02:40:00,50.3868,0
MCH0006,LINE-B,2026-07-27T03:20:00,50.2632,1
MCH0006,LINE-B,2026-07-27T04:00:00,50.4402,0
MCH0006,LINE-B,2026-07-27T04:40:00,50.3472,0
MCH0006,LINE-B,2026-07-27T05:20:00,50.413,0
MCH0006,LINE-B,2026-07-27T06:00:00,50.3745,0
MCH0006,LINE-B,2026-07-27T06:40:00,50.3567,0
MCH0006,LINE-B,2026-07-27T07:20:00,50.4267,0
MCH0006,LINE-B,2026-07-27T08:00:00,50.3578,0
MCH0006,LINE-B,2026-07-27T08:40:00,50.4056,0
MCH0006,LINE-B,2026-07-27T09:20:00,50.3107,0
MCH0006,LINE-B,2026-07-27T10:00:00,50.3303,0
MCH0006,LINE-B,2026-07-27T10:40:00,50.2912,1
MCH0006,LINE-B,2026-07-27T11:20:00,50.3837,0
MCH0006,LINE-B,2026-07-27T12:00:00,50.3885,0
MCH0006,LINE-B,2026-07-27T12:40:00,50.2217,1
MCH0006,LINE-B,2026-07-27T13:20:00,50.3371,0
MCH0006,LINE-B,2026-07-27T14:00:00,50.3242,0
MCH0006,LINE-B,2026-07-27T14:40:00,50.418,0
MCH0006,LINE-B,2026-07-27T15:20:00,50.2594,1
MCH0006,LINE-B,2026-07-27T16:00:00,50.3995,0
MCH0006,LINE-B,2026-07-27T16:40:00,50.33,0
MCH0006,LINE-B,2026-07-27T17:20:00,50.2623,1
MCH0006,LINE-B,2026-07-27T18:00:00,50.4179,0
MCH0006,LINE-B,2026-07-27T18:40:00,50.4234,0
MCH0006,LINE-B,2026-07-27T19:20:00,50.4537,0
MCH0006,LINE-B,2026-07-27T20:00:00,50.3686,0
MCH0006,LINE-B,2026-07-27T20:40:00,50.4118,0
MCH0006,LINE-B,2026-07-27T21:20:00,50.4418,0
MCH0006,LINE-B,2026-07-27T22:00:00,50.3338,0
MCH0006,LINE-B,2026-07-27T22:40:00,50.3918,0
MCH0006,LINE-B,2026-07-27T23:20:00,50.3646,0
MCH0006,LINE-B,2026-07-28T00:00:00,50.3959,0
MCH0006,LINE-B,2026-07-28T00:40:00,50.3612,0
MCH0006,LINE-B,2026-07-28T01:20:00,50.3739,0
MCH0006,LINE-B,2026-07-28T02:00:00,50.3425,0
MCH0006,LINE-B,2026-07-28T02:40:00,50.3888,0
MCH0006,LINE-B,2026-07-28T03:20:00,50.4223,0
MCH0006,LINE-B,2026-07-28T04:00:00,50.3867,0
MCH0006,LINE-B,2026-07-28T04:40:00,50.4633,0
MCH0006,LINE-B,2026-07-28T05:20:00,50.3992,0
MCH0006,LINE-B,2026-07-28T06:00:00,50.4358,0
MCH0006,LINE-B,2026-07-28T06:40:00,50.4763,0
MCH0006,LINE-B,2026-07-28T07:20:00,50.4098,0
MCH0006,LINE-B,2026-07-28T08:00:00,50.383,0
MCH0006,LINE-B,2026-07-28T08:40:00,50.4424,0
MCH0006,LINE-B,2026-07-28T09:20:00,50.3881,0
MCH0006,LINE-B,2026-07-28T10:00:00,50.5349,0
MCH0006,LINE-B,2026-07-28T10:40:00,50.3974,0
MCH0006,LINE-B,2026-07-28T11:20:00,50.4007,0
MCH0006,LINE-B,2026-07-28T12:00:00,50.4634,0
MCH0006,LINE-B,2026-07-28T12:40:00,50.4921,0
MCH0006,LINE-B,2026-07-28T13:20:00,50.4667,0
MCH0006,LINE-B,2026-07-28T14:00:00,50.4417,0
MCH0006,LINE-B,2026-07-28T14:40:00,50.3412,0
MCH0006,LINE-B,2026-07-28T15:20:00,50.4487,0
MCH0006,LINE-B,2026-07-28T16:00:00,50.4147,0
MCH0006,LINE-B,2026-07-28T16:40:00,50.5342,0
MCH0006,LINE-B,2026-07-28T17:20:00,50.4263,0
MCH0006,LINE-B,2026-07-28T18:00:00,50.3807,0
MCH0006,LINE-B,2026-07-28T18:40:00,50.4771,0
MCH0006,LINE-B,2026-07-28T19:20:00,50.4281,0
MCH0006,LINE-B,2026-07-28T20:00:00,50.4216,0
MCH0006,LINE-B,2026-07-28T20:40:00,50.2906,1
MCH0006,LINE-B,2026-07-28T21:20:00,50.3933,0
MCH0006,LINE-B,2026-07-28T22:00:00,50.4042,0
MCH0006,LINE-B,2026-07-28T22:40:00,50.4687,0
MCH0006,LINE-B,2026-07-28T23:20:00,50.4838,0
MCH0006,LINE-B,2026-07-29T00:00:00,50.3637,0
MCH0006,LINE-B,2026-07-29T00:40:00,50.5406,0
MCH0006,LINE-B,2026-07-29T01:20:00,50.4658,0
MCH0006,LINE-B,2026-07-29T02:00:00,50.526,0
MCH0006,LINE-B,2026-07-29T02:40:00,50.4116,0
MCH0006,LINE-B,2026-07-29T03:20:00,50.5484,0
MCH0006,LINE-B,2026-07-29T04:00:00,50.4576,0
MCH0006,LINE-B,2026-07-29T04:40:00,50.4513,0
MCH0006,LINE-B,2026-07-29T05:20:00,50.4602,0
MCH0006,LINE-B,2026-07-29T06:00:00,50.5069,0
MCH0006,LINE-B,2026-07-29T06:40:00,50.4275,0
MCH0006,LINE-B,2026-07-29T07:20:00,50.492,0
MCH0006,LINE-B,2026-07-29T08:00:00,50.4856,0
MCH0006,LINE-B,2026-07-29T08:40:00,50.4603,0
MCH0006,LINE-B,2026-07-29T09:20:00,50.4584,0
MCH0006,LINE-B,2026-07-29T10:00:00,50.4639,0
MCH0006,LINE-B,2026-07-29T10:40:00,50.3781,0
MCH0006,LINE-B,2026-07-29T11:20:00,50.5207,0
MCH0006,LINE-B,2026-07-29T12:00:00,50.4751,0
MCH0006,LINE-B,2026-07-29T12:40:00,50.4531,0
MCH0006,LINE-B,2026-07-29T13:20:00,50.4417,0
MCH0006,LINE-B,2026-07-29T14:00:00,50.3714,0
MCH0006,LINE-B,2026-07-29T14:40:00,50.5476,0
MCH0006,LINE-B,2026-07-29T15:20:00,50.3929,0
MCH0006,LINE-B,2026-07-29T16:00:00,50.5112,0
MCH0006,LINE-B,2026-07-29T16:40:00,50.4829,0
MCH0006,LINE-B,2026-07-29T17:20:00,50.4868,0
MCH0006,LINE-B,2026-07-29T18:00:00,50.4017,0
MCH0006,LINE-B,2026-07-29T18:40:00,50.442,0
MCH0006,LINE-B,2026-07-29T19:20:00,50.4762,0
MCH0006,LINE-B,2026-07-29T20:00:00,50.4129,0
MCH0006,LINE-B,2026-07-29T20:40:00,50.483,0
MCH0006,LINE-B,2026-07-29T21:20:00,50.4255,0
MCH0006,LINE-B,2026-07-29T22:00:00,50.4922,0
MCH0006,LINE-B,2026-07-29T22:40:00,50.4607,0
MCH0006,LINE-B,2026-07-29T23:20:00,50.5104,0
MCH0006,LINE-B,2026-07-30T00:00:00,50.4907,0
MCH0006,LINE-B,2026-07-30T00:40:00,50.5155,0
MCH0006,LINE-B,2026-07-30T01:20:00,50.44,0
MCH0006,LINE-B,2026-07-30T02:00:00,50.4765,0
MCH0006,LINE-B,2026-07-30T02:40:00,50.4664,0
MCH0006,LINE-B,2026-07-30T03:20:00,50.509,0
MCH0006,LINE-B,2026-07-30T04:00:00,50.4529,0
MCH0006,LINE-B,2026-07-30T04:40:00,50.4946,0
MCH0006,LINE-B,2026-07-30T05:20:00,50.385,0
MCH0006,LINE-B,2026-07-30T06:00:00,50.4764,0
MCH0006,LINE-B,2026-07-30T06:40:00,50.4695,0
MCH0006,LINE-B,2026-07-30T07:20:00,50.5134,0
MCH0006,LINE-B,2026-07-30T08:00:00,50.472,0
MCH0006,LINE-B,2026-07-30T08:40:00,50.5187,0
MCH0006,LINE-B,2026-07-30T09:20:00,50.4833,0
MCH0006,LINE-B,2026-07-30T10:00:00,50.4954,0
MCH0006,LINE-B,2026-07-30T10:40:00,50.443,0
MCH0006,LINE-B,2026-07-30T11:20:00,50.4865,0
MCH0006,LINE-B,2026-07-30T12:00:00,50.5248,0
MCH0006,LINE-B,2026-07-30T12:40:00,50.5163,0
MCH0006,LINE-B,2026-07-30T13:20:00,50.4672,0
MCH0006,LINE-B,2026-07-30T14:00:00,50.5279,0
MCH0006,LINE-B,2026-07-30T14:40:00,50.3808,0
MCH0006,LINE-B,2026-07-30T15:20:00,50.4447,0
MCH0006,LINE-B,2026-07-30T16:00:00,50.5865,0
MCH0006,LINE-B,2026-07-30T16:40:00,50.5004,0
MCH0006,LINE-B,2026-07-30T17:20:00,50.6371,0
MCH0006,LINE-B,2026-07-30T18:00:00,50.4971,0
MCH0006,LINE-B,2026-07-30T18:40:00,50.4822,0
MCH0006,LINE-B,2026-07-30T19:20:00,50.494,0
MCH0006,LINE-B,2026-07-30T20:00:00,50.5259,0
MCH0006,LINE-B,2026-07-30T20:40:00,50.5213,0
MCH0006,LINE-B,2026-07-30T21:20:00,50.4684,0
MCH0006,LINE-B,2026-07-30T22:00:00,50.5188,0
MCH0006,LINE-B,2026-07-30T22:40:00,50.5046,0
MCH0006,LINE-B,2026-07-30T23:20:00,50.5215,0
MCH0006,LINE-B,2026-07-31T00:00:00,50.4789,0
MCH0006,LINE-B,2026-07-31T00:40:00,50.5936,0
MCH0006,LINE-B,2026-07-31T01:20:00,50.4855,0
MCH0006,LINE-B,2026-07-31T02:00:00,50.5173,0
MCH0006,LINE-B,2026-07-31T02:40:00,50.5632,0
MCH0006,LINE-B,2026-07-31T03:20:00,50.5262,0
MCH0006,LINE-B,2026-07-31T04:00:00,50.6705,0
MCH0006,LINE-B,2026-07-31T04:40:00,50.5079,0
MCH0006,LINE-B,2026-07-31T05:20:00,50.569,0
MCH0006,LINE-B,2026-07-31T06:00:00,50.5129,0
MCH0006,LINE-B,2026-07-31T06:40:00,50.5405,0
MCH0006,LINE-B,2026-07-31T07:20:00,50.561,0
MCH0006,LINE-B,2026-07-31T08:00:00,50.5844,0
MCH0006,LINE-B,2026-07-31T08:40:00,50.6236,0
MCH0006,LINE-B,2026-07-31T09:20:00,50.5911,0
MCH0006,LINE-B,2026-07-31T10:00:00,50.506,0
MCH0006,LINE-B,2026-07-31T10:40:00,50.5441,0
MCH0006,LINE-B,2026-07-31T11:20:00,50.6261,0
MCH0006,LINE-B,2026-07-31T12:00:00,50.4429,0
MCH0006,LINE-B,2026-07-31T12:40:00,50.5302,0
MCH0006,LINE-B,2026-07-31T13:20:00,50.4719,0
MCH0006,LINE-B,2026-07-31T14:00:00,50.5024,0
MCH0006,LINE-B,2026-07-31T14:40:00,50.4625,0
MCH0006,LINE-B,2026-07-31T15:20:00,50.4493,0
MCH0006,LINE-B,2026-07-31T16:00:00,50.4957,0
MCH0006,LINE-B,2026-07-31T16:40:00,50.5108,0
MCH0006,LINE-B,2026-07-31T17:20:00,50.5383,0
MCH0006,LINE-B,2026-07-31T18:00:00,50.5694,0
MCH0006,LINE-B,2026-07-31T18:40:00,50.4683,0
MCH0006,LINE-B,2026-07-31T19:20:00,50.6032,0
MCH0006,LINE-B,2026-07-31T20:00:00,50.5554,0
MCH0006,LINE-B,2026-07-31T20:40:00,50.5254,0
MCH0006,LINE-B,2026-07-31T21:20:00,50.5362,0
MCH0006,LINE-B,2026-07-31T22:00:00,50.5236,0
MCH0006,LINE-B,2026-07-31T22:40:00,50.5773,0
MCH0006,LINE-B,2026-07-31T23:20:00,50.4569,0
MCH0006,LINE-B,2026-08-01T00:00:00,50.4999,0
MCH0006,LINE-B,2026-08-01T00:40:00,50.5197,0
MCH0006,LINE-B,2026-08-01T01:20:00,50.5746,0
MCH0006,LINE-B,2026-08-01T02:00:00,50.5866,0
MCH0006,LINE-B,2026-08-01T02:40:00,50.5641,0
MCH0006,LINE-B,2026-08-01T03:20:00,50.5177,0
MCH0006,LINE-B,2026-08-01T04:00:00,50.5398,0
MCH0006,LINE-B,2026-08-01T04:40:00,50.5747,0
MCH0006,LINE-B,2026-08-01T05:20:00,50.4945,0
MCH0006,LINE-B,2026-08-01T06:00:00,50.5641,0
MCH0006,LINE-B,2026-08-01T06:40:00,50.5418,0
MCH0006,LINE-B,2026-08-01T07:20:00,50.5702,0
MCH0006,LINE-B,2026-08-01T08:00:00,50.5214,0
MCH0006,LINE-B,2026-08-01T08:40:00,50.5658,0
MCH0006,LINE-B,2026-08-01T09:20:00,50.6542,0
MCH0006,LINE-B,2026-08-01T10:00:00,50.6357,0
MCH0006,LINE-B,2026-08-01T10:40:00,50.5753,0
MCH0006,LINE-B,2026-08-01T11:20:00,50.5938,0
MCH0006,LINE-B,2026-08-01T12:00:00,50.6142,0
MCH0006,LINE-B,2026-08-01T12:40:00,50.5168,0
MCH0006,LINE-B,2026-08-01T13:20:00,50.5948,0
MCH0006,LINE-B,2026-08-01T14:00:00,50.6247,0
MCH0006,LINE-B,2026-08-01T14:40:00,50.6472,0
MCH0006,LINE-B,2026-08-01T15:20:00,50.5961,0
MCH0006,LINE-B,2026-08-01T16:00:00,50.5492,0
MCH0006,LINE-B,2026-08-01T16:40:00,50.514,0
MCH0006,LINE-B,2026-08-01T17:20:00,50.5586,0
MCH0006,LINE-B,2026-08-01T18:00:00,50.6475,0
MCH0006,LINE-B,2026-08-01T18:40:00,50.5222,0
MCH0006,LINE-B,2026-08-01T19:20:00,50.6118,0
MCH0006,LINE-B,2026-08-01T20:00:00,50.4871,0
MCH0006,LINE-B,2026-08-01T20:40:00,50.5407,0
MCH0006,LINE-B,2026-08-01T21:20:00,50.6057,0
MCH0006,LINE-B,2026-08-01T22:00:00,50.5531,0
MCH0006,LINE-B,2026-08-01T22:40:00,50.4414,0
MCH0006,LINE-B,2026-08-01T23:20:00,50.564,0
MCH0006,LINE-B,2026-08-02T00:00:00,50.6533,0
MCH0006,LINE-B,2026-08-02T00:40:00,50.6782,0
MCH0006,LINE-B,2026-08-02T01:20:00,50.6242,0
MCH0006,LINE-B,2026-08-02T02:00:00,50.6007,0
MCH0006,LINE-B,2026-08-02T02:40:00,50.6061,0
MCH0006,LINE-B,2026-08-02T03:20:00,50.5954,0
MCH0006,LINE-B,2026-08-02T04:00:00,50.0073,1
MCH0006,LINE-B,2026-08-02T04:40:00,50.0369,1
MCH0006,LINE-B,2026-08-02T05:20:00,50.0926,1
MCH0006,LINE-B,2026-08-02T06:00:00,50.0178,1
MCH0006,LINE-B,2026-08-02T06:40:00,50.1355,1
MCH0006,LINE-B,2026-08-02T07:20:00,49.9858,1
MCH0006,LINE-B,2026-08-02T08:00:00,50.0183,1
MCH0006,LINE-B,2026-08-02T08:40:00,50.0387,1
MCH0006,LINE-B,2026-08-02T09:20:00,50.0177,1
MCH0006,LINE-B,2026-08-02T10:00:00,50.0639,1
MCH0006,LINE-B,2026-08-02T10:40:00,50.0865,1
MCH0006,LINE-B,2026-08-02T11:20:00,50.0189,1
MCH0006,LINE-B,2026-08-02T12:00:00,50.105,1
MCH0006,LINE-B,2026-08-02T12:40:00,50.0427,1
MCH0006,LINE-B,2026-08-02T13:20:00,49.9183,1
MCH0006,LINE-B,2026-08-02T14:00:00,50.076,1
MCH0006,LINE-B,2026-08-02T14:40:00,50.0614,1
MCH0006,LINE-B,2026-08-02T15:20:00,50.0064,1
MCH0006,LINE-B,2026-08-02T16:00:00,50.021,1
MCH0006,LINE-B,2026-08-02T16:40:00,50.0251,1
MCH0006,LINE-B,2026-08-02T17:20:00,50.1118,1
MCH0006,LINE-B,2026-08-02T18:00:00,50.0198,1
MCH0006,LINE-B,2026-08-02T18:40:00,50.0797,1
MCH0006,LINE-B,2026-08-02T19:20:00,50.0591,1
MCH0006,LINE-B,2026-08-02T20:00:00,50.0408,1
MCH0006,LINE-B,2026-08-02T20:40:00,50.1223,1
MCH0006,LINE-B,2026-08-02T21:20:00,50.1241,1
MCH0006,LINE-B,2026-08-02T22:00:00,50.1692,1
MCH0006,LINE-B,2026-08-02T22:40:00,50.1282,1
MCH0006,LINE-B,2026-08-02T23:20:00,50.0475,1
MCH0006,LINE-B,2026-08-03T00:00:00,50.1272,1
MCH0006,LINE-B,2026-08-03T00:40:00,50.0915,1
MCH0006,LINE-B,2026-08-03T01:20:00,50.1077,1
MCH0006,LINE-B,2026-08-03T02:00:00,50.066,1
MCH0006,LINE-B,2026-08-03T02:40:00,50.0634,1
MCH0006,LINE-B,2026-08-03T03:20:00,50.0616,1
MCH0006,LINE-B,2026-08-03T04:00:00,50.0734,1
MCH0006,LINE-B,2026-08-03T04:40:00,50.0946,1
MCH0006,LINE-B,2026-08-03T05:20:00,50.0644,1
MCH0006,LINE-B,2026-08-03T06:00:00,50.0703,1
MCH0006,LINE-B,2026-08-03T06:40:00,50.0931,1
MCH0006,LINE-B,2026-08-03T07:20:00,50.0928,1
MCH0006,LINE-B,2026-08-03T08:00:00,50.082,1
MCH0006,LINE-B,2026-08-03T08:40:00,50.0679,1
MCH0006,LINE-B,2026-08-03T09:20:00,50.0585,1
MCH0006,LINE-B,2026-08-03T10:00:00,50.0732,1
MCH0006,LINE-B,2026-08-03T10:40:00,50.0193,1
MCH0006,LINE-B,2026-08-03T11:20:00,50.0904,1
MCH0006,LINE-B,2026-08-03T12:00:00,50.1939,1
MCH0006,LINE-B,2026-08-03T12:40:00,50.0847,1
MCH0006,LINE-B,2026-08-03T13:20:00,50.1202,1
MCH0006,LINE-B,2026-08-03T14:00:00,50.1122,1
MCH0006,LINE-B,2026-08-03T14:40:00,50.1447,1
MCH0006,LINE-B,2026-08-03T15:20:00,50.0693,1
MCH0006,LINE-B,2026-08-03T16:00:00,50.1343,1
MCH0006,LINE-B,2026-08-03T16:40:00,50.1917,1
MCH0006,LINE-B,2026-08-03T17:20:00,50.1735,1
MCH0006,LINE-B,2026-08-03T18:00:00,50.1796,1
MCH0006,LINE-B,2026-08-03T18:40:00,50.1859,1
MCH0006,LINE-B,2026-08-03T19:20:00,50.0858,1
MCH0006,LINE-B,2026-08-03T20:00:00,50.1825,1
MCH0006,LINE-B,2026-08-03T20:40:00,50.1427,1
MCH0006,LINE-B,2026-08-03T21:20:00,50.1738,1
MCH0006,LINE-B,2026-08-03T22:00:00,50.1344,1
MCH0006,LINE-B,2026-08-03T22:40:00,50.1831,1
MCH0006,LINE-B,2026-08-03T23:20:00,50.1862,1
MCH0006,LINE-B,2026-08-04T00:00:00,50.0616,1
MCH0006,LINE-B,2026-08-04T00:40:00,50.102,1
MCH0006,LINE-B,2026-08-04T01:20:00,50.0845,1
MCH0006,LINE-B,2026-08-04T02:00:00,50.1513,1
MCH0006,LINE-B,2026-08-04T02:40:00,50.0889,1
MCH0006,LINE-B,2026-08-04T03:20:00,50.1452,1
MCH0006,LINE-B,2026-08-04T04:00:00,50.1452,1
MCH0006,LINE-B,2026-08-04T04:40:00,50.2876,1
MCH0006,LINE-B,2026-08-04T05:20:00,50.2123,1
MCH0006,LINE-B,2026-08-04T06:00:00,50.2383,1
MCH0006,LINE-B,2026-08-04T06:40:00,50.2102,1
MCH0006,LINE-B,2026-08-04T07:20:00,50.163,1
MCH0006,LINE-B,2026-08-04T08:00:00,50.1728,1
MCH0006,LINE-B,2026-08-04T08:40:00,50.1622,1
MCH0006,LINE-B,2026-08-04T09:20:00,50.1926,1
MCH0006,LINE-B,2026-08-04T10:00:00,50.2333,1
MCH0006,LINE-B,2026-08-04T10:40:00,50.153,1
MCH0006,LINE-B,2026-08-04T11:20:00,50.1262,1
MCH0006,LINE-B,2026-08-04T12:00:00,50.1001,1
MCH0006,LINE-B,2026-08-04T12:40:00,50.0871,1
MCH0006,LINE-B,2026-08-04T13:20:00,50.1843,1
MCH0006,LINE-B,2026-08-04T14:00:00,50.1153,1
MCH0006,LINE-B,2026-08-04T14:40:00,50.2433,1
MCH0006,LINE-B,2026-08-04T15:20:00,50.2386,1
MCH0006,LINE-B,2026-08-04T16:00:00,50.1878,1
MCH0006,LINE-B,2026-08-04T16:40:00,50.217,1
MCH0006,LINE-B,2026-08-04T17:20:00,50.2522,1
MCH0006,LINE-B,2026-08-04T18:00:00,50.1302,1
MCH0006,LINE-B,2026-08-04T18:40:00,50.1931,1
MCH0006,LINE-B,2026-08-04T19:20:00,50.2224,1
MCH0006,LINE-B,2026-08-04T20:00:00,50.1944,1
MCH0006,LINE-B,2026-08-04T20:40:00,50.1852,1
MCH0006,LINE-B,2026-08-04T21:20:00,50.1694,1
MCH0006,LINE-B,2026-08-04T22:00:00,50.2107,1
MCH0006,LINE-B,2026-08-04T22:40:00,50.205,1
MCH0006,LINE-B,2026-08-04T23:20:00,50.2915,1
MCH0006,LINE-B,2026-08-05T00:00:00,50.2122,1
MCH0006,LINE-B,2026-08-05T00:40:00,50.2029,1
MCH0006,LINE-B,2026-08-05T01:20:00,50.2579,1
MCH0006,LINE-B,2026-08-05T02:00:00,50.3357,0
MCH0006,LINE-B,2026-08-05T02:40:00,50.1029,1
MCH0006,LINE-B,2026-08-05T03:20:00,50.2572,1
MCH0006,LINE-B,2026-08-05T04:00:00,50.2475,1
MCH0006,LINE-B,2026-08-05T04:40:00,50.2722,1
MCH0006,LINE-B,2026-08-05T05:20:00,50.2519,1
MCH0006,LINE-B,2026-08-05T06:00:00,50.2568,1
MCH0006,LINE-B,2026-08-05T06:40:00,50.2187,1
MCH0006,LINE-B,2026-08-05T07:20:00,50.2217,1
MCH0006,LINE-B,2026-08-05T08:00:00,50.2564,1
MCH0006,LINE-B,2026-08-05T08:40:00,50.2204,1
MCH0006,LINE-B,2026-08-05T09:20:00,50.203,1
MCH0006,LINE-B,2026-08-05T10:00:00,50.2851,1
MCH0006,LINE-B,2026-08-05T10:40:00,50.3052,0
MCH0006,LINE-B,2026-08-05T11:20:00,50.2912,1
MCH0006,LINE-B,2026-08-05T12:00:00,50.2891,1
MCH0006,LINE-B,2026-08-05T12:40:00,50.2483,1
MCH0006,LINE-B,2026-08-05T13:20:00,50.2315,1
MCH0006,LINE-B,2026-08-05T14:00:00,50.2107,1
MCH0006,LINE-B,2026-08-05T14:40:00,50.2763,1
MCH0006,LINE-B,2026-08-05T15:20:00,50.3253,0
MCH0006,LINE-B,2026-08-05T16:00:00,50.2802,1
MCH0006,LINE-B,2026-08-05T16:40:00,50.2531,1
MCH0006,LINE-B,2026-08-05T17:20:00,50.2709,1
MCH0006,LINE-B,2026-08-05T18:00:00,50.2093,1
MCH0006,LINE-B,2026-08-05T18:40:00,50.2722,1
MCH0006,LINE-B,2026-08-05T19:20:00,50.2916,1
MCH0006,LINE-B,2026-08-05T20:00:00,50.2767,1
MCH0006,LINE-B,2026-08-05T20:40:00,50.3491,0
MCH0006,LINE-B,2026-08-05T21:20:00,50.2506,1
MCH0006,LINE-B,2026-08-05T22:00:00,50.3899,0
MCH0006,LINE-B,2026-08-05T22:40:00,50.3355,0
MCH0006,LINE-B,2026-08-05T23:20:00,50.2127,1
MCH0006,LINE-B,2026-08-06T00:00:00,50.2129,1
MCH0006,LINE-B,2026-08-06T00:40:00,50.3186,0
MCH0006,LINE-B,2026-08-06T01:20:00,50.2998,1
MCH0006,LINE-B,2026-08-06T02:00:00,50.3347,0
MCH0006,LINE-B,2026-08-06T02:40:00,50.2639,1
MCH0006,LINE-B,2026-08-06T03:20:00,50.298,1
MCH0006,LINE-B,2026-08-06T04:00:00,50.2627,1
MCH0006,LINE-B,2026-08-06T04:40:00,50.3204,0
MCH0006,LINE-B,2026-08-06T05:20:00,50.3345,0
MCH0006,LINE-B,2026-08-06T06:00:00,50.3383,0
MCH0006,LINE-B,2026-08-06T06:40:00,50.3304,0
MCH0006,LINE-B,2026-08-06T07:20:00,50.3861,0
MCH0006,LINE-B,2026-08-06T08:00:00,50.2392,1
MCH0006,LINE-B,2026-08-06T08:40:00,50.4917,0
MCH0006,LINE-B,2026-08-06T09:20:00,50.4325,0
MCH0006,LINE-B,2026-08-06T10:00:00,50.255,1
MCH0006,LINE-B,2026-08-06T10:40:00,50.2888,1
MCH0006,LINE-B,2026-08-06T11:20:00,50.3778,0
MCH0006,LINE-B,2026-08-06T12:00:00,50.4076,0
MCH0006,LINE-B,2026-08-06T12:40:00,50.351,0
MCH0006,LINE-B,2026-08-06T13:20:00,50.3407,0
MCH0006,LINE-B,2026-08-06T14:00:00,50.3676,0
MCH0006,LINE-B,2026-08-06T14:40:00,50.3496,0
MCH0006,LINE-B,2026-08-06T15:20:00,50.4563,0
MCH0006,LINE-B,2026-08-06T16:00:00,50.3203,0
MCH0006,LINE-B,2026-08-06T16:40:00,50.4455,0
MCH0006,LINE-B,2026-08-06T17:20:00,50.3084,0
MCH0006,LINE-B,2026-08-06T18:00:00,50.3044,0
MCH0006,LINE-B,2026-08-06T18:40:00,50.3508,0
MCH0006,LINE-B,2026-08-06T19:20:00,50.3741,0
MCH0006,LINE-B,2026-08-06T20:00:00,50.3686,0
MCH0006,LINE-B,2026-08-06T20:40:00,50.2845,1
MCH0006,LINE-B,2026-08-06T21:20:00,50.3439,0
MCH0006,LINE-B,2026-08-06T22:00:00,50.4064,0
MCH0006,LINE-B,2026-08-06T22:40:00,50.4023,0
MCH0006,LINE-B,2026-08-06T23:20:00,50.3458,0
MCH0006,LINE-B,2026-08-07T00:00:00,50.3774,0
MCH0006,LINE-B,2026-08-07T00:40:00,50.3678,0
MCH0006,LINE-B,2026-08-07T01:20:00,50.3962,0
MCH0006,LINE-B,2026-08-07T02:00:00,50.3607,0
MCH0006,LINE-B,2026-08-07T02:40:00,50.2444,1
MCH0006,LINE-B,2026-08-07T03:20:00,50.4288,0
MCH0006,LINE-B,2026-08-07T04:00:00,50.3859,0
MCH0006,LINE-B,2026-08-07T04:40:00,50.3362,0
MCH0006,LINE-B,2026-08-07T05:20:00,50.4029,0
MCH0006,LINE-B,2026-08-07T06:00:00,50.4196,0
MCH0006,LINE-B,2026-08-07T06:40:00,50.4406,0
MCH0006,LINE-B,2026-08-07T07:20:00,50.3843,0
MCH0006,LINE-B,2026-08-07T08:00:00,50.4135,0
MCH0006,LINE-B,2026-08-07T08:40:00,50.3916,0
MCH0006,LINE-B,2026-08-07T09:20:00,50.3622,0
MCH0006,LINE-B,2026-08-07T10:00:00,50.4157,0
MCH0006,LINE-B,2026-08-07T10:40:00,50.3395,0
MCH0006,LINE-B,2026-08-07T11:20:00,50.4779,0
MCH0006,LINE-B,2026-08-07T12:00:00,50.4117,0
MCH0006,LINE-B,2026-08-07T12:40:00,50.3564,0
MCH0006,LINE-B,2026-08-07T13:20:00,50.4568,0
MCH0006,LINE-B,2026-08-07T14:00:00,50.393,0
MCH0006,LINE-B,2026-08-07T14:40:00,50.4696,0
MCH0006,LINE-B,2026-08-07T15:20:00,50.4793,0
MCH0006,LINE-B,2026-08-07T16:00:00,50.5248,0
MCH0006,LINE-B,2026-08-07T16:40:00,50.3761,0
MCH0006,LINE-B,2026-08-07T17:20:00,50.3398,0
MCH0006,LINE-B,2026-08-07T18:00:00,50.4531,0
MCH0006,LINE-B,2026-08-07T18:40:00,50.4143,0
MCH0006,LINE-B,2026-08-07T19:20:00,50.4904,0
MCH0006,LINE-B,2026-08-07T20:00:00,50.3639,0
MCH0006,LINE-B,2026-08-07T20:40:00,50.4422,0
MCH0006,LINE-B,2026-08-07T21:20:00,50.4534,0
MCH0006,LINE-B,2026-08-07T22:00:00,50.4004,0
MCH0006,LINE-B,2026-08-07T22:40:00,50.5283,0
MCH0006,LINE-B,2026-08-07T23:20:00,50.362,0
MCH0006,LINE-B,2026-08-08T00:00:00,50.4693,0
MCH0006,LINE-B,2026-08-08T00:40:00,50.3986,0
MCH0006,LINE-B,2026-08-08T01:20:00,50.5015,0
MCH0006,LINE-B,2026-08-08T02:00:00,50.4455,0
MCH0006,LINE-B,2026-08-08T02:40:00,50.4071,0
MCH0006,LINE-B,2026-08-08T03:20:00,50.4214,0
MCH0006,LINE-B,2026-08-08T04:00:00,50.4558,0
MCH0006,LINE-B,2026-08-08T04:40:00,50.4567,0
MCH0006,LINE-B,2026-08-08T05:20:00,50.4636,0
MCH0006,LINE-B,2026-08-08T06:00:00,50.4895,0
MCH0006,LINE-B,2026-08-08T06:40:00,50.4924,0
MCH0006,LINE-B,2026-08-08T07:20:00,50.4726,0
MCH0006,LINE-B,2026-08-08T08:00:00,50.48,0
MCH0006,LINE-B,2026-08-08T08:40:00,50.462,0
MCH0006,LINE-B,2026-08-08T09:20:00,50.5123,0
MCH0006,LINE-B,2026-08-08T10:00:00,50.5791,0
MCH0006,LINE-B,2026-08-08T10:40:00,50.5235,0
MCH0006,LINE-B,2026-08-08T11:20:00,50.5128,0
MCH0006,LINE-B,2026-08-08T12:00:00,50.4092,0
MCH0006,LINE-B,2026-08-08T12:40:00,50.515,0
MCH0006,LINE-B,2026-08-08T13:20:00,50.4584,0
MCH0006,LINE-B,2026-08-08T14:00:00,50.5778,0
MCH0006,LINE-B,2026-08-08T14:40:00,50.504,0
MCH0006,LINE-B,2026-08-08T15:20:00,50.5342,0
MCH0006,LINE-B,2026-08-08T16:00:00,50.5244,0
MCH0006,LINE-B,2026-08-08T16:40:00,50.4912,0
MCH0006,LINE-B,2026-08-08T17:20:00,50.552,0
MCH0006,LINE-B,2026-08-08T18:00:00,50.5692,0
MCH0006,LINE-B,2026-08-08T18:40:00,50.4903,0
MCH0006,LINE-B,2026-08-08T19:20:00,50.5356,0
MCH0006,LINE-B,2026-08-08T20:00:00,50.4774,0
MCH0006,LINE-B,2026-08-08T20:40:00,50.5025,0
MCH0006,LINE-B,2026-08-08T21:20:00,50.6375,0
MCH0006,LINE-B,2026-08-08T22:00:00,50.6272,0
MCH0006,LINE-B,2026-08-08T22:40:00,50.5445,0
MCH0006,LINE-B,2026-08-08T23:20:00,50.4694,0
MCH0006,LINE-B,2026-08-09T00:00:00,50.5428,0
MCH0006,LINE-B,2026-08-09T00:40:00,50.572,0
MCH0006,LINE-B,2026-08-09T01:20:00,50.5815,0
MCH0006,LINE-B,2026-08-09T02:00:00,50.5564,0
MCH0006,LINE-B,2026-08-09T02:40:00,50.4427,0
MCH0006,LINE-B,2026-08-09T03:20:00,50.5443,0
MCH0006,LINE-B,2026-08-09T04:00:00,50.5456,0
MCH0006,LINE-B,2026-08-09T04:40:00,50.5432,0
MCH0006,LINE-B,2026-08-09T05:20:00,50.5266,0
MCH0006,LINE-B,2026-08-09T06:00:00,50.5502,0
MCH0006,LINE-B,2026-08-09T06:40:00,50.4936,0
MCH0006,LINE-B,2026-08-09T07:20:00,50.4811,0
MCH0006,LINE-B,2026-08-09T08:00:00,50.5965,0
MCH0006,LINE-B,2026-08-09T08:40:00,50.6336,0
MCH0006,LINE-B,2026-08-09T09:20:00,50.5671,0
MCH0006,LINE-B,2026-08-09T10:00:00,50.557,0
MCH0006,LINE-B,2026-08-09T10:40:00,50.543,0
MCH0006,LINE-B,2026-08-09T11:20:00,50.5552,0
MCH0006,LINE-B,2026-08-09T12:00:00,50.5147,0
MCH0006,LINE-B,2026-08-09T12:40:00,50.5513,0
MCH0006,LINE-B,2026-08-09T13:20:00,50.509,0
MCH0006,LINE-B,2026-08-09T14:00:00,50.5672,0
MCH0006,LINE-B,2026-08-09T14:40:00,50.5697,0
MCH0006,LINE-B,2026-08-09T15:20:00,50.5826,0
MCH0006,LINE-B,2026-08-09T16:00:00,50.4951,0
MCH0006,LINE-B,2026-08-09T16:40:00,50.5778,0
MCH0006,LINE-B,2026-08-09T17:20:00,50.5388,0
MCH0006,LINE-B,2026-08-09T18:00:00,50.6344,0
MCH0006,LINE-B,2026-08-09T18:40:00,50.584,0
MCH0006,LINE-B,2026-08-09T19:20:00,50.5854,0
MCH0006,LINE-B,2026-08-09T20:00:00,50.5947,0
MCH0006,LINE-B,2026-08-09T20:40:00,50.5499,0
MCH0006,LINE-B,2026-08-09T21:20:00,50.5656,0
MCH0006,LINE-B,2026-08-09T22:00:00,50.0554,1
MCH0006,LINE-B,2026-08-09T22:40:00,50.0462,1
MCH0006,LINE-B,2026-08-09T23:20:00,50.0265,1
MCH0006,LINE-B,2026-08-10T00:00:00,49.921,1
MCH0006,LINE-B,2026-08-10T00:40:00,50.0801,1
MCH0006,LINE-B,2026-08-10T01:20:00,50.009,1
MCH0006,LINE-B,2026-08-10T02:00:00,50.0621,1
MCH0006,LINE-B,2026-08-10T02:40:00,50.0575,1
MCH0006,LINE-B,2026-08-10T03:20:00,50.0042,1
MCH0006,LINE-B,2026-08-10T04:00:00,50.0126,1
MCH0006,LINE-B,2026-08-10T04:40:00,50.0186,1
MCH0006,LINE-B,2026-08-10T05:20:00,49.939,1
MCH0006,LINE-B,2026-08-10T06:00:00,49.9976,1
MCH0006,LINE-B,2026-08-10T06:40:00,50.0961,1
MCH0006,LINE-B,2026-08-10T07:20:00,50.0093,1
MCH0006,LINE-B,2026-08-10T08:00:00,50.063,1
MCH0006,LINE-B,2026-08-10T08:40:00,50.126,1
MCH0006,LINE-B,2026-08-10T09:20:00,50.0181,1
MCH0006,LINE-B,2026-08-10T10:00:00,50.0312,1
MCH0006,LINE-B,2026-08-10T10:40:00,50.1358,1
MCH0006,LINE-B,2026-08-10T11:20:00,50.0802,1
MCH0006,LINE-B,2026-08-10T12:00:00,50.0118,1
MCH0006,LINE-B,2026-08-10T12:40:00,50.0838,1
MCH0006,LINE-B,2026-08-10T13:20:00,49.999,1
MCH0006,LINE-B,2026-08-10T14:00:00,50.116,1
MCH0006,LINE-B,2026-08-10T14:40:00,50.0919,1
MCH0006,LINE-B,2026-08-10T15:20:00,50.1448,1
MCH0006,LINE-B,2026-08-10T16:00:00,50.0306,1
MCH0006,LINE-B,2026-08-10T16:40:00,50.1295,1
MCH0006,LINE-B,2026-08-10T17:20:00,50.0884,1
MCH0006,LINE-B,2026-08-10T18:00:00,50.0422,1
MCH0006,LINE-B,2026-08-10T18:40:00,50.0688,1
MCH0006,LINE-B,2026-08-10T19:20:00,50.0923,1
MCH0006,LINE-B,2026-08-10T20:00:00,50.0863,1
MCH0006,LINE-B,2026-08-10T20:40:00,50.0429,1
MCH0006,LINE-B,2026-08-10T21:20:00,50.1229,1
MCH0006,LINE-B,2026-08-10T22:00:00,50.1318,1
MCH0006,LINE-B,2026-08-10T22:40:00,50.0745,1
MCH0006,LINE-B,2026-08-10T23:20:00,50.105,1
MCH0006,LINE-B,2026-08-11T00:00:00,50.0352,1
MCH0006,LINE-B,2026-08-11T00:40:00,50.0062,1
MCH0006,LINE-B,2026-08-11T01:20:00,50.1442,1
MCH0006,LINE-B,2026-08-11T02:00:00,50.0269,1
MCH0006,LINE-B,2026-08-11T02:40:00,50.0906,1
MCH0006,LINE-B,2026-08-11T03:20:00,50.1282,1
MCH0006,LINE-B,2026-08-11T04:00:00,50.0526,1
MCH0006,LINE-B,2026-08-11T04:40:00,50.0959,1
MCH0006,LINE-B,2026-08-11T05:20:00,50.094,1
MCH0006,LINE-B,2026-08-11T06:00:00,50.0927,1
MCH0006,LINE-B,2026-08-11T06:40:00,50.0494,1
MCH0006,LINE-B,2026-08-11T07:20:00,50.0553,1
MCH0006,LINE-B,2026-08-11T08:00:00,49.9797,1
MCH0006,LINE-B,2026-08-11T08:40:00,50.0694,1
MCH0006,LINE-B,2026-08-11T09:20:00,50.1949,1
MCH0006,LINE-B,2026-08-11T10:00:00,50.0598,1
MCH0006,LINE-B,2026-08-11T10:40:00,50.1443,1
MCH0006,LINE-B,2026-08-11T11:20:00,50.1084,1
MCH0006,LINE-B,2026-08-11T12:00:00,50.1344,1
MCH0006,LINE-B,2026-08-11T12:40:00,50.0588,1
MCH0006,LINE-B,2026-08-11T13:20:00,50.1791,1
MCH0006,LINE-B,2026-08-11T14:00:00,50.0901,1
MCH0006,LINE-B,2026-08-11T14:40:00,50.0718,1
MCH0006,LINE-B,2026-08-11T15:20:00,50.12,1
MCH0006,LINE-B,2026-08-11T16:00:00,50.0404,1
MCH0006,LINE-B,2026-08-11T16:40:00,50.129,1
MCH0006,LINE-B,2026-08-11T17:20:00,50.1814,1
MCH0006,LINE-B,2026-08-11T18:00:00,50.08,1
MCH0006,LINE-B,2026-08-11T18:40:00,50.0628,1
MCH0006,LINE-B,2026-08-11T19:20:00,50.2475,1
MCH0006,LINE-B,2026-08-11T20:00:00,50.1398,1
MCH0006,LINE-B,2026-08-11T20:40:00,50.1998,1
MCH0006,LINE-B,2026-08-11T21:20:00,50.1572,1
MCH0006,LINE-B,2026-08-11T22:00:00,50.1136,1
MCH0006,LINE-B,2026-08-11T22:40:00,50.1143,1
MCH0006,LINE-B,2026-08-11T23:20:00,50.1416,1
MCH0006,LINE-B,2026-08-12T00:00:00,50.2541,1
MCH0006,LINE-B,2026-08-12T00:40:00,50.1299,1
MCH0006,LINE-B,2026-08-12T01:20:00,50.1931,1
MCH0006,LINE-B,2026-08-12T02:00:00,50.1099,1
MCH0006,LINE-B,2026-08-12T02:40:00,50.1424,1
MCH0006,LINE-B,2026-08-12T03:20:00,50.1008,1
MCH0006,LINE-B,2026-08-12T04:00:00,50.1948,1
MCH0006,LINE-B,2026-08-12T04:40:00,50.1332,1
MCH0006,LINE-B,2026-08-12T05:20:00,50.2208,1
MCH0006,LINE-B,2026-08-12T06:00:00,50.158,1
MCH0006,LINE-B,2026-08-12T06:40:00,50.1057,1
MCH0006,LINE-B,2026-08-12T07:20:00,50.0936,1
MCH0006,LINE-B,2026-08-12T08:00:00,50.149,1
MCH0006,LINE-B,2026-08-12T08:40:00,50.2104,1
MCH0006,LINE-B,2026-08-12T09:20:00,50.141,1
MCH0006,LINE-B,2026-08-12T10:00:00,50.1728,1
MCH0006,LINE-B,2026-08-12T10:40:00,50.2445,1
MCH0006,LINE-B,2026-08-12T11:20:00,50.2413,1
MCH0006,LINE-B,2026-08-12T12:00:00,50.145,1
MCH0006,LINE-B,2026-08-12T12:40:00,50.1353,1
MCH0006,LINE-B,2026-08-12T13:20:00,50.0737,1
MCH0006,LINE-B,2026-08-12T14:00:00,50.131,1
MCH0006,LINE-B,2026-08-12T14:40:00,50.1532,1
MCH0006,LINE-B,2026-08-12T15:20:00,50.1631,1
MCH0006,LINE-B,2026-08-12T16:00:00,50.2408,1
MCH0006,LINE-B,2026-08-12T16:40:00,50.2451,1
MCH0006,LINE-B,2026-08-12T17:20:00,50.1684,1
MCH0006,LINE-B,2026-08-12T18:00:00,50.2738,1
MCH0006,LINE-B,2026-08-12T18:40:00,50.1452,1
MCH0006,LINE-B,2026-08-12T19:20:00,50.1427,1
MCH0006,LINE-B,2026-08-12T20:00:00,50.1665,1
MCH0006,LINE-B,2026-08-12T20:40:00,50.1223,1
MCH0006,LINE-B,2026-08-12T21:20:00,50.1706,1
MCH0006,LINE-B,2026-08-12T22:00:00,50.2056,1
MCH0006,LINE-B,2026-08-12T22:40:00,50.2069,1
MCH0006,LINE-B,2026-08-12T23:20:00,50.2286,1
MCH0006,LINE-B,2026-08-13T00:00:00,50.2631,1
MCH0006,LINE-B,2026-08-13T00:40:00,50.2083,1
MCH0006,LINE-B,2026-08-13T01:20:00,50.1132,1
MCH0006,LINE-B,2026-08-13T02:00:00,50.1805,1
MCH0006,LINE-B,2026-08-13T02:40:00,50.168,1
MCH0006,LINE-B,2026-08-13T03:20:00,50.2063,1
MCH0006,LINE-B,2026-08-13T04:00:00,50.2245,1
MCH0006,LINE-B,2026-08-13T04:40:00,50.1465,1
MCH0006,LINE-B,2026-08-13T05:20:00,50.2432,1
MCH0006,LINE-B,2026-08-13T06:00:00,50.2142,1
MCH0006,LINE-B,2026-08-13T06:40:00,50.2191,1
MCH0006,LINE-B,2026-08-13T07:20:00,50.2519,1
MCH0006,LINE-B,2026-08-13T08:00:00,50.2566,1
MCH0006,LINE-B,2026-08-13T08:40:00,50.1889,1
MCH0006,LINE-B,2026-08-13T09:20:00,50.2699,1
MCH0006,LINE-B,2026-08-13T10:00:00,50.2305,1
MCH0006,LINE-B,2026-08-13T10:40:00,50.1937,1
MCH0006,LINE-B,2026-08-13T11:20:00,50.2601,1
MCH0006,LINE-B,2026-08-13T12:00:00,50.2386,1
MCH0006,LINE-B,2026-08-13T12:40:00,50.1817,1
MCH0006,LINE-B,2026-08-13T13:20:00,50.1624,1
MCH0006,LINE-B,2026-08-13T14:00:00,50.2079,1
MCH0006,LINE-B,2026-08-13T14:40:00,50.2285,1
MCH0006,LINE-B,2026-08-13T15:20:00,50.2746,1
MCH0006,LINE-B,2026-08-13T16:00:00,50.0795,1
MCH0006,LINE-B,2026-08-13T16:40:00,50.1923,1
MCH0006,LINE-B,2026-08-13T17:20:00,50.2508,1
MCH0006,LINE-B,2026-08-13T18:00:00,50.2895,1
MCH0006,LINE-B,2026-08-13T18:40:00,50.2058,1
MCH0006,LINE-B,2026-08-13T19:20:00,50.1852,1
MCH0006,LINE-B,2026-08-13T20:00:00,50.3243,0
MCH0006,LINE-B,2026-08-13T20:40:00,50.2182,1
MCH0006,LINE-B,2026-08-13T21:20:00,50.2611,1
MCH0006,LINE-B,2026-08-13T22:00:00,50.1812,1
MCH0006,LINE-B,2026-08-13T22:40:00,50.2815,1
MCH0006,LINE-B,2026-08-13T23:20:00,50.2685,1
MCH0006,LINE-B,2026-08-14T00:00:00,50.274,1
MCH0006,LINE-B,2026-08-14T00:40:00,50.2023,1
MCH0006,LINE-B,2026-08-14T01:20:00,50.2332,1
MCH0006,LINE-B,2026-08-14T02:00:00,50.3301,0
MCH0006,LINE-B,2026-08-14T02:40:00,50.2442,1
MCH0006,LINE-B,2026-08-14T03:20:00,50.1221,1
MCH0006,LINE-B,2026-08-14T04:00:00,50.3106,0
MCH0006,LINE-B,2026-08-14T04:40:00,50.3245,0
MCH0006,LINE-B,2026-08-14T05:20:00,50.3068,0
MCH0006,LINE-B,2026-08-14T06:00:00,50.2134,1
MCH0006,LINE-B,2026-08-14T06:40:00,50.3274,0
MCH0006,LINE-B,2026-08-14T07:20:00,50.3542,0
MCH0006,LINE-B,2026-08-14T08:00:00,50.2884,1
MCH0006,LINE-B,2026-08-14T08:40:00,50.2844,1
MCH0006,LINE-B,2026-08-14T09:20:00,50.3683,0
MCH0006,LINE-B,2026-08-14T10:00:00,50.2676,1
MCH0006,LINE-B,2026-08-14T10:40:00,50.2411,1
MCH0006,LINE-B,2026-08-14T11:20:00,50.3367,0
MCH0006,LINE-B,2026-08-14T12:00:00,50.2767,1
MCH0006,LINE-B,2026-08-14T12:40:00,50.3526,0
MCH0006,LINE-B,2026-08-14T13:20:00,50.31,0
MCH0006,LINE-B,2026-08-14T14:00:00,50.3287,0
MCH0006,LINE-B,2026-08-14T14:40:00,50.3042,0
MCH0006,LINE-B,2026-08-14T15:20:00,50.3721,0
MCH0006,LINE-B,2026-08-14T16:00:00,50.3091,0
MCH0006,LINE-B,2026-08-14T16:40:00,50.2813,1
MCH0006,LINE-B,2026-08-14T17:20:00,50.3075,0
MCH0006,LINE-B,2026-08-14T18:00:00,50.3424,0
MCH0006,LINE-B,2026-08-14T18:40:00,50.2458,1
MCH0006,LINE-B,2026-08-14T19:20:00,50.3685,0
MCH0006,LINE-B,2026-08-14T20:00:00,50.2644,1
MCH0006,LINE-B,2026-08-14T20:40:00,50.371,0
MCH0006,LINE-B,2026-08-14T21:20:00,50.3464,0
MCH0006,LINE-B,2026-08-14T22:00:00,50.3804,0
MCH0006,LINE-B,2026-08-14T22:40:00,50.2189,1
MCH0006,LINE-B,2026-08-14T23:20:00,50.3589,0
MCH0007,LINE-C,2026-07-01T00:00:00,50.0129,1
MCH0007,LINE-C,2026-07-01T00:40:00,50.025,1
MCH0007,LINE-C,2026-07-01T01:20:00,49.8788,1
MCH0007,LINE-C,2026-07-01T02:00:00,50.0033,1
MCH0007,LINE-C,2026-07-01T02:40:00,50.0886,1
MCH0007,LINE-C,2026-07-01T03:20:00,50.0747,1
MCH0007,LINE-C,2026-07-01T04:00:00,49.9951,1
MCH0007,LINE-C,2026-07-01T04:40:00,49.9442,1
MCH0007,LINE-C,2026-07-01T05:20:00,49.9966,1
MCH0007,LINE-C,2026-07-01T06:00:00,50.0243,1
MCH0007,LINE-C,2026-07-01T06:40:00,50.0086,1
MCH0007,LINE-C,2026-07-01T07:20:00,49.962,1
MCH0007,LINE-C,2026-07-01T08:00:00,50.0175,1
MCH0007,LINE-C,2026-07-01T08:40:00,50.0594,1
MCH0007,LINE-C,2026-07-01T09:20:00,50.0361,1
MCH0007,LINE-C,2026-07-01T10:00:00,50.0532,1
MCH0007,LINE-C,2026-07-01T10:40:00,50.0392,1
MCH0007,LINE-C,2026-07-01T11:20:00,49.9713,1
MCH0007,LINE-C,2026-07-01T12:00:00,50.0635,1
MCH0007,LINE-C,2026-07-01T12:40:00,50.0334,1
MCH0007,LINE-C,2026-07-01T13:20:00,50.0558,1
MCH0007,LINE-C,2026-07-01T14:00:00,49.9349,1
MCH0007,LINE-C,2026-07-01T14:40:00,50.0196,1
MCH0007,LINE-C,2026-07-01T15:20:00,50.0681,1
MCH0007,LINE-C,2026-07-01T16:00:00,49.9827,1
MCH0007,LINE-C,2026-07-01T16:40:00,49.9193,1
MCH0007,LINE-C,2026-07-01T17:20:00,49.9764,1
MCH0007,LINE-C,2026-07-01T18:00:00,50.0115,1
MCH0007,LINE-C,2026-07-01T18:40:00,49.9752,1
MCH0007,LINE-C,2026-07-01T19:20:00,49.9645,1
MCH0007,LINE-C,2026-07-01T20:00:00,50.0501,1
MCH0007,LINE-C,2026-07-01T20:40:00,49.9919,1
MCH0007,LINE-C,2026-07-01T21:20:00,50.0391,1
MCH0007,LINE-C,2026-07-01T22:00:00,50.0276,1
MCH0007,LINE-C,2026-07-01T22:40:00,50.0184,1
MCH0007,LINE-C,2026-07-01T23:20:00,49.975,1
MCH0007,LINE-C,2026-07-02T00:00:00,50.0032,1
MCH0007,LINE-C,2026-07-02T00:40:00,50.0445,1
MCH0007,LINE-C,2026-07-02T01:20:00,50.0494,1
MCH0007,LINE-C,2026-07-02T02:00:00,50.0648,1
MCH0007,LINE-C,2026-07-02T02:40:00,50.0222,1
MCH0007,LINE-C,2026-07-02T03:20:00,50.1205,1
MCH0007,LINE-C,2026-07-02T04:00:00,50.1379,1
MCH0007,LINE-C,2026-07-02T04:40:00,50.1841,1
MCH0007,LINE-C,2026-07-02T05:20:00,49.9901,1
MCH0007,LINE-C,2026-07-02T06:00:00,50.0122,1
MCH0007,LINE-C,2026-07-02T06:40:00,50.0724,1
MCH0007,LINE-C,2026-07-02T07:20:00,50.1184,1
MCH0007,LINE-C,2026-07-02T08:00:00,50.0385,1
MCH0007,LINE-C,2026-07-02T08:40:00,50.0487,1
MCH0007,LINE-C,2026-07-02T09:20:00,50.0607,1
MCH0007,LINE-C,2026-07-02T10:00:00,50.0446,1
MCH0007,LINE-C,2026-07-02T10:40:00,50.0591,1
MCH0007,LINE-C,2026-07-02T11:20:00,50.0619,1
MCH0007,LINE-C,2026-07-02T12:00:00,50.0826,1
MCH0007,LINE-C,2026-07-02T12:40:00,50.0349,1
MCH0007,LINE-C,2026-07-02T13:20:00,49.9877,1
MCH0007,LINE-C,2026-07-02T14:00:00,50.188,1
MCH0007,LINE-C,2026-07-02T14:40:00,50.0329,1
MCH0007,LINE-C,2026-07-02T15:20:00,50.0811,1
MCH0007,LINE-C,2026-07-02T16:00:00,50.1204,1
MCH0007,LINE-C,2026-07-02T16:40:00,50.076,1
MCH0007,LINE-C,2026-07-02T17:20:00,50.1484,1
MCH0007,LINE-C,2026-07-02T18:00:00,50.0997,1
MCH0007,LINE-C,2026-07-02T18:40:00,50.0317,1
MCH0007,LINE-C,2026-07-02T19:20:00,50.1043,1
MCH0007,LINE-C,2026-07-02T20:00:00,50.0942,1
MCH0007,LINE-C,2026-07-02T20:40:00,50.0684,1
MCH0007,LINE-C,2026-07-02T21:20:00,50.1496,1
MCH0007,LINE-C,2026-07-02T22:00:00,50.0377,1
MCH0007,LINE-C,2026-07-02T22:40:00,50.0723,1
MCH0007,LINE-C,2026-07-02T23:20:00,50.0982,1
MCH0007,LINE-C,2026-07-03T00:00:00,50.0449,1
MCH0007,LINE-C,2026-07-03T00:40:00,50.1924,1
MCH0007,LINE-C,2026-07-03T01:20:00,50.1963,1
MCH0007,LINE-C,2026-07-03T02:00:00,50.076,1
MCH0007,LINE-C,2026-07-03T02:40:00,50.1013,1
MCH0007,LINE-C,2026-07-03T03:20:00,50.0332,1
MCH0007,LINE-C,2026-07-03T04:00:00,50.0926,1
MCH0007,LINE-C,2026-07-03T04:40:00,50.0903,1
MCH0007,LINE-C,2026-07-03T05:20:00,50.078,1
MCH0007,LINE-C,2026-07-03T06:00:00,50.0357,1
MCH0007,LINE-C,2026-07-03T06:40:00,50.0927,1
MCH0007,LINE-C,2026-07-03T07:20:00,50.0879,1
MCH0007,LINE-C,2026-07-03T08:00:00,50.1055,1
MCH0007,LINE-C,2026-07-03T08:40:00,50.0792,1
MCH0007,LINE-C,2026-07-03T09:20:00,50.0928,1
MCH0007,LINE-C,2026-07-03T10:00:00,50.1017,1
MCH0007,LINE-C,2026-07-03T10:40:00,50.131,1
MCH0007,LINE-C,2026-07-03T11:20:00,50.1942,1
MCH0007,LINE-C,2026-07-03T12:00:00,50.0874,1
MCH0007,LINE-C,2026-07-03T12:40:00,50.1892,1
MCH0007,LINE-C,2026-07-03T13:20:00,50.1348,1
MCH0007,LINE-C,2026-07-03T14:00:00,50.0679,1
MCH0007,LINE-C,2026-07-03T14:40:00,50.0757,1
MCH0007,LINE-C,2026-07-03T15:20:00,50.1048,1
MCH0007,LINE-C,2026-07-03T16:00:00,50.1511,1
MCH0007,LINE-C,2026-07-03T16:40:00,50.1753,1
MCH0007,LINE-C,2026-07-03T17:20:00,50.1623,1
MCH0007,LINE-C,2026-07-03T18:00:00,50.1099,1
MCH0007,LINE-C,2026-07-03T18:40:00,50.1197,1
MCH0007,LINE-C,2026-07-03T19:20:00,50.1758,1
MCH0007,LINE-C,2026-07-03T20:00:00,50.0489,1
MCH0007,LINE-C,2026-07-03T20:40:00,50.1314,1
MCH0007,LINE-C,2026-07-03T21:20:00,50.1614,1
MCH0007,LINE-C,2026-07-03T22:00:00,50.106,1
MCH0007,LINE-C,2026-07-03T22:40:00,50.1408,1
MCH0007,LINE-C,2026-07-03T23:20:00,50.1419,1
MCH0007,LINE-C,2026-07-04T00:00:00,50.1411,1
MCH0007,LINE-C,2026-07-04T00:40:00,50.1865,1
MCH0007,LINE-C,2026-07-04T01:20:00,50.1993,1
MCH0007,LINE-C,2026-07-04T02:00:00,50.2508,1
MCH0007,LINE-C,2026-07-04T02:40:00,50.1269,1
MCH0007,LINE-C,2026-07-04T03:20:00,50.0939,1
MCH0007,LINE-C,2026-07-04T04:00:00,50.1397,1
MCH0007,LINE-C,2026-07-04T04:40:00,50.1796,1
MCH0007,LINE-C,2026-07-04T05:20:00,50.1673,1
MCH0007,LINE-C,2026-07-04T06:00:00,50.2083,1
MCH0007,LINE-C,2026-07-04T06:40:00,50.1261,1
MCH0007,LINE-C,2026-07-04T07:20:00,50.1483,1
MCH0007,LINE-C,2026-07-04T08:00:00,50.1801,1
MCH0007,LINE-C,2026-07-04T08:40:00,50.2274,1
MCH0007,LINE-C,2026-07-04T09:20:00,50.1415,1
MCH0007,LINE-C,2026-07-04T10:00:00,50.1135,1
MCH0007,LINE-C,2026-07-04T10:40:00,50.1217,1
MCH0007,LINE-C,2026-07-04T11:20:00,50.1745,1
MCH0007,LINE-C,2026-07-04T12:00:00,50.2613,1
MCH0007,LINE-C,2026-07-04T12:40:00,50.1247,1
MCH0007,LINE-C,2026-07-04T13:20:00,50.0997,1
MCH0007,LINE-C,2026-07-04T14:00:00,50.116,1
MCH0007,LINE-C,2026-07-04T14:40:00,50.2398,1
MCH0007,LINE-C,2026-07-04T15:20:00,50.1571,1
MCH0007,LINE-C,2026-07-04T16:00:00,50.1277,1
MCH0007,LINE-C,2026-07-04T16:40:00,50.1065,1
MCH0007,LINE-C,2026-07-04T17:20:00,50.1957,1
MCH0007,LINE-C,2026-07-04T18:00:00,50.1669,1
MCH0007,LINE-C,2026-07-04T18:40:00,50.1668,1
MCH0007,LINE-C,2026-07-04T19:20:00,50.2223,1
MCH0007,LINE-C,2026-07-04T20:00:00,50.1707,1
MCH0007,LINE-C,2026-07-04T20:40:00,50.2737,1
MCH0007,LINE-C,2026-07-04T21:20:00,50.1555,1
MCH0007,LINE-C,2026-07-04T22:00:00,50.1533,1
MCH0007,LINE-C,2026-07-04T22:40:00,50.1916,1
MCH0007,LINE-C,2026-07-04T23:20:00,50.3027,0
MCH0007,LINE-C,2026-07-05T00:00:00,50.143,1
MCH0007,LINE-C,2026-07-05T00:40:00,50.2057,1
MCH0007,LINE-C,2026-07-05T01:20:00,50.1255,1
MCH0007,LINE-C,2026-07-05T02:00:00,50.1362,1
MCH0007,LINE-C,2026-07-05T02:40:00,50.1382,1
MCH0007,LINE-C,2026-07-05T03:20:00,50.233,1
MCH0007,LINE-C,2026-07-05T04:00:00,50.2462,1
MCH0007,LINE-C,2026-07-05T04:40:00,50.1805,1
MCH0007,LINE-C,2026-07-05T05:20:00,50.2969,1
MCH0007,LINE-C,2026-07-05T06:00:00,50.1224,1
MCH0007,LINE-C,2026-07-05T06:40:00,50.2435,1
MCH0007,LINE-C,2026-07-05T07:20:00,50.2226,1
MCH0007,LINE-C,2026-07-05T08:00:00,50.1615,1
MCH0007,LINE-C,2026-07-05T08:40:00,50.1886,1
MCH0007,LINE-C,2026-07-05T09:20:00,50.1038,1
MCH0007,LINE-C,2026-07-05T10:00:00,50.29,1
MCH0007,LINE-C,2026-07-05T10:40:00,50.1854,1
MCH0007,LINE-C,2026-07-05T11:20:00,50.1475,1
MCH0007,LINE-C,2026-07-05T12:00:00,50.2477,1
MCH0007,LINE-C,2026-07-05T12:40:00,50.1742,1
MCH0007,LINE-C,2026-07-05T13:20:00,50.1723,1
MCH0007,LINE-C,2026-07-05T14:00:00,50.2776,1
MCH0007,LINE-C,2026-07-05T14:40:00,50.1716,1
MCH0007,LINE-C,2026-07-05T15:20:00,50.1515,1
MCH0007,LINE-C,2026-07-05T16:00:00,50.1801,1
MCH0007,LINE-C,2026-07-05T16:40:00,50.246,1
MCH0007,LINE-C,2026-07-05T17:20:00,50.1981,1
MCH0007,LINE-C,2026-07-05T18:00:00,50.2164,1
MCH0007,LINE-C,2026-07-05T18:40:00,50.2238,1
MCH0007,LINE-C,2026-07-05T19:20:00,50.2091,1
MCH0007,LINE-C,2026-07-05T20:00:00,50.2827,1
MCH0007,LINE-C,2026-07-05T20:40:00,50.2971,1
MCH0007,LINE-C,2026-07-05T21:20:00,50.1802,1
MCH0007,LINE-C,2026-07-05T22:00:00,50.2759,1
MCH0007,LINE-C,2026-07-05T22:40:00,50.3567,0
MCH0007,LINE-C,2026-07-05T23:20:00,50.2903,1
MCH0007,LINE-C,2026-07-06T00:00:00,50.2233,1
MCH0007,LINE-C,2026-07-06T00:40:00,50.2447,1
MCH0007,LINE-C,2026-07-06T01:20:00,50.2339,1
MCH0007,LINE-C,2026-07-06T02:00:00,50.2444,1
MCH0007,LINE-C,2026-07-06T02:40:00,50.3112,0
MCH0007,LINE-C,2026-07-06T03:20:00,50.2608,1
MCH0007,LINE-C,2026-07-06T04:00:00,50.3048,0
MCH0007,LINE-C,2026-07-06T04:40:00,50.2988,1
MCH0007,LINE-C,2026-07-06T05:20:00,50.1978,1
MCH0007,LINE-C,2026-07-06T06:00:00,50.2315,1
MCH0007,LINE-C,2026-07-06T06:40:00,50.3222,0
MCH0007,LINE-C,2026-07-06T07:20:00,50.3268,0
MCH0007,LINE-C,2026-07-06T08:00:00,50.2805,1
MCH0007,LINE-C,2026-07-06T08:40:00,50.2208,1
MCH0007,LINE-C,2026-07-06T09:20:00,50.2127,1
MCH0007,LINE-C,2026-07-06T10:00:00,50.2846,1
MCH0007,LINE-C,2026-07-06T10:40:00,50.2685,1
MCH0007,LINE-C,2026-07-06T11:20:00,50.1998,1
MCH0007,LINE-C,2026-07-06T12:00:00,50.2913,1
MCH0007,LINE-C,2026-07-06T12:40:00,50.253,1
MCH0007,LINE-C,2026-07-06T13:20:00,50.2673,1
MCH0007,LINE-C,2026-07-06T14:00:00,50.2523,1
MCH0007,LINE-C,2026-07-06T14:40:00,50.2493,1
MCH0007,LINE-C,2026-07-06T15:20:00,50.3182,0
MCH0007,LINE-C,2026-07-06T16:00:00,50.2295,1
MCH0007,LINE-C,2026-07-06T16:40:00,50.2224,1
MCH0007,LINE-C,2026-07-06T17:20:00,50.4402,0
MCH0007,LINE-C,2026-07-06T18:00:00,50.2571,1
MCH0007,LINE-C,2026-07-06T18:40:00,50.347,0
MCH0007,LINE-C,2026-07-06T19:20:00,50.2204,1
MCH0007,LINE-C,2026-07-06T20:00:00,50.3052,0
MCH0007,LINE-C,2026-07-06T20:40:00,50.2876,1
MCH0007,LINE-C,2026-07-06T21:20:00,50.2505,1
MCH0007,LINE-C,2026-07-06T22:00:00,50.2069,1
MCH0007,LINE-C,2026-07-06T22:40:00,50.2166,1
MCH0007,LINE-C,2026-07-06T23:20:00,50.2853,1
MCH0007,LINE-C,2026-07-07T00:00:00,50.4062,0
MCH0007,LINE-C,2026-07-07T00:40:00,50.2348,1
MCH0007,LINE-C,2026-07-07T01:20:00,50.2755,1
MCH0007,LINE-C,2026-07-07T02:00:00,50.2487,1
MCH0007,LINE-C,2026-07-07T02:40:00,50.2028,1
MCH0007,LINE-C,2026-07-07T03:20:00,50.2151,1
MCH0007,LINE-C,2026-07-07T04:00:00,50.3192,0
MCH0007,LINE-C,2026-07-07T04:40:00,50.3047,0
MCH0007,LINE-C,2026-07-07T05:20:00,50.333,0
MCH0007,LINE-C,2026-07-07T06:00:00,50.2748,1
MCH0007,LINE-C,2026-07-07T06:40:00,50.3012,0
MCH0007,LINE-C,2026-07-07T07:20:00,50.3033,0
MCH0007,LINE-C,2026-07-07T08:00:00,50.2286,1
MCH0007,LINE-C,2026-07-07T08:40:00,50.2652,1
MCH0007,LINE-C,2026-07-07T09:20:00,50.3396,0
MCH0007,LINE-C,2026-07-07T10:00:00,50.3096,0
MCH0007,LINE-C,2026-07-07T10:40:00,50.234,1
MCH0007,LINE-C,2026-07-07T11:20:00,50.4097,0
MCH0007,LINE-C,2026-07-07T12:00:00,50.3525,0
MCH0007,LINE-C,2026-07-07T12:40:00,50.3618,0
MCH0007,LINE-C,2026-07-07T13:20:00,50.3657,0
MCH0007,LINE-C,2026-07-07T14:00:00,50.3994,0
MCH0007,LINE-C,2026-07-07T14:40:00,50.4034,0
MCH0007,LINE-C,2026-07-07T15:20:00,50.3561,0
MCH0007,LINE-C,2026-07-07T16:00:00,50.2987,1
MCH0007,LINE-C,2026-07-07T16:40:00,50.335,0
MCH0007,LINE-C,2026-07-07T17:20:00,50.3336,0
MCH0007,LINE-C,2026-07-07T18:00:00,50.2801,1
MCH0007,LINE-C,2026-07-07T18:40:00,50.3293,0
MCH0007,LINE-C,2026-07-07T19:20:00,50.294,1
MCH0007,LINE-C,2026-07-07T20:00:00,50.3694,0
MCH0007,LINE-C,2026-07-07T20:40:00,50.3667,0
MCH0007,LINE-C,2026-07-07T21:20:00,50.3586,0
MCH0007,LINE-C,2026-07-07T22:00:00,50.3096,0
MCH0007,LINE-C,2026-07-07T22:40:00,50.2979,1
MCH0007,LINE-C,2026-07-07T23:20:00,50.3178,0
MCH0007,LINE-C,2026-07-08T00:00:00,50.4306,0
MCH0007,LINE-C,2026-07-08T00:40:00,50.29,1
MCH0007,LINE-C,2026-07-08T01:20:00,50.339,0
MCH0007,LINE-C,2026-07-08T02:00:00,50.3774,0
MCH0007,LINE-C,2026-07-08T02:40:00,50.2785,1
MCH0007,LINE-C,2026-07-08T03:20:00,50.3544,0
MCH0007,LINE-C,2026-07-08T04:00:00,50.3904,0
MCH0007,LINE-C,2026-07-08T04:40:00,50.3309,0
MCH0007,LINE-C,2026-07-08T05:20:00,50.35,0
MCH0007,LINE-C,2026-07-08T06:00:00,50.3735,0
MCH0007,LINE-C,2026-07-08T06:40:00,50.3545,0
MCH0007,LINE-C,2026-07-08T07:20:00,50.3377,0
MCH0007,LINE-C,2026-07-08T08:00:00,50.4024,0
MCH0007,LINE-C,2026-07-08T08:40:00,50.3417,0
MCH0007,LINE-C,2026-07-08T09:20:00,50.314,0
MCH0007,LINE-C,2026-07-08T10:00:00,50.3466,0
MCH0007,LINE-C,2026-07-08T10:40:00,50.4021,0
MCH0007,LINE-C,2026-07-08T11:20:00,50.4645,0
MCH0007,LINE-C,2026-07-08T12:00:00,50.4016,0
MCH0007,LINE-C,2026-07-08T12:40:00,50.4014,0
MCH0007,LINE-C,2026-07-08T13:20:00,50.5003,0
MCH0007,LINE-C,2026-07-08T14:00:00,50.3174,0
MCH0007,LINE-C,2026-07-08T14:40:00,50.3562,0
MCH0007,LINE-C,2026-07-08T15:20:00,50.4167,0
MCH0007,LINE-C,2026-07-08T16:00:00,50.3131,0
MCH0007,LINE-C,2026-07-08T16:40:00,50.3512,0
MCH0007,LINE-C,2026-07-08T17:20:00,50.3961,0
MCH0007,LINE-C,2026-07-08T18:00:00,50.4492,0
MCH0007,LINE-C,2026-07-08T18:40:00,50.4093,0
MCH0007,LINE-C,2026-07-08T19:20:00,50.3047,0
MCH0007,LINE-C,2026-07-08T20:00:00,50.4001,0
MCH0007,LINE-C,2026-07-08T20:40:00,50.3439,0
MCH0007,LINE-C,2026-07-08T21:20:00,50.3752,0
MCH0007,LINE-C,2026-07-08T22:00:00,50.4849,0
MCH0007,LINE-C,2026-07-08T22:40:00,50.3908,0
MCH0007,LINE-C,2026-07-08T23:20:00,50.4677,0
MCH0007,LINE-C,2026-07-09T00:00:00,50.4517,0
MCH0007,LINE-C,2026-07-09T00:40:00,50.4358,0
MCH0007,LINE-C,2026-07-09T01:20:00,50.4119,0
MCH0007,LINE-C,2026-07-09T02:00:00,50.4078,0
MCH0007,LINE-C,2026-07-09T02:40:00,50.293,1
MCH0007,LINE-C,2026-07-09T03:20:00,50.3932,0
MCH0007,LINE-C,2026-07-09T04:00:00,50.4535,0
MCH0007,LINE-C,2026-07-09T04:40:00,50.4187,0
MCH0007,LINE-C,2026-07-09T05:20:00,50.3755,0
MCH0007,LINE-C,2026-07-09T06:00:00,50.4015,0
MCH0007,LINE-C,2026-07-09T06:40:00,50.4114,0
MCH0007,LINE-C,2026-07-09T07:20:00,50.4505,0
MCH0007,LINE-C,2026-07-09T08:00:00,50.4602,0
MCH0007,LINE-C,2026-07-09T08:40:00,50.4046,0
MCH0007,LINE-C,2026-07-09T09:20:00,50.3829,0
MCH0007,LINE-C,2026-07-09T10:00:00,50.5061,0
MCH0007,LINE-C,2026-07-09T10:40:00,50.4912,0
MCH0007,LINE-C,2026-07-09T11:20:00,50.4089,0
MCH0007,LINE-C,2026-07-09T12:00:00,50.3738,0
MCH0007,LINE-C,2026-07-09T12:40:00,50.4091,0
MCH0007,LINE-C,2026-07-09T13:20:00,50.4506,0
MCH0007,LINE-C,2026-07-09T14:00:00,50.4402,0
MCH0007,LINE-C,2026-07-09T14:40:00,50.3623,0
MCH0007,LINE-C,2026-07-09T15:20:00,50.4991,0
MCH0007,LINE-C,2026-07-09T16:00:00,50.4246,0
MCH0007,LINE-C,2026-07-09T16:40:00,50.3869,0
MCH0007,LINE-C,2026-07-09T17:20:00,50.4183,0
MCH0007,LINE-C,2026-07-09T18:00:00,50.4374,0
MCH0007,LINE-C,2026-07-09T18:40:00,50.3925,0
MCH0007,LINE-C,2026-07-09T19:20:00,50.4897,0
MCH0007,LINE-C,2026-07-09T20:00:00,50.4357,0
MCH0007,LINE-C,2026-07-09T20:40:00,50.3421,0
MCH0007,LINE-C,2026-07-09T21:20:00,50.4354,0
MCH0007,LINE-C,2026-07-09T22:00:00,50.3858,0
MCH0007,LINE-C,2026-07-09T22:40:00,50.5331,0
MCH0007,LINE-C,2026-07-09T23:20:00,50.4601,0
MCH0007,LINE-C,2026-07-10T00:00:00,50.4809,0
MCH0007,LINE-C,2026-07-10T00:40:00,50.4868,0
MCH0007,LINE-C,2026-07-10T01:20:00,50.416,0
MCH0007,LINE-C,2026-07-10T02:00:00,50.466,0
MCH0007,LINE-C,2026-07-10T02:40:00,50.4151,0
MCH0007,LINE-C,2026-07-10T03:20:00,50.4442,0
MCH0007,LINE-C,2026-07-10T04:00:00,50.4269,0
MCH0007,LINE-C,2026-07-10T04:40:00,50.4525,0
MCH0007,LINE-C,2026-07-10T05:20:00,50.4798,0
MCH0007,LINE-C,2026-07-10T06:00:00,50.3979,0
MCH0007,LINE-C,2026-07-10T06:40:00,50.4719,0
MCH0007,LINE-C,2026-07-10T07:20:00,50.4776,0
MCH0007,LINE-C,2026-07-10T08:00:00,50.4573,0
MCH0007,LINE-C,2026-07-10T08:40:00,50.4482,0
MCH0007,LINE-C,2026-07-10T09:20:00,50.5159,0
MCH0007,LINE-C,2026-07-10T10:00:00,50.4713,0
MCH0007,LINE-C,2026-07-10T10:40:00,50.4604,0
MCH0007,LINE-C,2026-07-10T11:20:00,50.4402,0
MCH0007,LINE-C,2026-07-10T12:00:00,50.5346,0
MCH0007,LINE-C,2026-07-10T12:40:00,50.5401,0
MCH0007,LINE-C,2026-07-10T13:20:00,50.4159,0
MCH0007,LINE-C,2026-07-10T14:00:00,50.5296,0
MCH0007,LINE-C,2026-07-10T14:40:00,50.4288,0
MCH0007,LINE-C,2026-07-10T15:20:00,50.4595,0
MCH0007,LINE-C,2026-07-10T16:00:00,50.4614,0
MCH0007,LINE-C,2026-07-10T16:40:00,50.536,0
MCH0007,LINE-C,2026-07-10T17:20:00,50.5441,0
MCH0007,LINE-C,2026-07-10T18:00:00,50.4488,0
MCH0007,LINE-C,2026-07-10T18:40:00,50.4852,0
MCH0007,LINE-C,2026-07-10T19:20:00,50.4623,0
MCH0007,LINE-C,2026-07-10T20:00:00,50.4226,0
MCH0007,LINE-C,2026-07-10T20:40:00,50.4721,0
MCH0007,LINE-C,2026-07-10T21:20:00,50.5439,0
MCH0007,LINE-C,2026-07-10T22:00:00,50.4886,0
MCH0007,LINE-C,2026-07-10T22:40:00,50.4701,0
MCH0007,LINE-C,2026-07-10T23:20:00,50.5006,0
MCH0007,LINE-C,2026-07-11T00:00:00,50.4458,0
MCH0007,LINE-C,2026-07-11T00:40:00,50.5334,0
MCH0007,LINE-C,2026-07-11T01:20:00,50.556,0
MCH0007,LINE-C,2026-07-11T02:00:00,50.5672,0
MCH0007,LINE-C,2026-07-11T02:40:00,50.514,0
MCH0007,LINE-C,2026-07-11T03:20:00,50.5641,0
MCH0007,LINE-C,2026-07-11T04:00:00,50.4721,0
MCH0007,LINE-C,2026-07-11T04:40:00,50.5246,0
MCH0007,LINE-C,2026-07-11T05:20:00,50.4916,0
MCH0007,LINE-C,2026-07-11T06:00:00,50.5209,0
MCH0007,LINE-C,2026-07-11T06:40:00,50.5449,0
MCH0007,LINE-C,2026-07-11T07:20:00,50.4754,0
MCH0007,LINE-C,2026-07-11T08:00:00,50.5217,0
MCH0007,LINE-C,2026-07-11T08:40:00,50.5439,0
MCH0007,LINE-C,2026-07-11T09:20:00,50.4453,0
MCH0007,LINE-C,2026-07-11T10:00:00,50.5375,0
MCH0007,LINE-C,2026-07-11T10:40:00,50.5284,0
MCH0007,LINE-C,2026-07-11T11:20:00,50.5408,0
MCH0007,LINE-C,2026-07-11T12:00:00,50.5379,0
MCH0007,LINE-C,2026-07-11T12:40:00,50.5392,0
MCH0007,LINE-C,2026-07-11T13:20:00,50.5186,0
MCH0007,LINE-C,2026-07-11T14:00:00,50.4747,0
MCH0007,LINE-C,2026-07-11T14:40:00,50.5787,0
MCH0007,LINE-C,2026-07-11T15:20:00,50.4621,0
MCH0007,LINE-C,2026-07-11T16:00:00,50.6118,0
MCH0007,LINE-C,2026-07-11T16:40:00,50.5174,0
MCH0007,LINE-C,2026-07-11T17:20:00,50.5614,0
MCH0007,LINE-C,2026-07-11T18:00:00,50.4987,0
MCH0007,LINE-C,2026-07-11T18:40:00,50.508,0
MCH0007,LINE-C,2026-07-11T19:20:00,50.5724,0
MCH0007,LINE-C,2026-07-11T20:00:00,50.6115,0
MCH0007,LINE-C,2026-07-11T20:40:00,50.508,0
MCH0007,LINE-C,2026-07-11T21:20:00,50.5068,0
MCH0007,LINE-C,2026-07-11T22:00:00,50.5412,0
MCH0007,LINE-C,2026-07-11T22:40:00,50.5346,0
MCH0007,LINE-C,2026-07-11T23:20:00,50.565,0
MCH0007,LINE-C,2026-07-12T00:00:00,50.5569,0
MCH0007,LINE-C,2026-07-12T00:40:00,50.5517,0
MCH0007,LINE-C,2026-07-12T01:20:00,50.5977,0
MCH0007,LINE-C,2026-07-12T02:00:00,50.582,0
MCH0007,LINE-C,2026-07-12T02:40:00,50.5471,0
MCH0007,LINE-C,2026-07-12T03:20:00,50.5214,0
MCH0007,LINE-C,2026-07-12T04:00:00,50.5809,0
MCH0007,LINE-C,2026-07-12T04:40:00,50.5266,0
MCH0007,LINE-C,2026-07-12T05:20:00,50.6102,0
MCH0007,LINE-C,2026-07-12T06:00:00,50.5059,0
MCH0007,LINE-C,2026-07-12T06:40:00,50.5303,0
MCH0007,LINE-C,2026-07-12T07:20:00,50.4898,0
MCH0007,LINE-C,2026-07-12T08:00:00,50.4928,0
MCH0007,LINE-C,2026-07-12T08:40:00,50.6088,0
MCH0007,LINE-C,2026-07-12T09:20:00,50.5987,0
MCH0007,LINE-C,2026-07-12T10:00:00,50.5963,0
MCH0007,LINE-C,2026-07-12T10:40:00,50.6017,0
MCH0007,LINE-C,2026-07-12T11:20:00,50.6077,0
MCH0007,LINE-C,2026-07-12T12:00:00,50.5084,0
MCH0007,LINE-C,2026-07-12T12:40:00,50.6172,0
MCH0007,LINE-C,2026-07-12T13:20:00,50.6004,0
MCH0007,LINE-C,2026-07-12T14:00:00,50.5654,0
MCH0007,LINE-C,2026-07-12T14:40:00,50.5519,0
MCH0007,LINE-C,2026-07-12T15:20:00,50.5632,0
MCH0007,LINE-C,2026-07-12T16:00:00,50.5466,0
MCH0007,LINE-C,2026-07-12T16:40:00,50.562,0
MCH0007,LINE-C,2026-07-12T17:20:00,50.6116,0
MCH0007,LINE-C,2026-07-12T18:00:00,50.6143,0
MCH0007,LINE-C,2026-07-12T18:40:00,50.5889,0
MCH0007,LINE-C,2026-07-12T19:20:00,50.5285,0
MCH0007,LINE-C,2026-07-12T20:00:00,50.695,0
MCH0007,LINE-C,2026-07-12T20:40:00,50.5703,0
MCH0007,LINE-C,2026-07-12T21:20:00,50.6194,0
MCH0007,LINE-C,2026-07-12T22:00:00,50.6204,0
MCH0007,LINE-C,2026-07-12T22:40:00,50.5357,0
MCH0007,LINE-C,2026-07-12T23:20:00,50.5647,0
MCH0007,LINE-C,2026-07-13T00:00:00,50.5996,0
MCH0007,LINE-C,2026-07-13T00:40:00,50.5909,0
MCH0007,LINE-C,2026-07-13T01:20:00,50.5955,0
MCH0007,LINE-C,2026-07-13T02:00:00,50.5409,0
MCH0007,LINE-C,2026-07-13T02:40:00,50.016,1
MCH0007,LINE-C,2026-07-13T03:20:00,50.0803,1
MCH0007,LINE-C,2026-07-13T04:00:00,50.0276,1
MCH0007,LINE-C,2026-07-13T04:40:00,50.0131,1
MCH0007,LINE-C,2026-07-13T05:20:00,50.0484,1
MCH0007,LINE-C,2026-07-13T06:00:00,49.992,1
MCH0007,LINE-C,2026-07-13T06:40:00,50.0336,1
MCH0007,LINE-C,2026-07-13T07:20:00,50.0859,1
MCH0007,LINE-C,2026-07-13T08:00:00,50.0998,1
MCH0007,LINE-C,2026-07-13T08:40:00,50.1155,1
MCH0007,LINE-C,2026-07-13T09:20:00,49.9787,1
MCH0007,LINE-C,2026-07-13T10:00:00,50.0963,1
MCH0007,LINE-C,2026-07-13T10:40:00,49.9733,1
MCH0007,LINE-C,2026-07-13T11:20:00,50.0404,1
MCH0007,LINE-C,2026-07-13T12:00:00,50.0954,1
MCH0007,LINE-C,2026-07-13T12:40:00,50.0504,1
MCH0007,LINE-C,2026-07-13T13:20:00,50.085,1
MCH0007,LINE-C,2026-07-13T14:00:00,50.0273,1
MCH0007,LINE-C,2026-07-13T14:40:00,50.0465,1
MCH0007,LINE-C,2026-07-13T15:20:00,50.0759,1
MCH0007,LINE-C,2026-07-13T16:00:00,49.9379,1
MCH0007,LINE-C,2026-07-13T16:40:00,49.9989,1
MCH0007,LINE-C,2026-07-13T17:20:00,50.0296,1
MCH0007,LINE-C,2026-07-13T18:00:00,50.0455,1
MCH0007,LINE-C,2026-07-13T18:40:00,50.0213,1
MCH0007,LINE-C,2026-07-13T19:20:00,50.0385,1
MCH0007,LINE-C,2026-07-13T20:00:00,50.0915,1
MCH0007,LINE-C,2026-07-13T20:40:00,50.079,1
MCH0007,LINE-C,2026-07-13T21:20:00,49.9988,1
MCH0007,LINE-C,2026-07-13T22:00:00,50.1415,1
MCH0007,LINE-C,2026-07-13T22:40:00,50.0945,1
MCH0007,LINE-C,2026-07-13T23:20:00,50.0142,1
MCH0007,LINE-C,2026-07-14T00:00:00,50.0164,1
MCH0007,LINE-C,2026-07-14T00:40:00,50.0645,1
MCH0007,LINE-C,2026-07-14T01:20:00,50.1045,1
MCH0007,LINE-C,2026-07-14T02:00:00,50.1214,1
MCH0007,LINE-C,2026-07-14T02:40:00,50.0523,1
MCH0007,LINE-C,2026-07-14T03:20:00,49.9926,1
MCH0007,LINE-C,2026-07-14T04:00:00,50.0147,1
MCH0007,LINE-C,2026-07-14T04:40:00,50.1063,1
MCH0007,LINE-C,2026-07-14T05:20:00,50.0219,1
MCH0007,LINE-C,2026-07-14T06:00:00,49.9478,1
MCH0007,LINE-C,2026-07-14T06:40:00,50.0041,1
MCH0007,LINE-C,2026-07-14T07:20:00,50.0956,1
MCH0007,LINE-C,2026-07-14T08:00:00,50.0657,1
MCH0007,LINE-C,2026-07-14T08:40:00,50.0691,1
MCH0007,LINE-C,2026-07-14T09:20:00,50.0675,1
MCH0007,LINE-C,2026-07-14T10:00:00,50.0654,1
MCH0007,LINE-C,2026-07-14T10:40:00,50.0497,1
MCH0007,LINE-C,2026-07-14T11:20:00,50.0022,1
MCH0007,LINE-C,2026-07-14T12:00:00,50.0959,1
MCH0007,LINE-C,2026-07-14T12:40:00,50.0651,1
MCH0007,LINE-C,2026-07-14T13:20:00,50.0868,1
MCH0007,LINE-C,2026-07-14T14:00:00,50.202,1
MCH0007,LINE-C,2026-07-14T14:40:00,50.0477,1
MCH0007,LINE-C,2026-07-14T15:20:00,50.1142,1
MCH0007,LINE-C,2026-07-14T16:00:00,50.184,1
MCH0007,LINE-C,2026-07-14T16:40:00,50.0753,1
MCH0007,LINE-C,2026-07-14T17:20:00,49.9976,1
MCH0007,LINE-C,2026-07-14T18:00:00,50.0994,1
MCH0007,LINE-C,2026-07-14T18:40:00,50.0129,1
MCH0007,LINE-C,2026-07-14T19:20:00,50.0816,1
MCH0007,LINE-C,2026-07-14T20:00:00,50.1034,1
MCH0007,LINE-C,2026-07-14T20:40:00,50.0926,1
MCH0007,LINE-C,2026-07-14T21:20:00,50.0724,1
MCH0007,LINE-C,2026-07-14T22:00:00,50.0278,1
MCH0007,LINE-C,2026-07-14T22:40:00,50.0329,1
MCH0007,LINE-C,2026-07-14T23:20:00,50.0301,1
MCH0007,LINE-C,2026-07-15T00:00:00,50.0532,1
MCH0007,LINE-C,2026-07-15T00:40:00,50.0701,1
MCH0007,LINE-C,2026-07-15T01:20:00,50.1539,1
MCH0007,LINE-C,2026-07-15T02:00:00,50.085,1
MCH0007,LINE-C,2026-07-15T02:40:00,50.2374,1
MCH0007,LINE-C,2026-07-15T03:20:00,50.0374,1
MCH0007,LINE-C,2026-07-15T04:00:00,50.1683,1
MCH0007,LINE-C,2026-07-15T04:40:00,50.0862,1
MCH0007,LINE-C,2026-07-15T05:20:00,50.1104,1
MCH0007,LINE-C,2026-07-15T06:00:00,50.1466,1
MCH0007,LINE-C,2026-07-15T06:40:00,50.0913,1
MCH0007,LINE-C,2026-07-15T07:20:00,49.9951,1
MCH0007,LINE-C,2026-07-15T08:00:00,50.1205,1
MCH0007,LINE-C,2026-07-15T08:40:00,50.1273,1
MCH0007,LINE-C,2026-07-15T09:20:00,50.1225,1
MCH0007,LINE-C,2026-07-15T10:00:00,50.0444,1
MCH0007,LINE-C,2026-07-15T10:40:00,50.0478,1
MCH0007,LINE-C,2026-07-15T11:20:00,50.1094,1
MCH0007,LINE-C,2026-07-15T12:00:00,50.1688,1
MCH0007,LINE-C,2026-07-15T12:40:00,50.0648,1
MCH0007,LINE-C,2026-07-15T13:20:00,50.148,1
MCH0007,LINE-C,2026-07-15T14:00:00,50.1236,1
MCH0007,LINE-C,2026-07-15T14:40:00,50.1211,1
MCH0007,LINE-C,2026-07-15T15:20:00,50.0569,1
MCH0007,LINE-C,2026-07-15T16:00:00,50.0903,1
MCH0007,LINE-C,2026-07-15T16:40:00,50.0698,1
MCH0007,LINE-C,2026-07-15T17:20:00,50.0268,1
MCH0007,LINE-C,2026-07-15T18:00:00,50.072,1
MCH0007,LINE-C,2026-07-15T18:40:00,50.1418,1
MCH0007,LINE-C,2026-07-15T19:20:00,50.0997,1
MCH0007,LINE-C,2026-07-15T20:00:00,50.1071,1
MCH0007,LINE-C,2026-07-15T20:40:00,50.0271,1
MCH0007,LINE-C,2026-07-15T21:20:00,50.0827,1
MCH0007,LINE-C,2026-07-15T22:00:00,50.1141,1
MCH0007,LINE-C,2026-07-15T22:40:00,50.1618,1
MCH0007,LINE-C,2026-07-15T23:20:00,50.1359,1
MCH0007,LINE-C,2026-07-16T00:00:00,50.1889,1
MCH0007,LINE-C,2026-07-16T00:40:00,50.0643,1
MCH0007,LINE-C,2026-07-16T01:20:00,50.1055,1
MCH0007,LINE-C,2026-07-16T02:00:00,50.1708,1
MCH0007,LINE-C,2026-07-16T02:40:00,50.1312,1
MCH0007,LINE-C,2026-07-16T03:20:00,50.1178,1
MCH0007,LINE-C,2026-07-16T04:00:00,50.0552,1
MCH0007,LINE-C,2026-07-16T04:40:00,50.1077,1
MCH0007,LINE-C,2026-07-16T05:20:00,50.1271,1
MCH0007,LINE-C,2026-07-16T06:00:00,50.0531,1
MCH0007,LINE-C,2026-07-16T06:40:00,50.0553,1
MCH0007,LINE-C,2026-07-16T07:20:00,50.0998,1
MCH0007,LINE-C,2026-07-16T08:00:00,50.1239,1
MCH0007,LINE-C,2026-07-16T08:40:00,50.1295,1
MCH0007,LINE-C,2026-07-16T09:20:00,50.0237,1
MCH0007,LINE-C,2026-07-16T10:00:00,50.1149,1
MCH0007,LINE-C,2026-07-16T10:40:00,50.1298,1
MCH0007,LINE-C,2026-07-16T11:20:00,50.0175,1
MCH0007,LINE-C,2026-07-16T12:00:00,50.1047,1
MCH0007,LINE-C,2026-07-16T12:40:00,50.1313,1
MCH0007,LINE-C,2026-07-16T13:20:00,50.1138,1
MCH0007,LINE-C,2026-07-16T14:00:00,50.1104,1
MCH0007,LINE-C,2026-07-16T14:40:00,50.0892,1
MCH0007,LINE-C,2026-07-16T15:20:00,50.1497,1
MCH0007,LINE-C,2026-07-16T16:00:00,50.0794,1
MCH0007,LINE-C,2026-07-16T16:40:00,50.204,1
MCH0007,LINE-C,2026-07-16T17:20:00,50.0803,1
MCH0007,LINE-C,2026-07-16T18:00:00,50.1271,1
MCH0007,LINE-C,2026-07-16T18:40:00,50.1924,1
MCH0007,LINE-C,2026-07-16T19:20:00,50.233,1
MCH0007,LINE-C,2026-07-16T20:00:00,50.1332,1
MCH0007,LINE-C,2026-07-16T20:40:00,50.1727,1
MCH0007,LINE-C,2026-07-16T21:20:00,50.1929,1
MCH0007,LINE-C,2026-07-16T22:00:00,50.0967,1
MCH0007,LINE-C,2026-07-16T22:40:00,50.1006,1
MCH0007,LINE-C,2026-07-16T23:20:00,50.0773,1
MCH0007,LINE-C,2026-07-17T00:00:00,50.2194,1
MCH0007,LINE-C,2026-07-17T00:40:00,50.1857,1
MCH0007,LINE-C,2026-07-17T01:20:00,50.1068,1
MCH0007,LINE-C,2026-07-17T02:00:00,50.1913,1
MCH0007,LINE-C,2026-07-17T02:40:00,50.0876,1
MCH0007,LINE-C,2026-07-17T03:20:00,50.186,1
MCH0007,LINE-C,2026-07-17T04:00:00,50.1458,1
MCH0007,LINE-C,2026-07-17T04:40:00,50.2008,1
MCH0007,LINE-C,2026-07-17T05:20:00,50.1494,1
MCH0007,LINE-C,2026-07-17T06:00:00,50.0889,1
MCH0007,LINE-C,2026-07-17T06:40:00,50.1638,1
MCH0007,LINE-C,2026-07-17T07:20:00,50.1297,1
MCH0007,LINE-C,2026-07-17T08:00:00,50.1613,1
MCH0007,LINE-C,2026-07-17T08:40:00,50.1334,1
MCH0007,LINE-C,2026-07-17T09:20:00,50.1272,1
MCH0007,LINE-C,2026-07-17T10:00:00,50.1245,1
MCH0007,LINE-C,2026-07-17T10:40:00,50.1635,1
MCH0007,LINE-C,2026-07-17T11:20:00,50.1719,1
MCH0007,LINE-C,2026-07-17T12:00:00,50.1946,1
MCH0007,LINE-C,2026-07-17T12:40:00,50.1121,1
MCH0007,LINE-C,2026-07-17T13:20:00,50.1351,1
MCH0007,LINE-C,2026-07-17T14:00:00,50.1437,1
MCH0007,LINE-C,2026-07-17T14:40:00,50.2178,1
MCH0007,LINE-C,2026-07-17T15:20:00,50.1918,1
MCH0007,LINE-C,2026-07-17T16:00:00,50.1921,1
MCH0007,LINE-C,2026-07-17T16:40:00,50.0937,1
MCH0007,LINE-C,2026-07-17T17:20:00,50.157,1
MCH0007,LINE-C,2026-07-17T18:00:00,50.2282,1
MCH0007,LINE-C,2026-07-17T18:40:00,50.2434,1
MCH0007,LINE-C,2026-07-17T19:20:00,50.1792,1
MCH0007,LINE-C,2026-07-17T20:00:00,50.1967,1
MCH0007,LINE-C,2026-07-17T20:40:00,50.1799,1
MCH0007,LINE-C,2026-07-17T21:20:00,50.1269,1
MCH0007,LINE-C,2026-07-17T22:00:00,50.1404,1
MCH0007,LINE-C,2026-07-17T22:40:00,50.1258,1
MCH0007,LINE-C,2026-07-17T23:20:00,50.13,1
MCH0007,LINE-C,2026-07-18T00:00:00,50.162,1
MCH0007,LINE-C,2026-07-18T00:40:00,50.131,1
MCH0007,LINE-C,2026-07-18T01:20:00,50.0971,1
MCH0007,LINE-C,2026-07-18T02:00:00,50.1744,1
MCH0007,LINE-C,2026-07-18T02:40:00,50.2156,1
MCH0007,LINE-C,2026-07-18T03:20:00,50.1899,1
MCH0007,LINE-C,2026-07-18T04:00:00,50.2169,1
MCH0007,LINE-C,2026-07-18T04:40:00,50.1657,1
MCH0007,LINE-C,2026-07-18T05:20:00,50.2695,1
MCH0007,LINE-C,2026-07-18T06:00:00,50.1612,1
MCH0007,LINE-C,2026-07-18T06:40:00,50.271,1
MCH0007,LINE-C,2026-07-18T07:20:00,50.2303,1
MCH0007,LINE-C,2026-07-18T08:00:00,50.1951,1
MCH0007,LINE-C,2026-07-18T08:40:00,50.1615,1
MCH0007,LINE-C,2026-07-18T09:20:00,50.2156,1
MCH0007,LINE-C,2026-07-18T10:00:00,50.1692,1
MCH0007,LINE-C,2026-07-18T10:40:00,50.1684,1
MCH0007,LINE-C,2026-07-18T11:20:00,50.2339,1
MCH0007,LINE-C,2026-07-18T12:00:00,50.2054,1
MCH0007,LINE-C,2026-07-18T12:40:00,50.2769,1
MCH0007,LINE-C,2026-07-18T13:20:00,50.2208,1
MCH0007,LINE-C,2026-07-18T14:00:00,50.2549,1
MCH0007,LINE-C,2026-07-18T14:40:00,50.2761,1
MCH0007,LINE-C,2026-07-18T15:20:00,50.2187,1
MCH0007,LINE-C,2026-07-18T16:00:00,50.1887,1
MCH0007,LINE-C,2026-07-18T16:40:00,50.2762,1
MCH0007,LINE-C,2026-07-18T17:20:00,50.1532,1
MCH0007,LINE-C,2026-07-18T18:00:00,50.2009,1
MCH0007,LINE-C,2026-07-18T18:40:00,50.2446,1
MCH0007,LINE-C,2026-07-18T19:20:00,50.2536,1
MCH0007,LINE-C,2026-07-18T20:00:00,50.3048,0
MCH0007,LINE-C,2026-07-18T20:40:00,50.2355,1
MCH0007,LINE-C,2026-07-18T21:20:00,50.2597,1
MCH0007,LINE-C,2026-07-18T22:00:00,50.1582,1
MCH0007,LINE-C,2026-07-18T22:40:00,50.122,1
MCH0007,LINE-C,2026-07-18T23:20:00,50.2347,1
MCH0007,LINE-C,2026-07-19T00:00:00,50.1894,1
MCH0007,LINE-C,2026-07-19T00:40:00,50.1591,1
MCH0007,LINE-C,2026-07-19T01:20:00,50.24,1
MCH0007,LINE-C,2026-07-19T02:00:00,50.2187,1
MCH0007,LINE-C,2026-07-19T02:40:00,50.2389,1
MCH0007,LINE-C,2026-07-19T03:20:00,50.264,1
MCH0007,LINE-C,2026-07-19T04:00:00,50.2134,1
MCH0007,LINE-C,2026-07-19T04:40:00,50.2162,1
MCH0007,LINE-C,2026-07-19T05:20:00,50.2154,1
MCH0007,LINE-C,2026-07-19T06:00:00,50.122,1
MCH0007,LINE-C,2026-07-19T06:40:00,50.2437,1
MCH0007,LINE-C,2026-07-19T07:20:00,50.259,1
MCH0007,LINE-C,2026-07-19T08:00:00,50.3462,0
MCH0007,LINE-C,2026-07-19T08:40:00,50.2463,1
MCH0007,LINE-C,2026-07-19T09:20:00,50.2283,1
MCH0007,LINE-C,2026-07-19T10:00:00,50.248,1
MCH0007,LINE-C,2026-07-19T10:40:00,50.2207,1
MCH0007,LINE-C,2026-07-19T11:20:00,50.2985,1
MCH0007,LINE-C,2026-07-19T12:00:00,50.2446,1
MCH0007,LINE-C,2026-07-19T12:40:00,50.1701,1
MCH0007,LINE-C,2026-07-19T13:20:00,50.2844,1
MCH0007,LINE-C,2026-07-19T14:00:00,50.2367,1
MCH0007,LINE-C,2026-07-19T14:40:00,50.326,0
MCH0007,LINE-C,2026-07-19T15:20:00,50.2207,1
MCH0007,LINE-C,2026-07-19T16:00:00,50.2142,1
MCH0007,LINE-C,2026-07-19T16:40:00,50.269,1
MCH0007,LINE-C,2026-07-19T17:20:00,50.1701,1
MCH0007,LINE-C,2026-07-19T18:00:00,50.2924,1
MCH0007,LINE-C,2026-07-19T18:40:00,50.2655,1
MCH0007,LINE-C,2026-07-19T19:20:00,50.2555,1
MCH0007,LINE-C,2026-07-19T20:00:00,50.2534,1
MCH0007,LINE-C,2026-07-19T20:40:00,50.1896,1
MCH0007,LINE-C,2026-07-19T21:20:00,50.1898,1
MCH0007,LINE-C,2026-07-19T22:00:00,50.2268,1
MCH0007,LINE-C,2026-07-19T22:40:00,50.1857,1
MCH0007,LINE-C,2026-07-19T23:20:00,50.233,1
MCH0007,LINE-C,2026-07-20T00:00:00,50.2433,1
MCH0007,LINE-C,2026-07-20T00:40:00,50.2118,1
MCH0007,LINE-C,2026-07-20T01:20:00,50.2447,1
MCH0007,LINE-C,2026-07-20T02:00:00,50.1934,1
MCH0007,LINE-C,2026-07-20T02:40:00,50.1931,1
MCH0007,LINE-C,2026-07-20T03:20:00,50.274,1
MCH0007,LINE-C,2026-07-20T04:00:00,50.3477,0
MCH0007,LINE-C,2026-07-20T04:40:00,50.3468,0
MCH0007,LINE-C,2026-07-20T05:20:00,50.28,1
MCH0007,LINE-C,2026-07-20T06:00:00,50.1982,1
MCH0007,LINE-C,2026-07-20T06:40:00,50.2788,1
MCH0007,LINE-C,2026-07-20T07:20:00,50.2079,1
MCH0007,LINE-C,2026-07-20T08:00:00,50.2998,1
MCH0007,LINE-C,2026-07-20T08:40:00,50.2839,1
MCH0007,LINE-C,2026-07-20T09:20:00,50.2781,1
MCH0007,LINE-C,2026-07-20T10:00:00,50.2334,1
MCH0007,LINE-C,2026-07-20T10:40:00,50.1849,1
MCH0007,LINE-C,2026-07-20T11:20:00,50.2564,1
MCH0007,LINE-C,2026-07-20T12:00:00,50.2322,1
MCH0007,LINE-C,2026-07-20T12:40:00,50.2682,1
MCH0007,LINE-C,2026-07-20T13:20:00,50.2533,1
MCH0007,LINE-C,2026-07-20T14:00:00,50.3133,0
MCH0007,LINE-C,2026-07-20T14:40:00,50.2712,1
MCH0007,LINE-C,2026-07-20T15:20:00,50.2552,1
MCH0007,LINE-C,2026-07-20T16:00:00,50.2637,1
MCH0007,LINE-C,2026-07-20T16:40:00,50.2985,1
MCH0007,LINE-C,2026-07-20T17:20:00,50.2469,1
MCH0007,LINE-C,2026-07-20T18:00:00,50.2703,1
MCH0007,LINE-C,2026-07-20T18:40:00,50.2648,1
MCH0007,LINE-C,2026-07-20T19:20:00,50.19,1
MCH0007,LINE-C,2026-07-20T20:00:00,50.1698,1
MCH0007,LINE-C,2026-07-20T20:40:00,50.3035,0
MCH0007,LINE-C,2026-07-20T21:20:00,50.3415,0
MCH0007,LINE-C,2026-07-20T22:00:00,50.4174,0
MCH0007,LINE-C,2026-07-20T22:40:00,50.2967,1
MCH0007,LINE-C,2026-07-20T23:20:00,50.1967,1
MCH0007,LINE-C,2026-07-21T00:00:00,50.3037,0
MCH0007,LINE-C,2026-07-21T00:40:00,50.189,1
MCH0007,LINE-C,2026-07-21T01:20:00,50.2645,1
MCH0007,LINE-C,2026-07-21T02:00:00,50.228,1
MCH0007,LINE-C,2026-07-21T02:40:00,50.2783,1
MCH0007,LINE-C,2026-07-21T03:20:00,50.2695,1
MCH0007,LINE-C,2026-07-21T04:00:00,50.2777,1
MCH0007,LINE-C,2026-07-21T04:40:00,50.3441,0
MCH0007,LINE-C,2026-07-21T05:20:00,50.3745,0
MCH0007,LINE-C,2026-07-21T06:00:00,50.3411,0
MCH0007,LINE-C,2026-07-21T06:40:00,50.2909,1
MCH0007,LINE-C,2026-07-21T07:20:00,50.2678,1
MCH0007,LINE-C,2026-07-21T08:00:00,50.3217,0
MCH0007,LINE-C,2026-07-21T08:40:00,50.3164,0
MCH0007,LINE-C,2026-07-21T09:20:00,50.2513,1
MCH0007,LINE-C,2026-07-21T10:00:00,50.3183,0
MCH0007,LINE-C,2026-07-21T10:40:00,50.2591,1
MCH0007,LINE-C,2026-07-21T11:20:00,50.3765,0
MCH0007,LINE-C,2026-07-21T12:00:00,50.3118,0
MCH0007,LINE-C,2026-07-21T12:40:00,50.3911,0
MCH0007,LINE-C,2026-07-21T13:20:00,50.2821,1
MCH0007,LINE-C,2026-07-21T14:00:00,50.3979,0
MCH0007,LINE-C,2026-07-21T14:40:00,50.3138,0
MCH0007,LINE-C,2026-07-21T15:20:00,50.3665,0
MCH0007,LINE-C,2026-07-21T16:00:00,50.3213,0
MCH0007,LINE-C,2026-07-21T16:40:00,50.3576,0
MCH0007,LINE-C,2026-07-21T17:20:00,50.2853,1
MCH0007,LINE-C,2026-07-21T18:00:00,50.2686,1
MCH0007,LINE-C,2026-07-21T18:40:00,50.3263,0
MCH0007,LINE-C,2026-07-21T19:20:00,50.3451,0
MCH0007,LINE-C,2026-07-21T20:00:00,50.3109,0
MCH0007,LINE-C,2026-07-21T20:40:00,50.4231,0
MCH0007,LINE-C,2026-07-21T21:20:00,50.3172,0
MCH0007,LINE-C,2026-07-21T22:00:00,50.3332,0
MCH0007,LINE-C,2026-07-21T22:40:00,50.2484,1
MCH0007,LINE-C,2026-07-21T23:20:00,50.3553,0
MCH0007,LINE-C,2026-07-22T00:00:00,50.2468,1
MCH0007,LINE-C,2026-07-22T00:40:00,50.3511,0
MCH0007,LINE-C,2026-07-22T01:20:00,50.3284,0
MCH0007,LINE-C,2026-07-22T02:00:00,50.3148,0
MCH0007,LINE-C,2026-07-22T02:40:00,50.2778,1
MCH0007,LINE-C,2026-07-22T03:20:00,50.2944,1
MCH0007,LINE-C,2026-07-22T04:00:00,50.2721,1
MCH0007,LINE-C,2026-07-22T04:40:00,50.3193,0
MCH0007,LINE-C,2026-07-22T05:20:00,50.319,0
MCH0007,LINE-C,2026-07-22T06:00:00,50.3367,0
MCH0007,LINE-C,2026-07-22T06:40:00,50.3442,0
MCH0007,LINE-C,2026-07-22T07:20:00,50.2416,1
MCH0007,LINE-C,2026-07-22T08:00:00,50.43,0
MCH0007,LINE-C,2026-07-22T08:40:00,50.3317,0
MCH0007,LINE-C,2026-07-22T09:20:00,50.398,0
MCH0007,LINE-C,2026-07-22T10:00:00,50.3614,0
MCH0007,LINE-C,2026-07-22T10:40:00,50.3024,0
MCH0007,LINE-C,2026-07-22T11:20:00,50.4174,0
MCH0007,LINE-C,2026-07-22T12:00:00,50.2949,1
MCH0007,LINE-C,2026-07-22T12:40:00,50.3373,0
MCH0007,LINE-C,2026-07-22T13:20:00,50.4097,0
MCH0007,LINE-C,2026-07-22T14:00:00,50.2582,1
MCH0007,LINE-C,2026-07-22T14:40:00,50.2493,1
MCH0007,LINE-C,2026-07-22T15:20:00,50.2347,1
MCH0007,LINE-C,2026-07-22T16:00:00,50.4818,0
MCH0007,LINE-C,2026-07-22T16:40:00,50.3732,0
MCH0007,LINE-C,2026-07-22T17:20:00,50.338,0
MCH0007,LINE-C,2026-07-22T18:00:00,50.3295,0
MCH0007,LINE-C,2026-07-22T18:40:00,50.3517,0
MCH0007,LINE-C,2026-07-22T19:20:00,50.2615,1
MCH0007,LINE-C,2026-07-22T20:00:00,50.2103,1
MCH0007,LINE-C,2026-07-22T20:40:00,50.3481,0
MCH0007,LINE-C,2026-07-22T21:20:00,50.3306,0
MCH0007,LINE-C,2026-07-22T22:00:00,50.3509,0
MCH0007,LINE-C,2026-07-22T22:40:00,50.4009,0
MCH0007,LINE-C,2026-07-22T23:20:00,50.276,1
MCH0007,LINE-C,2026-07-23T00:00:00,50.3917,0
MCH0007,LINE-C,2026-07-23T00:40:00,50.3253,0
MCH0007,LINE-C,2026-07-23T01:20:00,50.3419,0
MCH0007,LINE-C,2026-07-23T02:00:00,50.3512,0
MCH0007,LINE-C,2026-07-23T02:40:00,50.3051,0
MCH0007,LINE-C,2026-07-23T03:20:00,50.3256,0
MCH0007,LINE-C,2026-07-23T04:00:00,50.4197,0
MCH0007,LINE-C,2026-07-23T04:40:00,50.3579,0
MCH0007,LINE-C,2026-07-23T05:20:00,50.3347,0
MCH0007,LINE-C,2026-07-23T06:00:00,50.3543,0
MCH0007,LINE-C,2026-07-23T06:40:00,50.3887,0
MCH0007,LINE-C,2026-07-23T07:20:00,50.307,0
MCH0007,LINE-C,2026-07-23T08:00:00,50.3597,0
MCH0007,LINE-C,2026-07-23T08:40:00,50.3223,0
MCH0007,LINE-C,2026-07-23T09:20:00,50.3149,0
MCH0007,LINE-C,2026-07-23T10:00:00,50.4476,0
MCH0007,LINE-C,2026-07-23T10:40:00,50.3307,0
MCH0007,LINE-C,2026-07-23T11:20:00,50.4144,0
MCH0007,LINE-C,2026-07-23T12:00:00,50.3767,0
MCH0007,LINE-C,2026-07-23T12:40:00,50.2917,1
MCH0007,LINE-C,2026-07-23T13:20:00,50.3365,0
MCH0007,LINE-C,2026-07-23T14:00:00,50.427,0
MCH0007,LINE-C,2026-07-23T14:40:00,50.377,0
MCH0007,LINE-C,2026-07-23T15:20:00,50.4342,0
MCH0007,LINE-C,2026-07-23T16:00:00,50.4765,0
MCH0007,LINE-C,2026-07-23T16:40:00,50.3712,0
MCH0007,LINE-C,2026-07-23T17:20:00,50.4533,0
MCH0007,LINE-C,2026-07-23T18:00:00,50.4341,0
MCH0007,LINE-C,2026-07-23T18:40:00,50.3735,0
MCH0007,LINE-C,2026-07-23T19:20:00,50.3997,0
MCH0007,LINE-C,2026-07-23T20:00:00,50.4106,0
MCH0007,LINE-C,2026-07-23T20:40:00,50.3986,0
MCH0007,LINE-C,2026-07-23T21:20:00,50.3974,0
MCH0007,LINE-C,2026-07-23T22:00:00,50.3842,0
MCH0007,LINE-C,2026-07-23T22:40:00,50.2977,1
MCH0007,LINE-C,2026-07-23T23:20:00,50.396,0
MCH0007,LINE-C,2026-07-24T00:00:00,50.4745,0
MCH0007,LINE-C,2026-07-24T00:40:00,50.4105,0
MCH0007,LINE-C,2026-07-24T01:20:00,50.4173,0
MCH0007,LINE-C,2026-07-24T02:00:00,50.4588,0
MCH0007,LINE-C,2026-07-24T02:40:00,50.3896,0
MCH0007,LINE-C,2026-07-24T03:20:00,50.3256,0
MCH0007,LINE-C,2026-07-24T04:00:00,50.4363,0
MCH0007,LINE-C,2026-07-24T04:40:00,50.3842,0
MCH0007,LINE-C,2026-07-24T05:20:00,50.4201,0
MCH0007,LINE-C,2026-07-24T06:00:00,50.3665,0
MCH0007,LINE-C,2026-07-24T06:40:00,50.38,0
MCH0007,LINE-C,2026-07-24T07:20:00,50.4305,0
MCH0007,LINE-C,2026-07-24T08:00:00,50.3045,0
MCH0007,LINE-C,2026-07-24T08:40:00,50.3951,0
MCH0007,LINE-C,2026-07-24T09:20:00,50.3521,0
MCH0007,LINE-C,2026-07-24T10:00:00,50.3904,0
MCH0007,LINE-C,2026-07-24T10:40:00,50.32,0
MCH0007,LINE-C,2026-07-24T11:20:00,50.3072,0
MCH0007,LINE-C,2026-07-24T12:00:00,50.4096,0
MCH0007,LINE-C,2026-07-24T12:40:00,50.4608,0
MCH0007,LINE-C,2026-07-24T13:20:00,50.392,0
MCH0007,LINE-C,2026-07-24T14:00:00,50.4547,0
MCH0007,LINE-C,2026-07-24T14:40:00,50.4428,0
MCH0007,LINE-C,2026-07-24T15:20:00,50.4136,0
MCH0007,LINE-C,2026-07-24T16:00:00,50.4889,0
MCH0007,LINE-C,2026-07-24T16:40:00,50.4086,0
MCH0007,LINE-C,2026-07-24T17:20:00,50.4223,0
MCH0007,LINE-C,2026-07-24T18:00:00,50.4513,0
MCH0007,LINE-C,2026-07-24T18:40:00,50.377,0
MCH0007,LINE-C,2026-07-24T19:20:00,50.3761,0
MCH0007,LINE-C,2026-07-24T20:00:00,50.4271,0
MCH0007,LINE-C,2026-07-24T20:40:00,50.4008,0
MCH0007,LINE-C,2026-07-24T21:20:00,50.4088,0
MCH0007,LINE-C,2026-07-24T22:00:00,50.2787,1
MCH0007,LINE-C,2026-07-24T22:40:00,50.4482,0
MCH0007,LINE-C,2026-07-24T23:20:00,50.4182,0
MCH0007,LINE-C,2026-07-25T00:00:00,50.3758,0
MCH0007,LINE-C,2026-07-25T00:40:00,50.4539,0
MCH0007,LINE-C,2026-07-25T01:20:00,50.443,0
MCH0007,LINE-C,2026-07-25T02:00:00,50.4018,0
MCH0007,LINE-C,2026-07-25T02:40:00,50.4695,0
MCH0007,LINE-C,2026-07-25T03:20:00,50.3131,0
MCH0007,LINE-C,2026-07-25T04:00:00,50.4468,0
MCH0007,LINE-C,2026-07-25T04:40:00,50.5238,0
MCH0007,LINE-C,2026-07-25T05:20:00,50.4081,0
MCH0007,LINE-C,2026-07-25T06:00:00,50.4946,0
MCH0007,LINE-C,2026-07-25T06:40:00,50.4569,0
MCH0007,LINE-C,2026-07-25T07:20:00,50.4634,0
MCH0007,LINE-C,2026-07-25T08:00:00,50.5088,0
MCH0007,LINE-C,2026-07-25T08:40:00,50.5043,0
MCH0007,LINE-C,2026-07-25T09:20:00,50.3824,0
MCH0007,LINE-C,2026-07-25T10:00:00,50.4758,0
MCH0007,LINE-C,2026-07-25T10:40:00,50.361,0
MCH0007,LINE-C,2026-07-25T11:20:00,50.4305,0
MCH0007,LINE-C,2026-07-25T12:00:00,50.4451,0
MCH0007,LINE-C,2026-07-25T12:40:00,50.4367,0
MCH0007,LINE-C,2026-07-25T13:20:00,50.3688,0
MCH0007,LINE-C,2026-07-25T14:00:00,50.4831,0
MCH0007,LINE-C,2026-07-25T14:40:00,50.5203,0
MCH0007,LINE-C,2026-07-25T15:20:00,50.5186,0
MCH0007,LINE-C,2026-07-25T16:00:00,50.4481,0
MCH0007,LINE-C,2026-07-25T16:40:00,50.388,0
MCH0007,LINE-C,2026-07-25T17:20:00,50.3923,0
MCH0007,LINE-C,2026-07-25T18:00:00,50.4547,0
MCH0007,LINE-C,2026-07-25T18:40:00,50.4719,0
MCH0007,LINE-C,2026-07-25T19:20:00,50.5077,0
MCH0007,LINE-C,2026-07-25T20:00:00,50.4953,0
MCH0007,LINE-C,2026-07-25T20:40:00,50.4818,0
MCH0007,LINE-C,2026-07-25T21:20:00,50.361,0
MCH0007,LINE-C,2026-07-25T22:00:00,50.4432,0
MCH0007,LINE-C,2026-07-25T22:40:00,50.4293,0
MCH0007,LINE-C,2026-07-25T23:20:00,50.428,0
MCH0007,LINE-C,2026-07-26T00:00:00,50.4737,0
MCH0007,LINE-C,2026-07-26T00:40:00,50.4411,0
MCH0007,LINE-C,2026-07-26T01:20:00,50.5331,0
MCH0007,LINE-C,2026-07-26T02:00:00,50.5005,0
MCH0007,LINE-C,2026-07-26T02:40:00,50.487,0
MCH0007,LINE-C,2026-07-26T03:20:00,50.5054,0
MCH0007,LINE-C,2026-07-26T04:00:00,50.3911,0
MCH0007,LINE-C,2026-07-26T04:40:00,50.4557,0
MCH0007,LINE-C,2026-07-26T05:20:00,50.4972,0
MCH0007,LINE-C,2026-07-26T06:00:00,50.4834,0
MCH0007,LINE-C,2026-07-26T06:40:00,50.4284,0
MCH0007,LINE-C,2026-07-26T07:20:00,50.4554,0
MCH0007,LINE-C,2026-07-26T08:00:00,50.4185,0
MCH0007,LINE-C,2026-07-26T08:40:00,50.5824,0
MCH0007,LINE-C,2026-07-26T09:20:00,50.5608,0
MCH0007,LINE-C,2026-07-26T10:00:00,50.325,0
MCH0007,LINE-C,2026-07-26T10:40:00,50.4331,0
MCH0007,LINE-C,2026-07-26T11:20:00,50.4733,0
MCH0007,LINE-C,2026-07-26T12:00:00,50.472,0
MCH0007,LINE-C,2026-07-26T12:40:00,50.4944,0
MCH0007,LINE-C,2026-07-26T13:20:00,50.4618,0
MCH0007,LINE-C,2026-07-26T14:00:00,50.4285,0
MCH0007,LINE-C,2026-07-26T14:40:00,50.5943,0
MCH0007,LINE-C,2026-07-26T15:20:00,50.5099,0
MCH0007,LINE-C,2026-07-26T16:00:00,50.4173,0
MCH0007,LINE-C,2026-07-26T16:40:00,50.5412,0
MCH0007,LINE-C,2026-07-26T17:20:00,50.5032,0
MCH0007,LINE-C,2026-07-26T18:00:00,50.5601,0
MCH0007,LINE-C,2026-07-26T18:40:00,50.4566,0
MCH0007,LINE-C,2026-07-26T19:20:00,50.4588,0
MCH0007,LINE-C,2026-07-26T20:00:00,50.4983,0
MCH0007,LINE-C,2026-07-26T20:40:00,50.5684,0
MCH0007,LINE-C,2026-07-26T21:20:00,50.5416,0
MCH0007,LINE-C,2026-07-26T22:00:00,50.5298,0
MCH0007,LINE-C,2026-07-26T22:40:00,50.4767,0
MCH0007,LINE-C,2026-07-26T23:20:00,50.5682,0
MCH0007,LINE-C,2026-07-27T00:00:00,50.5435,0
MCH0007,LINE-C,2026-07-27T00:40:00,50.5124,0
MCH0007,LINE-C,2026-07-27T01:20:00,50.4907,0
MCH0007,LINE-C,2026-07-27T02:00:00,50.4289,0
MCH0007,LINE-C,2026-07-27T02:40:00,50.4485,0
MCH0007,LINE-C,2026-07-27T03:20:00,50.4779,0
MCH0007,LINE-C,2026-07-27T04:00:00,50.4884,0
MCH0007,LINE-C,2026-07-27T04:40:00,50.4566,0
MCH0007,LINE-C,2026-07-27T05:20:00,50.4408,0
MCH0007,LINE-C,2026-07-27T06:00:00,50.4704,0
MCH0007,LINE-C,2026-07-27T06:40:00,50.4474,0
MCH0007,LINE-C,2026-07-27T07:20:00,50.4516,0
MCH0007,LINE-C,2026-07-27T08:00:00,50.4399,0
MCH0007,LINE-C,2026-07-27T08:40:00,50.5067,0
MCH0007,LINE-C,2026-07-27T09:20:00,50.4968,0
MCH0007,LINE-C,2026-07-27T10:00:00,50.4841,0
MCH0007,LINE-C,2026-07-27T10:40:00,50.5508,0
MCH0007,LINE-C,2026-07-27T11:20:00,50.5214,0
MCH0007,LINE-C,2026-07-27T12:00:00,50.4705,0
MCH0007,LINE-C,2026-07-27T12:40:00,50.5674,0
MCH0007,LINE-C,2026-07-27T13:20:00,50.531,0
MCH0007,LINE-C,2026-07-27T14:00:00,50.5087,0
MCH0007,LINE-C,2026-07-27T14:40:00,50.5557,0
MCH0007,LINE-C,2026-07-27T15:20:00,50.5159,0
MCH0007,LINE-C,2026-07-27T16:00:00,50.4788,0
MCH0007,LINE-C,2026-07-27T16:40:00,50.6107,0
MCH0007,LINE-C,2026-07-27T17:20:00,50.5561,0
MCH0007,LINE-C,2026-07-27T18:00:00,50.5572,0
MCH0007,LINE-C,2026-07-27T18:40:00,50.4309,0
MCH0007,LINE-C,2026-07-27T19:20:00,50.5016,0
MCH0007,LINE-C,2026-07-27T20:00:00,50.5004,0
MCH0007,LINE-C,2026-07-27T20:40:00,50.4833,0
MCH0007,LINE-C,2026-07-27T21:20:00,50.552,0
MCH0007,LINE-C,2026-07-27T22:00:00,50.5981,0
MCH0007,LINE-C,2026-07-27T22:40:00,50.4308,0
MCH0007,LINE-C,2026-07-27T23:20:00,50.5713,0
MCH0007,LINE-C,2026-07-28T00:00:00,50.5295,0
MCH0007,LINE-C,2026-07-28T00:40:00,50.5063,0
MCH0007,LINE-C,2026-07-28T01:20:00,50.5007,0
MCH0007,LINE-C,2026-07-28T02:00:00,50.5259,0
MCH0007,LINE-C,2026-07-28T02:40:00,50.5156,0
MCH0007,LINE-C,2026-07-28T03:20:00,50.5085,0
MCH0007,LINE-C,2026-07-28T04:00:00,50.5422,0
MCH0007,LINE-C,2026-07-28T04:40:00,50.549,0
MCH0007,LINE-C,2026-07-28T05:20:00,50.5648,0
MCH0007,LINE-C,2026-07-28T06:00:00,50.5589,0
MCH0007,LINE-C,2026-07-28T06:40:00,50.5717,0
MCH0007,LINE-C,2026-07-28T07:20:00,50.5829,0
MCH0007,LINE-C,2026-07-28T08:00:00,50.5766,0
MCH0007,LINE-C,2026-07-28T08:40:00,50.5294,0
MCH0007,LINE-C,2026-07-28T09:20:00,50.4948,0
MCH0007,LINE-C,2026-07-28T10:00:00,50.5827,0
MCH0007,LINE-C,2026-07-28T10:40:00,50.4563,0
MCH0007,LINE-C,2026-07-28T11:20:00,50.5329,0
MCH0007,LINE-C,2026-07-28T12:00:00,50.5813,0
MCH0007,LINE-C,2026-07-28T12:40:00,50.5663,0
MCH0007,LINE-C,2026-07-28T13:20:00,50.5549,0
MCH0007,LINE-C,2026-07-28T14:00:00,50.5062,0
MCH0007,LINE-C,2026-07-28T14:40:00,50.52,0
MCH0007,LINE-C,2026-07-28T15:20:00,50.528,0
MCH0007,LINE-C,2026-07-28T16:00:00,50.6059,0
MCH0007,LINE-C,2026-07-28T16:40:00,50.5497,0
MCH0007,LINE-C,2026-07-28T17:20:00,50.596,0
MCH0007,LINE-C,2026-07-28T18:00:00,50.4725,0
MCH0007,LINE-C,2026-07-28T18:40:00,50.5744,0
MCH0007,LINE-C,2026-07-28T19:20:00,50.5177,0
MCH0007,LINE-C,2026-07-28T20:00:00,50.5408,0
MCH0007,LINE-C,2026-07-28T20:40:00,50.534,0
MCH0007,LINE-C,2026-07-28T21:20:00,50.5258,0
MCH0007,LINE-C,2026-07-28T22:00:00,50.5424,0
MCH0007,LINE-C,2026-07-28T22:40:00,50.5897,0
MCH0007,LINE-C,2026-07-28T23:20:00,50.5734,0
MCH0007,LINE-C,2026-07-29T00:00:00,50.5727,0
MCH0007,LINE-C,2026-07-29T00:40:00,50.559,0
MCH0007,LINE-C,2026-07-29T01:20:00,50.5288,0
MCH0007,LINE-C,2026-07-29T02:00:00,50.5852,0
MCH0007,LINE-C,2026-07-29T02:40:00,50.5999,0
MCH0007,LINE-C,2026-07-29T03:20:00,50.5664,0
MCH0007,LINE-C,2026-07-29T04:00:00,50.664,0
MCH0007,LINE-C,2026-07-29T04:40:00,50.6888,0
MCH0007,LINE-C,2026-07-29T05:20:00,50.5536,0
MCH0007,LINE-C,2026-07-29T06:00:00,50.5524,0
MCH0007,LINE-C,2026-07-29T06:40:00,50.5509,0
MCH0007,LINE-C,2026-07-29T07:20:00,50.5079,0
MCH0007,LINE-C,2026-07-29T08:00:00,50.559,0
MCH0007,LINE-C,2026-07-29T08:40:00,50.6269,0
MCH0007,LINE-C,2026-07-29T09:20:00,50.6176,0
MCH0007,LINE-C,2026-07-29T10:00:00,50.5426,0
MCH0007,LINE-C,2026-07-29T10:40:00,50.5553,0
MCH0007,LINE-C,2026-07-29T11:20:00,50.5757,0
MCH0007,LINE-C,2026-07-29T12:00:00,50.5275,0
MCH0007,LINE-C,2026-07-29T12:40:00,50.5951,0
MCH0007,LINE-C,2026-07-29T13:20:00,50.6233,0
MCH0007,LINE-C,2026-07-29T14:00:00,50.5738,0
MCH0007,LINE-C,2026-07-29T14:40:00,50.5759,0
MCH0007,LINE-C,2026-07-29T15:20:00,50.5815,0
MCH0007,LINE-C,2026-07-29T16:00:00,50.5807,0
MCH0007,LINE-C,2026-07-29T16:40:00,50.5718,0
MCH0007,LINE-C,2026-07-29T17:20:00,50.4949,0
MCH0007,LINE-C,2026-07-29T18:00:00,50.644,0
MCH0007,LINE-C,2026-07-29T18:40:00,50.5942,0
MCH0007,LINE-C,2026-07-29T19:20:00,50.5401,0
MCH0007,LINE-C,2026-07-29T20:00:00,50.6292,0
MCH0007,LINE-C,2026-07-29T20:40:00,50.5819,0
MCH0007,LINE-C,2026-07-29T21:20:00,50.6413,0
MCH0007,LINE-C,2026-07-29T22:00:00,50.6227,0
MCH0007,LINE-C,2026-07-29T22:40:00,50.6222,0
MCH0007,LINE-C,2026-07-29T23:20:00,50.563,0
MCH0007,LINE-C,2026-07-30T00:00:00,50.5922,0
MCH0007,LINE-C,2026-07-30T00:40:00,50.5982,0
MCH0007,LINE-C,2026-07-30T01:20:00,50.5605,0
MCH0007,LINE-C,2026-07-30T02:00:00,50.6059,0
MCH0007,LINE-C,2026-07-30T02:40:00,50.6454,0
MCH0007,LINE-C,2026-07-30T03:20:00,50.7014,0
MCH0007,LINE-C,2026-07-30T04:00:00,50.5409,0
MCH0007,LINE-C,2026-07-30T04:40:00,50.597,0
MCH0007,LINE-C,2026-07-30T05:20:00,50.4307,0
MCH0007,LINE-C,2026-07-30T06:00:00,50.5723,0
MCH0007,LINE-C,2026-07-30T06:40:00,49.9988,1
MCH0007,LINE-C,2026-07-30T07:20:00,49.9411,1
MCH0007,LINE-C,2026-07-30T08:00:00,49.9928,1
MCH0007,LINE-C,2026-07-30T08:40:00,50.0538,1
MCH0007,LINE-C,2026-07-30T09:20:00,49.9896,1
MCH0007,LINE-C,2026-07-30T10:00:00,50.0146,1
MCH0007,LINE-C,2026-07-30T10:40:00,50.0143,1
MCH0007,LINE-C,2026-07-30T11:20:00,50.0884,1
MCH0007,LINE-C,2026-07-30T12:00:00,50.0428,1
MCH0007,LINE-C,2026-07-30T12:40:00,50.0041,1
MCH0007,LINE-C,2026-07-30T13:20:00,50.0121,1
MCH0007,LINE-C,2026-07-30T14:00:00,50.0518,1
MCH0007,LINE-C,2026-07-30T14:40:00,50.1082,1
MCH0007,LINE-C,2026-07-30T15:20:00,50.0718,1
MCH0007,LINE-C,2026-07-30T16:00:00,50.0878,1
MCH0007,LINE-C,2026-07-30T16:40:00,50.0158,1
MCH0007,LINE-C,2026-07-30T17:20:00,50.1144,1
MCH0007,LINE-C,2026-07-30T18:00:00,50.0547,1
MCH0007,LINE-C,2026-07-30T18:40:00,50.0043,1
MCH0007,LINE-C,2026-07-30T19:20:00,50.0736,1
MCH0007,LINE-C,2026-07-30T20:00:00,50.0711,1
MCH0007,LINE-C,2026-07-30T20:40:00,50.1386,1
MCH0007,LINE-C,2026-07-30T21:20:00,50.0859,1
MCH0007,LINE-C,2026-07-30T22:00:00,50.002,1
MCH0007,LINE-C,2026-07-30T22:40:00,50.023,1
MCH0007,LINE-C,2026-07-30T23:20:00,50.0221,1
MCH0007,LINE-C,2026-07-31T00:00:00,50.0535,1
MCH0007,LINE-C,2026-07-31T00:40:00,50.0867,1
MCH0007,LINE-C,2026-07-31T01:20:00,50.0893,1
MCH0007,LINE-C,2026-07-31T02:00:00,50.1251,1
MCH0007,LINE-C,2026-07-31T02:40:00,50.1003,1
MCH0007,LINE-C,2026-07-31T03:20:00,50.0808,1
MCH0007,LINE-C,2026-07-31T04:00:00,50.061,1
MCH0007,LINE-C,2026-07-31T04:40:00,50.1534,1
MCH0007,LINE-C,2026-07-31T05:20:00,50.0841,1
MCH0007,LINE-C,2026-07-31T06:00:00,50.0686,1
MCH0007,LINE-C,2026-07-31T06:40:00,50.0513,1
MCH0007,LINE-C,2026-07-31T07:20:00,49.9964,1
MCH0007,LINE-C,2026-07-31T08:00:00,50.1548,1
MCH0007,LINE-C,2026-07-31T08:40:00,50.1285,1
MCH0007,LINE-C,2026-07-31T09:20:00,50.0334,1
MCH0007,LINE-C,2026-07-31T10:00:00,50.0649,1
MCH0007,LINE-C,2026-07-31T10:40:00,50.1298,1
MCH0007,LINE-C,2026-07-31T11:20:00,50.1482,1
MCH0007,LINE-C,2026-07-31T12:00:00,50.0401,1
MCH0007,LINE-C,2026-07-31T12:40:00,50.1751,1
MCH0007,LINE-C,2026-07-31T13:20:00,50.117,1
MCH0007,LINE-C,2026-07-31T14:00:00,50.098,1
MCH0007,LINE-C,2026-07-31T14:40:00,50.1382,1
MCH0007,LINE-C,2026-07-31T15:20:00,50.11,1
MCH0007,LINE-C,2026-07-31T16:00:00,50.1192,1
MCH0007,LINE-C,2026-07-31T16:40:00,50.164,1
MCH0007,LINE-C,2026-07-31T17:20:00,50.1518,1
MCH0007,LINE-C,2026-07-31T18:00:00,50.0488,1
MCH0007,LINE-C,2026-07-31T18:40:00,50.1254,1
MCH0007,LINE-C,2026-07-31T19:20:00,50.0796,1
MCH0007,LINE-C,2026-07-31T20:00:00,50.1958,1
MCH0007,LINE-C,2026-07-31T20:40:00,50.1018,1
MCH0007,LINE-C,2026-07-31T21:20:00,50.1012,1
MCH0007,LINE-C,2026-07-31T22:00:00,50.1223,1
MCH0007,LINE-C,2026-07-31T22:40:00,50.1628,1
MCH0007,LINE-C,2026-07-31T23:20:00,50.1182,1
MCH0007,LINE-C,2026-08-01T00:00:00,50.1048,1
MCH0007,LINE-C,2026-08-01T00:40:00,50.1128,1
MCH0007,LINE-C,2026-08-01T01:20:00,50.1763,1
MCH0007,LINE-C,2026-08-01T02:00:00,50.1409,1
MCH0007,LINE-C,2026-08-01T02:40:00,50.1885,1
MCH0007,LINE-C,2026-08-01T03:20:00,50.1336,1
MCH0007,LINE-C,2026-08-01T04:00:00,50.1637,1
MCH0007,LINE-C,2026-08-01T04:40:00,50.086,1
MCH0007,LINE-C,2026-08-01T05:20:00,50.1504,1
MCH0007,LINE-C,2026-08-01T06:00:00,50.1997,1
MCH0007,LINE-C,2026-08-01T06:40:00,50.1891,1
MCH0007,LINE-C,2026-08-01T07:20:00,50.1814,1
MCH0007,LINE-C,2026-08-01T08:00:00,50.155,1
MCH0007,LINE-C,2026-08-01T08:40:00,50.0823,1
MCH0007,LINE-C,2026-08-01T09:20:00,50.1494,1
MCH0007,LINE-C,2026-08-01T10:00:00,50.0766,1
MCH0007,LINE-C,2026-08-01T10:40:00,50.1535,1
MCH0007,LINE-C,2026-08-01T11:20:00,50.1399,1
MCH0007,LINE-C,2026-08-01T12:00:00,50.1612,1
MCH0007,LINE-C,2026-08-01T12:40:00,50.0907,1
MCH0007,LINE-C,2026-08-01T13:20:00,50.2106,1
MCH0007,LINE-C,2026-08-01T14:00:00,50.1806,1
MCH0007,LINE-C,2026-08-01T14:40:00,50.0818,1
MCH0007,LINE-C,2026-08-01T15:20:00,50.2291,1
MCH0007,LINE-C,2026-08-01T16:00:00,50.1743,1
MCH0007,LINE-C,2026-08-01T16:40:00,50.1347,1
MCH0007,LINE-C,2026-08-01T17:20:00,50.1989,1
MCH0007,LINE-C,2026-08-01T18:00:00,50.1595,1
MCH0007,LINE-C,2026-08-01T18:40:00,50.2019,1
MCH0007,LINE-C,2026-08-01T19:20:00,50.1285,1
MCH0007,LINE-C,2026-08-01T20:00:00,50.0636,1
MCH0007,LINE-C,2026-08-01T20:40:00,50.1307,1
MCH0007,LINE-C,2026-08-01T21:20:00,50.1711,1
MCH0007,LINE-C,2026-08-01T22:00:00,50.3319,0
MCH0007,LINE-C,2026-08-01T22:40:00,50.2155,1
MCH0007,LINE-C,2026-08-01T23:20:00,50.2561,1
MCH0007,LINE-C,2026-08-02T00:00:00,50.1888,1
MCH0007,LINE-C,2026-08-02T00:40:00,50.2311,1
MCH0007,LINE-C,2026-08-02T01:20:00,50.2246,1
MCH0007,LINE-C,2026-08-02T02:00:00,50.1911,1
MCH0007,LINE-C,2026-08-02T02:40:00,50.2053,1
MCH0007,LINE-C,2026-08-02T03:20:00,50.1685,1
MCH0007,LINE-C,2026-08-02T04:00:00,50.1905,1
MCH0007,LINE-C,2026-08-02T04:40:00,50.264,1
MCH0007,LINE-C,2026-08-02T05:20:00,50.159,1
MCH0007,LINE-C,2026-08-02T06:00:00,50.1923,1
MCH0007,LINE-C,2026-08-02T06:40:00,50.1929,1
MCH0007,LINE-C,2026-08-02T07:20:00,50.2019,1
MCH0007,LINE-C,2026-08-02T08:00:00,50.2853,1
MCH0007,LINE-C,2026-08-02T08:40:00,50.2195,1
MCH0007,LINE-C,2026-08-02T09:20:00,50.2365,1
MCH0007,LINE-C,2026-08-02T10:00:00,50.1432,1
MCH0007,LINE-C,2026-08-02T10:40:00,50.2686,1
MCH0007,LINE-C,2026-08-02T11:20:00,50.2147,1
MCH0007,LINE-C,2026-08-02T12:00:00,50.2961,1
MCH0007,LINE-C,2026-08-02T12:40:00,50.2294,1
MCH0007,LINE-C,2026-08-02T13:20:00,50.2473,1
MCH0007,LINE-C,2026-08-02T14:00:00,50.2785,1
MCH0007,LINE-C,2026-08-02T14:40:00,50.217,1
MCH0007,LINE-C,2026-08-02T15:20:00,50.1911,1
MCH0007,LINE-C,2026-08-02T16:00:00,50.1803,1
MCH0007,LINE-C,2026-08-02T16:40:00,50.2726,1
MCH0007,LINE-C,2026-08-02T17:20:00,50.2473,1
MCH0007,LINE-C,2026-08-02T18:00:00,50.3629,0
MCH0007,LINE-C,2026-08-02T18:40:00,50.1878,1
MCH0007,LINE-C,2026-08-02T19:20:00,50.2514,1
MCH0007,LINE-C,2026-08-02T20:00:00,50.3047,0
MCH0007,LINE-C,2026-08-02T20:40:00,50.3044,0
MCH0007,LINE-C,2026-08-02T21:20:00,50.2451,1
MCH0007,LINE-C,2026-08-02T22:00:00,50.2702,1
MCH0007,LINE-C,2026-08-02T22:40:00,50.2132,1
MCH0007,LINE-C,2026-08-02T23:20:00,50.2374,1
MCH0007,LINE-C,2026-08-03T00:00:00,50.2667,1
MCH0007,LINE-C,2026-08-03T00:40:00,50.3457,0
MCH0007,LINE-C,2026-08-03T01:20:00,50.2982,1
MCH0007,LINE-C,2026-08-03T02:00:00,50.3007,0
MCH0007,LINE-C,2026-08-03T02:40:00,50.3279,0
MCH0007,LINE-C,2026-08-03T03:20:00,50.3169,0
MCH0007,LINE-C,2026-08-03T04:00:00,50.3009,0
MCH0007,LINE-C,2026-08-03T04:40:00,50.3056,0
MCH0007,LINE-C,2026-08-03T05:20:00,50.2346,1
MCH0007,LINE-C,2026-08-03T06:00:00,50.239,1
MCH0007,LINE-C,2026-08-03T06:40:00,50.3099,0
MCH0007,LINE-C,2026-08-03T07:20:00,50.2811,1
MCH0007,LINE-C,2026-08-03T08:00:00,50.3088,0
MCH0007,LINE-C,2026-08-03T08:40:00,50.2054,1
MCH0007,LINE-C,2026-08-03T09:20:00,50.3126,0
MCH0007,LINE-C,2026-08-03T10:00:00,50.2169,1
MCH0007,LINE-C,2026-08-03T10:40:00,50.3157,0
MCH0007,LINE-C,2026-08-03T11:20:00,50.3087,0
MCH0007,LINE-C,2026-08-03T12:00:00,50.2511,1
MCH0007,LINE-C,2026-08-03T12:40:00,50.4356,0
MCH0007,LINE-C,2026-08-03T13:20:00,50.1931,1
MCH0007,LINE-C,2026-08-03T14:00:00,50.3758,0
MCH0007,LINE-C,2026-08-03T14:40:00,50.406,0
MCH0007,LINE-C,2026-08-03T15:20:00,50.3039,0
MCH0007,LINE-C,2026-08-03T16:00:00,50.2859,1
MCH0007,LINE-C,2026-08-03T16:40:00,50.3381,0
MCH0007,LINE-C,2026-08-03T17:20:00,50.3031,0
MCH0007,LINE-C,2026-08-03T18:00:00,50.4391,0
MCH0007,LINE-C,2026-08-03T18:40:00,50.2872,1
MCH0007,LINE-C,2026-08-03T19:20:00,50.3399,0
MCH0007,LINE-C,2026-08-03T20:00:00,50.2947,1
MCH0007,LINE-C,2026-08-03T20:40:00,50.3421,0
MCH0007,LINE-C,2026-08-03T21:20:00,50.3035,0
MCH0007,LINE-C,2026-08-03T22:00:00,50.2722,1
MCH0007,LINE-C,2026-08-03T22:40:00,50.352,0
MCH0007,LINE-C,2026-08-03T23:20:00,50.2934,1
MCH0007,LINE-C,2026-08-04T00:00:00,50.2247,1
MCH0007,LINE-C,2026-08-04T00:40:00,50.3598,0
MCH0007,LINE-C,2026-08-04T01:20:00,50.2571,1
MCH0007,LINE-C,2026-08-04T02:00:00,50.2932,1
MCH0007,LINE-C,2026-08-04T02:40:00,50.3619,0
MCH0007,LINE-C,2026-08-04T03:20:00,50.3616,0
MCH0007,LINE-C,2026-08-04T04:00:00,50.2805,1
MCH0007,LINE-C,2026-08-04T04:40:00,50.3518,0
MCH0007,LINE-C,2026-08-04T05:20:00,50.328,0
MCH0007,LINE-C,2026-08-04T06:00:00,50.4163,0
MCH0007,LINE-C,2026-08-04T06:40:00,50.4802,0
MCH0007,LINE-C,2026-08-04T07:20:00,50.381,0
MCH0007,LINE-C,2026-08-04T08:00:00,50.418,0
MCH0007,LINE-C,2026-08-04T08:40:00,50.3806,0
MCH0007,LINE-C,2026-08-04T09:20:00,50.3544,0
MCH0007,LINE-C,2026-08-04T10:00:00,50.4083,0
MCH0007,LINE-C,2026-08-04T10:40:00,50.3882,0
MCH0007,LINE-C,2026-08-04T11:20:00,50.4014,0
MCH0007,LINE-C,2026-08-04T12:00:00,50.4357,0
MCH0007,LINE-C,2026-08-04T12:40:00,50.4345,0
MCH0007,LINE-C,2026-08-04T13:20:00,50.3692,0
MCH0007,LINE-C,2026-08-04T14:00:00,50.3952,0
MCH0007,LINE-C,2026-08-04T14:40:00,50.3744,0
MCH0007,LINE-C,2026-08-04T15:20:00,50.4607,0
MCH0007,LINE-C,2026-08-04T16:00:00,50.3268,0
MCH0007,LINE-C,2026-08-04T16:40:00,50.4173,0
MCH0007,LINE-C,2026-08-04T17:20:00,50.4085,0
MCH0007,LINE-C,2026-08-04T18:00:00,50.3422,0
MCH0007,LINE-C,2026-08-04T18:40:00,50.3969,0
MCH0007,LINE-C,2026-08-04T19:20:00,50.4221,0
MCH0007,LINE-C,2026-08-04T20:00:00,50.4665,0
MCH0007,LINE-C,2026-08-04T20:40:00,50.4422,0
MCH0007,LINE-C,2026-08-04T21:20:00,50.432,0
MCH0007,LINE-C,2026-08-04T22:00:00,50.4732,0
MCH0007,LINE-C,2026-08-04T22:40:00,50.3909,0
MCH0007,LINE-C,2026-08-04T23:20:00,50.3602,0
MCH0007,LINE-C,2026-08-05T00:00:00,50.4522,0
MCH0007,LINE-C,2026-08-05T00:40:00,50.3871,0
MCH0007,LINE-C,2026-08-05T01:20:00,50.4502,0
MCH0007,LINE-C,2026-08-05T02:00:00,50.4569,0
MCH0007,LINE-C,2026-08-05T02:40:00,50.4996,0
MCH0007,LINE-C,2026-08-05T03:20:00,50.4053,0
MCH0007,LINE-C,2026-08-05T04:00:00,50.4952,0
MCH0007,LINE-C,2026-08-05T04:40:00,50.4188,0
MCH0007,LINE-C,2026-08-05T05:20:00,50.4613,0
MCH0007,LINE-C,2026-08-05T06:00:00,50.4738,0
MCH0007,LINE-C,2026-08-05T06:40:00,50.3439,0
MCH0007,LINE-C,2026-08-05T07:20:00,50.4533,0
MCH0007,LINE-C,2026-08-05T08:00:00,50.4795,0
MCH0007,LINE-C,2026-08-05T08:40:00,50.385,0
MCH0007,LINE-C,2026-08-05T09:20:00,50.3114,0
MCH0007,LINE-C,2026-08-05T10:00:00,50.3983,0
MCH0007,LINE-C,2026-08-05T10:40:00,50.4628,0
MCH0007,LINE-C,2026-08-05T11:20:00,50.4759,0
MCH0007,LINE-C,2026-08-05T12:00:00,50.5035,0
MCH0007,LINE-C,2026-08-05T12:40:00,50.5016,0
MCH0007,LINE-C,2026-08-05T13:20:00,50.4407,0
MCH0007,LINE-C,2026-08-05T14:00:00,50.451,0
MCH0007,LINE-C,2026-08-05T14:40:00,50.5167,0
MCH0007,LINE-C,2026-08-05T15:20:00,50.5778,0
MCH0007,LINE-C,2026-08-05T16:00:00,50.52,0
MCH0007,LINE-C,2026-08-05T16:40:00,50.5569,0
MCH0007,LINE-C,2026-08-05T17:20:00,50.5054,0
MCH0007,LINE-C,2026-08-05T18:00:00,50.5056,0
MCH0007,LINE-C,2026-08-05T18:40:00,50.5161,0
MCH0007,LINE-C,2026-08-05T19:20:00,50.4455,0
MCH0007,LINE-C,2026-08-05T20:00:00,50.4245,0
MCH0007,LINE-C,2026-08-05T20:40:00,50.5373,0
MCH0007,LINE-C,2026-08-05T21:20:00,50.438,0
MCH0007,LINE-C,2026-08-05T22:00:00,50.4612,0
MCH0007,LINE-C,2026-08-05T22:40:00,50.4859,0
MCH0007,LINE-C,2026-08-05T23:20:00,50.4962,0
MCH0007,LINE-C,2026-08-06T00:00:00,50.5568,0
MCH0007,LINE-C,2026-08-06T00:40:00,50.4308,0
MCH0007,LINE-C,2026-08-06T01:20:00,50.5595,0
MCH0007,LINE-C,2026-08-06T02:00:00,50.3769,0
MCH0007,LINE-C,2026-08-06T02:40:00,50.5048,0
MCH0007,LINE-C,2026-08-06T03:20:00,50.5623,0
MCH0007,LINE-C,2026-08-06T04:00:00,50.5099,0
MCH0007,LINE-C,2026-08-06T04:40:00,50.4917,0
MCH0007,LINE-C,2026-08-06T05:20:00,50.5114,0
MCH0007,LINE-C,2026-08-06T06:00:00,50.5568,0
MCH0007,LINE-C,2026-08-06T06:40:00,50.5135,0
MCH0007,LINE-C,2026-08-06T07:20:00,50.5237,0
MCH0007,LINE-C,2026-08-06T08:00:00,50.5485,0
MCH0007,LINE-C,2026-08-06T08:40:00,50.5807,0
MCH0007,LINE-C,2026-08-06T09:20:00,50.4837,0
MCH0007,LINE-C,2026-08-06T10:00:00,50.4246,0
MCH0007,LINE-C,2026-08-06T10:40:00,50.4911,0
MCH0007,LINE-C,2026-08-06T11:20:00,50.624,0
MCH0007,LINE-C,2026-08-06T12:00:00,50.6502,0
MCH0007,LINE-C,2026-08-06T12:40:00,50.507,0
MCH0007,LINE-C,2026-08-06T13:20:00,50.5374,0
MCH0007,LINE-C,2026-08-06T14:00:00,50.5178,0
MCH0007,LINE-C,2026-08-06T14:40:00,50.5242,0
MCH0007,LINE-C,2026-08-06T15:20:00,50.5262,0
MCH0007,LINE-C,2026-08-06T16:00:00,50.5294,0
MCH0007,LINE-C,2026-08-06T16:40:00,50.5399,0
MCH0007,LINE-C,2026-08-06T17:20:00,50.4757,0
MCH0007,LINE-C,2026-08-06T18:00:00,50.5523,0
MCH0007,LINE-C,2026-08-06T18:40:00,50.5162,0
MCH0007,LINE-C,2026-08-06T19:20:00,50.5278,0
MCH0007,LINE-C,2026-08-06T20:00:00,50.5061,0
MCH0007,LINE-C,2026-08-06T20:40:00,50.6129,0
MCH0007,LINE-C,2026-08-06T21:20:00,50.489,0
MCH0007,LINE-C,2026-08-06T22:00:00,50.6093,0
MCH0007,LINE-C,2026-08-06T22:40:00,50.5557,0
MCH0007,LINE-C,2026-08-06T23:20:00,50.5871,0
MCH0007,LINE-C,2026-08-07T00:00:00,50.5033,0
MCH0007,LINE-C,2026-08-07T00:40:00,50.5459,0
MCH0007,LINE-C,2026-08-07T01:20:00,50.5191,0
MCH0007,LINE-C,2026-08-07T02:00:00,50.5405,0
MCH0007,LINE-C,2026-08-07T02:40:00,50.5966,0
MCH0007,LINE-C,2026-08-07T03:20:00,50.5239,0
MCH0007,LINE-C,2026-08-07T04:00:00,50.6164,0
MCH0007,LINE-C,2026-08-07T04:40:00,50.5034,0
MCH0007,LINE-C,2026-08-07T05:20:00,50.6067,0
MCH0007,LINE-C,2026-08-07T06:00:00,50.4815,0
MCH0007,LINE-C,2026-08-07T06:40:00,50.5924,0
MCH0007,LINE-C,2026-08-07T07:20:00,50.5746,0
MCH0007,LINE-C,2026-08-07T08:00:00,50.5814,0
MCH0007,LINE-C,2026-08-07T08:40:00,50.4763,0
MCH0007,LINE-C,2026-08-07T09:20:00,50.6759,0
MCH0007,LINE-C,2026-08-07T10:00:00,50.5385,0
MCH0007,LINE-C,2026-08-07T10:40:00,50.5166,0
MCH0007,LINE-C,2026-08-07T11:20:00,50.6085,0
MCH0007,LINE-C,2026-08-07T12:00:00,50.6611,0
MCH0007,LINE-C,2026-08-07T12:40:00,50.5912,0
MCH0007,LINE-C,2026-08-07T13:20:00,50.0604,1
MCH0007,LINE-C,2026-08-07T14:00:00,49.9591,1
MCH0007,LINE-C,2026-08-07T14:40:00,50.0286,1
MCH0007,LINE-C,2026-08-07T15:20:00,49.9988,1
MCH0007,LINE-C,2026-08-07T16:00:00,50.0417,1
MCH0007,LINE-C,2026-08-07T16:40:00,49.9576,1
MCH0007,LINE-C,2026-08-07T17:20:00,50.0428,1
MCH0007,LINE-C,2026-08-07T18:00:00,50.0666,1
MCH0007,LINE-C,2026-08-07T18:40:00,49.9639,1
MCH0007,LINE-C,2026-08-07T19:20:00,50.0663,1
MCH0007,LINE-C,2026-08-07T20:00:00,50.0207,1
MCH0007,LINE-C,2026-08-07T20:40:00,50.0671,1
MCH0007,LINE-C,2026-08-07T21:20:00,50.0227,1
MCH0007,LINE-C,2026-08-07T22:00:00,49.9988,1
MCH0007,LINE-C,2026-08-07T22:40:00,50.1011,1
MCH0007,LINE-C,2026-08-07T23:20:00,50.0886,1
MCH0007,LINE-C,2026-08-08T00:00:00,50.0623,1
MCH0007,LINE-C,2026-08-08T00:40:00,50.0337,1
MCH0007,LINE-C,2026-08-08T01:20:00,50.0499,1
MCH0007,LINE-C,2026-08-08T02:00:00,50.0311,1
MCH0007,LINE-C,2026-08-08T02:40:00,49.9943,1
MCH0007,LINE-C,2026-08-08T03:20:00,50.034,1
MCH0007,LINE-C,2026-08-08T04:00:00,49.9954,1
MCH0007,LINE-C,2026-08-08T04:40:00,50.1433,1
MCH0007,LINE-C,2026-08-08T05:20:00,50.0437,1
MCH0007,LINE-C,2026-08-08T06:00:00,50.144,1
MCH0007,LINE-C,2026-08-08T06:40:00,50.0212,1
MCH0007,LINE-C,2026-08-08T07:20:00,49.9929,1
MCH0007,LINE-C,2026-08-08T08:00:00,50.0245,1
MCH0007,LINE-C,2026-08-08T08:40:00,50.0654,1
MCH0007,LINE-C,2026-08-08T09:20:00,50.0135,1
MCH0007,LINE-C,2026-08-08T10:00:00,50.0292,1
MCH0007,LINE-C,2026-08-08T10:40:00,49.9765,1
MCH0007,LINE-C,2026-08-08T11:20:00,50.0913,1
MCH0007,LINE-C,2026-08-08T12:00:00,50.1359,1
MCH0007,LINE-C,2026-08-08T12:40:00,50.1397,1
MCH0007,LINE-C,2026-08-08T13:20:00,49.9798,1
MCH0007,LINE-C,2026-08-08T14:00:00,50.0703,1
MCH0007,LINE-C,2026-08-08T14:40:00,50.0941,1
MCH0007,LINE-C,2026-08-08T15:20:00,50.0784,1
MCH0007,LINE-C,2026-08-08T16:00:00,50.0482,1
MCH0007,LINE-C,2026-08-08T16:40:00,50.0524,1
MCH0007,LINE-C,2026-08-08T17:20:00,50.1264,1
MCH0007,LINE-C,2026-08-08T18:00:00,50.0814,1
MCH0007,LINE-C,2026-08-08T18:40:00,50.1157,1
MCH0007,LINE-C,2026-08-08T19:20:00,50.0698,1
MCH0007,LINE-C,2026-08-08T20:00:00,50.0378,1
MCH0007,LINE-C,2026-08-08T20:40:00,50.1891,1
MCH0007,LINE-C,2026-08-08T21:20:00,50.0688,1
MCH0007,LINE-C,2026-08-08T22:00:00,50.0266,1
MCH0007,LINE-C,2026-08-08T22:40:00,50.0835,1
MCH0007,LINE-C,2026-08-08T23:20:00,50.0925,1
MCH0007,LINE-C,2026-08-09T00:00:00,50.0802,1
MCH0007,LINE-C,2026-08-09T00:40:00,50.0594,1
MCH0007,LINE-C,2026-08-09T01:20:00,50.0403,1
MCH0007,LINE-C,2026-08-09T02:00:00,50.083,1
MCH0007,LINE-C,2026-08-09T02:40:00,50.0352,1
MCH0007,LINE-C,2026-08-09T03:20:00,50.1304,1
MCH0007,LINE-C,2026-08-09T04:00:00,50.0604,1
MCH0007,LINE-C,2026-08-09T04:40:00,50.1352,1
MCH0007,LINE-C,2026-08-09T05:20:00,50.053,1
MCH0007,LINE-C,2026-08-09T06:00:00,50.1377,1
MCH0007,LINE-C,2026-08-09T06:40:00,50.0449,1
MCH0007,LINE-C,2026-08-09T07:20:00,50.0184,1
MCH0007,LINE-C,2026-08-09T08:00:00,50.1227,1
MCH0007,LINE-C,2026-08-09T08:40:00,50.1696,1
MCH0007,LINE-C,2026-08-09T09:20:00,50.0906,1
MCH0007,LINE-C,2026-08-09T10:00:00,50.0859,1
MCH0007,LINE-C,2026-08-09T10:40:00,50.0889,1
MCH0007,LINE-C,2026-08-09T11:20:00,50.0436,1
MCH0007,LINE-C,2026-08-09T12:00:00,50.0701,1
MCH0007,LINE-C,2026-08-09T12:40:00,50.1372,1
MCH0007,LINE-C,2026-08-09T13:20:00,50.0632,1
MCH0007,LINE-C,2026-08-09T14:00:00,50.1316,1
MCH0007,LINE-C,2026-08-09T14:40:00,50.1535,1
MCH0007,LINE-C,2026-08-09T15:20:00,50.1909,1
MCH0007,LINE-C,2026-08-09T16:00:00,50.0836,1
MCH0007,LINE-C,2026-08-09T16:40:00,50.1138,1
MCH0007,LINE-C,2026-08-09T17:20:00,50.2004,1
MCH0007,LINE-C,2026-08-09T18:00:00,50.2305,1
MCH0007,LINE-C,2026-08-09T18:40:00,50.0996,1
MCH0007,LINE-C,2026-08-09T19:20:00,50.2393,1
MCH0007,LINE-C,2026-08-09T20:00:00,50.1538,1
MCH0007,LINE-C,2026-08-09T20:40:00,50.1128,1
MCH0007,LINE-C,2026-08-09T21:20:00,50.1064,1
MCH0007,LINE-C,2026-08-09T22:00:00,50.1863,1
MCH0007,LINE-C,2026-08-09T22:40:00,50.1652,1
MCH0007,LINE-C,2026-08-09T23:20:00,50.1315,1
MCH0007,LINE-C,2026-08-10T00:00:00,50.1623,1
MCH0007,LINE-C,2026-08-10T00:40:00,50.1806,1
MCH0007,LINE-C,2026-08-10T01:20:00,50.1677,1
MCH0007,LINE-C,2026-08-10T02:00:00,50.0917,1
MCH0007,LINE-C,2026-08-10T02:40:00,50.1959,1
MCH0007,LINE-C,2026-08-10T03:20:00,50.1176,1
MCH0007,LINE-C,2026-08-10T04:00:00,50.1607,1
MCH0007,LINE-C,2026-08-10T04:40:00,50.1098,1
MCH0007,LINE-C,2026-08-10T05:20:00,50.1341,1
MCH0007,LINE-C,2026-08-10T06:00:00,50.2727,1
MCH0007,LINE-C,2026-08-10T06:40:00,50.1815,1
MCH0007,LINE-C,2026-08-10T07:20:00,50.1959,1
MCH0007,LINE-C,2026-08-10T08:00:00,50.1956,1
MCH0007,LINE-C,2026-08-10T08:40:00,50.1868,1
MCH0007,LINE-C,2026-08-10T09:20:00,50.1417,1
MCH0007,LINE-C,2026-08-10T10:00:00,50.0591,1
MCH0007,LINE-C,2026-08-10T10:40:00,50.192,1
MCH0007,LINE-C,2026-08-10T11:20:00,50.2386,1
MCH0007,LINE-C,2026-08-10T12:00:00,50.1252,1
MCH0007,LINE-C,2026-08-10T12:40:00,50.1612,1
MCH0007,LINE-C,2026-08-10T13:20:00,50.2098,1
MCH0007,LINE-C,2026-08-10T14:00:00,50.2021,1
MCH0007,LINE-C,2026-08-10T14:40:00,50.2001,1
MCH0007,LINE-C,2026-08-10T15:20:00,50.1828,1
MCH0007,LINE-C,2026-08-10T16:00:00,50.2151,1
MCH0007,LINE-C,2026-08-10T16:40:00,50.2415,1
MCH0007,LINE-C,2026-08-10T17:20:00,50.2096,1
MCH0007,LINE-C,2026-08-10T18:00:00,50.1847,1
MCH0007,LINE-C,2026-08-10T18:40:00,50.2447,1
MCH0007,LINE-C,2026-08-10T19:20:00,50.1918,1
MCH0007,LINE-C,2026-08-10T20:00:00,50.1905,1
MCH0007,LINE-C,2026-08-10T20:40:00,50.2698,1
MCH0007,LINE-C,2026-08-10T21:20:00,50.1988,1
MCH0007,LINE-C,2026-08-10T22:00:00,50.3147,0
MCH0007,LINE-C,2026-08-10T22:40:00,50.2451,1
MCH0007,LINE-C,2026-08-10T23:20:00,50.2316,1
MCH0007,LINE-C,2026-08-11T00:00:00,50.2162,1
MCH0007,LINE-C,2026-08-11T00:40:00,50.2436,1
MCH0007,LINE-C,2026-08-11T01:20:00,50.2514,1
MCH0007,LINE-C,2026-08-11T02:00:00,50.2037,1
MCH0007,LINE-C,2026-08-11T02:40:00,50.2983,1
MCH0007,LINE-C,2026-08-11T03:20:00,50.2163,1
MCH0007,LINE-C,2026-08-11T04:00:00,50.1816,1
MCH0007,LINE-C,2026-08-11T04:40:00,50.1625,1
MCH0007,LINE-C,2026-08-11T05:20:00,50.2784,1
MCH0007,LINE-C,2026-08-11T06:00:00,50.2575,1
MCH0007,LINE-C,2026-08-11T06:40:00,50.2107,1
MCH0007,LINE-C,2026-08-11T07:20:00,50.2628,1
MCH0007,LINE-C,2026-08-11T08:00:00,50.1962,1
MCH0007,LINE-C,2026-08-11T08:40:00,50.2273,1
MCH0007,LINE-C,2026-08-11T09:20:00,50.1884,1
MCH0007,LINE-C,2026-08-11T10:00:00,50.2412,1
MCH0007,LINE-C,2026-08-11T10:40:00,50.2097,1
MCH0007,LINE-C,2026-08-11T11:20:00,50.2709,1
MCH0007,LINE-C,2026-08-11T12:00:00,50.246,1
MCH0007,LINE-C,2026-08-11T12:40:00,50.2433,1
MCH0007,LINE-C,2026-08-11T13:20:00,50.1345,1
MCH0007,LINE-C,2026-08-11T14:00:00,50.1075,1
MCH0007,LINE-C,2026-08-11T14:40:00,50.2416,1
MCH0007,LINE-C,2026-08-11T15:20:00,50.3678,0
MCH0007,LINE-C,2026-08-11T16:00:00,50.2092,1
MCH0007,LINE-C,2026-08-11T16:40:00,50.2125,1
MCH0007,LINE-C,2026-08-11T17:20:00,50.2464,1
MCH0007,LINE-C,2026-08-11T18:00:00,50.2194,1
MCH0007,LINE-C,2026-08-11T18:40:00,50.2017,1
MCH0007,LINE-C,2026-08-11T19:20:00,50.2981,1
MCH0007,LINE-C,2026-08-11T20:00:00,50.1117,1
MCH0007,LINE-C,2026-08-11T20:40:00,50.2866,1
MCH0007,LINE-C,2026-08-11T21:20:00,50.2494,1
MCH0007,LINE-C,2026-08-11T22:00:00,50.3882,0
MCH0007,LINE-C,2026-08-11T22:40:00,50.2415,1
MCH0007,LINE-C,2026-08-11T23:20:00,50.2538,1
MCH0007,LINE-C,2026-08-12T00:00:00,50.3038,0
MCH0007,LINE-C,2026-08-12T00:40:00,50.3136,0
MCH0007,LINE-C,2026-08-12T01:20:00,50.2188,1
MCH0007,LINE-C,2026-08-12T02:00:00,50.2791,1
MCH0007,LINE-C,2026-08-12T02:40:00,50.2823,1
MCH0007,LINE-C,2026-08-12T03:20:00,50.2476,1
MCH0007,LINE-C,2026-08-12T04:00:00,50.3012,0
MCH0007,LINE-C,2026-08-12T04:40:00,50.2523,1
MCH0007,LINE-C,2026-08-12T05:20:00,50.2381,1
MCH0007,LINE-C,2026-08-12T06:00:00,50.3071,0
MCH0007,LINE-C,2026-08-12T06:40:00,50.3213,0
MCH0007,LINE-C,2026-08-12T07:20:00,50.2961,1
MCH0007,LINE-C,2026-08-12T08:00:00,50.3929,0
MCH0007,LINE-C,2026-08-12T08:40:00,50.2105,1
MCH0007,LINE-C,2026-08-12T09:20:00,50.2889,1
MCH0007,LINE-C,2026-08-12T10:00:00,50.3716,0
MCH0007,LINE-C,2026-08-12T10:40:00,50.323,0
MCH0007,LINE-C,2026-08-12T11:20:00,50.3589,0
MCH0007,LINE-C,2026-08-12T12:00:00,50.2106,1
MCH0007,LINE-C,2026-08-12T12:40:00,50.3041,0
MCH0007,LINE-C,2026-08-12T13:20:00,50.2529,1
MCH0007,LINE-C,2026-08-12T14:00:00,50.3422,0
MCH0007,LINE-C,2026-08-12T14:40:00,50.3821,0
MCH0007,LINE-C,2026-08-12T15:20:00,50.3186,0
MCH0007,LINE-C,2026-08-12T16:00:00,50.3034,0
MCH0007,LINE-C,2026-08-12T16:40:00,50.3435,0
MCH0007,LINE-C,2026-08-12T17:20:00,50.2997,1
MCH0007,LINE-C,2026-08-12T18:00:00,50.3135,0
MCH0007,LINE-C,2026-08-12T18:40:00,50.3392,0
MCH0007,LINE-C,2026-08-12T19:20:00,50.3011,0
MCH0007,LINE-C,2026-08-12T20:00:00,50.3479,0
MCH0007,LINE-C,2026-08-12T20:40:00,50.3198,0
MCH0007,LINE-C,2026-08-12T21:20:00,50.2237,1
MCH0007,LINE-C,2026-08-12T22:00:00,50.2833,1
MCH0007,LINE-C,2026-08-12T22:40:00,50.3222,0
MCH0007,LINE-C,2026-08-12T23:20:00,50.2728,1
MCH0007,LINE-C,2026-08-13T00:00:00,50.2258,1
MCH0007,LINE-C,2026-08-13T00:40:00,50.2426,1
MCH0007,LINE-C,2026-08-13T01:20:00,50.335,0
MCH0007,LINE-C,2026-08-13T02:00:00,50.336,0
MCH0007,LINE-C,2026-08-13T02:40:00,50.3342,0
MCH0007,LINE-C,2026-08-13T03:20:00,50.3188,0
MCH0007,LINE-C,2026-08-13T04:00:00,50.3281,0
MCH0007,LINE-C,2026-08-13T04:40:00,50.3952,0
MCH0007,LINE-C,2026-08-13T05:20:00,50.3118,0
MCH0007,LINE-C,2026-08-13T06:00:00,50.2805,1
MCH0007,LINE-C,2026-08-13T06:40:00,50.271,1
MCH0007,LINE-C,2026-08-13T07:20:00,50.3546,0
MCH0007,LINE-C,2026-08-13T08:00:00,50.3137,0
MCH0007,LINE-C,2026-08-13T08:40:00,50.364,0
MCH0007,LINE-C,2026-08-13T09:20:00,50.3208,0
MCH0007,LINE-C,2026-08-13T10:00:00,50.2921,1
MCH0007,LINE-C,2026-08-13T10:40:00,50.3186,0
MCH0007,LINE-C,2026-08-13T11:20:00,50.4561,0
MCH0007,LINE-C,2026-08-13T12:00:00,50.3873,0
MCH0007,LINE-C,2026-08-13T12:40:00,50.3924,0
MCH0007,LINE-C,2026-08-13T13:20:00,50.4154,0
MCH0007,LINE-C,2026-08-13T14:00:00,50.3586,0
MCH0007,LINE-C,2026-08-13T14:40:00,50.2949,1
MCH0007,LINE-C,2026-08-13T15:20:00,50.3068,0
MCH0007,LINE-C,2026-08-13T16:00:00,50.3754,0
MCH0007,LINE-C,2026-08-13T16:40:00,50.3412,0
MCH0007,LINE-C,2026-08-13T17:20:00,50.4231,0
MCH0007,LINE-C,2026-08-13T18:00:00,50.372,0
MCH0007,LINE-C,2026-08-13T18:40:00,50.3105,0
MCH0007,LINE-C,2026-08-13T19:20:00,50.3627,0
MCH0007,LINE-C,2026-08-13T20:00:00,50.3092,0
MCH0007,LINE-C,2026-08-13T20:40:00,50.3697,0
MCH0007,LINE-C,2026-08-13T21:20:00,50.3849,0
MCH0007,LINE-C,2026-08-13T22:00:00,50.2972,1
MCH0007,LINE-C,2026-08-13T22:40:00,50.3884,0
MCH0007,LINE-C,2026-08-13T23:20:00,50.3763,0
MCH0007,LINE-C,2026-08-14T00:00:00,50.331,0
MCH0007,LINE-C,2026-08-14T00:40:00,50.3078,0
MCH0007,LINE-C,2026-08-14T01:20:00,50.3968,0
MCH0007,LINE-C,2026-08-14T02:00:00,50.3996,0
MCH0007,LINE-C,2026-08-14T02:40:00,50.3657,0
MCH0007,LINE-C,2026-08-14T03:20:00,50.3766,0
MCH0007,LINE-C,2026-08-14T04:00:00,50.352,0
MCH0007,LINE-C,2026-08-14T04:40:00,50.4895,0
MCH0007,LINE-C,2026-08-14T05:20:00,50.3872,0
MCH0007,LINE-C,2026-08-14T06:00:00,50.316,0
MCH0007,LINE-C,2026-08-14T06:40:00,50.4802,0
MCH0007,LINE-C,2026-08-14T07:20:00,50.3194,0
MCH0007,LINE-C,2026-08-14T08:00:00,50.424,0
MCH0007,LINE-C,2026-08-14T08:40:00,50.4039,0
MCH0007,LINE-C,2026-08-14T09:20:00,50.302,0
MCH0007,LINE-C,2026-08-14T10:00:00,50.3242,0
MCH0007,LINE-C,2026-08-14T10:40:00,50.3664,0
MCH0007,LINE-C,2026-08-14T11:20:00,50.4132,0
MCH0007,LINE-C,2026-08-14T12:00:00,50.4479,0
MCH0007,LINE-C,2026-08-14T12:40:00,50.3351,0
MCH0007,LINE-C,2026-08-14T13:20:00,50.3413,0
MCH0007,LINE-C,2026-08-14T14:00:00,50.432,0
MCH0007,LINE-C,2026-08-14T14:40:00,50.5165,0
MCH0007,LINE-C,2026-08-14T15:20:00,50.3893,0
MCH0007,LINE-C,2026-08-14T16:00:00,50.4334,0
MCH0007,LINE-C,2026-08-14T16:40:00,50.3973,0
MCH0007,LINE-C,2026-08-14T17:20:00,50.415,0
MCH0007,LINE-C,2026-08-14T18:00:00,50.4262,0
MCH0007,LINE-C,2026-08-14T18:40:00,50.3851,0
MCH0007,LINE-C,2026-08-14T19:20:00,50.4427,0
MCH0007,LINE-C,2026-08-14T20:00:00,50.3715,0
MCH0007,LINE-C,2026-08-14T20:40:00,50.3904,0
MCH0007,LINE-C,2026-08-14T21:20:00,50.4228,0
MCH0007,LINE-C,2026-08-14T22:00:00,50.4459,0
MCH0007,LINE-C,2026-08-14T22:40:00,50.354,0
MCH0007,LINE-C,2026-08-14T23:20:00,50.4631,0
MCH0008,LINE-C,2026-07-01T00:00:00,50.0564,1
MCH0008,LINE-C,2026-07-01T00:40:00,49.9991,1
MCH0008,LINE-C,2026-07-01T01:20:00,49.9732,1
MCH0008,LINE-C,2026-07-01T02:00:00,50.0384,1
MCH0008,LINE-C,2026-07-01T02:40:00,49.9717,1
MCH0008,LINE-C,2026-07-01T03:20:00,49.9898,1
MCH0008,LINE-C,2026-07-01T04:00:00,50.0259,1
MCH0008,LINE-C,2026-07-01T04:40:00,50.0324,1
MCH0008,LINE-C,2026-07-01T05:20:00,49.9588,1
MCH0008,LINE-C,2026-07-01T06:00:00,50.0546,1
MCH0008,LINE-C,2026-07-01T06:40:00,49.9983,1
MCH0008,LINE-C,2026-07-01T07:20:00,50.0125,1
MCH0008,LINE-C,2026-07-01T08:00:00,49.9734,1
MCH0008,LINE-C,2026-07-01T08:40:00,50.011,1
MCH0008,LINE-C,2026-07-01T09:20:00,49.9789,1
MCH0008,LINE-C,2026-07-01T10:00:00,50.051,1
MCH0008,LINE-C,2026-07-01T10:40:00,49.9858,1
MCH0008,LINE-C,2026-07-01T11:20:00,50.0107,1
MCH0008,LINE-C,2026-07-01T12:00:00,50.0313,1
MCH0008,LINE-C,2026-07-01T12:40:00,49.9995,1
MCH0008,LINE-C,2026-07-01T13:20:00,50.0246,1
MCH0008,LINE-C,2026-07-01T14:00:00,50.0555,1
MCH0008,LINE-C,2026-07-01T14:40:00,50.0384,1
MCH0008,LINE-C,2026-07-01T15:20:00,50.0687,1
MCH0008,LINE-C,2026-07-01T16:00:00,49.9857,1
MCH0008,LINE-C,2026-07-01T16:40:00,50.0539,1
MCH0008,LINE-C,2026-07-01T17:20:00,50.0789,1
MCH0008,LINE-C,2026-07-01T18:00:00,50.0075,1
MCH0008,LINE-C,2026-07-01T18:40:00,50.0972,1
MCH0008,LINE-C,2026-07-01T19:20:00,50.0185,1
MCH0008,LINE-C,2026-07-01T20:00:00,50.1317,1
MCH0008,LINE-C,2026-07-01T20:40:00,49.9977,1
MCH0008,LINE-C,2026-07-01T21:20:00,50.0662,1
MCH0008,LINE-C,2026-07-01T22:00:00,50.0195,1
MCH0008,LINE-C,2026-07-01T22:40:00,49.9587,1
MCH0008,LINE-C,2026-07-01T23:20:00,50.0072,1
MCH0008,LINE-C,2026-07-02T00:00:00,50.0714,1
MCH0008,LINE-C,2026-07-02T00:40:00,50.0219,1
MCH0008,LINE-C,2026-07-02T01:20:00,50.083,1
MCH0008,LINE-C,2026-07-02T02:00:00,50.0941,1
MCH0008,LINE-C,2026-07-02T02:40:00,50.0317,1
MCH0008,LINE-C,2026-07-02T03:20:00,50.0196,1
MCH0008,LINE-C,2026-07-02T04:00:00,50.0626,1
MCH0008,LINE-C,2026-07-02T04:40:00,50.0819,1
MCH0008,LINE-C,2026-07-02T05:20:00,50.0344,1
MCH0008,LINE-C,2026-07-02T06:00:00,50.1041,1
MCH0008,LINE-C,2026-07-02T06:40:00,50.0558,1
MCH0008,LINE-C,2026-07-02T07:20:00,50.0315,1
MCH0008,LINE-C,2026-07-02T08:00:00,50.0565,1
MCH0008,LINE-C,2026-07-02T08:40:00,50.1074,1
MCH0008,LINE-C,2026-07-02T09:20:00,49.9489,1
MCH0008,LINE-C,2026-07-02T10:00:00,50.0412,1
MCH0008,LINE-C,2026-07-02T10:40:00,50.1559,1
MCH0008,LINE-C,2026-07-02T11:20:00,50.1654,1
MCH0008,LINE-C,2026-07-02T12:00:00,50.1096,1
MCH0008,LINE-C,2026-07-02T12:40:00,49.9695,1
MCH0008,LINE-C,2026-07-02T13:20:00,50.034,1
MCH0008,LINE-C,2026-07-02T14:00:00,50.1114,1
MCH0008,LINE-C,2026-07-02T14:40:00,50.0375,1
MCH0008,LINE-C,2026-07-02T15:20:00,50.0881,1
MCH0008,LINE-C,2026-07-02T16:00:00,50.0129,1
MCH0008,LINE-C,2026-07-02T16:40:00,50.0562,1
MCH0008,LINE-C,2026-07-02T17:20:00,50.0087,1
MCH0008,LINE-C,2026-07-02T18:00:00,50.0378,1
MCH0008,LINE-C,2026-07-02T18:40:00,50.0833,1
MCH0008,LINE-C,2026-07-02T19:20:00,50.1047,1
MCH0008,LINE-C,2026-07-02T20:00:00,50.0208,1
MCH0008,LINE-C,2026-07-02T20:40:00,50.0401,1
MCH0008,LINE-C,2026-07-02T21:20:00,50.0171,1
MCH0008,LINE-C,2026-07-02T22:00:00,50.0303,1
MCH0008,LINE-C,2026-07-02T22:40:00,49.9611,1
MCH0008,LINE-C,2026-07-02T23:20:00,50.0156,1
MCH0008,LINE-C,2026-07-03T00:00:00,50.0132,1
MCH0008,LINE-C,2026-07-03T00:40:00,50.0152,1
MCH0008,LINE-C,2026-07-03T01:20:00,50.1096,1
MCH0008,LINE-C,2026-07-03T02:00:00,50.0929,1
MCH0008,LINE-C,2026-07-03T02:40:00,50.0101,1
MCH0008,LINE-C,2026-07-03T03:20:00,50.0684,1
MCH0008,LINE-C,2026-07-03T04:00:00,50.1113,1
MCH0008,LINE-C,2026-07-03T04:40:00,50.0288,1
MCH0008,LINE-C,2026-07-03T05:20:00,50.1069,1
MCH0008,LINE-C,2026-07-03T06:00:00,50.1381,1
MCH0008,LINE-C,2026-07-03T06:40:00,50.0709,1
MCH0008,LINE-C,2026-07-03T07:20:00,49.9958,1
MCH0008,LINE-C,2026-07-03T08:00:00,50.0284,1
MCH0008,LINE-C,2026-07-03T08:40:00,50.0162,1
MCH0008,LINE-C,2026-07-03T09:20:00,50.0704,1
MCH0008,LINE-C,2026-07-03T10:00:00,50.0562,1
MCH0008,LINE-C,2026-07-03T10:40:00,50.0312,1
MCH0008,LINE-C,2026-07-03T11:20:00,49.9979,1
MCH0008,LINE-C,2026-07-03T12:00:00,50.1146,1
MCH0008,LINE-C,2026-07-03T12:40:00,49.986,1
MCH0008,LINE-C,2026-07-03T13:20:00,50.0454,1
MCH0008,LINE-C,2026-07-03T14:00:00,50.0865,1
MCH0008,LINE-C,2026-07-03T14:40:00,50.0106,1
MCH0008,LINE-C,2026-07-03T15:20:00,50.0904,1
MCH0008,LINE-C,2026-07-03T16:00:00,50.1511,1
MCH0008,LINE-C,2026-07-03T16:40:00,49.9557,1
MCH0008,LINE-C,2026-07-03T17:20:00,50.1166,1
MCH0008,LINE-C,2026-07-03T18:00:00,50.0953,1
MCH0008,LINE-C,2026-07-03T18:40:00,49.9338,1
MCH0008,LINE-C,2026-07-03T19:20:00,50.0585,1
MCH0008,LINE-C,2026-07-03T20:00:00,50.0348,1
MCH0008,LINE-C,2026-07-03T20:40:00,50.0875,1
MCH0008,LINE-C,2026-07-03T21:20:00,50.0489,1
MCH0008,LINE-C,2026-07-03T22:00:00,50.0318,1
MCH0008,LINE-C,2026-07-03T22:40:00,50.1025,1
MCH0008,LINE-C,2026-07-03T23:20:00,50.1147,1
MCH0008,LINE-C,2026-07-04T00:00:00,50.1325,1
MCH0008,LINE-C,2026-07-04T00:40:00,50.0278,1
MCH0008,LINE-C,2026-07-04T01:20:00,50.1145,1
MCH0008,LINE-C,2026-07-04T02:00:00,50.1682,1
MCH0008,LINE-C,2026-07-04T02:40:00,50.0521,1
MCH0008,LINE-C,2026-07-04T03:20:00,50.0307,1
MCH0008,LINE-C,2026-07-04T04:00:00,50.0743,1
MCH0008,LINE-C,2026-07-04T04:40:00,49.9985,1
MCH0008,LINE-C,2026-07-04T05:20:00,50.0423,1
MCH0008,LINE-C,2026-07-04T06:00:00,50.0267,1
MCH0008,LINE-C,2026-07-04T06:40:00,50.0756,1
MCH0008,LINE-C,2026-07-04T07:20:00,50.1864,1
MCH0008,LINE-C,2026-07-04T08:00:00,50.0087,1
MCH0008,LINE-C,2026-07-04T08:40:00,50.0334,1
MCH0008,LINE-C,2026-07-04T09:20:00,50.0986,1
MCH0008,LINE-C,2026-07-04T10:00:00,50.0658,1
MCH0008,LINE-C,2026-07-04T10:40:00,50.0885,1
MCH0008,LINE-C,2026-07-04T11:20:00,50.0866,1
MCH0008,LINE-C,2026-07-04T12:00:00,50.0791,1
MCH0008,LINE-C,2026-07-04T12:40:00,50.0801,1
MCH0008,LINE-C,2026-07-04T13:20:00,50.0405,1
MCH0008,LINE-C,2026-07-04T14:00:00,50.0361,1
MCH0008,LINE-C,2026-07-04T14:40:00,50.0607,1
MCH0008,LINE-C,2026-07-04T15:20:00,50.0356,1
MCH0008,LINE-C,2026-07-04T16:00:00,50.1107,1
MCH0008,LINE-C,2026-07-04T16:40:00,50.0208,1
MCH0008,LINE-C,2026-07-04T17:20:00,50.0463,1
MCH0008,LINE-C,2026-07-04T18:00:00,50.0341,1
MCH0008,LINE-C,2026-07-04T18:40:00,50.0407,1
MCH0008,LINE-C,2026-07-04T19:20:00,50.0995,1
MCH0008,LINE-C,2026-07-04T20:00:00,50.0742,1
MCH0008,LINE-C,2026-07-04T20:40:00,50.0825,1
MCH0008,LINE-C,2026-07-04T21:20:00,50.0592,1
MCH0008,LINE-C,2026-07-04T22:00:00,50.0594,1
MCH0008,LINE-C,2026-07-04T22:40:00,50.2013,1
MCH0008,LINE-C,2026-07-04T23:20:00,50.1406,1
MCH0008,LINE-C,2026-07-05T00:00:00,50.1144,1
MCH0008,LINE-C,2026-07-05T00:40:00,50.1068,1
MCH0008,LINE-C,2026-07-05T01:20:00,50.102,1
MCH0008,LINE-C,2026-07-05T02:00:00,50.0797,1
MCH0008,LINE-C,2026-07-05T02:40:00,50.0529,1
MCH0008,LINE-C,2026-07-05T03:20:00,50.0502,1
MCH0008,LINE-C,2026-07-05T04:00:00,50.0579,1
MCH0008,LINE-C,2026-07-05T04:40:00,50.0958,1
MCH0008,LINE-C,2026-07-05T05:20:00,50.1828,1
MCH0008,LINE-C,2026-07-05T06:00:00,50.1275,1
MCH0008,LINE-C,2026-07-05T06:40:00,50.1015,1
MCH0008,LINE-C,2026-07-05T07:20:00,50.0224,1
MCH0008,LINE-C,2026-07-05T08:00:00,50.1179,1
MCH0008,LINE-C,2026-07-05T08:40:00,50.1069,1
MCH0008,LINE-C,2026-07-05T09:20:00,50.1047,1
MCH0008,LINE-C,2026-07-05T10:00:00,50.0387,1
MCH0008,LINE-C,2026-07-05T10:40:00,50.1545,1
MCH0008,LINE-C,2026-07-05T11:20:00,50.196,1
MCH0008,LINE-C,2026-07-05T12:00:00,50.1259,1
MCH0008,LINE-C,2026-07-05T12:40:00,50.0945,1
MCH0008,LINE-C,2026-07-05T13:20:00,50.1295,1
MCH0008,LINE-C,2026-07-05T14:00:00,50.1541,1
MCH0008,LINE-C,2026-07-05T14:40:00,50.1637,1
MCH0008,LINE-C,2026-07-05T15:20:00,50.0843,1
MCH0008,LINE-C,2026-07-05T16:00:00,50.0971,1
MCH0008,LINE-C,2026-07-05T16:40:00,50.0892,1
MCH0008,LINE-C,2026-07-05T17:20:00,50.0844,1
MCH0008,LINE-C,2026-07-05T18:00:00,50.081,1
MCH0008,LINE-C,2026-07-05T18:40:00,50.1357,1
MCH0008,LINE-C,2026-07-05T19:20:00,50.0813,1
MCH0008,LINE-C,2026-07-05T20:00:00,50.1162,1
MCH0008,LINE-C,2026-07-05T20:40:00,50.0114,1
MCH0008,LINE-C,2026-07-05T21:20:00,50.1704,1
MCH0008,LINE-C,2026-07-05T22:00:00,50.1506,1
MCH0008,LINE-C,2026-07-05T22:40:00,50.0118,1
MCH0008,LINE-C,2026-07-05T23:20:00,50.1678,1
MCH0008,LINE-C,2026-07-06T00:00:00,50.1448,1
MCH0008,LINE-C,2026-07-06T00:40:00,50.0414,1
MCH0008,LINE-C,2026-07-06T01:20:00,50.1117,1
MCH0008,LINE-C,2026-07-06T02:00:00,50.14,1
MCH0008,LINE-C,2026-07-06T02:40:00,50.1988,1
MCH0008,LINE-C,2026-07-06T03:20:00,50.0826,1
MCH0008,LINE-C,2026-07-06T04:00:00,50.1547,1
MCH0008,LINE-C,2026-07-06T04:40:00,50.2344,1
MCH0008,LINE-C,2026-07-06T05:20:00,50.0612,1
MCH0008,LINE-C,2026-07-06T06:00:00,50.2058,1
MCH0008,LINE-C,2026-07-06T06:40:00,50.1217,1
MCH0008,LINE-C,2026-07-06T07:20:00,50.1325,1
MCH0008,LINE-C,2026-07-06T08:00:00,50.1399,1
MCH0008,LINE-C,2026-07-06T08:40:00,50.0236,1
MCH0008,LINE-C,2026-07-06T09:20:00,50.1563,1
MCH0008,LINE-C,2026-07-06T10:00:00,50.1156,1
MCH0008,LINE-C,2026-07-06T10:40:00,50.0398,1
MCH0008,LINE-C,2026-07-06T11:20:00,50.0978,1
MCH0008,LINE-C,2026-07-06T12:00:00,50.1347,1
MCH0008,LINE-C,2026-07-06T12:40:00,50.1055,1
MCH0008,LINE-C,2026-07-06T13:20:00,50.1949,1
MCH0008,LINE-C,2026-07-06T14:00:00,50.0428,1
MCH0008,LINE-C,2026-07-06T14:40:00,50.0554,1
MCH0008,LINE-C,2026-07-06T15:20:00,50.1805,1
MCH0008,LINE-C,2026-07-06T16:00:00,50.0901,1
MCH0008,LINE-C,2026-07-06T16:40:00,50.1909,1
MCH0008,LINE-C,2026-07-06T17:20:00,50.1547,1
MCH0008,LINE-C,2026-07-06T18:00:00,50.1957,1
MCH0008,LINE-C,2026-07-06T18:40:00,50.1864,1
MCH0008,LINE-C,2026-07-06T19:20:00,50.1404,1
MCH0008,LINE-C,2026-07-06T20:00:00,50.1528,1
MCH0008,LINE-C,2026-07-06T20:40:00,50.1458,1
MCH0008,LINE-C,2026-07-06T21:20:00,50.1689,1
MCH0008,LINE-C,2026-07-06T22:00:00,50.1799,1
MCH0008,LINE-C,2026-07-06T22:40:00,50.1306,1
MCH0008,LINE-C,2026-07-06T23:20:00,50.0784,1
MCH0008,LINE-C,2026-07-07T00:00:00,50.1473,1
MCH0008,LINE-C,2026-07-07T00:40:00,50.1564,1
MCH0008,LINE-C,2026-07-07T01:20:00,50.1383,1
MCH0008,LINE-C,2026-07-07T02:00:00,50.1167,1
MCH0008,LINE-C,2026-07-07T02:40:00,50.1359,1
MCH0008,LINE-C,2026-07-07T03:20:00,50.1845,1
MCH0008,LINE-C,2026-07-07T04:00:00,50.1759,1
MCH0008,LINE-C,2026-07-07T04:40:00,50.0798,1
MCH0008,LINE-C,2026-07-07T05:20:00,50.1567,1
MCH0008,LINE-C,2026-07-07T06:00:00,50.1775,1
MCH0008,LINE-C,2026-07-07T06:40:00,50.1047,1
MCH0008,LINE-C,2026-07-07T07:20:00,50.2436,1
MCH0008,LINE-C,2026-07-07T08:00:00,50.2052,1
MCH0008,LINE-C,2026-07-07T08:40:00,50.2162,1
MCH0008,LINE-C,2026-07-07T09:20:00,50.2155,1
MCH0008,LINE-C,2026-07-07T10:00:00,50.1626,1
MCH0008,LINE-C,2026-07-07T10:40:00,50.2089,1
MCH0008,LINE-C,2026-07-07T11:20:00,50.1229,1
MCH0008,LINE-C,2026-07-07T12:00:00,50.1827,1
MCH0008,LINE-C,2026-07-07T12:40:00,50.1148,1
MCH0008,LINE-C,2026-07-07T13:20:00,50.1067,1
MCH0008,LINE-C,2026-07-07T14:00:00,50.1775,1
MCH0008,LINE-C,2026-07-07T14:40:00,50.1449,1
MCH0008,LINE-C,2026-07-07T15:20:00,50.1988,1
MCH0008,LINE-C,2026-07-07T16:00:00,50.2666,1
MCH0008,LINE-C,2026-07-07T16:40:00,50.1564,1
MCH0008,LINE-C,2026-07-07T17:20:00,50.221,1
MCH0008,LINE-C,2026-07-07T18:00:00,50.1249,1
MCH0008,LINE-C,2026-07-07T18:40:00,50.1793,1
MCH0008,LINE-C,2026-07-07T19:20:00,50.1388,1
MCH0008,LINE-C,2026-07-07T20:00:00,50.1116,1
MCH0008,LINE-C,2026-07-07T20:40:00,50.1855,1
MCH0008,LINE-C,2026-07-07T21:20:00,50.1199,1
MCH0008,LINE-C,2026-07-07T22:00:00,50.1092,1
MCH0008,LINE-C,2026-07-07T22:40:00,50.185,1
MCH0008,LINE-C,2026-07-07T23:20:00,50.2205,1
MCH0008,LINE-C,2026-07-08T00:00:00,50.1045,1
MCH0008,LINE-C,2026-07-08T00:40:00,50.1446,1
MCH0008,LINE-C,2026-07-08T01:20:00,50.1796,1
MCH0008,LINE-C,2026-07-08T02:00:00,50.1255,1
MCH0008,LINE-C,2026-07-08T02:40:00,50.2683,1
MCH0008,LINE-C,2026-07-08T03:20:00,50.1217,1
MCH0008,LINE-C,2026-07-08T04:00:00,50.1799,1
MCH0008,LINE-C,2026-07-08T04:40:00,50.2154,1
MCH0008,LINE-C,2026-07-08T05:20:00,50.1491,1
MCH0008,LINE-C,2026-07-08T06:00:00,50.2089,1
MCH0008,LINE-C,2026-07-08T06:40:00,50.2042,1
MCH0008,LINE-C,2026-07-08T07:20:00,50.131,1
MCH0008,LINE-C,2026-07-08T08:00:00,50.1718,1
MCH0008,LINE-C,2026-07-08T08:40:00,50.2737,1
MCH0008,LINE-C,2026-07-08T09:20:00,50.2259,1
MCH0008,LINE-C,2026-07-08T10:00:00,50.2477,1
MCH0008,LINE-C,2026-07-08T10:40:00,50.1185,1
MCH0008,LINE-C,2026-07-08T11:20:00,50.1938,1
MCH0008,LINE-C,2026-07-08T12:00:00,50.2241,1
MCH0008,LINE-C,2026-07-08T12:40:00,50.1575,1
MCH0008,LINE-C,2026-07-08T13:20:00,50.1252,1
MCH0008,LINE-C,2026-07-08T14:00:00,50.0769,1
MCH0008,LINE-C,2026-07-08T14:40:00,50.2353,1
MCH0008,LINE-C,2026-07-08T15:20:00,50.1834,1
MCH0008,LINE-C,2026-07-08T16:00:00,50.1937,1
MCH0008,LINE-C,2026-07-08T16:40:00,50.2216,1
MCH0008,LINE-C,2026-07-08T17:20:00,50.1771,1
MCH0008,LINE-C,2026-07-08T18:00:00,50.2029,1
MCH0008,LINE-C,2026-07-08T18:40:00,50.1651,1
MCH0008,LINE-C,2026-07-08T19:20:00,50.2687,1
MCH0008,LINE-C,2026-07-08T20:00:00,50.2999,1
MCH0008,LINE-C,2026-07-08T20:40:00,50.2066,1
MCH0008,LINE-C,2026-07-08T21:20:00,50.1774,1
MCH0008,LINE-C,2026-07-08T22:00:00,50.2693,1
MCH0008,LINE-C,2026-07-08T22:40:00,50.1495,1
MCH0008,LINE-C,2026-07-08T23:20:00,50.172,1
MCH0008,LINE-C,2026-07-09T00:00:00,50.1802,1
MCH0008,LINE-C,2026-07-09T00:40:00,50.2062,1
MCH0008,LINE-C,2026-07-09T01:20:00,50.1878,1
MCH0008,LINE-C,2026-07-09T02:00:00,50.1871,1
MCH0008,LINE-C,2026-07-09T02:40:00,50.3092,0
MCH0008,LINE-C,2026-07-09T03:20:00,50.2301,1
MCH0008,LINE-C,2026-07-09T04:00:00,50.155,1
MCH0008,LINE-C,2026-07-09T04:40:00,50.0728,1
MCH0008,LINE-C,2026-07-09T05:20:00,50.2281,1
MCH0008,LINE-C,2026-07-09T06:00:00,50.2229,1
MCH0008,LINE-C,2026-07-09T06:40:00,50.1495,1
MCH0008,LINE-C,2026-07-09T07:20:00,50.2185,1
MCH0008,LINE-C,2026-07-09T08:00:00,50.1148,1
MCH0008,LINE-C,2026-07-09T08:40:00,50.1471,1
MCH0008,LINE-C,2026-07-09T09:20:00,50.1207,1
MCH0008,LINE-C,2026-07-09T10:00:00,50.3393,0
MCH0008,LINE-C,2026-07-09T10:40:00,50.2819,1
MCH0008,LINE-C,2026-07-09T11:20:00,50.1562,1
MCH0008,LINE-C,2026-07-09T12:00:00,50.2033,1
MCH0008,LINE-C,2026-07-09T12:40:00,50.197,1
MCH0008,LINE-C,2026-07-09T13:20:00,50.2075,1
MCH0008,LINE-C,2026-07-09T14:00:00,50.1781,1
MCH0008,LINE-C,2026-07-09T14:40:00,50.1991,1
MCH0008,LINE-C,2026-07-09T15:20:00,50.2165,1
MCH0008,LINE-C,2026-07-09T16:00:00,50.1257,1
MCH0008,LINE-C,2026-07-09T16:40:00,50.1856,1
MCH0008,LINE-C,2026-07-09T17:20:00,50.1959,1
MCH0008,LINE-C,2026-07-09T18:00:00,50.2814,1
MCH0008,LINE-C,2026-07-09T18:40:00,50.3005,0
MCH0008,LINE-C,2026-07-09T19:20:00,50.1966,1
MCH0008,LINE-C,2026-07-09T20:00:00,50.1786,1
MCH0008,LINE-C,2026-07-09T20:40:00,50.2195,1
MCH0008,LINE-C,2026-07-09T21:20:00,50.1625,1
MCH0008,LINE-C,2026-07-09T22:00:00,50.1728,1
MCH0008,LINE-C,2026-07-09T22:40:00,50.1941,1
MCH0008,LINE-C,2026-07-09T23:20:00,50.202,1
MCH0008,LINE-C,2026-07-10T00:00:00,50.1882,1
MCH0008,LINE-C,2026-07-10T00:40:00,50.243,1
MCH0008,LINE-C,2026-07-10T01:20:00,50.2651,1
MCH0008,LINE-C,2026-07-10T02:00:00,50.2179,1
MCH0008,LINE-C,2026-07-10T02:40:00,50.1961,1
MCH0008,LINE-C,2026-07-10T03:20:00,50.0977,1
MCH0008,LINE-C,2026-07-10T04:00:00,50.2402,1
MCH0008,LINE-C,2026-07-10T04:40:00,50.2286,1
MCH0008,LINE-C,2026-07-10T05:20:00,50.1938,1
MCH0008,LINE-C,2026-07-10T06:00:00,50.2186,1
MCH0008,LINE-C,2026-07-10T06:40:00,50.2136,1
MCH0008,LINE-C,2026-07-10T07:20:00,50.2668,1
MCH0008,LINE-C,2026-07-10T08:00:00,50.2125,1
MCH0008,LINE-C,2026-07-10T08:40:00,50.2818,1
MCH0008,LINE-C,2026-07-10T09:20:00,50.228,1
MCH0008,LINE-C,2026-07-10T10:00:00,50.2516,1
MCH0008,LINE-C,2026-07-10T10:40:00,50.2011,1
MCH0008,LINE-C,2026-07-10T11:20:00,50.2134,1
MCH0008,LINE-C,2026-07-10T12:00:00,50.2158,1
MCH0008,LINE-C,2026-07-10T12:40:00,50.1903,1
MCH0008,LINE-C,2026-07-10T13:20:00,50.2035,1
MCH0008,LINE-C,2026-07-10T14:00:00,50.2059,1
MCH0008,LINE-C,2026-07-10T14:40:00,50.2544,1
MCH0008,LINE-C,2026-07-10T15:20:00,50.2137,1
MCH0008,LINE-C,2026-07-10T16:00:00,50.3135,0
MCH0008,LINE-C,2026-07-10T16:40:00,50.3209,0
MCH0008,LINE-C,2026-07-10T17:20:00,50.1862,1
MCH0008,LINE-C,2026-07-10T18:00:00,50.2595,1
MCH0008,LINE-C,2026-07-10T18:40:00,50.2098,1
MCH0008,LINE-C,2026-07-10T19:20:00,50.1807,1
MCH0008,LINE-C,2026-07-10T20:00:00,50.3104,0
MCH0008,LINE-C,2026-07-10T20:40:00,50.2564,1
MCH0008,LINE-C,2026-07-10T21:20:00,50.167,1
MCH0008,LINE-C,2026-07-10T22:00:00,50.2226,1
MCH0008,LINE-C,2026-07-10T22:40:00,50.331,0
MCH0008,LINE-C,2026-07-10T23:20:00,50.2715,1
MCH0008,LINE-C,2026-07-11T00:00:00,50.2353,1
MCH0008,LINE-C,2026-07-11T00:40:00,50.242,1
MCH0008,LINE-C,2026-07-11T01:20:00,50.2225,1
MCH0008,LINE-C,2026-07-11T02:00:00,50.2162,1
MCH0008,LINE-C,2026-07-11T02:40:00,50.2511,1
MCH0008,LINE-C,2026-07-11T03:20:00,50.1408,1
MCH0008,LINE-C,2026-07-11T04:00:00,50.294,1
MCH0008,LINE-C,2026-07-11T04:40:00,50.2078,1
MCH0008,LINE-C,2026-07-11T05:20:00,50.181,1
MCH0008,LINE-C,2026-07-11T06:00:00,50.3168,0
MCH0008,LINE-C,2026-07-11T06:40:00,50.2224,1
MCH0008,LINE-C,2026-07-11T07:20:00,50.2553,1
MCH0008,LINE-C,2026-07-11T08:00:00,50.3142,0
MCH0008,LINE-C,2026-07-11T08:40:00,50.1693,1
MCH0008,LINE-C,2026-07-11T09:20:00,50.3643,0
MCH0008,LINE-C,2026-07-11T10:00:00,50.2441,1
MCH0008,LINE-C,2026-07-11T10:40:00,50.2699,1
MCH0008,LINE-C,2026-07-11T11:20:00,50.2786,1
MCH0008,LINE-C,2026-07-11T12:00:00,50.2886,1
MCH0008,LINE-C,2026-07-11T12:40:00,50.2652,1
MCH0008,LINE-C,2026-07-11T13:20:00,50.2983,1
MCH0008,LINE-C,2026-07-11T14:00:00,50.3533,0
MCH0008,LINE-C,2026-07-11T14:40:00,50.3176,0
MCH0008,LINE-C,2026-07-11T15:20:00,50.2265,1
MCH0008,LINE-C,2026-07-11T16:00:00,50.2263,1
MCH0008,LINE-C,2026-07-11T16:40:00,50.241,1
MCH0008,LINE-C,2026-07-11T17:20:00,50.3712,0
MCH0008,LINE-C,2026-07-11T18:00:00,50.1738,1
MCH0008,LINE-C,2026-07-11T18:40:00,50.2706,1
MCH0008,LINE-C,2026-07-11T19:20:00,50.3323,0
MCH0008,LINE-C,2026-07-11T20:00:00,50.2787,1
MCH0008,LINE-C,2026-07-11T20:40:00,50.299,1
MCH0008,LINE-C,2026-07-11T21:20:00,50.288,1
MCH0008,LINE-C,2026-07-11T22:00:00,50.2232,1
MCH0008,LINE-C,2026-07-11T22:40:00,50.2319,1
MCH0008,LINE-C,2026-07-11T23:20:00,50.299,1
MCH0008,LINE-C,2026-07-12T00:00:00,50.3002,0
MCH0008,LINE-C,2026-07-12T00:40:00,50.2079,1
MCH0008,LINE-C,2026-07-12T01:20:00,50.2712,1
MCH0008,LINE-C,2026-07-12T02:00:00,50.2351,1
MCH0008,LINE-C,2026-07-12T02:40:00,50.3004,0
MCH0008,LINE-C,2026-07-12T03:20:00,50.2685,1
MCH0008,LINE-C,2026-07-12T04:00:00,50.2849,1
MCH0008,LINE-C,2026-07-12T04:40:00,50.2438,1
MCH0008,LINE-C,2026-07-12T05:20:00,50.26,1
MCH0008,LINE-C,2026-07-12T06:00:00,50.3073,0
MCH0008,LINE-C,2026-07-12T06:40:00,50.2495,1
MCH0008,LINE-C,2026-07-12T07:20:00,50.2944,1
MCH0008,LINE-C,2026-07-12T08:00:00,50.2864,1
MCH0008,LINE-C,2026-07-12T08:40:00,50.3032,0
MCH0008,LINE-C,2026-07-12T09:20:00,50.2905,1
MCH0008,LINE-C,2026-07-12T10:00:00,50.317,0
MCH0008,LINE-C,2026-07-12T10:40:00,50.1812,1
MCH0008,LINE-C,2026-07-12T11:20:00,50.2812,1
MCH0008,LINE-C,2026-07-12T12:00:00,50.2729,1
MCH0008,LINE-C,2026-07-12T12:40:00,50.3331,0
MCH0008,LINE-C,2026-07-12T13:20:00,50.3417,0
MCH0008,LINE-C,2026-07-12T14:00:00,50.2527,1
MCH0008,LINE-C,2026-07-12T14:40:00,50.4034,0
MCH0008,LINE-C,2026-07-12T15:20:00,50.3331,0
MCH0008,LINE-C,2026-07-12T16:00:00,50.2638,1
MCH0008,LINE-C,2026-07-12T16:40:00,50.3614,0
MCH0008,LINE-C,2026-07-12T17:20:00,50.2897,1
MCH0008,LINE-C,2026-07-12T18:00:00,50.2895,1
MCH0008,LINE-C,2026-07-12T18:40:00,50.2531,1
MCH0008,LINE-C,2026-07-12T19:20:00,50.2085,1
MCH0008,LINE-C,2026-07-12T20:00:00,50.3416,0
MCH0008,LINE-C,2026-07-12T20:40:00,50.1865,1
MCH0008,LINE-C,2026-07-12T21:20:00,50.3036,0
MCH0008,LINE-C,2026-07-12T22:00:00,50.3422,0
MCH0008,LINE-C,2026-07-12T22:40:00,50.2783,1
MCH0008,LINE-C,2026-07-12T23:20:00,50.2734,1
MCH0008,LINE-C,2026-07-13T00:00:00,50.3218,0
MCH0008,LINE-C,2026-07-13T00:40:00,50.2076,1
MCH0008,LINE-C,2026-07-13T01:20:00,50.3033,0
MCH0008,LINE-C,2026-07-13T02:00:00,50.2362,1
MCH0008,LINE-C,2026-07-13T02:40:00,50.3319,0
MCH0008,LINE-C,2026-07-13T03:20:00,50.3507,0
MCH0008,LINE-C,2026-07-13T04:00:00,50.387,0
MCH0008,LINE-C,2026-07-13T04:40:00,50.2912,1
MCH0008,LINE-C,2026-07-13T05:20:00,50.2759,1
MCH0008,LINE-C,2026-07-13T06:00:00,50.3087,0
MCH0008,LINE-C,2026-07-13T06:40:00,50.3354,0
MCH0008,LINE-C,2026-07-13T07:20:00,50.2883,1
MCH0008,LINE-C,2026-07-13T08:00:00,50.3003,0
MCH0008,LINE-C,2026-07-13T08:40:00,50.218,1
MCH0008,LINE-C,2026-07-13T09:20:00,50.3045,0
MCH0008,LINE-C,2026-07-13T10:00:00,50.2566,1
MCH0008,LINE-C,2026-07-13T10:40:00,50.338,0
MCH0008,LINE-C,2026-07-13T11:20:00,50.288,1
MCH0008,LINE-C,2026-07-13T12:00:00,50.2838,1
MCH0008,LINE-C,2026-07-13T12:40:00,50.3482,0
MCH0008,LINE-C,2026-07-13T13:20:00,50.3248,0
MCH0008,LINE-C,2026-07-13T14:00:00,50.3286,0
MCH0008,LINE-C,2026-07-13T14:40:00,50.415,0
MCH0008,LINE-C,2026-07-13T15:20:00,50.3179,0
MCH0008,LINE-C,2026-07-13T16:00:00,50.1628,1
MCH0008,LINE-C,2026-07-13T16:40:00,50.2873,1
MCH0008,LINE-C,2026-07-13T17:20:00,50.3286,0
MCH0008,LINE-C,2026-07-13T18:00:00,50.2916,1
MCH0008,LINE-C,2026-07-13T18:40:00,50.3536,0
MCH0008,LINE-C,2026-07-13T19:20:00,50.2416,1
MCH0008,LINE-C,2026-07-13T20:00:00,50.3714,0
MCH0008,LINE-C,2026-07-13T20:40:00,50.2576,1
MCH0008,LINE-C,2026-07-13T21:20:00,50.3793,0
MCH0008,LINE-C,2026-07-13T22:00:00,50.357,0
MCH0008,LINE-C,2026-07-13T22:40:00,50.3422,0
MCH0008,LINE-C,2026-07-13T23:20:00,50.3709,0
MCH0008,LINE-C,2026-07-14T00:00:00,50.3084,0
MCH0008,LINE-C,2026-07-14T00:40:00,50.3145,0
MCH0008,LINE-C,2026-07-14T01:20:00,50.3642,0
MCH0008,LINE-C,2026-07-14T02:00:00,50.3317,0
MCH0008,LINE-C,2026-07-14T02:40:00,50.4206,0
MCH0008,LINE-C,2026-07-14T03:20:00,50.2772,1
MCH0008,LINE-C,2026-07-14T04:00:00,50.2587,1
MCH0008,LINE-C,2026-07-14T04:40:00,50.3459,0
MCH0008,LINE-C,2026-07-14T05:20:00,50.35,0
MCH0008,LINE-C,2026-07-14T06:00:00,50.3349,0
MCH0008,LINE-C,2026-07-14T06:40:00,50.2675,1
MCH0008,LINE-C,2026-07-14T07:20:00,50.3519,0
MCH0008,LINE-C,2026-07-14T08:00:00,50.3504,0
MCH0008,LINE-C,2026-07-14T08:40:00,50.3801,0
MCH0008,LINE-C,2026-07-14T09:20:00,50.3054,0
MCH0008,LINE-C,2026-07-14T10:00:00,50.3903,0
MCH0008,LINE-C,2026-07-14T10:40:00,50.337,0
MCH0008,LINE-C,2026-07-14T11:20:00,50.3179,0
MCH0008,LINE-C,2026-07-14T12:00:00,50.3857,0
MCH0008,LINE-C,2026-07-14T12:40:00,50.3924,0
MCH0008,LINE-C,2026-07-14T13:20:00,50.4449,0
MCH0008,LINE-C,2026-07-14T14:00:00,50.3351,0
MCH0008,LINE-C,2026-07-14T14:40:00,50.3211,0
MCH0008,LINE-C,2026-07-14T15:20:00,50.3426,0
MCH0008,LINE-C,2026-07-14T16:00:00,50.4128,0
MCH0008,LINE-C,2026-07-14T16:40:00,50.2214,1
MCH0008,LINE-C,2026-07-14T17:20:00,50.345,0
MCH0008,LINE-C,2026-07-14T18:00:00,50.3515,0
MCH0008,LINE-C,2026-07-14T18:40:00,50.3784,0
MCH0008,LINE-C,2026-07-14T19:20:00,50.3225,0
MCH0008,LINE-C,2026-07-14T20:00:00,50.4061,0
MCH0008,LINE-C,2026-07-14T20:40:00,50.3686,0
MCH0008,LINE-C,2026-07-14T21:20:00,50.4224,0
MCH0008,LINE-C,2026-07-14T22:00:00,50.3547,0
MCH0008,LINE-C,2026-07-14T22:40:00,50.3759,0
MCH0008,LINE-C,2026-07-14T23:20:00,50.308,0
MCH0008,LINE-C,2026-07-15T00:00:00,50.3183,0
MCH0008,LINE-C,2026-07-15T00:40:00,50.4117,0
MCH0008,LINE-C,2026-07-15T01:20:00,50.4274,0
MCH0008,LINE-C,2026-07-15T02:00:00,50.422,0
MCH0008,LINE-C,2026-07-15T02:40:00,50.3831,0
MCH0008,LINE-C,2026-07-15T03:20:00,50.2386,1
MCH0008,LINE-C,2026-07-15T04:00:00,50.4073,0
MCH0008,LINE-C,2026-07-15T04:40:00,50.3203,0
MCH0008,LINE-C,2026-07-15T05:20:00,50.2966,1
MCH0008,LINE-C,2026-07-15T06:00:00,50.3383,0
MCH0008,LINE-C,2026-07-15T06:40:00,50.3009,0
MCH0008,LINE-C,2026-07-15T07:20:00,50.2772,1
MCH0008,LINE-C,2026-07-15T08:00:00,50.3306,0
MCH0008,LINE-C,2026-07-15T08:40:00,50.4241,0
MCH0008,LINE-C,2026-07-15T09:20:00,50.3406,0
MCH0008,LINE-C,2026-07-15T10:00:00,50.3354,0
MCH0008,LINE-C,2026-07-15T10:40:00,50.2354,1
MCH0008,LINE-C,2026-07-15T11:20:00,50.3036,0
MCH0008,LINE-C,2026-07-15T12:00:00,50.3307,0
MCH0008,LINE-C,2026-07-15T12:40:00,50.3879,0
MCH0008,LINE-C,2026-07-15T13:20:00,50.3506,0
MCH0008,LINE-C,2026-07-15T14:00:00,50.3887,0
MCH0008,LINE-C,2026-07-15T14:40:00,50.4014,0
MCH0008,LINE-C,2026-07-15T15:20:00,50.3549,0
MCH0008,LINE-C,2026-07-15T16:00:00,50.4454,0
MCH0008,LINE-C,2026-07-15T16:40:00,50.3309,0
MCH0008,LINE-C,2026-07-15T17:20:00,50.4113,0
MCH0008,LINE-C,2026-07-15T18:00:00,50.3718,0
MCH0008,LINE-C,2026-07-15T18:40:00,50.3575,0
MCH0008,LINE-C,2026-07-15T19:20:00,50.3445,0
MCH0008,LINE-C,2026-07-15T20:00:00,50.3557,0
MCH0008,LINE-C,2026-07-15T20:40:00,50.3463,0
MCH0008,LINE-C,2026-07-15T21:20:00,50.3901,0
MCH0008,LINE-C,2026-07-15T22:00:00,50.3831,0
MCH0008,LINE-C,2026-07-15T22:40:00,50.4107,0
MCH0008,LINE-C,2026-07-15T23:20:00,50.4413,0
MCH0008,LINE-C,2026-07-16T00:00:00,50.3014,0
MCH0008,LINE-C,2026-07-16T00:40:00,50.3527,0
MCH0008,LINE-C,2026-07-16T01:20:00,50.4439,0
MCH0008,LINE-C,2026-07-16T02:00:00,50.3529,0
MCH0008,LINE-C,2026-07-16T02:40:00,50.363,0
MCH0008,LINE-C,2026-07-16T03:20:00,50.3512,0
MCH0008,LINE-C,2026-07-16T04:00:00,50.3145,0
MCH0008,LINE-C,2026-07-16T04:40:00,50.4226,0
MCH0008,LINE-C,2026-07-16T05:20:00,50.325,0
MCH0008,LINE-C,2026-07-16T06:00:00,50.3741,0
MCH0008,LINE-C,2026-07-16T06:40:00,50.3635,0
MCH0008,LINE-C,2026-07-16T07:20:00,50.4238,0
MCH0008,LINE-C,2026-07-16T08:00:00,50.2916,1
MCH0008,LINE-C,2026-07-16T08:40:00,50.3765,0
MCH0008,LINE-C,2026-07-16T09:20:00,50.3987,0
MCH0008,LINE-C,2026-07-16T10:00:00,50.3578,0
MCH0008,LINE-C,2026-07-16T10:40:00,50.3977,0
MCH0008,LINE-C,2026-07-16T11:20:00,50.4555,0
MCH0008,LINE-C,2026-07-16T12:00:00,50.4928,0
MCH0008,LINE-C,2026-07-16T12:40:00,50.4797,0
MCH0008,LINE-C,2026-07-16T13:20:00,50.4532,0
MCH0008,LINE-C,2026-07-16T14:00:00,50.3806,0
MCH0008,LINE-C,2026-07-16T14:40:00,50.3845,0
MCH0008,LINE-C,2026-07-16T15:20:00,50.331,0
MCH0008,LINE-C,2026-07-16T16:00:00,50.4702,0
MCH0008,LINE-C,2026-07-16T16:40:00,50.409,0
MCH0008,LINE-C,2026-07-16T17:20:00,50.4766,0
MCH0008,LINE-C,2026-07-16T18:00:00,50.3119,0
MCH0008,LINE-C,2026-07-16T18:40:00,50.3512,0
MCH0008,LINE-C,2026-07-16T19:20:00,50.4632,0
MCH0008,LINE-C,2026-07-16T20:00:00,50.3607,0
MCH0008,LINE-C,2026-07-16T20:40:00,50.3855,0
MCH0008,LINE-C,2026-07-16T21:20:00,50.4265,0
MCH0008,LINE-C,2026-07-16T22:00:00,50.411,0
MCH0008,LINE-C,2026-07-16T22:40:00,50.5127,0
MCH0008,LINE-C,2026-07-16T23:20:00,50.4032,0
MCH0008,LINE-C,2026-07-17T00:00:00,50.396,0
MCH0008,LINE-C,2026-07-17T00:40:00,50.4365,0
MCH0008,LINE-C,2026-07-17T01:20:00,50.3633,0
MCH0008,LINE-C,2026-07-17T02:00:00,50.4059,0
MCH0008,LINE-C,2026-07-17T02:40:00,50.3157,0
MCH0008,LINE-C,2026-07-17T03:20:00,50.3818,0
MCH0008,LINE-C,2026-07-17T04:00:00,50.4423,0
MCH0008,LINE-C,2026-07-17T04:40:00,50.3652,0
MCH0008,LINE-C,2026-07-17T05:20:00,50.3895,0
MCH0008,LINE-C,2026-07-17T06:00:00,50.3762,0
MCH0008,LINE-C,2026-07-17T06:40:00,50.4091,0
MCH0008,LINE-C,2026-07-17T07:20:00,50.3992,0
MCH0008,LINE-C,2026-07-17T08:00:00,50.3902,0
MCH0008,LINE-C,2026-07-17T08:40:00,50.4305,0
MCH0008,LINE-C,2026-07-17T09:20:00,50.344,0
MCH0008,LINE-C,2026-07-17T10:00:00,50.369,0
MCH0008,LINE-C,2026-07-17T10:40:00,50.4631,0
MCH0008,LINE-C,2026-07-17T11:20:00,50.3749,0
MCH0008,LINE-C,2026-07-17T12:00:00,50.3598,0
MCH0008,LINE-C,2026-07-17T12:40:00,50.3885,0
MCH0008,LINE-C,2026-07-17T13:20:00,50.3621,0
MCH0008,LINE-C,2026-07-17T14:00:00,50.5342,0
MCH0008,LINE-C,2026-07-17T14:40:00,50.423,0
MCH0008,LINE-C,2026-07-17T15:20:00,50.4077,0
MCH0008,LINE-C,2026-07-17T16:00:00,50.5141,0
MCH0008,LINE-C,2026-07-17T16:40:00,50.4462,0
MCH0008,LINE-C,2026-07-17T17:20:00,50.4019,0
MCH0008,LINE-C,2026-07-17T18:00:00,50.4544,0
MCH0008,LINE-C,2026-07-17T18:40:00,50.4236,0
MCH0008,LINE-C,2026-07-17T19:20:00,50.3475,0
MCH0008,LINE-C,2026-07-17T20:00:00,50.4769,0
MCH0008,LINE-C,2026-07-17T20:40:00,50.4687,0
MCH0008,LINE-C,2026-07-17T21:20:00,50.4759,0
MCH0008,LINE-C,2026-07-17T22:00:00,50.3968,0
MCH0008,LINE-C,2026-07-17T22:40:00,50.488,0
MCH0008,LINE-C,2026-07-17T23:20:00,50.428,0
MCH0008,LINE-C,2026-07-18T00:00:00,50.4177,0
MCH0008,LINE-C,2026-07-18T00:40:00,50.3448,0
MCH0008,LINE-C,2026-07-18T01:20:00,50.3827,0
MCH0008,LINE-C,2026-07-18T02:00:00,50.4215,0
MCH0008,LINE-C,2026-07-18T02:40:00,50.4696,0
MCH0008,LINE-C,2026-07-18T03:20:00,50.4209,0
MCH0008,LINE-C,2026-07-18T04:00:00,50.42,0
MCH0008,LINE-C,2026-07-18T04:40:00,50.4778,0
MCH0008,LINE-C,2026-07-18T05:20:00,50.347,0
MCH0008,LINE-C,2026-07-18T06:00:00,50.4451,0
MCH0008,LINE-C,2026-07-18T06:40:00,50.4295,0
MCH0008,LINE-C,2026-07-18T07:20:00,50.4181,0
MCH0008,LINE-C,2026-07-18T08:00:00,50.4375,0
MCH0008,LINE-C,2026-07-18T08:40:00,50.4686,0
MCH0008,LINE-C,2026-07-18T09:20:00,50.4565,0
MCH0008,LINE-C,2026-07-18T10:00:00,50.5077,0
MCH0008,LINE-C,2026-07-18T10:40:00,50.3883,0
MCH0008,LINE-C,2026-07-18T11:20:00,50.4619,0
MCH0008,LINE-C,2026-07-18T12:00:00,50.402,0
MCH0008,LINE-C,2026-07-18T12:40:00,50.496,0
MCH0008,LINE-C,2026-07-18T13:20:00,50.3506,0
MCH0008,LINE-C,2026-07-18T14:00:00,50.4442,0
MCH0008,LINE-C,2026-07-18T14:40:00,50.4599,0
MCH0008,LINE-C,2026-07-18T15:20:00,50.4964,0
MCH0008,LINE-C,2026-07-18T16:00:00,50.3793,0
MCH0008,LINE-C,2026-07-18T16:40:00,50.5373,0
MCH0008,LINE-C,2026-07-18T17:20:00,50.4559,0
MCH0008,LINE-C,2026-07-18T18:00:00,50.53,0
MCH0008,LINE-C,2026-07-18T18:40:00,50.4116,0
MCH0008,LINE-C,2026-07-18T19:20:00,50.4173,0
MCH0008,LINE-C,2026-07-18T20:00:00,50.5078,0
MCH0008,LINE-C,2026-07-18T20:40:00,50.3798,0
MCH0008,LINE-C,2026-07-18T21:20:00,50.438,0
MCH0008,LINE-C,2026-07-18T22:00:00,50.4778,0
MCH0008,LINE-C,2026-07-18T22:40:00,50.4854,0
MCH0008,LINE-C,2026-07-18T23:20:00,50.5141,0
MCH0008,LINE-C,2026-07-19T00:00:00,50.458,0
MCH0008,LINE-C,2026-07-19T00:40:00,50.4586,0
MCH0008,LINE-C,2026-07-19T01:20:00,50.4102,0
MCH0008,LINE-C,2026-07-19T02:00:00,50.5601,0
MCH0008,LINE-C,2026-07-19T02:40:00,50.4667,0
MCH0008,LINE-C,2026-07-19T03:20:00,50.5385,0
MCH0008,LINE-C,2026-07-19T04:00:00,50.388,0
MCH0008,LINE-C,2026-07-19T04:40:00,50.4407,0
MCH0008,LINE-C,2026-07-19T05:20:00,50.4427,0
MCH0008,LINE-C,2026-07-19T06:00:00,50.4134,0
MCH0008,LINE-C,2026-07-19T06:40:00,50.4606,0
MCH0008,LINE-C,2026-07-19T07:20:00,50.4306,0
MCH0008,LINE-C,2026-07-19T08:00:00,50.4428,0
MCH0008,LINE-C,2026-07-19T08:40:00,50.408,0
MCH0008,LINE-C,2026-07-19T09:20:00,50.4472,0
MCH0008,LINE-C,2026-07-19T10:00:00,50.5492,0
MCH0008,LINE-C,2026-07-19T10:40:00,50.4721,0
MCH0008,LINE-C,2026-07-19T11:20:00,50.3815,0
MCH0008,LINE-C,2026-07-19T12:00:00,50.4536,0
MCH0008,LINE-C,2026-07-19T12:40:00,50.4368,0
MCH0008,LINE-C,2026-07-19T13:20:00,50.4801,0
MCH0008,LINE-C,2026-07-19T14:00:00,50.4815,0
MCH0008,LINE-C,2026-07-19T14:40:00,50.4168,0
MCH0008,LINE-C,2026-07-19T15:20:00,50.4191,0
MCH0008,LINE-C,2026-07-19T16:00:00,50.4573,0
MCH0008,LINE-C,2026-07-19T16:40:00,50.4668,0
MCH0008,LINE-C,2026-07-19T17:20:00,50.4987,0
MCH0008,LINE-C,2026-07-19T18:00:00,50.4698,0
MCH0008,LINE-C,2026-07-19T18:40:00,50.3854,0
MCH0008,LINE-C,2026-07-19T19:20:00,50.4831,0
MCH0008,LINE-C,2026-07-19T20:00:00,50.4815,0
MCH0008,LINE-C,2026-07-19T20:40:00,50.465,0
MCH0008,LINE-C,2026-07-19T21:20:00,50.4248,0
MCH0008,LINE-C,2026-07-19T22:00:00,50.4724,0
MCH0008,LINE-C,2026-07-19T22:40:00,50.4348,0
MCH0008,LINE-C,2026-07-19T23:20:00,50.4424,0
MCH0008,LINE-C,2026-07-20T00:00:00,50.519,0
MCH0008,LINE-C,2026-07-20T00:40:00,50.5232,0
MCH0008,LINE-C,2026-07-20T01:20:00,50.5234,0
MCH0008,LINE-C,2026-07-20T02:00:00,50.4138,0
MCH0008,LINE-C,2026-07-20T02:40:00,50.4465,0
MCH0008,LINE-C,2026-07-20T03:20:00,50.4983,0
MCH0008,LINE-C,2026-07-20T04:00:00,50.4595,0
MCH0008,LINE-C,2026-07-20T04:40:00,50.4714,0
MCH0008,LINE-C,2026-07-20T05:20:00,50.4481,0
MCH0008,LINE-C,2026-07-20T06:00:00,50.4623,0
MCH0008,LINE-C,2026-07-20T06:40:00,50.4548,0
MCH0008,LINE-C,2026-07-20T07:20:00,50.4895,0
MCH0008,LINE-C,2026-07-20T08:00:00,50.5334,0
MCH0008,LINE-C,2026-07-20T08:40:00,50.5461,0
MCH0008,LINE-C,2026-07-20T09:20:00,50.5479,0
MCH0008,LINE-C,2026-07-20T10:00:00,50.4656,0
MCH0008,LINE-C,2026-07-20T10:40:00,50.4742,0
MCH0008,LINE-C,2026-07-20T11:20:00,50.4582,0
MCH0008,LINE-C,2026-07-20T12:00:00,50.4999,0
MCH0008,LINE-C,2026-07-20T12:40:00,50.4239,0
MCH0008,LINE-C,2026-07-20T13:20:00,50.5429,0
MCH0008,LINE-C,2026-07-20T14:00:00,50.5135,0
MCH0008,LINE-C,2026-07-20T14:40:00,50.5204,0
MCH0008,LINE-C,2026-07-20T15:20:00,50.4467,0
MCH0008,LINE-C,2026-07-20T16:00:00,50.4937,0
MCH0008,LINE-C,2026-07-20T16:40:00,50.4613,0
MCH0008,LINE-C,2026-07-20T17:20:00,50.4839,0
MCH0008,LINE-C,2026-07-20T18:00:00,50.5259,0
MCH0008,LINE-C,2026-07-20T18:40:00,50.5125,0
MCH0008,LINE-C,2026-07-20T19:20:00,50.3993,0
MCH0008,LINE-C,2026-07-20T20:00:00,50.5546,0
MCH0008,LINE-C,2026-07-20T20:40:00,50.4993,0
MCH0008,LINE-C,2026-07-20T21:20:00,50.4573,0
MCH0008,LINE-C,2026-07-20T22:00:00,50.5633,0
MCH0008,LINE-C,2026-07-20T22:40:00,50.538,0
MCH0008,LINE-C,2026-07-20T23:20:00,50.5353,0
MCH0008,LINE-C,2026-07-21T00:00:00,50.3664,0
MCH0008,LINE-C,2026-07-21T00:40:00,50.4239,0
MCH0008,LINE-C,2026-07-21T01:20:00,50.5437,0
MCH0008,LINE-C,2026-07-21T02:00:00,50.3965,0
MCH0008,LINE-C,2026-07-21T02:40:00,50.5342,0
MCH0008,LINE-C,2026-07-21T03:20:00,50.5027,0
MCH0008,LINE-C,2026-07-21T04:00:00,50.5334,0
MCH0008,LINE-C,2026-07-21T04:40:00,50.5763,0
MCH0008,LINE-C,2026-07-21T05:20:00,50.4704,0
MCH0008,LINE-C,2026-07-21T06:00:00,50.5625,0
MCH0008,LINE-C,2026-07-21T06:40:00,50.4479,0
MCH0008,LINE-C,2026-07-21T07:20:00,50.5095,0
MCH0008,LINE-C,2026-07-21T08:00:00,50.5053,0
MCH0008,LINE-C,2026-07-21T08:40:00,50.468,0
MCH0008,LINE-C,2026-07-21T09:20:00,50.5012,0
MCH0008,LINE-C,2026-07-21T10:00:00,50.4811,0
MCH0008,LINE-C,2026-07-21T10:40:00,50.5376,0
MCH0008,LINE-C,2026-07-21T11:20:00,50.4872,0
MCH0008,LINE-C,2026-07-21T12:00:00,50.4673,0
MCH0008,LINE-C,2026-07-21T12:40:00,50.4474,0
MCH0008,LINE-C,2026-07-21T13:20:00,50.5494,0
MCH0008,LINE-C,2026-07-21T14:00:00,50.5035,0
MCH0008,LINE-C,2026-07-21T14:40:00,50.4968,0
MCH0008,LINE-C,2026-07-21T15:20:00,50.5232,0
MCH0008,LINE-C,2026-07-21T16:00:00,50.5715,0
MCH0008,LINE-C,2026-07-21T16:40:00,50.4499,0
MCH0008,LINE-C,2026-07-21T17:20:00,50.5454,0
MCH0008,LINE-C,2026-07-21T18:00:00,50.4957,0
MCH0008,LINE-C,2026-07-21T18:40:00,50.4903,0
MCH0008,LINE-C,2026-07-21T19:20:00,50.4894,0
MCH0008,LINE-C,2026-07-21T20:00:00,50.5787,0
MCH0008,LINE-C,2026-07-21T20:40:00,50.5949,0
MCH0008,LINE-C,2026-07-21T21:20:00,50.6119,0
MCH0008,LINE-C,2026-07-21T22:00:00,50.5702,0
MCH0008,LINE-C,2026-07-21T22:40:00,50.5586,0
MCH0008,LINE-C,2026-07-21T23:20:00,50.5017,0
MCH0008,LINE-C,2026-07-22T00:00:00,50.4245,0
MCH0008,LINE-C,2026-07-22T00:40:00,50.4785,0
MCH0008,LINE-C,2026-07-22T01:20:00,50.5965,0
MCH0008,LINE-C,2026-07-22T02:00:00,50.4304,0
MCH0008,LINE-C,2026-07-22T02:40:00,50.4992,0
MCH0008,LINE-C,2026-07-22T03:20:00,50.5597,0
MCH0008,LINE-C,2026-07-22T04:00:00,50.5407,0
MCH0008,LINE-C,2026-07-22T04:40:00,50.4795,0
MCH0008,LINE-C,2026-07-22T05:20:00,50.5449,0
MCH0008,LINE-C,2026-07-22T06:00:00,50.4487,0
MCH0008,LINE-C,2026-07-22T06:40:00,50.5076,0
MCH0008,LINE-C,2026-07-22T07:20:00,50.4972,0
MCH0008,LINE-C,2026-07-22T08:00:00,50.5409,0
MCH0008,LINE-C,2026-07-22T08:40:00,50.5741,0
MCH0008,LINE-C,2026-07-22T09:20:00,50.486,0
MCH0008,LINE-C,2026-07-22T10:00:00,50.5411,0
MCH0008,LINE-C,2026-07-22T10:40:00,50.6359,0
MCH0008,LINE-C,2026-07-22T11:20:00,50.5561,0
MCH0008,LINE-C,2026-07-22T12:00:00,50.5431,0
MCH0008,LINE-C,2026-07-22T12:40:00,50.5169,0
MCH0008,LINE-C,2026-07-22T13:20:00,50.5777,0
MCH0008,LINE-C,2026-07-22T14:00:00,50.5412,0
MCH0008,LINE-C,2026-07-22T14:40:00,50.5887,0
MCH0008,LINE-C,2026-07-22T15:20:00,50.5843,0
MCH0008,LINE-C,2026-07-22T16:00:00,50.4772,0
MCH0008,LINE-C,2026-07-22T16:40:00,50.6014,0
MCH0008,LINE-C,2026-07-22T17:20:00,50.5509,0
MCH0008,LINE-C,2026-07-22T18:00:00,50.5638,0
MCH0008,LINE-C,2026-07-22T18:40:00,50.4299,0
MCH0008,LINE-C,2026-07-22T19:20:00,50.5736,0
MCH0008,LINE-C,2026-07-22T20:00:00,50.6252,0
MCH0008,LINE-C,2026-07-22T20:40:00,50.5826,0
MCH0008,LINE-C,2026-07-22T21:20:00,50.5629,0
MCH0008,LINE-C,2026-07-22T22:00:00,50.5297,0
MCH0008,LINE-C,2026-07-22T22:40:00,50.5464,0
MCH0008,LINE-C,2026-07-22T23:20:00,50.5734,0
MCH0008,LINE-C,2026-07-23T00:00:00,50.5814,0
MCH0008,LINE-C,2026-07-23T00:40:00,50.6629,0
MCH0008,LINE-C,2026-07-23T01:20:00,50.443,0
MCH0008,LINE-C,2026-07-23T02:00:00,50.5445,0
MCH0008,LINE-C,2026-07-23T02:40:00,50.5425,0
MCH0008,LINE-C,2026-07-23T03:20:00,50.464,0
MCH0008,LINE-C,2026-07-23T04:00:00,50.5686,0
MCH0008,LINE-C,2026-07-23T04:40:00,50.5444,0
MCH0008,LINE-C,2026-07-23T05:20:00,50.642,0
MCH0008,LINE-C,2026-07-23T06:00:00,50.4793,0
MCH0008,LINE-C,2026-07-23T06:40:00,50.6076,0
MCH0008,LINE-C,2026-07-23T07:20:00,50.5755,0
MCH0008,LINE-C,2026-07-23T08:00:00,50.5969,0
MCH0008,LINE-C,2026-07-23T08:40:00,50.6682,0
MCH0008,LINE-C,2026-07-23T09:20:00,50.6235,0
MCH0008,LINE-C,2026-07-23T10:00:00,50.5911,0
MCH0008,LINE-C,2026-07-23T10:40:00,50.5373,0
MCH0008,LINE-C,2026-07-23T11:20:00,50.5832,0
MCH0008,LINE-C,2026-07-23T12:00:00,50.5726,0
MCH0008,LINE-C,2026-07-23T12:40:00,50.4814,0
MCH0008,LINE-C,2026-07-23T13:20:00,50.5142,0
MCH0008,LINE-C,2026-07-23T14:00:00,50.5152,0
MCH0008,LINE-C,2026-07-23T14:40:00,50.583,0
MCH0008,LINE-C,2026-07-23T15:20:00,50.648,0
MCH0008,LINE-C,2026-07-23T16:00:00,50.5592,0
MCH0008,LINE-C,2026-07-23T16:40:00,50.4722,0
MCH0008,LINE-C,2026-07-23T17:20:00,50.569,0
MCH0008,LINE-C,2026-07-23T18:00:00,50.6699,0
MCH0008,LINE-C,2026-07-23T18:40:00,50.5882,0
MCH0008,LINE-C,2026-07-23T19:20:00,50.5483,0
MCH0008,LINE-C,2026-07-23T20:00:00,50.5313,0
MCH0008,LINE-C,2026-07-23T20:40:00,50.5386,0
MCH0008,LINE-C,2026-07-23T21:20:00,50.5466,0
MCH0008,LINE-C,2026-07-23T22:00:00,50.5173,0
MCH0008,LINE-C,2026-07-23T22:40:00,50.6708,0
MCH0008,LINE-C,2026-07-23T23:20:00,50.5316,0
MCH0008,LINE-C,2026-07-24T00:00:00,50.5874,0
MCH0008,LINE-C,2026-07-24T00:40:00,50.5498,0
MCH0008,LINE-C,2026-07-24T01:20:00,50.6675,0
MCH0008,LINE-C,2026-07-24T02:00:00,50.4722,0
MCH0008,LINE-C,2026-07-24T02:40:00,50.5834,0
MCH0008,LINE-C,2026-07-24T03:20:00,50.7039,0
MCH0008,LINE-C,2026-07-24T04:00:00,50.6171,0
MCH0008,LINE-C,2026-07-24T04:40:00,50.5819,0
MCH0008,LINE-C,2026-07-24T05:20:00,50.5846,0
MCH0008,LINE-C,2026-07-24T06:00:00,50.5476,0
MCH0008,LINE-C,2026-07-24T06:40:00,50.6523,0
MCH0008,LINE-C,2026-07-24T07:20:00,50.5658,0
MCH0008,LINE-C,2026-07-24T08:00:00,50.5196,0
MCH0008,LINE-C,2026-07-24T08:40:00,50.6093,0
MCH0008,LINE-C,2026-07-24T09:20:00,50.6026,0
MCH0008,LINE-C,2026-07-24T10:00:00,50.616,0
MCH0008,LINE-C,2026-07-24T10:40:00,50.6102,0
MCH0008,LINE-C,2026-07-24T11:20:00,50.5145,0
MCH0008,LINE-C,2026-07-24T12:00:00,50.0634,1
MCH0008,LINE-C,2026-07-24T12:40:00,50.0436,1
MCH0008,LINE-C,2026-07-24T13:20:00,49.9626,1
MCH0008,LINE-C,2026-07-24T14:00:00,49.9645,1
MCH0008,LINE-C,2026-07-24T14:40:00,50.0201,1
MCH0008,LINE-C,2026-07-24T15:20:00,50.0559,1
MCH0008,LINE-C,2026-07-24T16:00:00,50.128,1
MCH0008,LINE-C,2026-07-24T16:40:00,50.1156,1
MCH0008,LINE-C,2026-07-24T17:20:00,49.9826,1
MCH0008,LINE-C,2026-07-24T18:00:00,50.0443,1
MCH0008,LINE-C,2026-07-24T18:40:00,50.0568,1
MCH0008,LINE-C,2026-07-24T19:20:00,50.0323,1
MCH0008,LINE-C,2026-07-24T20:00:00,50.0215,1
MCH0008,LINE-C,2026-07-24T20:40:00,50.0402,1
MCH0008,LINE-C,2026-07-24T21:20:00,50.0666,1
MCH0008,LINE-C,2026-07-24T22:00:00,50.0603,1
MCH0008,LINE-C,2026-07-24T22:40:00,50.0322,1
MCH0008,LINE-C,2026-07-24T23:20:00,50.0377,1
MCH0008,LINE-C,2026-07-25T00:00:00,50.1264,1
MCH0008,LINE-C,2026-07-25T00:40:00,50.0759,1
MCH0008,LINE-C,2026-07-25T01:20:00,50.0434,1
MCH0008,LINE-C,2026-07-25T02:00:00,50.0128,1
MCH0008,LINE-C,2026-07-25T02:40:00,50.0816,1
MCH0008,LINE-C,2026-07-25T03:20:00,50.0693,1
MCH0008,LINE-C,2026-07-25T04:00:00,50.0256,1
MCH0008,LINE-C,2026-07-25T04:40:00,50.2663,1
MCH0008,LINE-C,2026-07-25T05:20:00,49.9918,1
MCH0008,LINE-C,2026-07-25T06:00:00,50.0963,1
MCH0008,LINE-C,2026-07-25T06:40:00,50.0995,1
MCH0008,LINE-C,2026-07-25T07:20:00,50.063,1
MCH0008,LINE-C,2026-07-25T08:00:00,50.0688,1
MCH0008,LINE-C,2026-07-25T08:40:00,50.1248,1
MCH0008,LINE-C,2026-07-25T09:20:00,50.1613,1
MCH0008,LINE-C,2026-07-25T10:00:00,50.0972,1
MCH0008,LINE-C,2026-07-25T10:40:00,50.1357,1
MCH0008,LINE-C,2026-07-25T11:20:00,50.1239,1
MCH0008,LINE-C,2026-07-25T12:00:00,50.0637,1
MCH0008,LINE-C,2026-07-25T12:40:00,50.069,1
MCH0008,LINE-C,2026-07-25T13:20:00,50.0251,1
MCH0008,LINE-C,2026-07-25T14:00:00,50.1095,1
MCH0008,LINE-C,2026-07-25T14:40:00,50.0371,1
MCH0008,LINE-C,2026-07-25T15:20:00,50.0644,1
MCH0008,LINE-C,2026-07-25T16:00:00,50.1145,1
MCH0008,LINE-C,2026-07-25T16:40:00,50.1144,1
MCH0008,LINE-C,2026-07-25T17:20:00,50.1458,1
MCH0008,LINE-C,2026-07-25T18:00:00,50.0871,1
MCH0008,LINE-C,2026-07-25T18:40:00,50.176,1
MCH0008,LINE-C,2026-07-25T19:20:00,50.1221,1
MCH0008,LINE-C,2026-07-25T20:00:00,50.1583,1
MCH0008,LINE-C,2026-07-25T20:40:00,50.2034,1
MCH0008,LINE-C,2026-07-25T21:20:00,50.0597,1
MCH0008,LINE-C,2026-07-25T22:00:00,50.1355,1
MCH0008,LINE-C,2026-07-25T22:40:00,50.1723,1
MCH0008,LINE-C,2026-07-25T23:20:00,50.0293,1
MCH0008,LINE-C,2026-07-26T00:00:00,50.0951,1
MCH0008,LINE-C,2026-07-26T00:40:00,50.1766,1
MCH0008,LINE-C,2026-07-26T01:20:00,50.1132,1
MCH0008,LINE-C,2026-07-26T02:00:00,50.1946,1
MCH0008,LINE-C,2026-07-26T02:40:00,50.1206,1
MCH0008,LINE-C,2026-07-26T03:20:00,50.1105,1
MCH0008,LINE-C,2026-07-26T04:00:00,50.1663,1
MCH0008,LINE-C,2026-07-26T04:40:00,50.181,1
MCH0008,LINE-C,2026-07-26T05:20:00,50.1246,1
MCH0008,LINE-C,2026-07-26T06:00:00,50.1686,1
MCH0008,LINE-C,2026-07-26T06:40:00,50.2037,1
MCH0008,LINE-C,2026-07-26T07:20:00,50.1843,1
MCH0008,LINE-C,2026-07-26T08:00:00,50.1852,1
MCH0008,LINE-C,2026-07-26T08:40:00,50.1919,1
MCH0008,LINE-C,2026-07-26T09:20:00,50.1074,1
MCH0008,LINE-C,2026-07-26T10:00:00,50.1926,1
MCH0008,LINE-C,2026-07-26T10:40:00,50.1118,1
MCH0008,LINE-C,2026-07-26T11:20:00,50.1921,1
MCH0008,LINE-C,2026-07-26T12:00:00,50.2499,1
MCH0008,LINE-C,2026-07-26T12:40:00,50.1607,1
MCH0008,LINE-C,2026-07-26T13:20:00,50.1953,1
MCH0008,LINE-C,2026-07-26T14:00:00,50.1551,1
MCH0008,LINE-C,2026-07-26T14:40:00,50.1438,1
MCH0008,LINE-C,2026-07-26T15:20:00,50.213,1
MCH0008,LINE-C,2026-07-26T16:00:00,50.1731,1
MCH0008,LINE-C,2026-07-26T16:40:00,50.1762,1
MCH0008,LINE-C,2026-07-26T17:20:00,50.227,1
MCH0008,LINE-C,2026-07-26T18:00:00,50.1133,1
MCH0008,LINE-C,2026-07-26T18:40:00,50.2213,1
MCH0008,LINE-C,2026-07-26T19:20:00,50.1731,1
MCH0008,LINE-C,2026-07-26T20:00:00,50.2915,1
MCH0008,LINE-C,2026-07-26T20:40:00,50.1283,1
MCH0008,LINE-C,2026-07-26T21:20:00,50.2644,1
MCH0008,LINE-C,2026-07-26T22:00:00,50.2206,1
MCH0008,LINE-C,2026-07-26T22:40:00,50.1909,1
MCH0008,LINE-C,2026-07-26T23:20:00,50.2598,1
MCH0008,LINE-C,2026-07-27T00:00:00,50.214,1
MCH0008,LINE-C,2026-07-27T00:40:00,50.2375,1
MCH0008,LINE-C,2026-07-27T01:20:00,50.3006,0
MCH0008,LINE-C,2026-07-27T02:00:00,50.1374,1
MCH0008,LINE-C,2026-07-27T02:40:00,50.2359,1
MCH0008,LINE-C,2026-07-27T03:20:00,50.2644,1
MCH0008,LINE-C,2026-07-27T04:00:00,50.1671,1
MCH0008,LINE-C,2026-07-27T04:40:00,50.141,1
MCH0008,LINE-C,2026-07-27T05:20:00,50.2676,1
MCH0008,LINE-C,2026-07-27T06:00:00,50.1599,1
MCH0008,LINE-C,2026-07-27T06:40:00,50.2009,1
MCH0008,LINE-C,2026-07-27T07:20:00,50.2448,1
MCH0008,LINE-C,2026-07-27T08:00:00,50.2124,1
MCH0008,LINE-C,2026-07-27T08:40:00,50.1924,1
MCH0008,LINE-C,2026-07-27T09:20:00,50.2058,1
MCH0008,LINE-C,2026-07-27T10:00:00,50.2359,1
MCH0008,LINE-C,2026-07-27T10:40:00,50.2428,1
MCH0008,LINE-C,2026-07-27T11:20:00,50.3393,0
MCH0008,LINE-C,2026-07-27T12:00:00,50.299,1
MCH0008,LINE-C,2026-07-27T12:40:00,50.2388,1
MCH0008,LINE-C,2026-07-27T13:20:00,50.2013,1
MCH0008,LINE-C,2026-07-27T14:00:00,50.2786,1
MCH0008,LINE-C,2026-07-27T14:40:00,50.3096,0
MCH0008,LINE-C,2026-07-27T15:20:00,50.2545,1
MCH0008,LINE-C,2026-07-27T16:00:00,50.2883,1
MCH0008,LINE-C,2026-07-27T16:40:00,50.2878,1
MCH0008,LINE-C,2026-07-27T17:20:00,50.2759,1
MCH0008,LINE-C,2026-07-27T18:00:00,50.2604,1
MCH0008,LINE-C,2026-07-27T18:40:00,50.359,0
MCH0008,LINE-C,2026-07-27T19:20:00,50.3384,0
MCH0008,LINE-C,2026-07-27T20:00:00,50.244,1
MCH0008,LINE-C,2026-07-27T20:40:00,50.2926,1
MCH0008,LINE-C,2026-07-27T21:20:00,50.248,1
MCH0008,LINE-C,2026-07-27T22:00:00,50.218,1
MCH0008,LINE-C,2026-07-27T22:40:00,50.2754,1
MCH0008,LINE-C,2026-07-27T23:20:00,50.2525,1
MCH0008,LINE-C,2026-07-28T00:00:00,50.3344,0
MCH0008,LINE-C,2026-07-28T00:40:00,50.2556,1
MCH0008,LINE-C,2026-07-28T01:20:00,50.1996,1
MCH0008,LINE-C,2026-07-28T02:00:00,50.2465,1
MCH0008,LINE-C,2026-07-28T02:40:00,50.2436,1
MCH0008,LINE-C,2026-07-28T03:20:00,50.2834,1
MCH0008,LINE-C,2026-07-28T04:00:00,50.2813,1
MCH0008,LINE-C,2026-07-28T04:40:00,50.3454,0
MCH0008,LINE-C,2026-07-28T05:20:00,50.3092,0
MCH0008,LINE-C,2026-07-28T06:00:00,50.2131,1
MCH0008,LINE-C,2026-07-28T06:40:00,50.3776,0
MCH0008,LINE-C,2026-07-28T07:20:00,50.2744,1
MCH0008,LINE-C,2026-07-28T08:00:00,50.3469,0
MCH0008,LINE-C,2026-07-28T08:40:00,50.2972,1
MCH0008,LINE-C,2026-07-28T09:20:00,50.422,0
MCH0008,LINE-C,2026-07-28T10:00:00,50.2727,1
MCH0008,LINE-C,2026-07-28T10:40:00,50.3552,0
MCH0008,LINE-C,2026-07-28T11:20:00,50.2588,1
MCH0008,LINE-C,2026-07-28T12:00:00,50.3215,0
MCH0008,LINE-C,2026-07-28T12:40:00,50.3167,0
MCH0008,LINE-C,2026-07-28T13:20:00,50.3521,0
MCH0008,LINE-C,2026-07-28T14:00:00,50.2955,1
MCH0008,LINE-C,2026-07-28T14:40:00,50.3162,0
MCH0008,LINE-C,2026-07-28T15:20:00,50.3339,0
MCH0008,LINE-C,2026-07-28T16:00:00,50.3616,0
MCH0008,LINE-C,2026-07-28T16:40:00,50.365,0
MCH0008,LINE-C,2026-07-28T17:20:00,50.2937,1
MCH0008,LINE-C,2026-07-28T18:00:00,50.3476,0
MCH0008,LINE-C,2026-07-28T18:40:00,50.225,1
MCH0008,LINE-C,2026-07-28T19:20:00,50.3376,0
MCH0008,LINE-C,2026-07-28T20:00:00,50.2768,1
MCH0008,LINE-C,2026-07-28T20:40:00,50.3424,0
MCH0008,LINE-C,2026-07-28T21:20:00,50.3661,0
MCH0008,LINE-C,2026-07-28T22:00:00,50.4345,0
MCH0008,LINE-C,2026-07-28T22:40:00,50.3704,0
MCH0008,LINE-C,2026-07-28T23:20:00,50.4126,0
MCH0008,LINE-C,2026-07-29T00:00:00,50.3682,0
MCH0008,LINE-C,2026-07-29T00:40:00,50.4254,0
MCH0008,LINE-C,2026-07-29T01:20:00,50.393,0
MCH0008,LINE-C,2026-07-29T02:00:00,50.2774,1
MCH0008,LINE-C,2026-07-29T02:40:00,50.3011,0
MCH0008,LINE-C,2026-07-29T03:20:00,50.4417,0
MCH0008,LINE-C,2026-07-29T04:00:00,50.3953,0
MCH0008,LINE-C,2026-07-29T04:40:00,50.4416,0
MCH0008,LINE-C,2026-07-29T05:20:00,50.356,0
MCH0008,LINE-C,2026-07-29T06:00:00,50.4509,0
MCH0008,LINE-C,2026-07-29T06:40:00,50.3459,0
MCH0008,LINE-C,2026-07-29T07:20:00,50.3041,0
MCH0008,LINE-C,2026-07-29T08:00:00,50.4162,0
MCH0008,LINE-C,2026-07-29T08:40:00,50.4317,0
MCH0008,LINE-C,2026-07-29T09:20:00,50.2957,1
MCH0008,LINE-C,2026-07-29T10:00:00,50.3831,0
MCH0008,LINE-C,2026-07-29T10:40:00,50.3951,0
MCH0008,LINE-C,2026-07-29T11:20:00,50.4913,0
MCH0008,LINE-C,2026-07-29T12:00:00,50.4265,0
MCH0008,LINE-C,2026-07-29T12:40:00,50.3679,0
MCH0008,LINE-C,2026-07-29T13:20:00,50.473,0
MCH0008,LINE-C,2026-07-29T14:00:00,50.4047,0
MCH0008,LINE-C,2026-07-29T14:40:00,50.4598,0
MCH0008,LINE-C,2026-07-29T15:20:00,50.4254,0
MCH0008,LINE-C,2026-07-29T16:00:00,50.4243,0
MCH0008,LINE-C,2026-07-29T16:40:00,50.4293,0
MCH0008,LINE-C,2026-07-29T17:20:00,50.4158,0
MCH0008,LINE-C,2026-07-29T18:00:00,50.3833,0
MCH0008,LINE-C,2026-07-29T18:40:00,50.4434,0
MCH0008,LINE-C,2026-07-29T19:20:00,50.4401,0
MCH0008,LINE-C,2026-07-29T20:00:00,50.4351,0
MCH0008,LINE-C,2026-07-29T20:40:00,50.4232,0
MCH0008,LINE-C,2026-07-29T21:20:00,50.4923,0
MCH0008,LINE-C,2026-07-29T22:00:00,50.5228,0
MCH0008,LINE-C,2026-07-29T22:40:00,50.4733,0
MCH0008,LINE-C,2026-07-29T23:20:00,50.3229,0
MCH0008,LINE-C,2026-07-30T00:00:00,50.3416,0
MCH0008,LINE-C,2026-07-30T00:40:00,50.4034,0
MCH0008,LINE-C,2026-07-30T01:20:00,50.4297,0
MCH0008,LINE-C,2026-07-30T02:00:00,50.5022,0
MCH0008,LINE-C,2026-07-30T02:40:00,50.3942,0
MCH0008,LINE-C,2026-07-30T03:20:00,50.541,0
MCH0008,LINE-C,2026-07-30T04:00:00,50.393,0
MCH0008,LINE-C,2026-07-30T04:40:00,50.4473,0
MCH0008,LINE-C,2026-07-30T05:20:00,50.4811,0
MCH0008,LINE-C,2026-07-30T06:00:00,50.4474,0
MCH0008,LINE-C,2026-07-30T06:40:00,50.3878,0
MCH0008,LINE-C,2026-07-30T07:20:00,50.3666,0
MCH0008,LINE-C,2026-07-30T08:00:00,50.4931,0
MCH0008,LINE-C,2026-07-30T08:40:00,50.435,0
MCH0008,LINE-C,2026-07-30T09:20:00,50.4164,0
MCH0008,LINE-C,2026-07-30T10:00:00,50.5181,0
MCH0008,LINE-C,2026-07-30T10:40:00,50.4878,0
MCH0008,LINE-C,2026-07-30T11:20:00,50.5278,0
MCH0008,LINE-C,2026-07-30T12:00:00,50.5034,0
MCH0008,LINE-C,2026-07-30T12:40:00,50.4002,0
MCH0008,LINE-C,2026-07-30T13:20:00,50.5776,0
MCH0008,LINE-C,2026-07-30T14:00:00,50.5003,0
MCH0008,LINE-C,2026-07-30T14:40:00,50.479,0
MCH0008,LINE-C,2026-07-30T15:20:00,50.5826,0
MCH0008,LINE-C,2026-07-30T16:00:00,50.4902,0
MCH0008,LINE-C,2026-07-30T16:40:00,50.5327,0
MCH0008,LINE-C,2026-07-30T17:20:00,50.3944,0
MCH0008,LINE-C,2026-07-30T18:00:00,50.4666,0
MCH0008,LINE-C,2026-07-30T18:40:00,50.5413,0
MCH0008,LINE-C,2026-07-30T19:20:00,50.5245,0
MCH0008,LINE-C,2026-07-30T20:00:00,50.5417,0
MCH0008,LINE-C,2026-07-30T20:40:00,50.4242,0
MCH0008,LINE-C,2026-07-30T21:20:00,50.5027,0
MCH0008,LINE-C,2026-07-30T22:00:00,50.6075,0
MCH0008,LINE-C,2026-07-30T22:40:00,50.4812,0
MCH0008,LINE-C,2026-07-30T23:20:00,50.5069,0
MCH0008,LINE-C,2026-07-31T00:00:00,50.5434,0
MCH0008,LINE-C,2026-07-31T00:40:00,50.5311,0
MCH0008,LINE-C,2026-07-31T01:20:00,50.5666,0
MCH0008,LINE-C,2026-07-31T02:00:00,50.5246,0
MCH0008,LINE-C,2026-07-31T02:40:00,50.4933,0
MCH0008,LINE-C,2026-07-31T03:20:00,50.5421,0
MCH0008,LINE-C,2026-07-31T04:00:00,50.5427,0
MCH0008,LINE-C,2026-07-31T04:40:00,50.6319,0
MCH0008,LINE-C,2026-07-31T05:20:00,50.5204,0
MCH0008,LINE-C,2026-07-31T06:00:00,50.4712,0
MCH0008,LINE-C,2026-07-31T06:40:00,50.4972,0
MCH0008,LINE-C,2026-07-31T07:20:00,50.6395,0
MCH0008,LINE-C,2026-07-31T08:00:00,50.5412,0
MCH0008,LINE-C,2026-07-31T08:40:00,50.4865,0
MCH0008,LINE-C,2026-07-31T09:20:00,50.5125,0
MCH0008,LINE-C,2026-07-31T10:00:00,50.5574,0
MCH0008,LINE-C,2026-07-31T10:40:00,50.4462,0
MCH0008,LINE-C,2026-07-31T11:20:00,50.5721,0
MCH0008,LINE-C,2026-07-31T12:00:00,50.598,0
MCH0008,LINE-C,2026-07-31T12:40:00,50.541,0
MCH0008,LINE-C,2026-07-31T13:20:00,50.6516,0
MCH0008,LINE-C,2026-07-31T14:00:00,50.6205,0
MCH0008,LINE-C,2026-07-31T14:40:00,50.6424,0
MCH0008,LINE-C,2026-07-31T15:20:00,50.5831,0
MCH0008,LINE-C,2026-07-31T16:00:00,50.5497,0
MCH0008,LINE-C,2026-07-31T16:40:00,50.5378,0
MCH0008,LINE-C,2026-07-31T17:20:00,50.5589,0
MCH0008,LINE-C,2026-07-31T18:00:00,50.6114,0
MCH0008,LINE-C,2026-07-31T18:40:00,50.5401,0
MCH0008,LINE-C,2026-07-31T19:20:00,50.5369,0
MCH0008,LINE-C,2026-07-31T20:00:00,50.6001,0
MCH0008,LINE-C,2026-07-31T20:40:00,50.5458,0
MCH0008,LINE-C,2026-07-31T21:20:00,50.4753,0
MCH0008,LINE-C,2026-07-31T22:00:00,50.5237,0
MCH0008,LINE-C,2026-07-31T22:40:00,50.6038,0
MCH0008,LINE-C,2026-07-31T23:20:00,50.632,0
MCH0008,LINE-C,2026-08-01T00:00:00,50.5771,0
MCH0008,LINE-C,2026-08-01T00:40:00,50.6202,0
MCH0008,LINE-C,2026-08-01T01:20:00,50.5845,0
MCH0008,LINE-C,2026-08-01T02:00:00,50.6004,0
MCH0008,LINE-C,2026-08-01T02:40:00,49.9845,1
MCH0008,LINE-C,2026-08-01T03:20:00,50.0254,1
MCH0008,LINE-C,2026-08-01T04:00:00,50.0134,1
MCH0008,LINE-C,2026-08-01T04:40:00,50.0357,1
MCH0008,LINE-C,2026-08-01T05:20:00,50.0382,1
MCH0008,LINE-C,2026-08-01T06:00:00,49.9675,1
MCH0008,LINE-C,2026-08-01T06:40:00,50.0455,1
MCH0008,LINE-C,2026-08-01T07:20:00,49.9798,1
MCH0008,LINE-C,2026-08-01T08:00:00,50.101,1
MCH0008,LINE-C,2026-08-01T08:40:00,50.0387,1
MCH0008,LINE-C,2026-08-01T09:20:00,50.0779,1
MCH0008,LINE-C,2026-08-01T10:00:00,50.1093,1
MCH0008,LINE-C,2026-08-01T10:40:00,50.1015,1
MCH0008,LINE-C,2026-08-01T11:20:00,50.0264,1
MCH0008,LINE-C,2026-08-01T12:00:00,49.9963,1
MCH0008,LINE-C,2026-08-01T12:40:00,50.0108,1
MCH0008,LINE-C,2026-08-01T13:20:00,50.0013,1
MCH0008,LINE-C,2026-08-01T14:00:00,50.0641,1
MCH0008,LINE-C,2026-08-01T14:40:00,50.043,1
MCH0008,LINE-C,2026-08-01T15:20:00,50.0283,1
MCH0008,LINE-C,2026-08-01T16:00:00,49.9786,1
MCH0008,LINE-C,2026-08-01T16:40:00,50.0046,1
MCH0008,LINE-C,2026-08-01T17:20:00,49.9868,1
MCH0008,LINE-C,2026-08-01T18:00:00,50.0655,1
MCH0008,LINE-C,2026-08-01T18:40:00,49.9709,1
MCH0008,LINE-C,2026-08-01T19:20:00,50.0767,1
MCH0008,LINE-C,2026-08-01T20:00:00,50.0389,1
MCH0008,LINE-C,2026-08-01T20:40:00,50.1669,1
MCH0008,LINE-C,2026-08-01T21:20:00,50.1301,1
MCH0008,LINE-C,2026-08-01T22:00:00,50.1455,1
MCH0008,LINE-C,2026-08-01T22:40:00,50.0705,1
MCH0008,LINE-C,2026-08-01T23:20:00,50.0391,1
MCH0008,LINE-C,2026-08-02T00:00:00,50.049,1
MCH0008,LINE-C,2026-08-02T00:40:00,50.0746,1
MCH0008,LINE-C,2026-08-02T01:20:00,50.117,1
MCH0008,LINE-C,2026-08-02T02:00:00,49.962,1
MCH0008,LINE-C,2026-08-02T02:40:00,50.0795,1
MCH0008,LINE-C,2026-08-02T03:20:00,50.0213,1
MCH0008,LINE-C,2026-08-02T04:00:00,49.9869,1
MCH0008,LINE-C,2026-08-02T04:40:00,50.0654,1
MCH0008,LINE-C,2026-08-02T05:20:00,50.09,1
MCH0008,LINE-C,2026-08-02T06:00:00,50.1442,1
MCH0008,LINE-C,2026-08-02T06:40:00,50.0142,1
MCH0008,LINE-C,2026-08-02T07:20:00,50.0948,1
MCH0008,LINE-C,2026-08-02T08:00:00,50.1225,1
MCH0008,LINE-C,2026-08-02T08:40:00,50.0587,1
MCH0008,LINE-C,2026-08-02T09:20:00,50.016,1
MCH0008,LINE-C,2026-08-02T10:00:00,50.1201,1
MCH0008,LINE-C,2026-08-02T10:40:00,50.0584,1
MCH0008,LINE-C,2026-08-02T11:20:00,50.0795,1
MCH0008,LINE-C,2026-08-02T12:00:00,50.2041,1
MCH0008,LINE-C,2026-08-02T12:40:00,50.0253,1
MCH0008,LINE-C,2026-08-02T13:20:00,50.1171,1
MCH0008,LINE-C,2026-08-02T14:00:00,50.0664,1
MCH0008,LINE-C,2026-08-02T14:40:00,50.0767,1
MCH0008,LINE-C,2026-08-02T15:20:00,50.1267,1
MCH0008,LINE-C,2026-08-02T16:00:00,50.1607,1
MCH0008,LINE-C,2026-08-02T16:40:00,50.144,1
MCH0008,LINE-C,2026-08-02T17:20:00,50.0524,1
MCH0008,LINE-C,2026-08-02T18:00:00,50.1217,1
MCH0008,LINE-C,2026-08-02T18:40:00,50.009,1
MCH0008,LINE-C,2026-08-02T19:20:00,50.147,1
MCH0008,LINE-C,2026-08-02T20:00:00,50.0831,1
MCH0008,LINE-C,2026-08-02T20:40:00,50.0694,1
MCH0008,LINE-C,2026-08-02T21:20:00,50.0374,1
MCH0008,LINE-C,2026-08-02T22:00:00,50.1157,1
MCH0008,LINE-C,2026-08-02T22:40:00,50.1472,1
MCH0008,LINE-C,2026-08-02T23:20:00,50.0333,1
MCH0008,LINE-C,2026-08-03T00:00:00,50.0548,1
MCH0008,LINE-C,2026-08-03T00:40:00,50.1174,1
MCH0008,LINE-C,2026-08-03T01:20:00,49.9942,1
MCH0008,LINE-C,2026-08-03T02:00:00,50.0175,1
MCH0008,LINE-C,2026-08-03T02:40:00,50.0794,1
MCH0008,LINE-C,2026-08-03T03:20:00,50.0982,1
MCH0008,LINE-C,2026-08-03T04:00:00,50.0749,1
MCH0008,LINE-C,2026-08-03T04:40:00,50.0744,1
MCH0008,LINE-C,2026-08-03T05:20:00,50.0726,1
MCH0008,LINE-C,2026-08-03T06:00:00,50.0804,1
MCH0008,LINE-C,2026-08-03T06:40:00,50.1613,1
MCH0008,LINE-C,2026-08-03T07:20:00,50.0822,1
MCH0008,LINE-C,2026-08-03T08:00:00,50.1308,1
MCH0008,LINE-C,2026-08-03T08:40:00,50.1053,1
MCH0008,LINE-C,2026-08-03T09:20:00,50.0901,1
MCH0008,LINE-C,2026-08-03T10:00:00,49.9652,1
MCH0008,LINE-C,2026-08-03T10:40:00,50.1048,1
MCH0008,LINE-C,2026-08-03T11:20:00,50.2211,1
MCH0008,LINE-C,2026-08-03T12:00:00,50.1691,1
MCH0008,LINE-C,2026-08-03T12:40:00,50.137,1
MCH0008,LINE-C,2026-08-03T13:20:00,50.0682,1
MCH0008,LINE-C,2026-08-03T14:00:00,50.0302,1
MCH0008,LINE-C,2026-08-03T14:40:00,50.1004,1
MCH0008,LINE-C,2026-08-03T15:20:00,50.0984,1
MCH0008,LINE-C,2026-08-03T16:00:00,50.0712,1
MCH0008,LINE-C,2026-08-03T16:40:00,50.0432,1
MCH0008,LINE-C,2026-08-03T17:20:00,50.1518,1
MCH0008,LINE-C,2026-08-03T18:00:00,50.1399,1
MCH0008,LINE-C,2026-08-03T18:40:00,50.1117,1
MCH0008,LINE-C,2026-08-03T19:20:00,50.1698,1
MCH0008,LINE-C,2026-08-03T20:00:00,50.0872,1
MCH0008,LINE-C,2026-08-03T20:40:00,50.1817,1
MCH0008,LINE-C,2026-08-03T21:20:00,50.1825,1
MCH0008,LINE-C,2026-08-03T22:00:00,50.0417,1
MCH0008,LINE-C,2026-08-03T22:40:00,50.1111,1
MCH0008,LINE-C,2026-08-03T23:20:00,50.1094,1
MCH0008,LINE-C,2026-08-04T00:00:00,50.0551,1
MCH0008,LINE-C,2026-08-04T00:40:00,50.1129,1
MCH0008,LINE-C,2026-08-04T01:20:00,50.0956,1
MCH0008,LINE-C,2026-08-04T02:00:00,50.2018,1
MCH0008,LINE-C,2026-08-04T02:40:00,50.1236,1
MCH0008,LINE-C,2026-08-04T03:20:00,50.1254,1
MCH0008,LINE-C,2026-08-04T04:00:00,50.1785,1
MCH0008,LINE-C,2026-08-04T04:40:00,50.1361,1
MCH0008,LINE-C,2026-08-04T05:20:00,50.0909,1
MCH0008,LINE-C,2026-08-04T06:00:00,50.0498,1
MCH0008,LINE-C,2026-08-04T06:40:00,50.2164,1
MCH0008,LINE-C,2026-08-04T07:20:00,50.1888,1
MCH0008,LINE-C,2026-08-04T08:00:00,50.1566,1
MCH0008,LINE-C,2026-08-04T08:40:00,50.1508,1
MCH0008,LINE-C,2026-08-04T09:20:00,50.1415,1
MCH0008,LINE-C,2026-08-04T10:00:00,50.1193,1
MCH0008,LINE-C,2026-08-04T10:40:00,50.156,1
MCH0008,LINE-C,2026-08-04T11:20:00,50.1902,1
MCH0008,LINE-C,2026-08-04T12:00:00,50.2137,1
MCH0008,LINE-C,2026-08-04T12:40:00,50.1679,1
MCH0008,LINE-C,2026-08-04T13:20:00,50.1835,1
MCH0008,LINE-C,2026-08-04T14:00:00,50.1977,1
MCH0008,LINE-C,2026-08-04T14:40:00,50.1542,1
MCH0008,LINE-C,2026-08-04T15:20:00,50.2317,1
MCH0008,LINE-C,2026-08-04T16:00:00,50.1737,1
MCH0008,LINE-C,2026-08-04T16:40:00,50.0959,1
MCH0008,LINE-C,2026-08-04T17:20:00,50.1347,1
MCH0008,LINE-C,2026-08-04T18:00:00,50.2684,1
MCH0008,LINE-C,2026-08-04T18:40:00,50.19,1
MCH0008,LINE-C,2026-08-04T19:20:00,50.1387,1
MCH0008,LINE-C,2026-08-04T20:00:00,50.085,1
MCH0008,LINE-C,2026-08-04T20:40:00,50.2255,1
MCH0008,LINE-C,2026-08-04T21:20:00,50.193,1
MCH0008,LINE-C,2026-08-04T22:00:00,50.1509,1
MCH0008,LINE-C,2026-08-04T22:40:00,50.1846,1
MCH0008,LINE-C,2026-08-04T23:20:00,50.1953,1
MCH0008,LINE-C,2026-08-05T00:00:00,50.0884,1
MCH0008,LINE-C,2026-08-05T00:40:00,50.2021,1
MCH0008,LINE-C,2026-08-05T01:20:00,50.2978,1
MCH0008,LINE-C,2026-08-05T02:00:00,50.1569,1
MCH0008,LINE-C,2026-08-05T02:40:00,50.2626,1
MCH0008,LINE-C,2026-08-05T03:20:00,50.1759,1
MCH0008,LINE-C,2026-08-05T04:00:00,50.1322,1
MCH0008,LINE-C,2026-08-05T04:40:00,50.276,1
MCH0008,LINE-C,2026-08-05T05:20:00,50.2019,1
MCH0008,LINE-C,2026-08-05T06:00:00,50.2051,1
MCH0008,LINE-C,2026-08-05T06:40:00,50.2208,1
MCH0008,LINE-C,2026-08-05T07:20:00,50.141,1
MCH0008,LINE-C,2026-08-05T08:00:00,50.1899,1
MCH0008,LINE-C,2026-08-05T08:40:00,50.2199,1
MCH0008,LINE-C,2026-08-05T09:20:00,50.1022,1
MCH0008,LINE-C,2026-08-05T10:00:00,50.205,1
MCH0008,LINE-C,2026-08-05T10:40:00,50.1437,1
MCH0008,LINE-C,2026-08-05T11:20:00,50.0668,1
MCH0008,LINE-C,2026-08-05T12:00:00,50.143,1
MCH0008,LINE-C,2026-08-05T12:40:00,50.2157,1
MCH0008,LINE-C,2026-08-05T13:20:00,50.2505,1
MCH0008,LINE-C,2026-08-05T14:00:00,50.2002,1
MCH0008,LINE-C,2026-08-05T14:40:00,50.153,1
MCH0008,LINE-C,2026-08-05T15:20:00,50.1953,1
MCH0008,LINE-C,2026-08-05T16:00:00,50.2305,1
MCH0008,LINE-C,2026-08-05T16:40:00,50.2199,1
MCH0008,LINE-C,2026-08-05T17:20:00,50.2171,1
MCH0008,LINE-C,2026-08-05T18:00:00,50.1824,1
MCH0008,LINE-C,2026-08-05T18:40:00,50.2437,1
MCH0008,LINE-C,2026-08-05T19:20:00,50.28,1
MCH0008,LINE-C,2026-08-05T20:00:00,50.1547,1
MCH0008,LINE-C,2026-08-05T20:40:00,50.2655,1
MCH0008,LINE-C,2026-08-05T21:20:00,50.194,1
MCH0008,LINE-C,2026-08-05T22:00:00,50.2111,1
MCH0008,LINE-C,2026-08-05T22:40:00,50.1852,1
MCH0008,LINE-C,2026-08-05T23:20:00,50.277,1
MCH0008,LINE-C,2026-08-06T00:00:00,50.2066,1
MCH0008,LINE-C,2026-08-06T00:40:00,50.1941,1
MCH0008,LINE-C,2026-08-06T01:20:00,50.1596,1
MCH0008,LINE-C,2026-08-06T02:00:00,50.2572,1
MCH0008,LINE-C,2026-08-06T02:40:00,50.1535,1
MCH0008,LINE-C,2026-08-06T03:20:00,50.2008,1
MCH0008,LINE-C,2026-08-06T04:00:00,50.1724,1
MCH0008,LINE-C,2026-08-06T04:40:00,50.2706,1
MCH0008,LINE-C,2026-08-06T05:20:00,50.1898,1
MCH0008,LINE-C,2026-08-06T06:00:00,50.3034,0
MCH0008,LINE-C,2026-08-06T06:40:00,50.2368,1
MCH0008,LINE-C,2026-08-06T07:20:00,50.2994,1
MCH0008,LINE-C,2026-08-06T08:00:00,50.2002,1
MCH0008,LINE-C,2026-08-06T08:40:00,50.1615,1
MCH0008,LINE-C,2026-08-06T09:20:00,50.2877,1
MCH0008,LINE-C,2026-08-06T10:00:00,50.1261,1
MCH0008,LINE-C,2026-08-06T10:40:00,50.2388,1
MCH0008,LINE-C,2026-08-06T11:20:00,50.2992,1
MCH0008,LINE-C,2026-08-06T12:00:00,50.3174,0
MCH0008,LINE-C,2026-08-06T12:40:00,50.2632,1
MCH0008,LINE-C,2026-08-06T13:20:00,50.1974,1
MCH0008,LINE-C,2026-08-06T14:00:00,50.2134,1
MCH0008,LINE-C,2026-08-06T14:40:00,50.1527,1
MCH0008,LINE-C,2026-08-06T15:20:00,50.3088,0
MCH0008,LINE-C,2026-08-06T16:00:00,50.2802,1
MCH0008,LINE-C,2026-08-06T16:40:00,50.2352,1
MCH0008,LINE-C,2026-08-06T17:20:00,50.3022,0
MCH0008,LINE-C,2026-08-06T18:00:00,50.1844,1
MCH0008,LINE-C,2026-08-06T18:40:00,50.2094,1
MCH0008,LINE-C,2026-08-06T19:20:00,50.3542,0
MCH0008,LINE-C,2026-08-06T20:00:00,50.3516,0
MCH0008,LINE-C,2026-08-06T20:40:00,50.2928,1
MCH0008,LINE-C,2026-08-06T21:20:00,50.3501,0
MCH0008,LINE-C,2026-08-06T22:00:00,50.2563,1
MCH0008,LINE-C,2026-08-06T22:40:00,50.2247,1
MCH0008,LINE-C,2026-08-06T23:20:00,50.3779,0
MCH0008,LINE-C,2026-08-07T00:00:00,50.2191,1
MCH0008,LINE-C,2026-08-07T00:40:00,50.2945,1
MCH0008,LINE-C,2026-08-07T01:20:00,50.3775,0
MCH0008,LINE-C,2026-08-07T02:00:00,50.2288,1
MCH0008,LINE-C,2026-08-07T02:40:00,50.2443,1
MCH0008,LINE-C,2026-08-07T03:20:00,50.2254,1
MCH0008,LINE-C,2026-08-07T04:00:00,50.3162,0
MCH0008,LINE-C,2026-08-07T04:40:00,50.2531,1
MCH0008,LINE-C,2026-08-07T05:20:00,50.2531,1
MCH0008,LINE-C,2026-08-07T06:00:00,50.3153,0
MCH0008,LINE-C,2026-08-07T06:40:00,50.2257,1
MCH0008,LINE-C,2026-08-07T07:20:00,50.3092,0
MCH0008,LINE-C,2026-08-07T08:00:00,50.2993,1
MCH0008,LINE-C,2026-08-07T08:40:00,50.2394,1
MCH0008,LINE-C,2026-08-07T09:20:00,50.2166,1
MCH0008,LINE-C,2026-08-07T10:00:00,50.2656,1
MCH0008,LINE-C,2026-08-07T10:40:00,50.388,0
MCH0008,LINE-C,2026-08-07T11:20:00,50.3078,0
MCH0008,LINE-C,2026-08-07T12:00:00,50.3179,0
MCH0008,LINE-C,2026-08-07T12:40:00,50.2778,1
MCH0008,LINE-C,2026-08-07T13:20:00,50.3209,0
MCH0008,LINE-C,2026-08-07T14:00:00,50.2758,1
MCH0008,LINE-C,2026-08-07T14:40:00,50.3114,0
MCH0008,LINE-C,2026-08-07T15:20:00,50.2103,1
MCH0008,LINE-C,2026-08-07T16:00:00,50.3718,0
MCH0008,LINE-C,2026-08-07T16:40:00,50.319,0
MCH0008,LINE-C,2026-08-07T17:20:00,50.3497,0
MCH0008,LINE-C,2026-08-07T18:00:00,50.3151,0
MCH0008,LINE-C,2026-08-07T18:40:00,50.3395,0
MCH0008,LINE-C,2026-08-07T19:20:00,50.2923,1
MCH0008,LINE-C,2026-08-07T20:00:00,50.245,1
MCH0008,LINE-C,2026-08-07T20:40:00,50.3888,0
MCH0008,LINE-C,2026-08-07T21:20:00,50.3343,0
MCH0008,LINE-C,2026-08-07T22:00:00,50.3294,0
MCH0008,LINE-C,2026-08-07T22:40:00,50.3759,0
MCH0008,LINE-C,2026-08-07T23:20:00,50.2855,1
MCH0008,LINE-C,2026-08-08T00:00:00,50.3484,0
MCH0008,LINE-C,2026-08-08T00:40:00,50.287,1
MCH0008,LINE-C,2026-08-08T01:20:00,50.2875,1
MCH0008,LINE-C,2026-08-08T02:00:00,50.3208,0
MCH0008,LINE-C,2026-08-08T02:40:00,50.3326,0
MCH0008,LINE-C,2026-08-08T03:20:00,50.3068,0
MCH0008,LINE-C,2026-08-08T04:00:00,50.3564,0
MCH0008,LINE-C,2026-08-08T04:40:00,50.3833,0
MCH0008,LINE-C,2026-08-08T05:20:00,50.239,1
MCH0008,LINE-C,2026-08-08T06:00:00,50.3305,0
MCH0008,LINE-C,2026-08-08T06:40:00,50.332,0
MCH0008,LINE-C,2026-08-08T07:20:00,50.3936,0
MCH0008,LINE-C,2026-08-08T08:00:00,50.4029,0
MCH0008,LINE-C,2026-08-08T08:40:00,50.3856,0
MCH0008,LINE-C,2026-08-08T09:20:00,50.3317,0
MCH0008,LINE-C,2026-08-08T10:00:00,50.4011,0
MCH0008,LINE-C,2026-08-08T10:40:00,50.3621,0
MCH0008,LINE-C,2026-08-08T11:20:00,50.3619,0
MCH0008,LINE-C,2026-08-08T12:00:00,50.3557,0
MCH0008,LINE-C,2026-08-08T12:40:00,50.2304,1
MCH0008,LINE-C,2026-08-08T13:20:00,50.3253,0
MCH0008,LINE-C,2026-08-08T14:00:00,50.3381,0
MCH0008,LINE-C,2026-08-08T14:40:00,50.4186,0
MCH0008,LINE-C,2026-08-08T15:20:00,50.3023,0
MCH0008,LINE-C,2026-08-08T16:00:00,50.3302,0
MCH0008,LINE-C,2026-08-08T16:40:00,50.403,0
MCH0008,LINE-C,2026-08-08T17:20:00,50.42,0
MCH0008,LINE-C,2026-08-08T18:00:00,50.3903,0
MCH0008,LINE-C,2026-08-08T18:40:00,50.399,0
MCH0008,LINE-C,2026-08-08T19:20:00,50.358,0
MCH0008,LINE-C,2026-08-08T20:00:00,50.3535,0
MCH0008,LINE-C,2026-08-08T20:40:00,50.3955,0
MCH0008,LINE-C,2026-08-08T21:20:00,50.2403,1
MCH0008,LINE-C,2026-08-08T22:00:00,50.3975,0
MCH0008,LINE-C,2026-08-08T22:40:00,50.3059,0
MCH0008,LINE-C,2026-08-08T23:20:00,50.3857,0
MCH0008,LINE-C,2026-08-09T00:00:00,50.2746,1
MCH0008,LINE-C,2026-08-09T00:40:00,50.3937,0
MCH0008,LINE-C,2026-08-09T01:20:00,50.3702,0
MCH0008,LINE-C,2026-08-09T02:00:00,50.3624,0
MCH0008,LINE-C,2026-08-09T02:40:00,50.2619,1
MCH0008,LINE-C,2026-08-09T03:20:00,50.345,0
MCH0008,LINE-C,2026-08-09T04:00:00,50.3235,0
MCH0008,LINE-C,2026-08-09T04:40:00,50.3323,0
MCH0008,LINE-C,2026-08-09T05:20:00,50.3393,0
MCH0008,LINE-C,2026-08-09T06:00:00,50.4011,0
MCH0008,LINE-C,2026-08-09T06:40:00,50.4136,0
MCH0008,LINE-C,2026-08-09T07:20:00,50.4104,0
MCH0008,LINE-C,2026-08-09T08:00:00,50.4628,0
MCH0008,LINE-C,2026-08-09T08:40:00,50.3892,0
MCH0008,LINE-C,2026-08-09T09:20:00,50.4004,0
MCH0008,LINE-C,2026-08-09T10:00:00,50.4314,0
MCH0008,LINE-C,2026-08-09T10:40:00,50.3451,0
MCH0008,LINE-C,2026-08-09T11:20:00,50.3793,0
MCH0008,LINE-C,2026-08-09T12:00:00,50.365,0
MCH0008,LINE-C,2026-08-09T12:40:00,50.3624,0
MCH0008,LINE-C,2026-08-09T13:20:00,50.3736,0
MCH0008,LINE-C,2026-08-09T14:00:00,50.4171,0
MCH0008,LINE-C,2026-08-09T14:40:00,50.4221,0
MCH0008,LINE-C,2026-08-09T15:20:00,50.454,0
MCH0008,LINE-C,2026-08-09T16:00:00,50.3806,0
MCH0008,LINE-C,2026-08-09T16:40:00,50.3172,0
MCH0008,LINE-C,2026-08-09T17:20:00,50.4073,0
MCH0008,LINE-C,2026-08-09T18:00:00,50.3329,0
MCH0008,LINE-C,2026-08-09T18:40:00,50.4822,0
MCH0008,LINE-C,2026-08-09T19:20:00,50.44,0
MCH0008,LINE-C,2026-08-09T20:00:00,50.3487,0
MCH0008,LINE-C,2026-08-09T20:40:00,50.3789,0
MCH0008,LINE-C,2026-08-09T21:20:00,50.4276,0
MCH0008,LINE-C,2026-08-09T22:00:00,50.4062,0
MCH0008,LINE-C,2026-08-09T22:40:00,50.3579,0
MCH0008,LINE-C,2026-08-09T23:20:00,50.4185,0
MCH0008,LINE-C,2026-08-10T00:00:00,50.3106,0
MCH0008,LINE-C,2026-08-10T00:40:00,50.4544,0
MCH0008,LINE-C,2026-08-10T01:20:00,50.4682,0
MCH0008,LINE-C,2026-08-10T02:00:00,50.401,0
MCH0008,LINE-C,2026-08-10T02:40:00,50.5851,0
MCH0008,LINE-C,2026-08-10T03:20:00,50.4187,0
MCH0008,LINE-C,2026-08-10T04:00:00,50.4773,0
MCH0008,LINE-C,2026-08-10T04:40:00,50.405,0
MCH0008,LINE-C,2026-08-10T05:20:00,50.3569,0
MCH0008,LINE-C,2026-08-10T06:00:00,50.3448,0
MCH0008,LINE-C,2026-08-10T06:40:00,50.392,0
MCH0008,LINE-C,2026-08-10T07:20:00,50.4828,0
MCH0008,LINE-C,2026-08-10T08:00:00,50.4607,0
MCH0008,LINE-C,2026-08-10T08:40:00,50.4317,0
MCH0008,LINE-C,2026-08-10T09:20:00,50.4753,0
MCH0008,LINE-C,2026-08-10T10:00:00,50.399,0
MCH0008,LINE-C,2026-08-10T10:40:00,50.4712,0
MCH0008,LINE-C,2026-08-10T11:20:00,50.3716,0
MCH0008,LINE-C,2026-08-10T12:00:00,50.4737,0
MCH0008,LINE-C,2026-08-10T12:40:00,50.4414,0
MCH0008,LINE-C,2026-08-10T13:20:00,50.4999,0
MCH0008,LINE-C,2026-08-10T14:00:00,50.446,0
MCH0008,LINE-C,2026-08-10T14:40:00,50.4729,0
MCH0008,LINE-C,2026-08-10T15:20:00,50.3674,0
MCH0008,LINE-C,2026-08-10T16:00:00,50.4903,0
MCH0008,LINE-C,2026-08-10T16:40:00,50.4826,0
MCH0008,LINE-C,2026-08-10T17:20:00,50.4457,0
MCH0008,LINE-C,2026-08-10T18:00:00,50.4276,0
MCH0008,LINE-C,2026-08-10T18:40:00,50.4222,0
MCH0008,LINE-C,2026-08-10T19:20:00,50.4421,0
MCH0008,LINE-C,2026-08-10T20:00:00,50.4527,0
MCH0008,LINE-C,2026-08-10T20:40:00,50.4256,0
MCH0008,LINE-C,2026-08-10T21:20:00,50.4518,0
MCH0008,LINE-C,2026-08-10T22:00:00,50.3837,0
MCH0008,LINE-C,2026-08-10T22:40:00,50.4803,0
MCH0008,LINE-C,2026-08-10T23:20:00,50.5041,0
MCH0008,LINE-C,2026-08-11T00:00:00,50.5018,0
MCH0008,LINE-C,2026-08-11T00:40:00,50.4429,0
MCH0008,LINE-C,2026-08-11T01:20:00,50.4857,0
MCH0008,LINE-C,2026-08-11T02:00:00,50.4599,0
MCH0008,LINE-C,2026-08-11T02:40:00,50.5135,0
MCH0008,LINE-C,2026-08-11T03:20:00,50.4922,0
MCH0008,LINE-C,2026-08-11T04:00:00,50.41,0
MCH0008,LINE-C,2026-08-11T04:40:00,50.4657,0
MCH0008,LINE-C,2026-08-11T05:20:00,50.5205,0
MCH0008,LINE-C,2026-08-11T06:00:00,50.3437,0
MCH0008,LINE-C,2026-08-11T06:40:00,50.5367,0
MCH0008,LINE-C,2026-08-11T07:20:00,50.4377,0
MCH0008,LINE-C,2026-08-11T08:00:00,50.4247,0
MCH0008,LINE-C,2026-08-11T08:40:00,50.4754,0
MCH0008,LINE-C,2026-08-11T09:20:00,50.4993,0
MCH0008,LINE-C,2026-08-11T10:00:00,50.5029,0
MCH0008,LINE-C,2026-08-11T10:40:00,50.4558,0
MCH0008,LINE-C,2026-08-11T11:20:00,50.465,0
MCH0008,LINE-C,2026-08-11T12:00:00,50.4965,0
MCH0008,LINE-C,2026-08-11T12:40:00,50.4224,0
MCH0008,LINE-C,2026-08-11T13:20:00,50.5456,0
MCH0008,LINE-C,2026-08-11T14:00:00,50.4458,0
MCH0008,LINE-C,2026-08-11T14:40:00,50.5119,0
MCH0008,LINE-C,2026-08-11T15:20:00,50.516,0
MCH0008,LINE-C,2026-08-11T16:00:00,50.4397,0
MCH0008,LINE-C,2026-08-11T16:40:00,50.4597,0
MCH0008,LINE-C,2026-08-11T17:20:00,50.4896,0
MCH0008,LINE-C,2026-08-11T18:00:00,50.4697,0
MCH0008,LINE-C,2026-08-11T18:40:00,50.4372,0
MCH0008,LINE-C,2026-08-11T19:20:00,50.3916,0
MCH0008,LINE-C,2026-08-11T20:00:00,50.5044,0
MCH0008,LINE-C,2026-08-11T20:40:00,50.5345,0
MCH0008,LINE-C,2026-08-11T21:20:00,50.4808,0
MCH0008,LINE-C,2026-08-11T22:00:00,50.5903,0
MCH0008,LINE-C,2026-08-11T22:40:00,50.527,0
MCH0008,LINE-C,2026-08-11T23:20:00,50.4592,0
MCH0008,LINE-C,2026-08-12T00:00:00,50.4593,0
MCH0008,LINE-C,2026-08-12T00:40:00,50.5285,0
MCH0008,LINE-C,2026-08-12T01:20:00,50.5322,0
MCH0008,LINE-C,2026-08-12T02:00:00,50.4272,0
MCH0008,LINE-C,2026-08-12T02:40:00,50.5042,0
MCH0008,LINE-C,2026-08-12T03:20:00,50.4722,0
MCH0008,LINE-C,2026-08-12T04:00:00,50.4448,0
MCH0008,LINE-C,2026-08-12T04:40:00,50.5656,0
MCH0008,LINE-C,2026-08-12T05:20:00,50.539,0
MCH0008,LINE-C,2026-08-12T06:00:00,50.4635,0
MCH0008,LINE-C,2026-08-12T06:40:00,50.5267,0
MCH0008,LINE-C,2026-08-12T07:20:00,50.4586,0
MCH0008,LINE-C,2026-08-12T08:00:00,50.5564,0
MCH0008,LINE-C,2026-08-12T08:40:00,50.5318,0
MCH0008,LINE-C,2026-08-12T09:20:00,50.4844,0
MCH0008,LINE-C,2026-08-12T10:00:00,50.6118,0
MCH0008,LINE-C,2026-08-12T10:40:00,50.4729,0
MCH0008,LINE-C,2026-08-12T11:20:00,50.5431,0
MCH0008,LINE-C,2026-08-12T12:00:00,50.4574,0
MCH0008,LINE-C,2026-08-12T12:40:00,50.506,0
MCH0008,LINE-C,2026-08-12T13:20:00,50.5874,0
MCH0008,LINE-C,2026-08-12T14:00:00,50.5517,0
MCH0008,LINE-C,2026-08-12T14:40:00,50.6524,0
MCH0008,LINE-C,2026-08-12T15:20:00,50.4414,0
MCH0008,LINE-C,2026-08-12T16:00:00,50.5163,0
MCH0008,LINE-C,2026-08-12T16:40:00,50.526,0
MCH0008,LINE-C,2026-08-12T17:20:00,50.5087,0
MCH0008,LINE-C,2026-08-12T18:00:00,50.5172,0
MCH0008,LINE-C,2026-08-12T18:40:00,50.5926,0
MCH0008,LINE-C,2026-08-12T19:20:00,50.592,0
MCH0008,LINE-C,2026-08-12T20:00:00,50.5049,0
MCH0008,LINE-C,2026-08-12T20:40:00,50.4952,0
MCH0008,LINE-C,2026-08-12T21:20:00,50.5132,0
MCH0008,LINE-C,2026-08-12T22:00:00,50.5873,0
MCH0008,LINE-C,2026-08-12T22:40:00,50.5476,0
MCH0008,LINE-C,2026-08-12T23:20:00,50.5624,0
MCH0008,LINE-C,2026-08-13T00:00:00,50.5636,0
MCH0008,LINE-C,2026-08-13T00:40:00,50.4959,0
MCH0008,LINE-C,2026-08-13T01:20:00,50.5332,0
MCH0008,LINE-C,2026-08-13T02:00:00,50.5491,0
MCH0008,LINE-C,2026-08-13T02:40:00,50.4995,0
MCH0008,LINE-C,2026-08-13T03:20:00,50.5057,0
MCH0008,LINE-C,2026-08-13T04:00:00,50.5185,0
MCH0008,LINE-C,2026-08-13T04:40:00,50.4715,0
MCH0008,LINE-C,2026-08-13T05:20:00,50.5512,0
MCH0008,LINE-C,2026-08-13T06:00:00,50.5324,0
MCH0008,LINE-C,2026-08-13T06:40:00,50.5805,0
MCH0008,LINE-C,2026-08-13T07:20:00,50.5362,0
MCH0008,LINE-C,2026-08-13T08:00:00,50.5871,0
MCH0008,LINE-C,2026-08-13T08:40:00,50.7309,0
MCH0008,LINE-C,2026-08-13T09:20:00,50.6695,0
MCH0008,LINE-C,2026-08-13T10:00:00,50.5843,0
MCH0008,LINE-C,2026-08-13T10:40:00,50.5411,0
MCH0008,LINE-C,2026-08-13T11:20:00,50.5567,0
MCH0008,LINE-C,2026-08-13T12:00:00,50.5511,0
MCH0008,LINE-C,2026-08-13T12:40:00,50.6393,0
MCH0008,LINE-C,2026-08-13T13:20:00,50.6364,0
MCH0008,LINE-C,2026-08-13T14:00:00,50.5627,0
MCH0008,LINE-C,2026-08-13T14:40:00,50.6307,0
MCH0008,LINE-C,2026-08-13T15:20:00,50.6291,0
MCH0008,LINE-C,2026-08-13T16:00:00,50.6471,0
MCH0008,LINE-C,2026-08-13T16:40:00,50.6078,0
MCH0008,LINE-C,2026-08-13T17:20:00,50.5908,0
MCH0008,LINE-C,2026-08-13T18:00:00,50.6242,0
MCH0008,LINE-C,2026-08-13T18:40:00,50.5447,0
MCH0008,LINE-C,2026-08-13T19:20:00,50.5503,0
MCH0008,LINE-C,2026-08-13T20:00:00,50.6283,0
MCH0008,LINE-C,2026-08-13T20:40:00,50.4832,0
MCH0008,LINE-C,2026-08-13T21:20:00,50.4325,0
MCH0008,LINE-C,2026-08-13T22:00:00,50.5501,0
MCH0008,LINE-C,2026-08-13T22:40:00,50.5866,0
MCH0008,LINE-C,2026-08-13T23:20:00,50.6193,0
MCH0008,LINE-C,2026-08-14T00:00:00,50.6772,0
MCH0008,LINE-C,2026-08-14T00:40:00,50.5267,0
MCH0008,LINE-C,2026-08-14T01:20:00,50.6193,0
MCH0008,LINE-C,2026-08-14T02:00:00,50.5685,0
MCH0008,LINE-C,2026-08-14T02:40:00,50.5135,0
MCH0008,LINE-C,2026-08-14T03:20:00,50.0352,1
MCH0008,LINE-C,2026-08-14T04:00:00,49.9851,1
MCH0008,LINE-C,2026-08-14T04:40:00,49.9852,1
MCH0008,LINE-C,2026-08-14T05:20:00,50.0397,1
MCH0008,LINE-C,2026-08-14T06:00:00,50.0184,1
MCH0008,LINE-C,2026-08-14T06:40:00,49.9302,1
MCH0008,LINE-C,2026-08-14T07:20:00,50.1266,1
MCH0008,LINE-C,2026-08-14T08:00:00,50.012,1
MCH0008,LINE-C,2026-08-14T08:40:00,50.0206,1
MCH0008,LINE-C,2026-08-14T09:20:00,50.0676,1
MCH0008,LINE-C,2026-08-14T10:00:00,50.0189,1
MCH0008,LINE-C,2026-08-14T10:40:00,50.0592,1
MCH0008,LINE-C,2026-08-14T11:20:00,50.0999,1
MCH0008,LINE-C,2026-08-14T12:00:00,50.0301,1
MCH0008,LINE-C,2026-08-14T12:40:00,49.9511,1
MCH0008,LINE-C,2026-08-14T13:20:00,50.0315,1
MCH0008,LINE-C,2026-08-14T14:00:00,49.9878,1
MCH0008,LINE-C,2026-08-14T14:40:00,49.9548,1
MCH0008,LINE-C,2026-08-14T15:20:00,50.0708,1
MCH0008,LINE-C,2026-08-14T16:00:00,50.0764,1
MCH0008,LINE-C,2026-08-14T16:40:00,50.0854,1
MCH0008,LINE-C,2026-08-14T17:20:00,50.0936,1
MCH0008,LINE-C,2026-08-14T18:00:00,50.0411,1
MCH0008,LINE-C,2026-08-14T18:40:00,49.9724,1
MCH0008,LINE-C,2026-08-14T19:20:00,50.0332,1
MCH0008,LINE-C,2026-08-14T20:00:00,49.9704,1
MCH0008,LINE-C,2026-08-14T20:40:00,50.0654,1
MCH0008,LINE-C,2026-08-14T21:20:00,50.0058,1
MCH0008,LINE-C,2026-08-14T22:00:00,50.0549,1
MCH0008,LINE-C,2026-08-14T22:40:00,50.0245,1
MCH0008,LINE-C,2026-08-14T23:20:00,49.9729,1
MCH0009,LINE-C,2026-07-01T00:00:00,50.0024,1
MCH0009,LINE-C,2026-07-01T00:40:00,49.9807,1
MCH0009,LINE-C,2026-07-01T01:20:00,50.0268,1
MCH0009,LINE-C,2026-07-01T02:00:00,49.9519,1
MCH0009,LINE-C,2026-07-01T02:40:00,49.96,1
MCH0009,LINE-C,2026-07-01T03:20:00,49.9678,1
MCH0009,LINE-C,2026-07-01T04:00:00,50.0926,1
MCH0009,LINE-C,2026-07-01T04:40:00,49.9989,1
MCH0009,LINE-C,2026-07-01T05:20:00,50.0071,1
MCH0009,LINE-C,2026-07-01T06:00:00,50.0451,1
MCH0009,LINE-C,2026-07-01T06:40:00,50.0676,1
MCH0009,LINE-C,2026-07-01T07:20:00,49.9816,1
MCH0009,LINE-C,2026-07-01T08:00:00,49.9855,1
MCH0009,LINE-C,2026-07-01T08:40:00,50.091,1
MCH0009,LINE-C,2026-07-01T09:20:00,50.039,1
MCH0009,LINE-C,2026-07-01T10:00:00,50.0488,1
MCH0009,LINE-C,2026-07-01T10:40:00,50.0417,1
MCH0009,LINE-C,2026-07-01T11:20:00,50.043,1
MCH0009,LINE-C,2026-07-01T12:00:00,49.9635,1
MCH0009,LINE-C,2026-07-01T12:40:00,49.9769,1
MCH0009,LINE-C,2026-07-01T13:20:00,50.0362,1
MCH0009,LINE-C,2026-07-01T14:00:00,50.0366,1
MCH0009,LINE-C,2026-07-01T14:40:00,50.0388,1
MCH0009,LINE-C,2026-07-01T15:20:00,50.0119,1
MCH0009,LINE-C,2026-07-01T16:00:00,50.0948,1
MCH0009,LINE-C,2026-07-01T16:40:00,50.0615,1
MCH0009,LINE-C,2026-07-01T17:20:00,50.0395,1
MCH0009,LINE-C,2026-07-01T18:00:00,50.0553,1
MCH0009,LINE-C,2026-07-01T18:40:00,50.1175,1
MCH0009,LINE-C,2026-07-01T19:20:00,50.0363,1
MCH0009,LINE-C,2026-07-01T20:00:00,50.1333,1
MCH0009,LINE-C,2026-07-01T20:40:00,50.039,1
MCH0009,LINE-C,2026-07-01T21:20:00,50.0978,1
MCH0009,LINE-C,2026-07-01T22:00:00,50.0807,1
MCH0009,LINE-C,2026-07-01T22:40:00,50.1025,1
MCH0009,LINE-C,2026-07-01T23:20:00,50.0078,1
MCH0009,LINE-C,2026-07-02T00:00:00,49.9877,1
MCH0009,LINE-C,2026-07-02T00:40:00,50.0973,1
MCH0009,LINE-C,2026-07-02T01:20:00,50.0786,1
MCH0009,LINE-C,2026-07-02T02:00:00,50.0247,1
MCH0009,LINE-C,2026-07-02T02:40:00,50.0305,1
MCH0009,LINE-C,2026-07-02T03:20:00,50.0776,1
MCH0009,LINE-C,2026-07-02T04:00:00,50.1188,1
MCH0009,LINE-C,2026-07-02T04:40:00,50.1246,1
MCH0009,LINE-C,2026-07-02T05:20:00,50.0857,1
MCH0009,LINE-C,2026-07-02T06:00:00,49.9943,1
MCH0009,LINE-C,2026-07-02T06:40:00,50.0661,1
MCH0009,LINE-C,2026-07-02T07:20:00,50.1873,1
MCH0009,LINE-C,2026-07-02T08:00:00,50.0243,1
MCH0009,LINE-C,2026-07-02T08:40:00,50.074,1
MCH0009,LINE-C,2026-07-02T09:20:00,50.0314,1
MCH0009,LINE-C,2026-07-02T10:00:00,50.0409,1
MCH0009,LINE-C,2026-07-02T10:40:00,50.0362,1
MCH0009,LINE-C,2026-07-02T11:20:00,50.0646,1
MCH0009,LINE-C,2026-07-02T12:00:00,50.0538,1
MCH0009,LINE-C,2026-07-02T12:40:00,50.1224,1
MCH0009,LINE-C,2026-07-02T13:20:00,50.1067,1
MCH0009,LINE-C,2026-07-02T14:00:00,50.0793,1
MCH0009,LINE-C,2026-07-02T14:40:00,50.1086,1
MCH0009,LINE-C,2026-07-02T15:20:00,50.0651,1
MCH0009,LINE-C,2026-07-02T16:00:00,50.1673,1
MCH0009,LINE-C,2026-07-02T16:40:00,50.0727,1
MCH0009,LINE-C,2026-07-02T17:20:00,50.142,1
MCH0009,LINE-C,2026-07-02T18:00:00,50.0784,1
MCH0009,LINE-C,2026-07-02T18:40:00,50.1446,1
MCH0009,LINE-C,2026-07-02T19:20:00,50.1093,1
MCH0009,LINE-C,2026-07-02T20:00:00,50.2157,1
MCH0009,LINE-C,2026-07-02T20:40:00,50.062,1
MCH0009,LINE-C,2026-07-02T21:20:00,50.0824,1
MCH0009,LINE-C,2026-07-02T22:00:00,50.27,1
MCH0009,LINE-C,2026-07-02T22:40:00,50.05,1
MCH0009,LINE-C,2026-07-02T23:20:00,50.0293,1
MCH0009,LINE-C,2026-07-03T00:00:00,50.154,1
MCH0009,LINE-C,2026-07-03T00:40:00,50.0786,1
MCH0009,LINE-C,2026-07-03T01:20:00,50.0769,1
MCH0009,LINE-C,2026-07-03T02:00:00,50.1823,1
MCH0009,LINE-C,2026-07-03T02:40:00,50.0639,1
MCH0009,LINE-C,2026-07-03T03:20:00,50.0499,1
MCH0009,LINE-C,2026-07-03T04:00:00,50.1632,1
MCH0009,LINE-C,2026-07-03T04:40:00,50.0634,1
MCH0009,LINE-C,2026-07-03T05:20:00,50.105,1
MCH0009,LINE-C,2026-07-03T06:00:00,50.0612,1
MCH0009,LINE-C,2026-07-03T06:40:00,50.109,1
MCH0009,LINE-C,2026-07-03T07:20:00,50.0743,1
MCH0009,LINE-C,2026-07-03T08:00:00,50.0906,1
MCH0009,LINE-C,2026-07-03T08:40:00,50.0604,1
MCH0009,LINE-C,2026-07-03T09:20:00,50.0662,1
MCH0009,LINE-C,2026-07-03T10:00:00,50.0982,1
MCH0009,LINE-C,2026-07-03T10:40:00,50.0535,1
MCH0009,LINE-C,2026-07-03T11:20:00,50.1683,1
MCH0009,LINE-C,2026-07-03T12:00:00,50.0871,1
MCH0009,LINE-C,2026-07-03T12:40:00,50.1292,1
MCH0009,LINE-C,2026-07-03T13:20:00,50.151,1
MCH0009,LINE-C,2026-07-03T14:00:00,50.183,1
MCH0009,LINE-C,2026-07-03T14:40:00,50.1453,1
MCH0009,LINE-C,2026-07-03T15:20:00,50.2972,1
MCH0009,LINE-C,2026-07-03T16:00:00,50.1501,1
MCH0009,LINE-C,2026-07-03T16:40:00,50.2006,1
MCH0009,LINE-C,2026-07-03T17:20:00,50.1838,1
MCH0009,LINE-C,2026-07-03T18:00:00,50.1998,1
MCH0009,LINE-C,2026-07-03T18:40:00,50.1232,1
MCH0009,LINE-C,2026-07-03T19:20:00,50.1652,1
MCH0009,LINE-C,2026-07-03T20:00:00,50.1443,1
MCH0009,LINE-C,2026-07-03T20:40:00,50.0901,1
MCH0009,LINE-C,2026-07-03T21:20:00,50.1103,1
MCH0009,LINE-C,2026-07-03T22:00:00,50.1495,1
MCH0009,LINE-C,2026-07-03T22:40:00,50.1765,1
MCH0009,LINE-C,2026-07-03T23:20:00,50.1196,1
MCH0009,LINE-C,2026-07-04T00:00:00,50.1669,1
MCH0009,LINE-C,2026-07-04T00:40:00,50.2372,1
MCH0009,LINE-C,2026-07-04T01:20:00,50.2529,1
MCH0009,LINE-C,2026-07-04T02:00:00,50.0945,1
MCH0009,LINE-C,2026-07-04T02:40:00,50.1448,1
MCH0009,LINE-C,2026-07-04T03:20:00,50.2232,1
MCH0009,LINE-C,2026-07-04T04:00:00,50.0856,1
MCH0009,LINE-C,2026-07-04T04:40:00,50.2243,1
MCH0009,LINE-C,2026-07-04T05:20:00,50.1378,1
MCH0009,LINE-C,2026-07-04T06:00:00,50.1226,1
MCH0009,LINE-C,2026-07-04T06:40:00,50.1295,1
MCH0009,LINE-C,2026-07-04T07:20:00,50.1429,1
MCH0009,LINE-C,2026-07-04T08:00:00,50.2167,1
MCH0009,LINE-C,2026-07-04T08:40:00,50.1978,1
MCH0009,LINE-C,2026-07-04T09:20:00,50.1765,1
MCH0009,LINE-C,2026-07-04T10:00:00,50.241,1
MCH0009,LINE-C,2026-07-04T10:40:00,50.2533,1
MCH0009,LINE-C,2026-07-04T11:20:00,50.0559,1
MCH0009,LINE-C,2026-07-04T12:00:00,50.1814,1
MCH0009,LINE-C,2026-07-04T12:40:00,50.2113,1
MCH0009,LINE-C,2026-07-04T13:20:00,50.1397,1
MCH0009,LINE-C,2026-07-04T14:00:00,50.1485,1
MCH0009,LINE-C,2026-07-04T14:40:00,50.169,1
MCH0009,LINE-C,2026-07-04T15:20:00,50.2566,1
MCH0009,LINE-C,2026-07-04T16:00:00,50.1784,1
MCH0009,LINE-C,2026-07-04T16:40:00,50.1463,1
MCH0009,LINE-C,2026-07-04T17:20:00,50.1948,1
MCH0009,LINE-C,2026-07-04T18:00:00,50.1899,1
MCH0009,LINE-C,2026-07-04T18:40:00,50.2045,1
MCH0009,LINE-C,2026-07-04T19:20:00,50.1954,1
MCH0009,LINE-C,2026-07-04T20:00:00,50.1051,1
MCH0009,LINE-C,2026-07-04T20:40:00,50.0446,1
MCH0009,LINE-C,2026-07-04T21:20:00,50.2459,1
MCH0009,LINE-C,2026-07-04T22:00:00,50.2179,1
MCH0009,LINE-C,2026-07-04T22:40:00,50.2076,1
MCH0009,LINE-C,2026-07-04T23:20:00,50.2064,1
MCH0009,LINE-C,2026-07-05T00:00:00,50.1953,1
MCH0009,LINE-C,2026-07-05T00:40:00,50.2248,1
MCH0009,LINE-C,2026-07-05T01:20:00,50.2725,1
MCH0009,LINE-C,2026-07-05T02:00:00,50.2467,1
MCH0009,LINE-C,2026-07-05T02:40:00,50.166,1
MCH0009,LINE-C,2026-07-05T03:20:00,50.2368,1
MCH0009,LINE-C,2026-07-05T04:00:00,50.3095,0
MCH0009,LINE-C,2026-07-05T04:40:00,50.2044,1
MCH0009,LINE-C,2026-07-05T05:20:00,50.2124,1
MCH0009,LINE-C,2026-07-05T06:00:00,50.2364,1
MCH0009,LINE-C,2026-07-05T06:40:00,50.2155,1
MCH0009,LINE-C,2026-07-05T07:20:00,50.3572,0
MCH0009,LINE-C,2026-07-05T08:00:00,50.2081,1
MCH0009,LINE-C,2026-07-05T08:40:00,50.3213,0
MCH0009,LINE-C,2026-07-05T09:20:00,50.2797,1
MCH0009,LINE-C,2026-07-05T10:00:00,50.2973,1
MCH0009,LINE-C,2026-07-05T10:40:00,50.2273,1
MCH0009,LINE-C,2026-07-05T11:20:00,50.2492,1
MCH0009,LINE-C,2026-07-05T12:00:00,50.252,1
MCH0009,LINE-C,2026-07-05T12:40:00,50.2763,1
MCH0009,LINE-C,2026-07-05T13:20:00,50.1887,1
MCH0009,LINE-C,2026-07-05T14:00:00,50.1317,1
MCH0009,LINE-C,2026-07-05T14:40:00,50.2778,1
MCH0009,LINE-C,2026-07-05T15:20:00,50.2492,1
MCH0009,LINE-C,2026-07-05T16:00:00,50.2417,1
MCH0009,LINE-C,2026-07-05T16:40:00,50.2569,1
MCH0009,LINE-C,2026-07-05T17:20:00,50.3067,0
MCH0009,LINE-C,2026-07-05T18:00:00,50.1322,1
MCH0009,LINE-C,2026-07-05T18:40:00,50.3253,0
MCH0009,LINE-C,2026-07-05T19:20:00,50.2636,1
MCH0009,LINE-C,2026-07-05T20:00:00,50.2761,1
MCH0009,LINE-C,2026-07-05T20:40:00,50.3834,0
MCH0009,LINE-C,2026-07-05T21:20:00,50.3247,0
MCH0009,LINE-C,2026-07-05T22:00:00,50.3541,0
MCH0009,LINE-C,2026-07-05T22:40:00,50.3113,0
MCH0009,LINE-C,2026-07-05T23:20:00,50.3668,0
MCH0009,LINE-C,2026-07-06T00:00:00,50.2035,1
MCH0009,LINE-C,2026-07-06T00:40:00,50.2413,1
MCH0009,LINE-C,2026-07-06T01:20:00,50.2288,1
MCH0009,LINE-C,2026-07-06T02:00:00,50.2371,1
MCH0009,LINE-C,2026-07-06T02:40:00,50.323,0
MCH0009,LINE-C,2026-07-06T03:20:00,50.2827,1
MCH0009,LINE-C,2026-07-06T04:00:00,50.2981,1
MCH0009,LINE-C,2026-07-06T04:40:00,50.3348,0
MCH0009,LINE-C,2026-07-06T05:20:00,50.2815,1
MCH0009,LINE-C,2026-07-06T06:00:00,50.3104,0
MCH0009,LINE-C,2026-07-06T06:40:00,50.2796,1
MCH0009,LINE-C,2026-07-06T07:20:00,50.276,1
MCH0009,LINE-C,2026-07-06T08:00:00,50.272,1
MCH0009,LINE-C,2026-07-06T08:40:00,50.2973,1
MCH0009,LINE-C,2026-07-06T09:20:00,50.3482,0
MCH0009,LINE-C,2026-07-06T10:00:00,50.2448,1
MCH0009,LINE-C,2026-07-06T10:40:00,50.2725,1
MCH0009,LINE-C,2026-07-06T11:20:00,50.2626,1
MCH0009,LINE-C,2026-07-06T12:00:00,50.2843,1
MCH0009,LINE-C,2026-07-06T12:40:00,50.3183,0
MCH0009,LINE-C,2026-07-06T13:20:00,50.2968,1
MCH0009,LINE-C,2026-07-06T14:00:00,50.2954,1
MCH0009,LINE-C,2026-07-06T14:40:00,50.2834,1
MCH0009,LINE-C,2026-07-06T15:20:00,50.2893,1
MCH0009,LINE-C,2026-07-06T16:00:00,50.3295,0
MCH0009,LINE-C,2026-07-06T16:40:00,50.2442,1
MCH0009,LINE-C,2026-07-06T17:20:00,50.3044,0
MCH0009,LINE-C,2026-07-06T18:00:00,50.3657,0
MCH0009,LINE-C,2026-07-06T18:40:00,50.3919,0
MCH0009,LINE-C,2026-07-06T19:20:00,50.1415,1
MCH0009,LINE-C,2026-07-06T20:00:00,50.4189,0
MCH0009,LINE-C,2026-07-06T20:40:00,50.4484,0
MCH0009,LINE-C,2026-07-06T21:20:00,50.3474,0
MCH0009,LINE-C,2026-07-06T22:00:00,50.2772,1
MCH0009,LINE-C,2026-07-06T22:40:00,50.351,0
MCH0009,LINE-C,2026-07-06T23:20:00,50.2874,1
MCH0009,LINE-C,2026-07-07T00:00:00,50.2916,1
MCH0009,LINE-C,2026-07-07T00:40:00,50.213,1
MCH0009,LINE-C,2026-07-07T01:20:00,50.3685,0
MCH0009,LINE-C,2026-07-07T02:00:00,50.2198,1
MCH0009,LINE-C,2026-07-07T02:40:00,50.3222,0
MCH0009,LINE-C,2026-07-07T03:20:00,50.2928,1
MCH0009,LINE-C,2026-07-07T04:00:00,50.3713,0
MCH0009,LINE-C,2026-07-07T04:40:00,50.3053,0
MCH0009,LINE-C,2026-07-07T05:20:00,50.2619,1
MCH0009,LINE-C,2026-07-07T06:00:00,50.3417,0
MCH0009,LINE-C,2026-07-07T06:40:00,50.3584,0
MCH0009,LINE-C,2026-07-07T07:20:00,50.3288,0
MCH0009,LINE-C,2026-07-07T08:00:00,50.2294,1
MCH0009,LINE-C,2026-07-07T08:40:00,50.4283,0
MCH0009,LINE-C,2026-07-07T09:20:00,50.2174,1
MCH0009,LINE-C,2026-07-07T10:00:00,50.2628,1
MCH0009,LINE-C,2026-07-07T10:40:00,50.3441,0
MCH0009,LINE-C,2026-07-07T11:20:00,50.3204,0
MCH0009,LINE-C,2026-07-07T12:00:00,50.3901,0
MCH0009,LINE-C,2026-07-07T12:40:00,50.3173,0
MCH0009,LINE-C,2026-07-07T13:20:00,50.4438,0
MCH0009,LINE-C,2026-07-07T14:00:00,50.3793,0
MCH0009,LINE-C,2026-07-07T14:40:00,50.3124,0
MCH0009,LINE-C,2026-07-07T15:20:00,50.3722,0
MCH0009,LINE-C,2026-07-07T16:00:00,50.3308,0
MCH0009,LINE-C,2026-07-07T16:40:00,50.3165,0
MCH0009,LINE-C,2026-07-07T17:20:00,50.3263,0
MCH0009,LINE-C,2026-07-07T18:00:00,50.392,0
MCH0009,LINE-C,2026-07-07T18:40:00,50.3885,0
MCH0009,LINE-C,2026-07-07T19:20:00,50.3546,0
MCH0009,LINE-C,2026-07-07T20:00:00,50.3052,0
MCH0009,LINE-C,2026-07-07T20:40:00,50.4277,0
MCH0009,LINE-C,2026-07-07T21:20:00,50.3971,0
MCH0009,LINE-C,2026-07-07T22:00:00,50.3837,0
MCH0009,LINE-C,2026-07-07T22:40:00,50.3962,0
MCH0009,LINE-C,2026-07-07T23:20:00,50.4465,0
MCH0009,LINE-C,2026-07-08T00:00:00,50.2843,1
MCH0009,LINE-C,2026-07-08T00:40:00,50.3826,0
MCH0009,LINE-C,2026-07-08T01:20:00,50.3909,0
MCH0009,LINE-C,2026-07-08T02:00:00,50.3762,0
MCH0009,LINE-C,2026-07-08T02:40:00,50.4559,0
MCH0009,LINE-C,2026-07-08T03:20:00,50.3658,0
MCH0009,LINE-C,2026-07-08T04:00:00,50.3456,0
MCH0009,LINE-C,2026-07-08T04:40:00,50.4508,0
MCH0009,LINE-C,2026-07-08T05:20:00,50.2995,1
MCH0009,LINE-C,2026-07-08T06:00:00,50.3976,0
MCH0009,LINE-C,2026-07-08T06:40:00,50.3467,0
MCH0009,LINE-C,2026-07-08T07:20:00,50.3813,0
MCH0009,LINE-C,2026-07-08T08:00:00,50.3619,0
MCH0009,LINE-C,2026-07-08T08:40:00,50.4966,0
MCH0009,LINE-C,2026-07-08T09:20:00,50.3618,0
MCH0009,LINE-C,2026-07-08T10:00:00,50.3506,0
MCH0009,LINE-C,2026-07-08T10:40:00,50.3766,0
MCH0009,LINE-C,2026-07-08T11:20:00,50.3995,0
MCH0009,LINE-C,2026-07-08T12:00:00,50.3961,0
MCH0009,LINE-C,2026-07-08T12:40:00,50.3582,0
MCH0009,LINE-C,2026-07-08T13:20:00,50.4259,0
MCH0009,LINE-C,2026-07-08T14:00:00,50.4162,0
MCH0009,LINE-C,2026-07-08T14:40:00,50.3755,0
MCH0009,LINE-C,2026-07-08T15:20:00,50.3946,0
MCH0009,LINE-C,2026-07-08T16:00:00,50.4181,0
MCH0009,LINE-C,2026-07-08T16:40:00,50.4839,0
MCH0009,LINE-C,2026-07-08T17:20:00,50.3767,0
MCH0009,LINE-C,2026-07-08T18:00:00,50.3258,0
MCH0009,LINE-C,2026-07-08T18:40:00,50.4368,0
MCH0009,LINE-C,2026-07-08T19:20:00,50.4803,0
MCH0009,LINE-C,2026-07-08T20:00:00,50.4141,0
MCH0009,LINE-C,2026-07-08T20:40:00,50.486,0
MCH0009,LINE-C,2026-07-08T21:20:00,50.4625,0
MCH0009,LINE-C,2026-07-08T22:00:00,50.4491,0
MCH0009,LINE-C,2026-07-08T22:40:00,50.3592,0
MCH0009,LINE-C,2026-07-08T23:20:00,50.3611,0
MCH0009,LINE-C,2026-07-09T00:00:00,50.4206,0
MCH0009,LINE-C,2026-07-09T00:40:00,50.447,0
MCH0009,LINE-C,2026-07-09T01:20:00,50.5007,0
MCH0009,LINE-C,2026-07-09T02:00:00,50.4164,0
MCH0009,LINE-C,2026-07-09T02:40:00,50.4262,0
MCH0009,LINE-C,2026-07-09T03:20:00,50.4353,0
MCH0009,LINE-C,2026-07-09T04:00:00,50.5058,0
MCH0009,LINE-C,2026-07-09T04:40:00,50.4273,0
MCH0009,LINE-C,2026-07-09T05:20:00,50.4012,0
MCH0009,LINE-C,2026-07-09T06:00:00,50.4824,0
MCH0009,LINE-C,2026-07-09T06:40:00,50.4371,0
MCH0009,LINE-C,2026-07-09T07:20:00,50.4622,0
MCH0009,LINE-C,2026-07-09T08:00:00,50.4527,0
MCH0009,LINE-C,2026-07-09T08:40:00,50.3359,0
MCH0009,LINE-C,2026-07-09T09:20:00,50.4481,0
MCH0009,LINE-C,2026-07-09T10:00:00,50.4465,0
MCH0009,LINE-C,2026-07-09T10:40:00,50.4257,0
MCH0009,LINE-C,2026-07-09T11:20:00,50.5399,0
MCH0009,LINE-C,2026-07-09T12:00:00,50.4113,0
MCH0009,LINE-C,2026-07-09T12:40:00,50.4725,0
MCH0009,LINE-C,2026-07-09T13:20:00,50.5002,0
MCH0009,LINE-C,2026-07-09T14:00:00,50.4152,0
MCH0009,LINE-C,2026-07-09T14:40:00,50.4517,0
MCH0009,LINE-C,2026-07-09T15:20:00,50.4431,0
MCH0009,LINE-C,2026-07-09T16:00:00,50.5101,0
MCH0009,LINE-C,2026-07-09T16:40:00,50.4093,0
MCH0009,LINE-C,2026-07-09T17:20:00,50.4538,0
MCH0009,LINE-C,2026-07-09T18:00:00,50.5302,0
MCH0009,LINE-C,2026-07-09T18:40:00,50.4867,0
MCH0009,LINE-C,2026-07-09T19:20:00,50.4845,0
MCH0009,LINE-C,2026-07-09T20:00:00,50.4459,0
MCH0009,LINE-C,2026-07-09T20:40:00,50.4613,0
MCH0009,LINE-C,2026-07-09T21:20:00,50.4182,0
MCH0009,LINE-C,2026-07-09T22:00:00,50.4744,0
MCH0009,LINE-C,2026-07-09T22:40:00,50.5671,0
MCH0009,LINE-C,2026-07-09T23:20:00,50.5345,0
MCH0009,LINE-C,2026-07-10T00:00:00,50.464,0
MCH0009,LINE-C,2026-07-10T00:40:00,50.5112,0
MCH0009,LINE-C,2026-07-10T01:20:00,50.5416,0
MCH0009,LINE-C,2026-07-10T02:00:00,50.4187,0
MCH0009,LINE-C,2026-07-10T02:40:00,50.4942,0
MCH0009,LINE-C,2026-07-10T03:20:00,50.4464,0
MCH0009,LINE-C,2026-07-10T04:00:00,50.4889,0
MCH0009,LINE-C,2026-07-10T04:40:00,50.5222,0
MCH0009,LINE-C,2026-07-10T05:20:00,50.4758,0
MCH0009,LINE-C,2026-07-10T06:00:00,50.5291,0
MCH0009,LINE-C,2026-07-10T06:40:00,50.5263,0
MCH0009,LINE-C,2026-07-10T07:20:00,50.5759,0
MCH0009,LINE-C,2026-07-10T08:00:00,50.5339,0
MCH0009,LINE-C,2026-07-10T08:40:00,50.4196,0
MCH0009,LINE-C,2026-07-10T09:20:00,50.5258,0
MCH0009,LINE-C,2026-07-10T10:00:00,50.5428,0
MCH0009,LINE-C,2026-07-10T10:40:00,50.5102,0
MCH0009,LINE-C,2026-07-10T11:20:00,50.5105,0
MCH0009,LINE-C,2026-07-10T12:00:00,50.5439,0
MCH0009,LINE-C,2026-07-10T12:40:00,50.5342,0
MCH0009,LINE-C,2026-07-10T13:20:00,50.4275,0
MCH0009,LINE-C,2026-07-10T14:00:00,50.4858,0
MCH0009,LINE-C,2026-07-10T14:40:00,50.4941,0
MCH0009,LINE-C,2026-07-10T15:20:00,50.4916,0
MCH0009,LINE-C,2026-07-10T16:00:00,50.4987,0
MCH0009,LINE-C,2026-07-10T16:40:00,50.5049,0
MCH0009,LINE-C,2026-07-10T17:20:00,50.5345,0
MCH0009,LINE-C,2026-07-10T18:00:00,50.6199,0
MCH0009,LINE-C,2026-07-10T18:40:00,50.5166,0
MCH0009,LINE-C,2026-07-10T19:20:00,50.5586,0
MCH0009,LINE-C,2026-07-10T20:00:00,50.5178,0
MCH0009,LINE-C,2026-07-10T20:40:00,50.5566,0
MCH0009,LINE-C,2026-07-10T21:20:00,50.5213,0
MCH0009,LINE-C,2026-07-10T22:00:00,50.5833,0
MCH0009,LINE-C,2026-07-10T22:40:00,50.5848,0
MCH0009,LINE-C,2026-07-10T23:20:00,50.5171,0
MCH0009,LINE-C,2026-07-11T00:00:00,50.4571,0
MCH0009,LINE-C,2026-07-11T00:40:00,50.4559,0
MCH0009,LINE-C,2026-07-11T01:20:00,50.5215,0
MCH0009,LINE-C,2026-07-11T02:00:00,50.4879,0
MCH0009,LINE-C,2026-07-11T02:40:00,50.5256,0
MCH0009,LINE-C,2026-07-11T03:20:00,50.6048,0
MCH0009,LINE-C,2026-07-11T04:00:00,50.5138,0
MCH0009,LINE-C,2026-07-11T04:40:00,50.5706,0
MCH0009,LINE-C,2026-07-11T05:20:00,50.5739,0
MCH0009,LINE-C,2026-07-11T06:00:00,50.5176,0
MCH0009,LINE-C,2026-07-11T06:40:00,50.59,0
MCH0009,LINE-C,2026-07-11T07:20:00,50.5656,0
MCH0009,LINE-C,2026-07-11T08:00:00,50.6294,0
MCH0009,LINE-C,2026-07-11T08:40:00,50.5668,0
MCH0009,LINE-C,2026-07-11T09:20:00,50.6154,0
MCH0009,LINE-C,2026-07-11T10:00:00,50.5988,0
MCH0009,LINE-C,2026-07-11T10:40:00,50.5379,0
MCH0009,LINE-C,2026-07-11T11:20:00,50.6416,0
MCH0009,LINE-C,2026-07-11T12:00:00,50.5613,0
MCH0009,LINE-C,2026-07-11T12:40:00,50.6515,0
MCH0009,LINE-C,2026-07-11T13:20:00,50.5349,0
MCH0009,LINE-C,2026-07-11T14:00:00,50.6622,0
MCH0009,LINE-C,2026-07-11T14:40:00,50.6479,0
MCH0009,LINE-C,2026-07-11T15:20:00,50.6138,0
MCH0009,LINE-C,2026-07-11T16:00:00,50.581,0
MCH0009,LINE-C,2026-07-11T16:40:00,50.5478,0
MCH0009,LINE-C,2026-07-11T17:20:00,50.4972,0
MCH0009,LINE-C,2026-07-11T18:00:00,50.5405,0
MCH0009,LINE-C,2026-07-11T18:40:00,50.6792,0
MCH0009,LINE-C,2026-07-11T19:20:00,50.5855,0
MCH0009,LINE-C,2026-07-11T20:00:00,50.4901,0
MCH0009,LINE-C,2026-07-11T20:40:00,50.6696,0
MCH0009,LINE-C,2026-07-11T21:20:00,50.6411,0
MCH0009,LINE-C,2026-07-11T22:00:00,50.5838,0
MCH0009,LINE-C,2026-07-11T22:40:00,50.6113,0
MCH0009,LINE-C,2026-07-11T23:20:00,50.6463,0
MCH0009,LINE-C,2026-07-12T00:00:00,49.9357,1
MCH0009,LINE-C,2026-07-12T00:40:00,50.0265,1
MCH0009,LINE-C,2026-07-12T01:20:00,49.9561,1
MCH0009,LINE-C,2026-07-12T02:00:00,49.9822,1
MCH0009,LINE-C,2026-07-12T02:40:00,50.0161,1
MCH0009,LINE-C,2026-07-12T03:20:00,49.9755,1
MCH0009,LINE-C,2026-07-12T04:00:00,49.9708,1
MCH0009,LINE-C,2026-07-12T04:40:00,49.9092,1
MCH0009,LINE-C,2026-07-12T05:20:00,50.0149,1
MCH0009,LINE-C,2026-07-12T06:00:00,50.0303,1
MCH0009,LINE-C,2026-07-12T06:40:00,50.0536,1
MCH0009,LINE-C,2026-07-12T07:20:00,49.9588,1
MCH0009,LINE-C,2026-07-12T08:00:00,50.0641,1
MCH0009,LINE-C,2026-07-12T08:40:00,50.0456,1
MCH0009,LINE-C,2026-07-12T09:20:00,50.017,1
MCH0009,LINE-C,2026-07-12T10:00:00,49.9673,1
MCH0009,LINE-C,2026-07-12T10:40:00,50.0218,1
MCH0009,LINE-C,2026-07-12T11:20:00,50.0471,1
MCH0009,LINE-C,2026-07-12T12:00:00,50.0953,1
MCH0009,LINE-C,2026-07-12T12:40:00,50.0347,1
MCH0009,LINE-C,2026-07-12T13:20:00,49.9802,1
MCH0009,LINE-C,2026-07-12T14:00:00,50.0399,1
MCH0009,LINE-C,2026-07-12T14:40:00,50.0912,1
MCH0009,LINE-C,2026-07-12T15:20:00,50.0119,1
MCH0009,LINE-C,2026-07-12T16:00:00,50.0755,1
MCH0009,LINE-C,2026-07-12T16:40:00,50.0658,1
MCH0009,LINE-C,2026-07-12T17:20:00,50.0055,1
MCH0009,LINE-C,2026-07-12T18:00:00,49.8461,1
MCH0009,LINE-C,2026-07-12T18:40:00,49.9957,1
MCH0009,LINE-C,2026-07-12T19:20:00,50.1032,1
MCH0009,LINE-C,2026-07-12T20:00:00,49.9955,1
MCH0009,LINE-C,2026-07-12T20:40:00,50.0984,1
MCH0009,LINE-C,2026-07-12T21:20:00,50.0525,1
MCH0009,LINE-C,2026-07-12T22:00:00,50.0604,1
MCH0009,LINE-C,2026-07-12T22:40:00,50.054,1
MCH0009,LINE-C,2026-07-12T23:20:00,50.0172,1
MCH0009,LINE-C,2026-07-13T00:00:00,50.0542,1
MCH0009,LINE-C,2026-07-13T00:40:00,50.0358,1
MCH0009,LINE-C,2026-07-13T01:20:00,49.9492,1
MCH0009,LINE-C,2026-07-13T02:00:00,50.0622,1
MCH0009,LINE-C,2026-07-13T02:40:00,50.099,1
MCH0009,LINE-C,2026-07-13T03:20:00,50.0526,1
MCH0009,LINE-C,2026-07-13T04:00:00,50.0796,1
MCH0009,LINE-C,2026-07-13T04:40:00,50.0009,1
MCH0009,LINE-C,2026-07-13T05:20:00,49.9967,1
MCH0009,LINE-C,2026-07-13T06:00:00,50.0775,1
MCH0009,LINE-C,2026-07-13T06:40:00,50.1389,1
MCH0009,LINE-C,2026-07-13T07:20:00,50.0849,1
MCH0009,LINE-C,2026-07-13T08:00:00,49.9318,1
MCH0009,LINE-C,2026-07-13T08:40:00,50.0158,1
MCH0009,LINE-C,2026-07-13T09:20:00,50.1162,1
MCH0009,LINE-C,2026-07-13T10:00:00,49.9498,1
MCH0009,LINE-C,2026-07-13T10:40:00,49.9737,1
MCH0009,LINE-C,2026-07-13T11:20:00,50.0333,1
MCH0009,LINE-C,2026-07-13T12:00:00,50.1095,1
MCH0009,LINE-C,2026-07-13T12:40:00,50.0053,1
MCH0009,LINE-C,2026-07-13T13:20:00,50.0247,1
MCH0009,LINE-C,2026-07-13T14:00:00,50.1321,1
MCH0009,LINE-C,2026-07-13T14:40:00,50.0081,1
MCH0009,LINE-C,2026-07-13T15:20:00,50.0394,1
MCH0009,LINE-C,2026-07-13T16:00:00,50.0749,1
MCH0009,LINE-C,2026-07-13T16:40:00,50.018,1
MCH0009,LINE-C,2026-07-13T17:20:00,50.0128,1
MCH0009,LINE-C,2026-07-13T18:00:00,49.958,1
MCH0009,LINE-C,2026-07-13T18:40:00,50.143,1
MCH0009,LINE-C,2026-07-13T19:20:00,50.1289,1
MCH0009,LINE-C,2026-07-13T20:00:00,50.0513,1
MCH0009,LINE-C,2026-07-13T20:40:00,49.9774,1
MCH0009,LINE-C,2026-07-13T21:20:00,50.0025,1
MCH0009,LINE-C,2026-07-13T22:00:00,50.0189,1
MCH0009,LINE-C,2026-07-13T22:40:00,50.0177,1
MCH0009,LINE-C,2026-07-13T23:20:00,50.0292,1
MCH0009,LINE-C,2026-07-14T00:00:00,50.1724,1
MCH0009,LINE-C,2026-07-14T00:40:00,50.1395,1
MCH0009,LINE-C,2026-07-14T01:20:00,50.0365,1
MCH0009,LINE-C,2026-07-14T02:00:00,50.0513,1
MCH0009,LINE-C,2026-07-14T02:40:00,50.0355,1
MCH0009,LINE-C,2026-07-14T03:20:00,50.0607,1
MCH0009,LINE-C,2026-07-14T04:00:00,50.0096,1
MCH0009,LINE-C,2026-07-14T04:40:00,50.0945,1
MCH0009,LINE-C,2026-07-14T05:20:00,50.1135,1
MCH0009,LINE-C,2026-07-14T06:00:00,50.0273,1
MCH0009,LINE-C,2026-07-14T06:40:00,50.1238,1
MCH0009,LINE-C,2026-07-14T07:20:00,50.066,1
MCH0009,LINE-C,2026-07-14T08:00:00,50.0678,1
MCH0009,LINE-C,2026-07-14T08:40:00,50.0643,1
MCH0009,LINE-C,2026-07-14T09:20:00,50.0946,1
MCH0009,LINE-C,2026-07-14T10:00:00,50.0828,1
MCH0009,LINE-C,2026-07-14T10:40:00,50.1309,1
MCH0009,LINE-C,2026-07-14T11:20:00,50.1076,1
MCH0009,LINE-C,2026-07-14T12:00:00,50.0418,1
MCH0009,LINE-C,2026-07-14T12:40:00,50.1068,1
MCH0009,LINE-C,2026-07-14T13:20:00,50.0645,1
MCH0009,LINE-C,2026-07-14T14:00:00,50.0973,1
MCH0009,LINE-C,2026-07-14T14:40:00,50.0087,1
MCH0009,LINE-C,2026-07-14T15:20:00,50.0515,1
MCH0009,LINE-C,2026-07-14T16:00:00,50.0398,1
MCH0009,LINE-C,2026-07-14T16:40:00,49.9899,1
MCH0009,LINE-C,2026-07-14T17:20:00,50.0942,1
MCH0009,LINE-C,2026-07-14T18:00:00,50.1005,1
MCH0009,LINE-C,2026-07-14T18:40:00,50.1171,1
MCH0009,LINE-C,2026-07-14T19:20:00,50.0196,1
MCH0009,LINE-C,2026-07-14T20:00:00,50.0893,1
MCH0009,LINE-C,2026-07-14T20:40:00,50.0946,1
MCH0009,LINE-C,2026-07-14T21:20:00,50.1168,1
MCH0009,LINE-C,2026-07-14T22:00:00,50.0895,1
MCH0009,LINE-C,2026-07-14T22:40:00,50.0969,1
MCH0009,LINE-C,2026-07-14T23:20:00,50.1291,1
MCH0009,LINE-C,2026-07-15T00:00:00,50.1675,1
MCH0009,LINE-C,2026-07-15T00:40:00,50.0557,1
MCH0009,LINE-C,2026-07-15T01:20:00,50.1791,1
MCH0009,LINE-C,2026-07-15T02:00:00,50.1097,1
MCH0009,LINE-C,2026-07-15T02:40:00,50.1633,1
MCH0009,LINE-C,2026-07-15T03:20:00,50.2342,1
MCH0009,LINE-C,2026-07-15T04:00:00,50.11,1
MCH0009,LINE-C,2026-07-15T04:40:00,50.0056,1
MCH0009,LINE-C,2026-07-15T05:20:00,50.0931,1
MCH0009,LINE-C,2026-07-15T06:00:00,50.0504,1
MCH0009,LINE-C,2026-07-15T06:40:00,50.1501,1
MCH0009,LINE-C,2026-07-15T07:20:00,50.1716,1
MCH0009,LINE-C,2026-07-15T08:00:00,50.033,1
MCH0009,LINE-C,2026-07-15T08:40:00,50.0824,1
MCH0009,LINE-C,2026-07-15T09:20:00,50.0794,1
MCH0009,LINE-C,2026-07-15T10:00:00,50.0939,1
MCH0009,LINE-C,2026-07-15T10:40:00,50.1401,1
MCH0009,LINE-C,2026-07-15T11:20:00,50.0785,1
MCH0009,LINE-C,2026-07-15T12:00:00,50.117,1
MCH0009,LINE-C,2026-07-15T12:40:00,50.0768,1
MCH0009,LINE-C,2026-07-15T13:20:00,50.0676,1
MCH0009,LINE-C,2026-07-15T14:00:00,50.1513,1
MCH0009,LINE-C,2026-07-15T14:40:00,50.0792,1
MCH0009,LINE-C,2026-07-15T15:20:00,50.0831,1
MCH0009,LINE-C,2026-07-15T16:00:00,50.1162,1
MCH0009,LINE-C,2026-07-15T16:40:00,50.0181,1
MCH0009,LINE-C,2026-07-15T17:20:00,50.0904,1
MCH0009,LINE-C,2026-07-15T18:00:00,50.144,1
MCH0009,LINE-C,2026-07-15T18:40:00,50.1635,1
MCH0009,LINE-C,2026-07-15T19:20:00,50.1725,1
MCH0009,LINE-C,2026-07-15T20:00:00,49.9945,1
MCH0009,LINE-C,2026-07-15T20:40:00,50.1742,1
MCH0009,LINE-C,2026-07-15T21:20:00,50.182,1
MCH0009,LINE-C,2026-07-15T22:00:00,50.0955,1
MCH0009,LINE-C,2026-07-15T22:40:00,50.1084,1
MCH0009,LINE-C,2026-07-15T23:20:00,50.1203,1
MCH0009,LINE-C,2026-07-16T00:00:00,50.0682,1
MCH0009,LINE-C,2026-07-16T00:40:00,50.1165,1
MCH0009,LINE-C,2026-07-16T01:20:00,50.0852,1
MCH0009,LINE-C,2026-07-16T02:00:00,50.0762,1
MCH0009,LINE-C,2026-07-16T02:40:00,50.0632,1
MCH0009,LINE-C,2026-07-16T03:20:00,50.1591,1
MCH0009,LINE-C,2026-07-16T04:00:00,50.1497,1
MCH0009,LINE-C,2026-07-16T04:40:00,50.2451,1
MCH0009,LINE-C,2026-07-16T05:20:00,50.2315,1
MCH0009,LINE-C,2026-07-16T06:00:00,50.192,1
MCH0009,LINE-C,2026-07-16T06:40:00,50.1632,1
MCH0009,LINE-C,2026-07-16T07:20:00,50.085,1
MCH0009,LINE-C,2026-07-16T08:00:00,50.1438,1
MCH0009,LINE-C,2026-07-16T08:40:00,50.0832,1
MCH0009,LINE-C,2026-07-16T09:20:00,50.0969,1
MCH0009,LINE-C,2026-07-16T10:00:00,50.1289,1
MCH0009,LINE-C,2026-07-16T10:40:00,50.1265,1
MCH0009,LINE-C,2026-07-16T11:20:00,50.163,1
MCH0009,LINE-C,2026-07-16T12:00:00,50.1386,1
MCH0009,LINE-C,2026-07-16T12:40:00,50.1241,1
MCH0009,LINE-C,2026-07-16T13:20:00,50.1778,1
MCH0009,LINE-C,2026-07-16T14:00:00,50.182,1
MCH0009,LINE-C,2026-07-16T14:40:00,50.2007,1
MCH0009,LINE-C,2026-07-16T15:20:00,50.0914,1
MCH0009,LINE-C,2026-07-16T16:00:00,50.0832,1
MCH0009,LINE-C,2026-07-16T16:40:00,50.1705,1
MCH0009,LINE-C,2026-07-16T17:20:00,50.1596,1
MCH0009,LINE-C,2026-07-16T18:00:00,50.0791,1
MCH0009,LINE-C,2026-07-16T18:40:00,50.0708,1
MCH0009,LINE-C,2026-07-16T19:20:00,50.0488,1
MCH0009,LINE-C,2026-07-16T20:00:00,50.188,1
MCH0009,LINE-C,2026-07-16T20:40:00,50.2004,1
MCH0009,LINE-C,2026-07-16T21:20:00,50.1599,1
MCH0009,LINE-C,2026-07-16T22:00:00,50.0794,1
MCH0009,LINE-C,2026-07-16T22:40:00,50.1397,1
MCH0009,LINE-C,2026-07-16T23:20:00,50.0964,1
MCH0009,LINE-C,2026-07-17T00:00:00,50.0918,1
MCH0009,LINE-C,2026-07-17T00:40:00,50.0691,1
MCH0009,LINE-C,2026-07-17T01:20:00,50.1644,1
MCH0009,LINE-C,2026-07-17T02:00:00,50.0677,1
MCH0009,LINE-C,2026-07-17T02:40:00,50.1817,1
MCH0009,LINE-C,2026-07-17T03:20:00,50.1003,1
MCH0009,LINE-C,2026-07-17T04:00:00,50.1705,1
MCH0009,LINE-C,2026-07-17T04:40:00,50.0461,1
MCH0009,LINE-C,2026-07-17T05:20:00,50.1309,1
MCH0009,LINE-C,2026-07-17T06:00:00,50.204,1
MCH0009,LINE-C,2026-07-17T06:40:00,50.0786,1
MCH0009,LINE-C,2026-07-17T07:20:00,50.088,1
MCH0009,LINE-C,2026-07-17T08:00:00,50.154,1
MCH0009,LINE-C,2026-07-17T08:40:00,50.1986,1
MCH0009,LINE-C,2026-07-17T09:20:00,50.2051,1
MCH0009,LINE-C,2026-07-17T10:00:00,50.0719,1
MCH0009,LINE-C,2026-07-17T10:40:00,50.1049,1
MCH0009,LINE-C,2026-07-17T11:20:00,50.1772,1
MCH0009,LINE-C,2026-07-17T12:00:00,50.1084,1
MCH0009,LINE-C,2026-07-17T12:40:00,50.0559,1
MCH0009,LINE-C,2026-07-17T13:20:00,50.2084,1
MCH0009,LINE-C,2026-07-17T14:00:00,50.1412,1
MCH0009,LINE-C,2026-07-17T14:40:00,50.1634,1
MCH0009,LINE-C,2026-07-17T15:20:00,50.1273,1
MCH0009,LINE-C,2026-07-17T16:00:00,50.1287,1
MCH0009,LINE-C,2026-07-17T16:40:00,50.0966,1
MCH0009,LINE-C,2026-07-17T17:20:00,50.1513,1
MCH0009,LINE-C,2026-07-17T18:00:00,50.1196,1
MCH0009,LINE-C,2026-07-17T18:40:00,50.126,1
MCH0009,LINE-C,2026-07-17T19:20:00,50.1028,1
MCH0009,LINE-C,2026-07-17T20:00:00,50.1714,1
MCH0009,LINE-C,2026-07-17T20:40:00,50.1691,1
MCH0009,LINE-C,2026-07-17T21:20:00,50.1804,1
MCH0009,LINE-C,2026-07-17T22:00:00,50.1478,1
MCH0009,LINE-C,2026-07-17T22:40:00,50.1515,1
MCH0009,LINE-C,2026-07-17T23:20:00,50.1673,1
MCH0009,LINE-C,2026-07-18T00:00:00,50.1623,1
MCH0009,LINE-C,2026-07-18T00:40:00,50.1569,1
MCH0009,LINE-C,2026-07-18T01:20:00,50.0265,1
MCH0009,LINE-C,2026-07-18T02:00:00,50.2301,1
MCH0009,LINE-C,2026-07-18T02:40:00,50.1125,1
MCH0009,LINE-C,2026-07-18T03:20:00,50.2183,1
MCH0009,LINE-C,2026-07-18T04:00:00,50.0997,1
MCH0009,LINE-C,2026-07-18T04:40:00,50.1462,1
MCH0009,LINE-C,2026-07-18T05:20:00,50.1136,1
MCH0009,LINE-C,2026-07-18T06:00:00,50.2759,1
MCH0009,LINE-C,2026-07-18T06:40:00,50.1423,1
MCH0009,LINE-C,2026-07-18T07:20:00,50.2323,1
MCH0009,LINE-C,2026-07-18T08:00:00,50.198,1
MCH0009,LINE-C,2026-07-18T08:40:00,50.2704,1
MCH0009,LINE-C,2026-07-18T09:20:00,50.1434,1
MCH0009,LINE-C,2026-07-18T10:00:00,50.1207,1
MCH0009,LINE-C,2026-07-18T10:40:00,50.1553,1
MCH0009,LINE-C,2026-07-18T11:20:00,50.2331,1
MCH0009,LINE-C,2026-07-18T12:00:00,50.1381,1
MCH0009,LINE-C,2026-07-18T12:40:00,50.1247,1
MCH0009,LINE-C,2026-07-18T13:20:00,50.1903,1
MCH0009,LINE-C,2026-07-18T14:00:00,50.2375,1
MCH0009,LINE-C,2026-07-18T14:40:00,50.1053,1
MCH0009,LINE-C,2026-07-18T15:20:00,50.0791,1
MCH0009,LINE-C,2026-07-18T16:00:00,50.2272,1
MCH0009,LINE-C,2026-07-18T16:40:00,50.2122,1
MCH0009,LINE-C,2026-07-18T17:20:00,50.2023,1
MCH0009,LINE-C,2026-07-18T18:00:00,50.2183,1
MCH0009,LINE-C,2026-07-18T18:40:00,50.0928,1
MCH0009,LINE-C,2026-07-18T19:20:00,50.2595,1
MCH0009,LINE-C,2026-07-18T20:00:00,50.1316,1
MCH0009,LINE-C,2026-07-18T20:40:00,50.186,1
MCH0009,LINE-C,2026-07-18T21:20:00,50.1488,1
MCH0009,LINE-C,2026-07-18T22:00:00,50.1653,1
MCH0009,LINE-C,2026-07-18T22:40:00,50.2412,1
MCH0009,LINE-C,2026-07-18T23:20:00,50.2052,1
MCH0009,LINE-C,2026-07-19T00:00:00,50.1337,1
MCH0009,LINE-C,2026-07-19T00:40:00,50.186,1
MCH0009,LINE-C,2026-07-19T01:20:00,50.2004,1
MCH0009,LINE-C,2026-07-19T02:00:00,50.1231,1
MCH0009,LINE-C,2026-07-19T02:40:00,50.1211,1
MCH0009,LINE-C,2026-07-19T03:20:00,50.1739,1
MCH0009,LINE-C,2026-07-19T04:00:00,50.1457,1
MCH0009,LINE-C,2026-07-19T04:40:00,50.1244,1
MCH0009,LINE-C,2026-07-19T05:20:00,50.1859,1
MCH0009,LINE-C,2026-07-19T06:00:00,50.0811,1
MCH0009,LINE-C,2026-07-19T06:40:00,50.1781,1
MCH0009,LINE-C,2026-07-19T07:20:00,50.3678,0
MCH0009,LINE-C,2026-07-19T08:00:00,50.2162,1
MCH0009,LINE-C,2026-07-19T08:40:00,50.0913,1
MCH0009,LINE-C,2026-07-19T09:20:00,50.1796,1
MCH0009,LINE-C,2026-07-19T10:00:00,50.1416,1
MCH0009,LINE-C,2026-07-19T10:40:00,50.1768,1
MCH0009,LINE-C,2026-07-19T11:20:00,50.1717,1
MCH0009,LINE-C,2026-07-19T12:00:00,50.1441,1
MCH0009,LINE-C,2026-07-19T12:40:00,50.2439,1
MCH0009,LINE-C,2026-07-19T13:20:00,50.2328,1
MCH0009,LINE-C,2026-07-19T14:00:00,50.2171,1
MCH0009,LINE-C,2026-07-19T14:40:00,50.1533,1
MCH0009,LINE-C,2026-07-19T15:20:00,50.1532,1
MCH0009,LINE-C,2026-07-19T16:00:00,50.1959,1
MCH0009,LINE-C,2026-07-19T16:40:00,50.195,1
MCH0009,LINE-C,2026-07-19T17:20:00,50.1892,1
MCH0009,LINE-C,2026-07-19T18:00:00,50.2163,1
MCH0009,LINE-C,2026-07-19T18:40:00,50.2129,1
MCH0009,LINE-C,2026-07-19T19:20:00,50.2285,1
MCH0009,LINE-C,2026-07-19T20:00:00,50.12,1
MCH0009,LINE-C,2026-07-19T20:40:00,50.1565,1
MCH0009,LINE-C,2026-07-19T21:20:00,50.1651,1
MCH0009,LINE-C,2026-07-19T22:00:00,50.2481,1
MCH0009,LINE-C,2026-07-19T22:40:00,50.1971,1
MCH0009,LINE-C,2026-07-19T23:20:00,50.1101,1
MCH0009,LINE-C,2026-07-20T00:00:00,50.1529,1
MCH0009,LINE-C,2026-07-20T00:40:00,50.2016,1
MCH0009,LINE-C,2026-07-20T01:20:00,50.2888,1
MCH0009,LINE-C,2026-07-20T02:00:00,50.2009,1
MCH0009,LINE-C,2026-07-20T02:40:00,50.2195,1
MCH0009,LINE-C,2026-07-20T03:20:00,50.1499,1
MCH0009,LINE-C,2026-07-20T04:00:00,50.1566,1
MCH0009,LINE-C,2026-07-20T04:40:00,50.1366,1
MCH0009,LINE-C,2026-07-20T05:20:00,50.2453,1
MCH0009,LINE-C,2026-07-20T06:00:00,50.2678,1
MCH0009,LINE-C,2026-07-20T06:40:00,50.1499,1
MCH0009,LINE-C,2026-07-20T07:20:00,50.2695,1
MCH0009,LINE-C,2026-07-20T08:00:00,50.2071,1
MCH0009,LINE-C,2026-07-20T08:40:00,50.1554,1
MCH0009,LINE-C,2026-07-20T09:20:00,50.2709,1
MCH0009,LINE-C,2026-07-20T10:00:00,50.1901,1
MCH0009,LINE-C,2026-07-20T10:40:00,50.0886,1
MCH0009,LINE-C,2026-07-20T11:20:00,50.1486,1
MCH0009,LINE-C,2026-07-20T12:00:00,50.1997,1
MCH0009,LINE-C,2026-07-20T12:40:00,50.2538,1
MCH0009,LINE-C,2026-07-20T13:20:00,50.1858,1
MCH0009,LINE-C,2026-07-20T14:00:00,50.1895,1
MCH0009,LINE-C,2026-07-20T14:40:00,50.0747,1
MCH0009,LINE-C,2026-07-20T15:20:00,50.2172,1
MCH0009,LINE-C,2026-07-20T16:00:00,50.2658,1
MCH0009,LINE-C,2026-07-20T16:40:00,50.1524,1
MCH0009,LINE-C,2026-07-20T17:20:00,50.2929,1
MCH0009,LINE-C,2026-07-20T18:00:00,50.2226,1
MCH0009,LINE-C,2026-07-20T18:40:00,50.1819,1
MCH0009,LINE-C,2026-07-20T19:20:00,50.2759,1
MCH0009,LINE-C,2026-07-20T20:00:00,50.2511,1
MCH0009,LINE-C,2026-07-20T20:40:00,50.1877,1
MCH0009,LINE-C,2026-07-20T21:20:00,50.224,1
MCH0009,LINE-C,2026-07-20T22:00:00,50.2629,1
MCH0009,LINE-C,2026-07-20T22:40:00,50.1114,1
MCH0009,LINE-C,2026-07-20T23:20:00,50.336,0
MCH0009,LINE-C,2026-07-21T00:00:00,50.1176,1
MCH0009,LINE-C,2026-07-21T00:40:00,50.1388,1
MCH0009,LINE-C,2026-07-21T01:20:00,50.1988,1
MCH0009,LINE-C,2026-07-21T02:00:00,50.2918,1
MCH0009,LINE-C,2026-07-21T02:40:00,50.2523,1
MCH0009,LINE-C,2026-07-21T03:20:00,50.222,1
MCH0009,LINE-C,2026-07-21T04:00:00,50.1595,1
MCH0009,LINE-C,2026-07-21T04:40:00,50.2186,1
MCH0009,LINE-C,2026-07-21T05:20:00,50.218,1
MCH0009,LINE-C,2026-07-21T06:00:00,50.1945,1
MCH0009,LINE-C,2026-07-21T06:40:00,50.3093,0
MCH0009,LINE-C,2026-07-21T07:20:00,50.1858,1
MCH0009,LINE-C,2026-07-21T08:00:00,50.3296,0
MCH0009,LINE-C,2026-07-21T08:40:00,50.2825,1
MCH0009,LINE-C,2026-07-21T09:20:00,50.1969,1
MCH0009,LINE-C,2026-07-21T10:00:00,50.2137,1
MCH0009,LINE-C,2026-07-21T10:40:00,50.157,1
MCH0009,LINE-C,2026-07-21T11:20:00,50.2947,1
MCH0009,LINE-C,2026-07-21T12:00:00,50.2306,1
MCH0009,LINE-C,2026-07-21T12:40:00,50.2077,1
MCH0009,LINE-C,2026-07-21T13:20:00,50.3177,0
MCH0009,LINE-C,2026-07-21T14:00:00,50.3151,0
MCH0009,LINE-C,2026-07-21T14:40:00,50.1728,1
MCH0009,LINE-C,2026-07-21T15:20:00,50.2741,1
MCH0009,LINE-C,2026-07-21T16:00:00,50.2422,1
MCH0009,LINE-C,2026-07-21T16:40:00,50.2788,1
MCH0009,LINE-C,2026-07-21T17:20:00,50.2869,1
MCH0009,LINE-C,2026-07-21T18:00:00,50.3095,0
MCH0009,LINE-C,2026-07-21T18:40:00,50.1989,1
MCH0009,LINE-C,2026-07-21T19:20:00,50.2944,1
MCH0009,LINE-C,2026-07-21T20:00:00,50.2782,1
MCH0009,LINE-C,2026-07-21T20:40:00,50.2746,1
MCH0009,LINE-C,2026-07-21T21:20:00,50.2265,1
MCH0009,LINE-C,2026-07-21T22:00:00,50.2155,1
MCH0009,LINE-C,2026-07-21T22:40:00,50.2532,1
MCH0009,LINE-C,2026-07-21T23:20:00,50.1754,1
MCH0009,LINE-C,2026-07-22T00:00:00,50.1446,1
MCH0009,LINE-C,2026-07-22T00:40:00,50.2614,1
MCH0009,LINE-C,2026-07-22T01:20:00,50.3765,0
MCH0009,LINE-C,2026-07-22T02:00:00,50.2504,1
MCH0009,LINE-C,2026-07-22T02:40:00,50.3184,0
MCH0009,LINE-C,2026-07-22T03:20:00,50.2666,1
MCH0009,LINE-C,2026-07-22T04:00:00,50.2555,1
MCH0009,LINE-C,2026-07-22T04:40:00,50.2179,1
MCH0009,LINE-C,2026-07-22T05:20:00,50.2971,1
MCH0009,LINE-C,2026-07-22T06:00:00,50.2316,1
MCH0009,LINE-C,2026-07-22T06:40:00,50.1913,1
MCH0009,LINE-C,2026-07-22T07:20:00,50.2519,1
MCH0009,LINE-C,2026-07-22T08:00:00,50.2092,1
MCH0009,LINE-C,2026-07-22T08:40:00,50.2481,1
MCH0009,LINE-C,2026-07-22T09:20:00,50.2969,1
MCH0009,LINE-C,2026-07-22T10:00:00,50.2136,1
MCH0009,LINE-C,2026-07-22T10:40:00,50.185,1
MCH0009,LINE-C,2026-07-22T11:20:00,50.2134,1
MCH0009,LINE-C,2026-07-22T12:00:00,50.1752,1
MCH0009,LINE-C,2026-07-22T12:40:00,50.2665,1
MCH0009,LINE-C,2026-07-22T13:20:00,50.2448,1
MCH0009,LINE-C,2026-07-22T14:00:00,50.2205,1
MCH0009,LINE-C,2026-07-22T14:40:00,50.3116,0
MCH0009,LINE-C,2026-07-22T15:20:00,50.2368,1
MCH0009,LINE-C,2026-07-22T16:00:00,50.2815,1
MCH0009,LINE-C,2026-07-22T16:40:00,50.1987,1
MCH0009,LINE-C,2026-07-22T17:20:00,50.3224,0
MCH0009,LINE-C,2026-07-22T18:00:00,50.2726,1
MCH0009,LINE-C,2026-07-22T18:40:00,50.1942,1
MCH0009,LINE-C,2026-07-22T19:20:00,50.2136,1
MCH0009,LINE-C,2026-07-22T20:00:00,50.199,1
MCH0009,LINE-C,2026-07-22T20:40:00,50.2687,1
MCH0009,LINE-C,2026-07-22T21:20:00,50.262,1
MCH0009,LINE-C,2026-07-22T22:00:00,50.1824,1
MCH0009,LINE-C,2026-07-22T22:40:00,50.3105,0
MCH0009,LINE-C,2026-07-22T23:20:00,50.2797,1
MCH0009,LINE-C,2026-07-23T00:00:00,50.2568,1
MCH0009,LINE-C,2026-07-23T00:40:00,50.2184,1
MCH0009,LINE-C,2026-07-23T01:20:00,50.2906,1
MCH0009,LINE-C,2026-07-23T02:00:00,50.2384,1
MCH0009,LINE-C,2026-07-23T02:40:00,50.2333,1
MCH0009,LINE-C,2026-07-23T03:20:00,50.273,1
MCH0009,LINE-C,2026-07-23T04:00:00,50.236,1
MCH0009,LINE-C,2026-07-23T04:40:00,50.2594,1
MCH0009,LINE-C,2026-07-23T05:20:00,50.3325,0
MCH0009,LINE-C,2026-07-23T06:00:00,50.192,1
MCH0009,LINE-C,2026-07-23T06:40:00,50.4017,0
MCH0009,LINE-C,2026-07-23T07:20:00,50.2806,1
MCH0009,LINE-C,2026-07-23T08:00:00,50.3297,0
MCH0009,LINE-C,2026-07-23T08:40:00,50.3011,0
MCH0009,LINE-C,2026-07-23T09:20:00,50.2899,1
MCH0009,LINE-C,2026-07-23T10:00:00,50.274,1
MCH0009,LINE-C,2026-07-23T10:40:00,50.2974,1
MCH0009,LINE-C,2026-07-23T11:20:00,50.1202,1
MCH0009,LINE-C,2026-07-23T12:00:00,50.2965,1
MCH0009,LINE-C,2026-07-23T12:40:00,50.2685,1
MCH0009,LINE-C,2026-07-23T13:20:00,50.2593,1
MCH0009,LINE-C,2026-07-23T14:00:00,50.2264,1
MCH0009,LINE-C,2026-07-23T14:40:00,50.2372,1
MCH0009,LINE-C,2026-07-23T15:20:00,50.2787,1
MCH0009,LINE-C,2026-07-23T16:00:00,50.2169,1
MCH0009,LINE-C,2026-07-23T16:40:00,50.2113,1
MCH0009,LINE-C,2026-07-23T17:20:00,50.2409,1
MCH0009,LINE-C,2026-07-23T18:00:00,50.2375,1
MCH0009,LINE-C,2026-07-23T18:40:00,50.2851,1
MCH0009,LINE-C,2026-07-23T19:20:00,50.3287,0
MCH0009,LINE-C,2026-07-23T20:00:00,50.208,1
MCH0009,LINE-C,2026-07-23T20:40:00,50.4221,0
MCH0009,LINE-C,2026-07-23T21:20:00,50.2676,1
MCH0009,LINE-C,2026-07-23T22:00:00,50.2793,1
MCH0009,LINE-C,2026-07-23T22:40:00,50.3007,0
MCH0009,LINE-C,2026-07-23T23:20:00,50.3776,0
MCH0009,LINE-C,2026-07-24T00:00:00,50.2825,1
MCH0009,LINE-C,2026-07-24T00:40:00,50.3129,0
MCH0009,LINE-C,2026-07-24T01:20:00,50.2759,1
MCH0009,LINE-C,2026-07-24T02:00:00,50.287,1
MCH0009,LINE-C,2026-07-24T02:40:00,50.1865,1
MCH0009,LINE-C,2026-07-24T03:20:00,50.2594,1
MCH0009,LINE-C,2026-07-24T04:00:00,50.1849,1
MCH0009,LINE-C,2026-07-24T04:40:00,50.3381,0
MCH0009,LINE-C,2026-07-24T05:20:00,50.2842,1
MCH0009,LINE-C,2026-07-24T06:00:00,50.2344,1
MCH0009,LINE-C,2026-07-24T06:40:00,50.3198,0
MCH0009,LINE-C,2026-07-24T07:20:00,50.3449,0
MCH0009,LINE-C,2026-07-24T08:00:00,50.2344,1
MCH0009,LINE-C,2026-07-24T08:40:00,50.3598,0
MCH0009,LINE-C,2026-07-24T09:20:00,50.2467,1
MCH0009,LINE-C,2026-07-24T10:00:00,50.3135,0
MCH0009,LINE-C,2026-07-24T10:40:00,50.3432,0
MCH0009,LINE-C,2026-07-24T11:20:00,50.2661,1
MCH0009,LINE-C,2026-07-24T12:00:00,50.4362,0
MCH0009,LINE-C,2026-07-24T12:40:00,50.2788,1
MCH0009,LINE-C,2026-07-24T13:20:00,50.216,1
MCH0009,LINE-C,2026-07-24T14:00:00,50.2055,1
MCH0009,LINE-C,2026-07-24T14:40:00,50.3019,0
MCH0009,LINE-C,2026-07-24T15:20:00,50.2734,1
MCH0009,LINE-C,2026-07-24T16:00:00,50.3381,0
MCH0009,LINE-C,2026-07-24T16:40:00,50.3315,0
MCH0009,LINE-C,2026-07-24T17:20:00,50.3471,0
MCH0009,LINE-C,2026-07-24T18:00:00,50.3132,0
MCH0009,LINE-C,2026-07-24T18:40:00,50.3307,0
MCH0009,LINE-C,2026-07-24T19:20:00,50.2535,1
MCH0009,LINE-C,2026-07-24T20:00:00,50.2776,1
MCH0009,LINE-C,2026-07-24T20:40:00,50.2584,1
MCH0009,LINE-C,2026-07-24T21:20:00,50.3716,0
MCH0009,LINE-C,2026-07-24T22:00:00,50.1897,1
MCH0009,LINE-C,2026-07-24T22:40:00,50.2656,1
MCH0009,LINE-C,2026-07-24T23:20:00,50.2784,1
MCH0009,LINE-C,2026-07-25T00:00:00,50.2455,1
MCH0009,LINE-C,2026-07-25T00:40:00,50.3225,0
MCH0009,LINE-C,2026-07-25T01:20:00,50.3682,0
MCH0009,LINE-C,2026-07-25T02:00:00,50.2357,1
MCH0009,LINE-C,2026-07-25T02:40:00,50.3292,0
MCH0009,LINE-C,2026-07-25T03:20:00,50.2916,1
MCH0009,LINE-C,2026-07-25T04:00:00,50.2805,1
MCH0009,LINE-C,2026-07-25T04:40:00,50.2354,1
MCH0009,LINE-C,2026-07-25T05:20:00,50.3418,0
MCH0009,LINE-C,2026-07-25T06:00:00,50.2682,1
MCH0009,LINE-C,2026-07-25T06:40:00,50.3773,0
MCH0009,LINE-C,2026-07-25T07:20:00,50.3279,0
MCH0009,LINE-C,2026-07-25T08:00:00,50.2882,1
MCH0009,LINE-C,2026-07-25T08:40:00,50.3268,0
MCH0009,LINE-C,2026-07-25T09:20:00,50.248,1
MCH0009,LINE-C,2026-07-25T10:00:00,50.3226,0
MCH0009,LINE-C,2026-07-25T10:40:00,50.2839,1
MCH0009,LINE-C,2026-07-25T11:20:00,50.2886,1
MCH0009,LINE-C,2026-07-25T12:00:00,50.3697,0
MCH0009,LINE-C,2026-07-25T12:40:00,50.3248,0
MCH0009,LINE-C,2026-07-25T13:20:00,50.2914,1
MCH0009,LINE-C,2026-07-25T14:00:00,50.3737,0
MCH0009,LINE-C,2026-07-25T14:40:00,50.2603,1
MCH0009,LINE-C,2026-07-25T15:20:00,50.264,1
MCH0009,LINE-C,2026-07-25T16:00:00,50.4375,0
MCH0009,LINE-C,2026-07-25T16:40:00,50.2875,1
MCH0009,LINE-C,2026-07-25T17:20:00,50.3192,0
MCH0009,LINE-C,2026-07-25T18:00:00,50.3438,0
MCH0009,LINE-C,2026-07-25T18:40:00,50.2534,1
MCH0009,LINE-C,2026-07-25T19:20:00,50.3129,0
MCH0009,LINE-C,2026-07-25T20:00:00,50.3362,0
MCH0009,LINE-C,2026-07-25T20:40:00,50.2976,1
MCH0009,LINE-C,2026-07-25T21:20:00,50.4059,0
MCH0009,LINE-C,2026-07-25T22:00:00,50.2892,1
MCH0009,LINE-C,2026-07-25T22:40:00,50.3356,0
MCH0009,LINE-C,2026-07-25T23:20:00,50.3387,0
MCH0009,LINE-C,2026-07-26T00:00:00,50.4112,0
MCH0009,LINE-C,2026-07-26T00:40:00,50.3305,0
MCH0009,LINE-C,2026-07-26T01:20:00,50.2583,1
MCH0009,LINE-C,2026-07-26T02:00:00,50.3463,0
MCH0009,LINE-C,2026-07-26T02:40:00,50.3366,0
MCH0009,LINE-C,2026-07-26T03:20:00,50.3776,0
MCH0009,LINE-C,2026-07-26T04:00:00,50.2552,1
MCH0009,LINE-C,2026-07-26T04:40:00,50.2753,1
MCH0009,LINE-C,2026-07-26T05:20:00,50.3272,0
MCH0009,LINE-C,2026-07-26T06:00:00,50.2922,1
MCH0009,LINE-C,2026-07-26T06:40:00,50.3386,0
MCH0009,LINE-C,2026-07-26T07:20:00,50.3931,0
MCH0009,LINE-C,2026-07-26T08:00:00,50.3589,0
MCH0009,LINE-C,2026-07-26T08:40:00,50.3363,0
MCH0009,LINE-C,2026-07-26T09:20:00,50.3915,0
MCH0009,LINE-C,2026-07-26T10:00:00,50.3954,0
MCH0009,LINE-C,2026-07-26T10:40:00,50.4612,0
MCH0009,LINE-C,2026-07-26T11:20:00,50.4437,0
MCH0009,LINE-C,2026-07-26T12:00:00,50.3435,0
MCH0009,LINE-C,2026-07-26T12:40:00,50.2972,1
MCH0009,LINE-C,2026-07-26T13:20:00,50.4332,0
MCH0009,LINE-C,2026-07-26T14:00:00,50.3618,0
MCH0009,LINE-C,2026-07-26T14:40:00,50.3424,0
MCH0009,LINE-C,2026-07-26T15:20:00,50.3055,0
MCH0009,LINE-C,2026-07-26T16:00:00,50.3143,0
MCH0009,LINE-C,2026-07-26T16:40:00,50.3161,0
MCH0009,LINE-C,2026-07-26T17:20:00,50.2738,1
MCH0009,LINE-C,2026-07-26T18:00:00,50.3308,0
MCH0009,LINE-C,2026-07-26T18:40:00,50.3567,0
MCH0009,LINE-C,2026-07-26T19:20:00,50.3565,0
MCH0009,LINE-C,2026-07-26T20:00:00,50.3386,0
MCH0009,LINE-C,2026-07-26T20:40:00,50.3406,0
MCH0009,LINE-C,2026-07-26T21:20:00,50.3028,0
MCH0009,LINE-C,2026-07-26T22:00:00,50.3572,0
MCH0009,LINE-C,2026-07-26T22:40:00,50.3096,0
MCH0009,LINE-C,2026-07-26T23:20:00,50.4277,0
MCH0009,LINE-C,2026-07-27T00:00:00,50.2787,1
MCH0009,LINE-C,2026-07-27T00:40:00,50.3413,0
MCH0009,LINE-C,2026-07-27T01:20:00,50.3339,0
MCH0009,LINE-C,2026-07-27T02:00:00,50.3647,0
MCH0009,LINE-C,2026-07-27T02:40:00,50.4287,0
MCH0009,LINE-C,2026-07-27T03:20:00,50.4033,0
MCH0009,LINE-C,2026-07-27T04:00:00,50.3331,0
MCH0009,LINE-C,2026-07-27T04:40:00,50.3526,0
MCH0009,LINE-C,2026-07-27T05:20:00,50.3442,0
MCH0009,LINE-C,2026-07-27T06:00:00,50.3468,0
MCH0009,LINE-C,2026-07-27T06:40:00,50.3597,0
MCH0009,LINE-C,2026-07-27T07:20:00,50.3448,0
MCH0009,LINE-C,2026-07-27T08:00:00,50.4684,0
MCH0009,LINE-C,2026-07-27T08:40:00,50.4106,0
MCH0009,LINE-C,2026-07-27T09:20:00,50.3512,0
MCH0009,LINE-C,2026-07-27T10:00:00,50.3483,0
MCH0009,LINE-C,2026-07-27T10:40:00,50.2924,1
MCH0009,LINE-C,2026-07-27T11:20:00,50.2756,1
MCH0009,LINE-C,2026-07-27T12:00:00,50.3242,0
MCH0009,LINE-C,2026-07-27T12:40:00,50.3534,0
MCH0009,LINE-C,2026-07-27T13:20:00,50.2653,1
MCH0009,LINE-C,2026-07-27T14:00:00,50.3812,0
MCH0009,LINE-C,2026-07-27T14:40:00,50.3991,0
MCH0009,LINE-C,2026-07-27T15:20:00,50.4234,0
MCH0009,LINE-C,2026-07-27T16:00:00,50.3051,0
MCH0009,LINE-C,2026-07-27T16:40:00,50.3964,0
MCH0009,LINE-C,2026-07-27T17:20:00,50.3377,0
MCH0009,LINE-C,2026-07-27T18:00:00,50.4713,0
MCH0009,LINE-C,2026-07-27T18:40:00,50.382,0
MCH0009,LINE-C,2026-07-27T19:20:00,50.3604,0
MCH0009,LINE-C,2026-07-27T20:00:00,50.3984,0
MCH0009,LINE-C,2026-07-27T20:40:00,50.341,0
MCH0009,LINE-C,2026-07-27T21:20:00,50.2839,1
MCH0009,LINE-C,2026-07-27T22:00:00,50.3543,0
MCH0009,LINE-C,2026-07-27T22:40:00,50.343,0
MCH0009,LINE-C,2026-07-27T23:20:00,50.4692,0
MCH0009,LINE-C,2026-07-28T00:00:00,50.3565,0
MCH0009,LINE-C,2026-07-28T00:40:00,50.3815,0
MCH0009,LINE-C,2026-07-28T01:20:00,50.3651,0
MCH0009,LINE-C,2026-07-28T02:00:00,50.3695,0
MCH0009,LINE-C,2026-07-28T02:40:00,50.3632,0
MCH0009,LINE-C,2026-07-28T03:20:00,50.3418,0
MCH0009,LINE-C,2026-07-28T04:00:00,50.4908,0
MCH0009,LINE-C,2026-07-28T04:40:00,50.3655,0
MCH0009,LINE-C,2026-07-28T05:20:00,50.4286,0
MCH0009,LINE-C,2026-07-28T06:00:00,50.3582,0
MCH0009,LINE-C,2026-07-28T06:40:00,50.3555,0
MCH0009,LINE-C,2026-07-28T07:20:00,50.3465,0
MCH0009,LINE-C,2026-07-28T08:00:00,50.4288,0
MCH0009,LINE-C,2026-07-28T08:40:00,50.4292,0
MCH0009,LINE-C,2026-07-28T09:20:00,50.3279,0
MCH0009,LINE-C,2026-07-28T10:00:00,50.387,0
MCH0009,LINE-C,2026-07-28T10:40:00,50.3207,0
MCH0009,LINE-C,2026-07-28T11:20:00,50.3551,0
MCH0009,LINE-C,2026-07-28T12:00:00,50.3487,0
MCH0009,LINE-C,2026-07-28T12:40:00,50.4729,0
MCH0009,LINE-C,2026-07-28T13:20:00,50.3398,0
MCH0009,LINE-C,2026-07-28T14:00:00,50.3654,0
MCH0009,LINE-C,2026-07-28T14:40:00,50.3828,0
MCH0009,LINE-C,2026-07-28T15:20:00,50.4186,0
MCH0009,LINE-C,2026-07-28T16:00:00,50.3865,0
MCH0009,LINE-C,2026-07-28T16:40:00,50.4516,0
MCH0009,LINE-C,2026-07-28T17:20:00,50.4246,0
MCH0009,LINE-C,2026-07-28T18:00:00,50.4288,0
MCH0009,LINE-C,2026-07-28T18:40:00,50.3475,0
MCH0009,LINE-C,2026-07-28T19:20:00,50.3927,0
MCH0009,LINE-C,2026-07-28T20:00:00,50.3951,0
MCH0009,LINE-C,2026-07-28T20:40:00,50.4255,0
MCH0009,LINE-C,2026-07-28T21:20:00,50.3983,0
MCH0009,LINE-C,2026-07-28T22:00:00,50.4087,0
MCH0009,LINE-C,2026-07-28T22:40:00,50.364,0
MCH0009,LINE-C,2026-07-28T23:20:00,50.3536,0
MCH0009,LINE-C,2026-07-29T00:00:00,50.3382,0
MCH0009,LINE-C,2026-07-29T00:40:00,50.4173,0
MCH0009,LINE-C,2026-07-29T01:20:00,50.378,0
MCH0009,LINE-C,2026-07-29T02:00:00,50.393,0
MCH0009,LINE-C,2026-07-29T02:40:00,50.3863,0
MCH0009,LINE-C,2026-07-29T03:20:00,50.389,0
MCH0009,LINE-C,2026-07-29T04:00:00,50.3894,0
MCH0009,LINE-C,2026-07-29T04:40:00,50.3133,0
MCH0009,LINE-C,2026-07-29T05:20:00,50.4107,0
MCH0009,LINE-C,2026-07-29T06:00:00,50.3831,0
MCH0009,LINE-C,2026-07-29T06:40:00,50.3329,0
MCH0009,LINE-C,2026-07-29T07:20:00,50.3928,0
MCH0009,LINE-C,2026-07-29T08:00:00,50.4345,0
MCH0009,LINE-C,2026-07-29T08:40:00,50.3653,0
MCH0009,LINE-C,2026-07-29T09:20:00,50.3942,0
MCH0009,LINE-C,2026-07-29T10:00:00,50.4037,0
MCH0009,LINE-C,2026-07-29T10:40:00,50.278,1
MCH0009,LINE-C,2026-07-29T11:20:00,50.4387,0
MCH0009,LINE-C,2026-07-29T12:00:00,50.4099,0
MCH0009,LINE-C,2026-07-29T12:40:00,50.4897,0
MCH0009,LINE-C,2026-07-29T13:20:00,50.4285,0
MCH0009,LINE-C,2026-07-29T14:00:00,50.4574,0
MCH0009,LINE-C,2026-07-29T14:40:00,50.3896,0
MCH0009,LINE-C,2026-07-29T15:20:00,50.4196,0
MCH0009,LINE-C,2026-07-29T16:00:00,50.4324,0
MCH0009,LINE-C,2026-07-29T16:40:00,50.4387,0
MCH0009,LINE-C,2026-07-29T17:20:00,50.5377,0
MCH0009,LINE-C,2026-07-29T18:00:00,50.4632,0
MCH0009,LINE-C,2026-07-29T18:40:00,50.4404,0
MCH0009,LINE-C,2026-07-29T19:20:00,50.3531,0
MCH0009,LINE-C,2026-07-29T20:00:00,50.3547,0
MCH0009,LINE-C,2026-07-29T20:40:00,50.3973,0
MCH0009,LINE-C,2026-07-29T21:20:00,50.4464,0
MCH0009,LINE-C,2026-07-29T22:00:00,50.3907,0
MCH0009,LINE-C,2026-07-29T22:40:00,50.3749,0
MCH0009,LINE-C,2026-07-29T23:20:00,50.5171,0
MCH0009,LINE-C,2026-07-30T00:00:00,50.2715,1
MCH0009,LINE-C,2026-07-30T00:40:00,50.5255,0
MCH0009,LINE-C,2026-07-30T01:20:00,50.404,0
MCH0009,LINE-C,2026-07-30T02:00:00,50.4344,0
MCH0009,LINE-C,2026-07-30T02:40:00,50.4054,0
MCH0009,LINE-C,2026-07-30T03:20:00,50.4504,0
MCH0009,LINE-C,2026-07-30T04:00:00,50.3875,0
MCH0009,LINE-C,2026-07-30T04:40:00,50.5533,0
MCH0009,LINE-C,2026-07-30T05:20:00,50.4882,0
MCH0009,LINE-C,2026-07-30T06:00:00,50.3778,0
MCH0009,LINE-C,2026-07-30T06:40:00,50.4504,0
MCH0009,LINE-C,2026-07-30T07:20:00,50.4757,0
MCH0009,LINE-C,2026-07-30T08:00:00,50.4741,0
MCH0009,LINE-C,2026-07-30T08:40:00,50.4245,0
MCH0009,LINE-C,2026-07-30T09:20:00,50.3861,0
MCH0009,LINE-C,2026-07-30T10:00:00,50.4218,0
MCH0009,LINE-C,2026-07-30T10:40:00,50.3451,0
MCH0009,LINE-C,2026-07-30T11:20:00,50.4344,0
MCH0009,LINE-C,2026-07-30T12:00:00,50.4113,0
MCH0009,LINE-C,2026-07-30T12:40:00,50.4516,0
MCH0009,LINE-C,2026-07-30T13:20:00,50.4128,0
MCH0009,LINE-C,2026-07-30T14:00:00,50.4025,0
MCH0009,LINE-C,2026-07-30T14:40:00,50.4652,0
MCH0009,LINE-C,2026-07-30T15:20:00,50.44,0
MCH0009,LINE-C,2026-07-30T16:00:00,50.4957,0
MCH0009,LINE-C,2026-07-30T16:40:00,50.4279,0
MCH0009,LINE-C,2026-07-30T17:20:00,50.3401,0
MCH0009,LINE-C,2026-07-30T18:00:00,50.4324,0
MCH0009,LINE-C,2026-07-30T18:40:00,50.4381,0
MCH0009,LINE-C,2026-07-30T19:20:00,50.4637,0
MCH0009,LINE-C,2026-07-30T20:00:00,50.4564,0
MCH0009,LINE-C,2026-07-30T20:40:00,50.3482,0
MCH0009,LINE-C,2026-07-30T21:20:00,50.4695,0
MCH0009,LINE-C,2026-07-30T22:00:00,50.4334,0
MCH0009,LINE-C,2026-07-30T22:40:00,50.4818,0
MCH0009,LINE-C,2026-07-30T23:20:00,50.448,0
MCH0009,LINE-C,2026-07-31T00:00:00,50.4525,0
MCH0009,LINE-C,2026-07-31T00:40:00,50.4779,0
MCH0009,LINE-C,2026-07-31T01:20:00,50.3084,0
MCH0009,LINE-C,2026-07-31T02:00:00,50.408,0
MCH0009,LINE-C,2026-07-31T02:40:00,50.4617,0
MCH0009,LINE-C,2026-07-31T03:20:00,50.4321,0
MCH0009,LINE-C,2026-07-31T04:00:00,50.4953,0
MCH0009,LINE-C,2026-07-31T04:40:00,50.4693,0
MCH0009,LINE-C,2026-07-31T05:20:00,50.4823,0
MCH0009,LINE-C,2026-07-31T06:00:00,50.4533,0
MCH0009,LINE-C,2026-07-31T06:40:00,50.471,0
MCH0009,LINE-C,2026-07-31T07:20:00,50.4876,0
MCH0009,LINE-C,2026-07-31T08:00:00,50.4747,0
MCH0009,LINE-C,2026-07-31T08:40:00,50.5002,0
MCH0009,LINE-C,2026-07-31T09:20:00,50.3731,0
MCH0009,LINE-C,2026-07-31T10:00:00,50.3587,0
MCH0009,LINE-C,2026-07-31T10:40:00,50.4234,0
MCH0009,LINE-C,2026-07-31T11:20:00,50.4387,0
MCH0009,LINE-C,2026-07-31T12:00:00,50.5726,0
MCH0009,LINE-C,2026-07-31T12:40:00,50.4367,0
MCH0009,LINE-C,2026-07-31T13:20:00,50.4591,0
MCH0009,LINE-C,2026-07-31T14:00:00,50.5316,0
MCH0009,LINE-C,2026-07-31T14:40:00,50.4428,0
MCH0009,LINE-C,2026-07-31T15:20:00,50.4651,0
MCH0009,LINE-C,2026-07-31T16:00:00,50.4146,0
MCH0009,LINE-C,2026-07-31T16:40:00,50.4654,0
MCH0009,LINE-C,2026-07-31T17:20:00,50.4233,0
MCH0009,LINE-C,2026-07-31T18:00:00,50.5349,0
MCH0009,LINE-C,2026-07-31T18:40:00,50.4446,0
MCH0009,LINE-C,2026-07-31T19:20:00,50.508,0
MCH0009,LINE-C,2026-07-31T20:00:00,50.52,0
MCH0009,LINE-C,2026-07-31T20:40:00,50.4832,0
MCH0009,LINE-C,2026-07-31T21:20:00,50.4733,0
MCH0009,LINE-C,2026-07-31T22:00:00,50.4793,0
MCH0009,LINE-C,2026-07-31T22:40:00,50.3951,0
MCH0009,LINE-C,2026-07-31T23:20:00,50.3953,0
MCH0009,LINE-C,2026-08-01T00:00:00,50.4518,0
MCH0009,LINE-C,2026-08-01T00:40:00,50.4124,0
MCH0009,LINE-C,2026-08-01T01:20:00,50.4344,0
MCH0009,LINE-C,2026-08-01T02:00:00,50.3781,0
MCH0009,LINE-C,2026-08-01T02:40:00,50.4374,0
MCH0009,LINE-C,2026-08-01T03:20:00,50.4664,0
MCH0009,LINE-C,2026-08-01T04:00:00,50.4582,0
MCH0009,LINE-C,2026-08-01T04:40:00,50.4789,0
MCH0009,LINE-C,2026-08-01T05:20:00,50.4703,0
MCH0009,LINE-C,2026-08-01T06:00:00,50.4454,0
MCH0009,LINE-C,2026-08-01T06:40:00,50.4705,0
MCH0009,LINE-C,2026-08-01T07:20:00,50.4091,0
MCH0009,LINE-C,2026-08-01T08:00:00,50.4757,0
MCH0009,LINE-C,2026-08-01T08:40:00,50.5143,0
MCH0009,LINE-C,2026-08-01T09:20:00,50.5182,0
MCH0009,LINE-C,2026-08-01T10:00:00,50.4778,0
MCH0009,LINE-C,2026-08-01T10:40:00,50.4416,0
MCH0009,LINE-C,2026-08-01T11:20:00,50.463,0
MCH0009,LINE-C,2026-08-01T12:00:00,50.4295,0
MCH0009,LINE-C,2026-08-01T12:40:00,50.5676,0
MCH0009,LINE-C,2026-08-01T13:20:00,50.6185,0
MCH0009,LINE-C,2026-08-01T14:00:00,50.4785,0
MCH0009,LINE-C,2026-08-01T14:40:00,50.4573,0
MCH0009,LINE-C,2026-08-01T15:20:00,50.4484,0
MCH0009,LINE-C,2026-08-01T16:00:00,50.471,0
MCH0009,LINE-C,2026-08-01T16:40:00,50.4877,0
MCH0009,LINE-C,2026-08-01T17:20:00,50.4369,0
MCH0009,LINE-C,2026-08-01T18:00:00,50.506,0
MCH0009,LINE-C,2026-08-01T18:40:00,50.531,0
MCH0009,LINE-C,2026-08-01T19:20:00,50.5013,0
MCH0009,LINE-C,2026-08-01T20:00:00,50.4295,0
MCH0009,LINE-C,2026-08-01T20:40:00,50.4081,0
MCH0009,LINE-C,2026-08-01T21:20:00,50.4017,0
MCH0009,LINE-C,2026-08-01T22:00:00,50.4963,0
MCH0009,LINE-C,2026-08-01T22:40:00,50.476,0
MCH0009,LINE-C,2026-08-01T23:20:00,50.5174,0
MCH0009,LINE-C,2026-08-02T00:00:00,50.5567,0
MCH0009,LINE-C,2026-08-02T00:40:00,50.4465,0
MCH0009,LINE-C,2026-08-02T01:20:00,50.4658,0
MCH0009,LINE-C,2026-08-02T02:00:00,50.458,0
MCH0009,LINE-C,2026-08-02T02:40:00,50.4678,0
MCH0009,LINE-C,2026-08-02T03:20:00,50.468,0
MCH0009,LINE-C,2026-08-02T04:00:00,50.5687,0
MCH0009,LINE-C,2026-08-02T04:40:00,50.5404,0
MCH0009,LINE-C,2026-08-02T05:20:00,50.4471,0
MCH0009,LINE-C,2026-08-02T06:00:00,50.5763,0
MCH0009,LINE-C,2026-08-02T06:40:00,50.5206,0
MCH0009,LINE-C,2026-08-02T07:20:00,50.481,0
MCH0009,LINE-C,2026-08-02T08:00:00,50.5135,0
MCH0009,LINE-C,2026-08-02T08:40:00,50.5659,0
MCH0009,LINE-C,2026-08-02T09:20:00,50.5106,0
MCH0009,LINE-C,2026-08-02T10:00:00,50.4403,0
MCH0009,LINE-C,2026-08-02T10:40:00,50.517,0
MCH0009,LINE-C,2026-08-02T11:20:00,50.4775,0
MCH0009,LINE-C,2026-08-02T12:00:00,50.4213,0
MCH0009,LINE-C,2026-08-02T12:40:00,50.4781,0
MCH0009,LINE-C,2026-08-02T13:20:00,50.4569,0
MCH0009,LINE-C,2026-08-02T14:00:00,50.5454,0
MCH0009,LINE-C,2026-08-02T14:40:00,50.4863,0
MCH0009,LINE-C,2026-08-02T15:20:00,50.5766,0
MCH0009,LINE-C,2026-08-02T16:00:00,50.3964,0
MCH0009,LINE-C,2026-08-02T16:40:00,50.558,0
MCH0009,LINE-C,2026-08-02T17:20:00,50.5197,0
MCH0009,LINE-C,2026-08-02T18:00:00,50.4735,0
MCH0009,LINE-C,2026-08-02T18:40:00,50.5109,0
MCH0009,LINE-C,2026-08-02T19:20:00,50.4794,0
MCH0009,LINE-C,2026-08-02T20:00:00,50.5165,0
MCH0009,LINE-C,2026-08-02T20:40:00,50.5175,0
MCH0009,LINE-C,2026-08-02T21:20:00,50.4892,0
MCH0009,LINE-C,2026-08-02T22:00:00,50.5862,0
MCH0009,LINE-C,2026-08-02T22:40:00,50.531,0
MCH0009,LINE-C,2026-08-02T23:20:00,50.5181,0
MCH0009,LINE-C,2026-08-03T00:00:00,50.5646,0
MCH0009,LINE-C,2026-08-03T00:40:00,50.4041,0
MCH0009,LINE-C,2026-08-03T01:20:00,50.5459,0
MCH0009,LINE-C,2026-08-03T02:00:00,50.5255,0
MCH0009,LINE-C,2026-08-03T02:40:00,50.5604,0
MCH0009,LINE-C,2026-08-03T03:20:00,50.5619,0
MCH0009,LINE-C,2026-08-03T04:00:00,50.5395,0
MCH0009,LINE-C,2026-08-03T04:40:00,50.4977,0
MCH0009,LINE-C,2026-08-03T05:20:00,50.5586,0
MCH0009,LINE-C,2026-08-03T06:00:00,50.5377,0
MCH0009,LINE-C,2026-08-03T06:40:00,50.4829,0
MCH0009,LINE-C,2026-08-03T07:20:00,50.4713,0
MCH0009,LINE-C,2026-08-03T08:00:00,50.4904,0
MCH0009,LINE-C,2026-08-03T08:40:00,50.4539,0
MCH0009,LINE-C,2026-08-03T09:20:00,50.5069,0
MCH0009,LINE-C,2026-08-03T10:00:00,50.4799,0
MCH0009,LINE-C,2026-08-03T10:40:00,50.506,0
MCH0009,LINE-C,2026-08-03T11:20:00,50.4718,0
MCH0009,LINE-C,2026-08-03T12:00:00,50.5475,0
MCH0009,LINE-C,2026-08-03T12:40:00,50.5235,0
MCH0009,LINE-C,2026-08-03T13:20:00,50.5141,0
MCH0009,LINE-C,2026-08-03T14:00:00,50.5198,0
MCH0009,LINE-C,2026-08-03T14:40:00,50.4852,0
MCH0009,LINE-C,2026-08-03T15:20:00,50.519,0
MCH0009,LINE-C,2026-08-03T16:00:00,50.5525,0
MCH0009,LINE-C,2026-08-03T16:40:00,50.5617,0
MCH0009,LINE-C,2026-08-03T17:20:00,50.517,0
MCH0009,LINE-C,2026-08-03T18:00:00,50.5308,0
MCH0009,LINE-C,2026-08-03T18:40:00,50.6237,0
MCH0009,LINE-C,2026-08-03T19:20:00,50.4976,0
MCH0009,LINE-C,2026-08-03T20:00:00,50.5703,0
MCH0009,LINE-C,2026-08-03T20:40:00,50.6061,0
MCH0009,LINE-C,2026-08-03T21:20:00,50.5675,0
MCH0009,LINE-C,2026-08-03T22:00:00,50.6152,0
MCH0009,LINE-C,2026-08-03T22:40:00,50.5194,0
MCH0009,LINE-C,2026-08-03T23:20:00,50.5652,0
MCH0009,LINE-C,2026-08-04T00:00:00,50.5842,0
MCH0009,LINE-C,2026-08-04T00:40:00,50.5199,0
MCH0009,LINE-C,2026-08-04T01:20:00,50.5463,0
MCH0009,LINE-C,2026-08-04T02:00:00,50.4544,0
MCH0009,LINE-C,2026-08-04T02:40:00,50.6077,0
MCH0009,LINE-C,2026-08-04T03:20:00,50.5033,0
MCH0009,LINE-C,2026-08-04T04:00:00,50.5748,0
MCH0009,LINE-C,2026-08-04T04:40:00,50.5603,0
MCH0009,LINE-C,2026-08-04T05:20:00,50.5042,0
MCH0009,LINE-C,2026-08-04T06:00:00,50.6325,0
MCH0009,LINE-C,2026-08-04T06:40:00,50.5123,0
MCH0009,LINE-C,2026-08-04T07:20:00,50.5271,0
MCH0009,LINE-C,2026-08-04T08:00:00,50.5528,0
MCH0009,LINE-C,2026-08-04T08:40:00,50.5149,0
MCH0009,LINE-C,2026-08-04T09:20:00,50.56,0
MCH0009,LINE-C,2026-08-04T10:00:00,50.6083,0
MCH0009,LINE-C,2026-08-04T10:40:00,50.6197,0
MCH0009,LINE-C,2026-08-04T11:20:00,50.5504,0
MCH0009,LINE-C,2026-08-04T12:00:00,50.4961,0
MCH0009,LINE-C,2026-08-04T12:40:00,50.5539,0
MCH0009,LINE-C,2026-08-04T13:20:00,50.516,0
MCH0009,LINE-C,2026-08-04T14:00:00,50.6562,0
MCH0009,LINE-C,2026-08-04T14:40:00,50.6315,0
MCH0009,LINE-C,2026-08-04T15:20:00,50.5317,0
MCH0009,LINE-C,2026-08-04T16:00:00,50.5909,0
MCH0009,LINE-C,2026-08-04T16:40:00,50.5415,0
MCH0009,LINE-C,2026-08-04T17:20:00,50.6971,0
MCH0009,LINE-C,2026-08-04T18:00:00,50.5575,0
MCH0009,LINE-C,2026-08-04T18:40:00,50.4737,0
MCH0009,LINE-C,2026-08-04T19:20:00,50.5037,0
MCH0009,LINE-C,2026-08-04T20:00:00,50.6185,0
MCH0009,LINE-C,2026-08-04T20:40:00,50.4948,0
MCH0009,LINE-C,2026-08-04T21:20:00,50.4744,0
MCH0009,LINE-C,2026-08-04T22:00:00,50.5489,0
MCH0009,LINE-C,2026-08-04T22:40:00,50.5482,0
MCH0009,LINE-C,2026-08-04T23:20:00,50.5609,0
MCH0009,LINE-C,2026-08-05T00:00:00,50.5406,0
MCH0009,LINE-C,2026-08-05T00:40:00,50.5997,0
MCH0009,LINE-C,2026-08-05T01:20:00,50.6301,0
MCH0009,LINE-C,2026-08-05T02:00:00,50.5809,0
MCH0009,LINE-C,2026-08-05T02:40:00,50.517,0
MCH0009,LINE-C,2026-08-05T03:20:00,50.5896,0
MCH0009,LINE-C,2026-08-05T04:00:00,50.5529,0
MCH0009,LINE-C,2026-08-05T04:40:00,50.5481,0
MCH0009,LINE-C,2026-08-05T05:20:00,50.5801,0
MCH0009,LINE-C,2026-08-05T06:00:00,50.6299,0
MCH0009,LINE-C,2026-08-05T06:40:00,50.5743,0
MCH0009,LINE-C,2026-08-05T07:20:00,50.5748,0
MCH0009,LINE-C,2026-08-05T08:00:00,50.6375,0
MCH0009,LINE-C,2026-08-05T08:40:00,50.4888,0
MCH0009,LINE-C,2026-08-05T09:20:00,50.5644,0
MCH0009,LINE-C,2026-08-05T10:00:00,50.5168,0
MCH0009,LINE-C,2026-08-05T10:40:00,50.5607,0
MCH0009,LINE-C,2026-08-05T11:20:00,50.5496,0
MCH0009,LINE-C,2026-08-05T12:00:00,50.6183,0
MCH0009,LINE-C,2026-08-05T12:40:00,50.5828,0
MCH0009,LINE-C,2026-08-05T13:20:00,50.5081,0
MCH0009,LINE-C,2026-08-05T14:00:00,50.4946,0
MCH0009,LINE-C,2026-08-05T14:40:00,50.5195,0
MCH0009,LINE-C,2026-08-05T15:20:00,50.5259,0
MCH0009,LINE-C,2026-08-05T16:00:00,50.5991,0
MCH0009,LINE-C,2026-08-05T16:40:00,50.6201,0
MCH0009,LINE-C,2026-08-05T17:20:00,50.5036,0
MCH0009,LINE-C,2026-08-05T18:00:00,50.6152,0
MCH0009,LINE-C,2026-08-05T18:40:00,50.5861,0
MCH0009,LINE-C,2026-08-05T19:20:00,50.5948,0
MCH0009,LINE-C,2026-08-05T20:00:00,50.5919,0
MCH0009,LINE-C,2026-08-05T20:40:00,50.5766,0
MCH0009,LINE-C,2026-08-05T21:20:00,50.5161,0
MCH0009,LINE-C,2026-08-05T22:00:00,50.6386,0
MCH0009,LINE-C,2026-08-05T22:40:00,50.6462,0
MCH0009,LINE-C,2026-08-05T23:20:00,50.5147,0
MCH0009,LINE-C,2026-08-06T00:00:00,50.6196,0
MCH0009,LINE-C,2026-08-06T00:40:00,50.6542,0
MCH0009,LINE-C,2026-08-06T01:20:00,50.582,0
MCH0009,LINE-C,2026-08-06T02:00:00,50.6775,0
MCH0009,LINE-C,2026-08-06T02:40:00,50.5849,0
MCH0009,LINE-C,2026-08-06T03:20:00,50.5845,0
MCH0009,LINE-C,2026-08-06T04:00:00,50.5748,0
MCH0009,LINE-C,2026-08-06T04:40:00,50.5663,0
MCH0009,LINE-C,2026-08-06T05:20:00,50.5287,0
MCH0009,LINE-C,2026-08-06T06:00:00,50.5531,0
MCH0009,LINE-C,2026-08-06T06:40:00,50.5932,0
MCH0009,LINE-C,2026-08-06T07:20:00,50.615,0
MCH0009,LINE-C,2026-08-06T08:00:00,50.6438,0
MCH0009,LINE-C,2026-08-06T08:40:00,50.6204,0
MCH0009,LINE-C,2026-08-06T09:20:00,50.6028,0
MCH0009,LINE-C,2026-08-06T10:00:00,50.5515,0
MCH0009,LINE-C,2026-08-06T10:40:00,50.5827,0
MCH0009,LINE-C,2026-08-06T11:20:00,50.5312,0
MCH0009,LINE-C,2026-08-06T12:00:00,50.5524,0
MCH0009,LINE-C,2026-08-06T12:40:00,50.467,0
MCH0009,LINE-C,2026-08-06T13:20:00,50.5435,0
MCH0009,LINE-C,2026-08-06T14:00:00,50.5648,0
MCH0009,LINE-C,2026-08-06T14:40:00,50.6107,0
MCH0009,LINE-C,2026-08-06T15:20:00,50.6525,0
MCH0009,LINE-C,2026-08-06T16:00:00,50.5627,0
MCH0009,LINE-C,2026-08-06T16:40:00,50.6211,0
MCH0009,LINE-C,2026-08-06T17:20:00,50.509,0
MCH0009,LINE-C,2026-08-06T18:00:00,50.6902,0
MCH0009,LINE-C,2026-08-06T18:40:00,50.6792,0
MCH0009,LINE-C,2026-08-06T19:20:00,50.0273,1
MCH0009,LINE-C,2026-08-06T20:00:00,50.1445,1
MCH0009,LINE-C,2026-08-06T20:40:00,49.9882,1
MCH0009,LINE-C,2026-08-06T21:20:00,49.9933,1
MCH0009,LINE-C,2026-08-06T22:00:00,49.961,1
MCH0009,LINE-C,2026-08-06T22:40:00,50.0327,1
MCH0009,LINE-C,2026-08-06T23:20:00,50.1173,1
MCH0009,LINE-C,2026-08-07T00:00:00,50.1016,1
MCH0009,LINE-C,2026-08-07T00:40:00,50.1602,1
MCH0009,LINE-C,2026-08-07T01:20:00,50.0364,1
MCH0009,LINE-C,2026-08-07T02:00:00,50.0876,1
MCH0009,LINE-C,2026-08-07T02:40:00,50.1066,1
MCH0009,LINE-C,2026-08-07T03:20:00,49.9987,1
MCH0009,LINE-C,2026-08-07T04:00:00,50.0652,1
MCH0009,LINE-C,2026-08-07T04:40:00,50.0352,1
MCH0009,LINE-C,2026-08-07T05:20:00,50.0984,1
MCH0009,LINE-C,2026-08-07T06:00:00,50.0231,1
MCH0009,LINE-C,2026-08-07T06:40:00,50.0774,1
MCH0009,LINE-C,2026-08-07T07:20:00,50.0896,1
MCH0009,LINE-C,2026-08-07T08:00:00,49.9996,1
MCH0009,LINE-C,2026-08-07T08:40:00,50.0377,1
MCH0009,LINE-C,2026-08-07T09:20:00,50.009,1
MCH0009,LINE-C,2026-08-07T10:00:00,50.0275,1
MCH0009,LINE-C,2026-08-07T10:40:00,50.0435,1
MCH0009,LINE-C,2026-08-07T11:20:00,50.1148,1
MCH0009,LINE-C,2026-08-07T12:00:00,50.0108,1
MCH0009,LINE-C,2026-08-07T12:40:00,50.0076,1
MCH0009,LINE-C,2026-08-07T13:20:00,50.0845,1
MCH0009,LINE-C,2026-08-07T14:00:00,50.0943,1
MCH0009,LINE-C,2026-08-07T14:40:00,50.1075,1
MCH0009,LINE-C,2026-08-07T15:20:00,50.0703,1
MCH0009,LINE-C,2026-08-07T16:00:00,50.0306,1
MCH0009,LINE-C,2026-08-07T16:40:00,50.0423,1
MCH0009,LINE-C,2026-08-07T17:20:00,49.9087,1
MCH0009,LINE-C,2026-08-07T18:00:00,50.0425,1
MCH0009,LINE-C,2026-08-07T18:40:00,50.0402,1
MCH0009,LINE-C,2026-08-07T19:20:00,50.0094,1
MCH0009,LINE-C,2026-08-07T20:00:00,50.0982,1
MCH0009,LINE-C,2026-08-07T20:40:00,49.9628,1
MCH0009,LINE-C,2026-08-07T21:20:00,50.0421,1
MCH0009,LINE-C,2026-08-07T22:00:00,50.0492,1
MCH0009,LINE-C,2026-08-07T22:40:00,50.0728,1
MCH0009,LINE-C,2026-08-07T23:20:00,50.0429,1
MCH0009,LINE-C,2026-08-08T00:00:00,50.0387,1
MCH0009,LINE-C,2026-08-08T00:40:00,50.0759,1
MCH0009,LINE-C,2026-08-08T01:20:00,50.0372,1
MCH0009,LINE-C,2026-08-08T02:00:00,50.0905,1
MCH0009,LINE-C,2026-08-08T02:40:00,50.0822,1
MCH0009,LINE-C,2026-08-08T03:20:00,50.043,1
MCH0009,LINE-C,2026-08-08T04:00:00,50.0644,1
MCH0009,LINE-C,2026-08-08T04:40:00,50.0674,1
MCH0009,LINE-C,2026-08-08T05:20:00,50.1037,1
MCH0009,LINE-C,2026-08-08T06:00:00,50.099,1
MCH0009,LINE-C,2026-08-08T06:40:00,50.0759,1
MCH0009,LINE-C,2026-08-08T07:20:00,50.0566,1
MCH0009,LINE-C,2026-08-08T08:00:00,50.0229,1
MCH0009,LINE-C,2026-08-08T08:40:00,50.0675,1
MCH0009,LINE-C,2026-08-08T09:20:00,50.1776,1
MCH0009,LINE-C,2026-08-08T10:00:00,50.1062,1
MCH0009,LINE-C,2026-08-08T10:40:00,50.1592,1
MCH0009,LINE-C,2026-08-08T11:20:00,50.0356,1
MCH0009,LINE-C,2026-08-08T12:00:00,50.0302,1
MCH0009,LINE-C,2026-08-08T12:40:00,50.0657,1
MCH0009,LINE-C,2026-08-08T13:20:00,50.0679,1
MCH0009,LINE-C,2026-08-08T14:00:00,50.0447,1
MCH0009,LINE-C,2026-08-08T14:40:00,50.0702,1
MCH0009,LINE-C,2026-08-08T15:20:00,50.0644,1
MCH0009,LINE-C,2026-08-08T16:00:00,50.0955,1
MCH0009,LINE-C,2026-08-08T16:40:00,50.1647,1
MCH0009,LINE-C,2026-08-08T17:20:00,50.0235,1
MCH0009,LINE-C,2026-08-08T18:00:00,50.0411,1
MCH0009,LINE-C,2026-08-08T18:40:00,50.0461,1
MCH0009,LINE-C,2026-08-08T19:20:00,50.097,1
MCH0009,LINE-C,2026-08-08T20:00:00,50.1442,1
MCH0009,LINE-C,2026-08-08T20:40:00,50.0835,1
MCH0009,LINE-C,2026-08-08T21:20:00,50.12,1
MCH0009,LINE-C,2026-08-08T22:00:00,50.1077,1
MCH0009,LINE-C,2026-08-08T22:40:00,50.0893,1
MCH0009,LINE-C,2026-08-08T23:20:00,50.0513,1
MCH0009,LINE-C,2026-08-09T00:00:00,50.1371,1
MCH0009,LINE-C,2026-08-09T00:40:00,50.0999,1
MCH0009,LINE-C,2026-08-09T01:20:00,50.0624,1
MCH0009,LINE-C,2026-08-09T02:00:00,50.0376,1
MCH0009,LINE-C,2026-08-09T02:40:00,50.0075,1
MCH0009,LINE-C,2026-08-09T03:20:00,50.0963,1
MCH0009,LINE-C,2026-08-09T04:00:00,50.1139,1
MCH0009,LINE-C,2026-08-09T04:40:00,50.1378,1
MCH0009,LINE-C,2026-08-09T05:20:00,50.1496,1
MCH0009,LINE-C,2026-08-09T06:00:00,50.166,1
MCH0009,LINE-C,2026-08-09T06:40:00,50.1012,1
MCH0009,LINE-C,2026-08-09T07:20:00,50.1191,1
MCH0009,LINE-C,2026-08-09T08:00:00,50.1005,1
MCH0009,LINE-C,2026-08-09T08:40:00,50.131,1
MCH0009,LINE-C,2026-08-09T09:20:00,50.1449,1
MCH0009,LINE-C,2026-08-09T10:00:00,50.129,1
MCH0009,LINE-C,2026-08-09T10:40:00,50.1289,1
MCH0009,LINE-C,2026-08-09T11:20:00,50.1856,1
MCH0009,LINE-C,2026-08-09T12:00:00,50.1967,1
MCH0009,LINE-C,2026-08-09T12:40:00,50.085,1
MCH0009,LINE-C,2026-08-09T13:20:00,50.0766,1
MCH0009,LINE-C,2026-08-09T14:00:00,50.1375,1
MCH0009,LINE-C,2026-08-09T14:40:00,50.1449,1
MCH0009,LINE-C,2026-08-09T15:20:00,50.0931,1
MCH0009,LINE-C,2026-08-09T16:00:00,50.08,1
MCH0009,LINE-C,2026-08-09T16:40:00,50.1999,1
MCH0009,LINE-C,2026-08-09T17:20:00,50.1393,1
MCH0009,LINE-C,2026-08-09T18:00:00,50.1201,1
MCH0009,LINE-C,2026-08-09T18:40:00,50.1089,1
MCH0009,LINE-C,2026-08-09T19:20:00,50.0969,1
MCH0009,LINE-C,2026-08-09T20:00:00,50.1542,1
MCH0009,LINE-C,2026-08-09T20:40:00,50.147,1
MCH0009,LINE-C,2026-08-09T21:20:00,50.147,1
MCH0009,LINE-C,2026-08-09T22:00:00,50.2153,1
MCH0009,LINE-C,2026-08-09T22:40:00,50.1918,1
MCH0009,LINE-C,2026-08-09T23:20:00,50.1624,1
MCH0009,LINE-C,2026-08-10T00:00:00,50.1299,1
MCH0009,LINE-C,2026-08-10T00:40:00,50.2187,1
MCH0009,LINE-C,2026-08-10T01:20:00,50.1581,1
MCH0009,LINE-C,2026-08-10T02:00:00,50.1331,1
MCH0009,LINE-C,2026-08-10T02:40:00,50.1388,1
MCH0009,LINE-C,2026-08-10T03:20:00,50.1768,1
MCH0009,LINE-C,2026-08-10T04:00:00,50.2345,1
MCH0009,LINE-C,2026-08-10T04:40:00,50.1273,1
MCH0009,LINE-C,2026-08-10T05:20:00,50.2695,1
MCH0009,LINE-C,2026-08-10T06:00:00,50.1177,1
MCH0009,LINE-C,2026-08-10T06:40:00,50.2737,1
MCH0009,LINE-C,2026-08-10T07:20:00,50.1407,1
MCH0009,LINE-C,2026-08-10T08:00:00,50.1558,1
MCH0009,LINE-C,2026-08-10T08:40:00,50.1725,1
MCH0009,LINE-C,2026-08-10T09:20:00,50.2698,1
MCH0009,LINE-C,2026-08-10T10:00:00,50.1127,1
MCH0009,LINE-C,2026-08-10T10:40:00,50.1003,1
MCH0009,LINE-C,2026-08-10T11:20:00,50.1777,1
MCH0009,LINE-C,2026-08-10T12:00:00,50.2579,1
MCH0009,LINE-C,2026-08-10T12:40:00,50.1488,1
MCH0009,LINE-C,2026-08-10T13:20:00,50.1499,1
MCH0009,LINE-C,2026-08-10T14:00:00,50.1294,1
MCH0009,LINE-C,2026-08-10T14:40:00,50.1017,1
MCH0009,LINE-C,2026-08-10T15:20:00,50.162,1
MCH0009,LINE-C,2026-08-10T16:00:00,50.1358,1
MCH0009,LINE-C,2026-08-10T16:40:00,50.1898,1
MCH0009,LINE-C,2026-08-10T17:20:00,50.1928,1
MCH0009,LINE-C,2026-08-10T18:00:00,50.0693,1
MCH0009,LINE-C,2026-08-10T18:40:00,50.1672,1
MCH0009,LINE-C,2026-08-10T19:20:00,50.2128,1
MCH0009,LINE-C,2026-08-10T20:00:00,50.1853,1
MCH0009,LINE-C,2026-08-10T20:40:00,50.2046,1
MCH0009,LINE-C,2026-08-10T21:20:00,50.2014,1
MCH0009,LINE-C,2026-08-10T22:00:00,50.2029,1
MCH0009,LINE-C,2026-08-10T22:40:00,50.1626,1
MCH0009,LINE-C,2026-08-10T23:20:00,50.1694,1
MCH0009,LINE-C,2026-08-11T00:00:00,50.1794,1
MCH0009,LINE-C,2026-08-11T00:40:00,50.1431,1
MCH0009,LINE-C,2026-08-11T01:20:00,50.1246,1
MCH0009,LINE-C,2026-08-11T02:00:00,50.1067,1
MCH0009,LINE-C,2026-08-11T02:40:00,50.2632,1
MCH0009,LINE-C,2026-08-11T03:20:00,50.1774,1
MCH0009,LINE-C,2026-08-11T04:00:00,50.1667,1
MCH0009,LINE-C,2026-08-11T04:40:00,50.2493,1
MCH0009,LINE-C,2026-08-11T05:20:00,50.2932,1
MCH0009,LINE-C,2026-08-11T06:00:00,50.2036,1
MCH0009,LINE-C,2026-08-11T06:40:00,50.17,1
MCH0009,LINE-C,2026-08-11T07:20:00,50.261,1
MCH0009,LINE-C,2026-08-11T08:00:00,50.3129,0
MCH0009,LINE-C,2026-08-11T08:40:00,50.1524,1
MCH0009,LINE-C,2026-08-11T09:20:00,50.1988,1
MCH0009,LINE-C,2026-08-11T10:00:00,50.2155,1
MCH0009,LINE-C,2026-08-11T10:40:00,50.1464,1
MCH0009,LINE-C,2026-08-11T11:20:00,50.1766,1
MCH0009,LINE-C,2026-08-11T12:00:00,50.1455,1
MCH0009,LINE-C,2026-08-11T12:40:00,50.1915,1
MCH0009,LINE-C,2026-08-11T13:20:00,50.1641,1
MCH0009,LINE-C,2026-08-11T14:00:00,50.1994,1
MCH0009,LINE-C,2026-08-11T14:40:00,50.2078,1
MCH0009,LINE-C,2026-08-11T15:20:00,50.2657,1
MCH0009,LINE-C,2026-08-11T16:00:00,50.2304,1
MCH0009,LINE-C,2026-08-11T16:40:00,50.3585,0
MCH0009,LINE-C,2026-08-11T17:20:00,50.2015,1
MCH0009,LINE-C,2026-08-11T18:00:00,50.1382,1
MCH0009,LINE-C,2026-08-11T18:40:00,50.1612,1
MCH0009,LINE-C,2026-08-11T19:20:00,50.2787,1
MCH0009,LINE-C,2026-08-11T20:00:00,50.1968,1
MCH0009,LINE-C,2026-08-11T20:40:00,50.169,1
MCH0009,LINE-C,2026-08-11T21:20:00,50.3509,0
MCH0009,LINE-C,2026-08-11T22:00:00,50.1393,1
MCH0009,LINE-C,2026-08-11T22:40:00,50.2398,1
MCH0009,LINE-C,2026-08-11T23:20:00,50.2518,1
MCH0009,LINE-C,2026-08-12T00:00:00,50.2263,1
MCH0009,LINE-C,2026-08-12T00:40:00,50.2268,1
MCH0009,LINE-C,2026-08-12T01:20:00,50.3246,0
MCH0009,LINE-C,2026-08-12T02:00:00,50.1714,1
MCH0009,LINE-C,2026-08-12T02:40:00,50.1573,1
MCH0009,LINE-C,2026-08-12T03:20:00,50.1868,1
MCH0009,LINE-C,2026-08-12T04:00:00,50.1991,1
MCH0009,LINE-C,2026-08-12T04:40:00,50.1957,1
MCH0009,LINE-C,2026-08-12T05:20:00,50.1256,1
MCH0009,LINE-C,2026-08-12T06:00:00,50.2362,1
MCH0009,LINE-C,2026-08-12T06:40:00,50.1847,1
MCH0009,LINE-C,2026-08-12T07:20:00,50.1898,1
MCH0009,LINE-C,2026-08-12T08:00:00,50.2167,1
MCH0009,LINE-C,2026-08-12T08:40:00,50.2224,1
MCH0009,LINE-C,2026-08-12T09:20:00,50.1508,1
MCH0009,LINE-C,2026-08-12T10:00:00,50.2365,1
MCH0009,LINE-C,2026-08-12T10:40:00,50.1988,1
MCH0009,LINE-C,2026-08-12T11:20:00,50.1677,1
MCH0009,LINE-C,2026-08-12T12:00:00,50.2717,1
MCH0009,LINE-C,2026-08-12T12:40:00,50.1776,1
MCH0009,LINE-C,2026-08-12T13:20:00,50.2464,1
MCH0009,LINE-C,2026-08-12T14:00:00,50.1903,1
MCH0009,LINE-C,2026-08-12T14:40:00,50.3004,0
MCH0009,LINE-C,2026-08-12T15:20:00,50.2284,1
MCH0009,LINE-C,2026-08-12T16:00:00,50.1705,1
MCH0009,LINE-C,2026-08-12T16:40:00,50.2502,1
MCH0009,LINE-C,2026-08-12T17:20:00,50.2183,1
MCH0009,LINE-C,2026-08-12T18:00:00,50.2057,1
MCH0009,LINE-C,2026-08-12T18:40:00,50.1862,1
MCH0009,LINE-C,2026-08-12T19:20:00,50.2855,1
MCH0009,LINE-C,2026-08-12T20:00:00,50.3182,0
MCH0009,LINE-C,2026-08-12T20:40:00,50.2605,1
MCH0009,LINE-C,2026-08-12T21:20:00,50.255,1
MCH0009,LINE-C,2026-08-12T22:00:00,50.223,1
MCH0009,LINE-C,2026-08-12T22:40:00,50.2353,1
MCH0009,LINE-C,2026-08-12T23:20:00,50.278,1
MCH0009,LINE-C,2026-08-13T00:00:00,50.2172,1
MCH0009,LINE-C,2026-08-13T00:40:00,50.3348,0
MCH0009,LINE-C,2026-08-13T01:20:00,50.2499,1
MCH0009,LINE-C,2026-08-13T02:00:00,50.2276,1
MCH0009,LINE-C,2026-08-13T02:40:00,50.2448,1
MCH0009,LINE-C,2026-08-13T03:20:00,50.2129,1
MCH0009,LINE-C,2026-08-13T04:00:00,50.2448,1
MCH0009,LINE-C,2026-08-13T04:40:00,50.2231,1
MCH0009,LINE-C,2026-08-13T05:20:00,50.3188,0
MCH0009,LINE-C,2026-08-13T06:00:00,50.2622,1
MCH0009,LINE-C,2026-08-13T06:40:00,50.2745,1
MCH0009,LINE-C,2026-08-13T07:20:00,50.1729,1
MCH0009,LINE-C,2026-08-13T08:00:00,50.2513,1
MCH0009,LINE-C,2026-08-13T08:40:00,50.2948,1
MCH0009,LINE-C,2026-08-13T09:20:00,50.1362,1
MCH0009,LINE-C,2026-08-13T10:00:00,50.3219,0
MCH0009,LINE-C,2026-08-13T10:40:00,50.1849,1
MCH0009,LINE-C,2026-08-13T11:20:00,50.2428,1
MCH0009,LINE-C,2026-08-13T12:00:00,50.2771,1
MCH0009,LINE-C,2026-08-13T12:40:00,50.2126,1
MCH0009,LINE-C,2026-08-13T13:20:00,50.2613,1
MCH0009,LINE-C,2026-08-13T14:00:00,50.1811,1
MCH0009,LINE-C,2026-08-13T14:40:00,50.3137,0
MCH0009,LINE-C,2026-08-13T15:20:00,50.2804,1
MCH0009,LINE-C,2026-08-13T16:00:00,50.3604,0
MCH0009,LINE-C,2026-08-13T16:40:00,50.2801,1
MCH0009,LINE-C,2026-08-13T17:20:00,50.3793,0
MCH0009,LINE-C,2026-08-13T18:00:00,50.2709,1
MCH0009,LINE-C,2026-08-13T18:40:00,50.2756,1
MCH0009,LINE-C,2026-08-13T19:20:00,50.2202,1
MCH0009,LINE-C,2026-08-13T20:00:00,50.3212,0
MCH0009,LINE-C,2026-08-13T20:40:00,50.2541,1
MCH0009,LINE-C,2026-08-13T21:20:00,50.2059,1
MCH0009,LINE-C,2026-08-13T22:00:00,50.2404,1
MCH0009,LINE-C,2026-08-13T22:40:00,50.2518,1
MCH0009,LINE-C,2026-08-13T23:20:00,50.3023,0
MCH0009,LINE-C,2026-08-14T00:00:00,50.3217,0
MCH0009,LINE-C,2026-08-14T00:40:00,50.2785,1
MCH0009,LINE-C,2026-08-14T01:20:00,50.2765,1
MCH0009,LINE-C,2026-08-14T02:00:00,50.2073,1
MCH0009,LINE-C,2026-08-14T02:40:00,50.3098,0
MCH0009,LINE-C,2026-08-14T03:20:00,50.2738,1
MCH0009,LINE-C,2026-08-14T04:00:00,50.2587,1
MCH0009,LINE-C,2026-08-14T04:40:00,50.3362,0
MCH0009,LINE-C,2026-08-14T05:20:00,50.2968,1
MCH0009,LINE-C,2026-08-14T06:00:00,50.2735,1
MCH0009,LINE-C,2026-08-14T06:40:00,50.3364,0
MCH0009,LINE-C,2026-08-14T07:20:00,50.2911,1
MCH0009,LINE-C,2026-08-14T08:00:00,50.2818,1
MCH0009,LINE-C,2026-08-14T08:40:00,50.2975,1
MCH0009,LINE-C,2026-08-14T09:20:00,50.3265,0
MCH0009,LINE-C,2026-08-14T10:00:00,50.3291,0
MCH0009,LINE-C,2026-08-14T10:40:00,50.2501,1
MCH0009,LINE-C,2026-08-14T11:20:00,50.3114,0
MCH0009,LINE-C,2026-08-14T12:00:00,50.306,0
MCH0009,LINE-C,2026-08-14T12:40:00,50.3163,0
MCH0009,LINE-C,2026-08-14T13:20:00,50.2403,1
MCH0009,LINE-C,2026-08-14T14:00:00,50.2668,1
MCH0009,LINE-C,2026-08-14T14:40:00,50.2439,1
MCH0009,LINE-C,2026-08-14T15:20:00,50.2772,1
MCH0009,LINE-C,2026-08-14T16:00:00,50.3493,0
MCH0009,LINE-C,2026-08-14T16:40:00,50.2899,1
MCH0009,LINE-C,2026-08-14T17:20:00,50.3224,0
MCH0009,LINE-C,2026-08-14T18:00:00,50.3729,0
MCH0009,LINE-C,2026-08-14T18:40:00,50.3628,0
MCH0009,LINE-C,2026-08-14T19:20:00,50.3844,0
MCH0009,LINE-C,2026-08-14T20:00:00,50.2739,1
MCH0009,LINE-C,2026-08-14T20:40:00,50.3592,0
MCH0009,LINE-C,2026-08-14T21:20:00,50.3152,0
MCH0009,LINE-C,2026-08-14T22:00:00,50.2936,1
MCH0009,LINE-C,2026-08-14T22:40:00,50.31,0
MCH0009,LINE-C,2026-08-14T23:20:00,50.3613,0
MCH0010,LINE-D,2026-07-01T00:00:00,49.9957,1
MCH0010,LINE-D,2026-07-01T00:40:00,50.0988,1
MCH0010,LINE-D,2026-07-01T01:20:00,49.9883,1
MCH0010,LINE-D,2026-07-01T02:00:00,50.1249,1
MCH0010,LINE-D,2026-07-01T02:40:00,50.0562,1
MCH0010,LINE-D,2026-07-01T03:20:00,50.0066,1
MCH0010,LINE-D,2026-07-01T04:00:00,50.0119,1
MCH0010,LINE-D,2026-07-01T04:40:00,49.9077,1
MCH0010,LINE-D,2026-07-01T05:20:00,49.9944,1
MCH0010,LINE-D,2026-07-01T06:00:00,49.9716,1
MCH0010,LINE-D,2026-07-01T06:40:00,50.0796,1
MCH0010,LINE-D,2026-07-01T07:20:00,50.0286,1
MCH0010,LINE-D,2026-07-01T08:00:00,49.977,1
MCH0010,LINE-D,2026-07-01T08:40:00,50.0307,1
MCH0010,LINE-D,2026-07-01T09:20:00,50.0075,1
MCH0010,LINE-D,2026-07-01T10:00:00,49.9387,1
MCH0010,LINE-D,2026-07-01T10:40:00,50.0147,1
MCH0010,LINE-D,2026-07-01T11:20:00,50.0859,1
MCH0010,LINE-D,2026-07-01T12:00:00,50.1103,1
MCH0010,LINE-D,2026-07-01T12:40:00,50.1146,1
MCH0010,LINE-D,2026-07-01T13:20:00,50.0239,1
MCH0010,LINE-D,2026-07-01T14:00:00,49.9736,1
MCH0010,LINE-D,2026-07-01T14:40:00,50.0578,1
MCH0010,LINE-D,2026-07-01T15:20:00,50.0457,1
MCH0010,LINE-D,2026-07-01T16:00:00,50.0375,1
MCH0010,LINE-D,2026-07-01T16:40:00,50.1418,1
MCH0010,LINE-D,2026-07-01T17:20:00,50.0512,1
MCH0010,LINE-D,2026-07-01T18:00:00,50.0918,1
MCH0010,LINE-D,2026-07-01T18:40:00,50.103,1
MCH0010,LINE-D,2026-07-01T19:20:00,50.0941,1
MCH0010,LINE-D,2026-07-01T20:00:00,50.0262,1
MCH0010,LINE-D,2026-07-01T20:40:00,49.9694,1
MCH0010,LINE-D,2026-07-01T21:20:00,50.1589,1
MCH0010,LINE-D,2026-07-01T22:00:00,50.0986,1
MCH0010,LINE-D,2026-07-01T22:40:00,49.9905,1
MCH0010,LINE-D,2026-07-01T23:20:00,50.0237,1
MCH0010,LINE-D,2026-07-02T00:00:00,49.9652,1
MCH0010,LINE-D,2026-07-02T00:40:00,50.0469,1
MCH0010,LINE-D,2026-07-02T01:20:00,50.1575,1
MCH0010,LINE-D,2026-07-02T02:00:00,50.1602,1
MCH0010,LINE-D,2026-07-02T02:40:00,50.1598,1
MCH0010,LINE-D,2026-07-02T03:20:00,50.072,1
MCH0010,LINE-D,2026-07-02T04:00:00,50.0324,1
MCH0010,LINE-D,2026-07-02T04:40:00,50.0248,1
MCH0010,LINE-D,2026-07-02T05:20:00,50.13,1
MCH0010,LINE-D,2026-07-02T06:00:00,50.1414,1
MCH0010,LINE-D,2026-07-02T06:40:00,50.1599,1
MCH0010,LINE-D,2026-07-02T07:20:00,50.0586,1
MCH0010,LINE-D,2026-07-02T08:00:00,50.1305,1
MCH0010,LINE-D,2026-07-02T08:40:00,50.1981,1
MCH0010,LINE-D,2026-07-02T09:20:00,50.1604,1
MCH0010,LINE-D,2026-07-02T10:00:00,50.0701,1
MCH0010,LINE-D,2026-07-02T10:40:00,49.9768,1
MCH0010,LINE-D,2026-07-02T11:20:00,50.1572,1
MCH0010,LINE-D,2026-07-02T12:00:00,50.0159,1
MCH0010,LINE-D,2026-07-02T12:40:00,50.0598,1
MCH0010,LINE-D,2026-07-02T13:20:00,50.1262,1
MCH0010,LINE-D,2026-07-02T14:00:00,50.1284,1
MCH0010,LINE-D,2026-07-02T14:40:00,50.1804,1
MCH0010,LINE-D,2026-07-02T15:20:00,50.0528,1
MCH0010,LINE-D,2026-07-02T16:00:00,50.1707,1
MCH0010,LINE-D,2026-07-02T16:40:00,50.2133,1
MCH0010,LINE-D,2026-07-02T17:20:00,50.2566,1
MCH0010,LINE-D,2026-07-02T18:00:00,50.1063,1
MCH0010,LINE-D,2026-07-02T18:40:00,50.1153,1
MCH0010,LINE-D,2026-07-02T19:20:00,50.1721,1
MCH0010,LINE-D,2026-07-02T20:00:00,50.1417,1
MCH0010,LINE-D,2026-07-02T20:40:00,50.1009,1
MCH0010,LINE-D,2026-07-02T21:20:00,50.1194,1
MCH0010,LINE-D,2026-07-02T22:00:00,50.2575,1
MCH0010,LINE-D,2026-07-02T22:40:00,50.2381,1
MCH0010,LINE-D,2026-07-02T23:20:00,50.2398,1
MCH0010,LINE-D,2026-07-03T00:00:00,50.1651,1
MCH0010,LINE-D,2026-07-03T00:40:00,50.1441,1
MCH0010,LINE-D,2026-07-03T01:20:00,50.1353,1
MCH0010,LINE-D,2026-07-03T02:00:00,50.1798,1
MCH0010,LINE-D,2026-07-03T02:40:00,50.2245,1
MCH0010,LINE-D,2026-07-03T03:20:00,50.2315,1
MCH0010,LINE-D,2026-07-03T04:00:00,50.1397,1
MCH0010,LINE-D,2026-07-03T04:40:00,50.1645,1
MCH0010,LINE-D,2026-07-03T05:20:00,50.1977,1
MCH0010,LINE-D,2026-07-03T06:00:00,50.2081,1
MCH0010,LINE-D,2026-07-03T06:40:00,50.219,1
MCH0010,LINE-D,2026-07-03T07:20:00,50.0991,1
MCH0010,LINE-D,2026-07-03T08:00:00,50.2652,1
MCH0010,LINE-D,2026-07-03T08:40:00,50.1514,1
MCH0010,LINE-D,2026-07-03T09:20:00,50.1644,1
MCH0010,LINE-D,2026-07-03T10:00:00,50.1761,1
MCH0010,LINE-D,2026-07-03T10:40:00,50.1521,1
MCH0010,LINE-D,2026-07-03T11:20:00,50.1065,1
MCH0010,LINE-D,2026-07-03T12:00:00,50.1526,1
MCH0010,LINE-D,2026-07-03T12:40:00,50.1919,1
MCH0010,LINE-D,2026-07-03T13:20:00,50.2191,1
MCH0010,LINE-D,2026-07-03T14:00:00,50.168,1
MCH0010,LINE-D,2026-07-03T14:40:00,50.271,1
MCH0010,LINE-D,2026-07-03T15:20:00,50.2135,1
MCH0010,LINE-D,2026-07-03T16:00:00,50.1752,1
MCH0010,LINE-D,2026-07-03T16:40:00,50.0988,1
MCH0010,LINE-D,2026-07-03T17:20:00,50.1922,1
MCH0010,LINE-D,2026-07-03T18:00:00,50.1251,1
MCH0010,LINE-D,2026-07-03T18:40:00,50.2939,1
MCH0010,LINE-D,2026-07-03T19:20:00,50.2152,1
MCH0010,LINE-D,2026-07-03T20:00:00,50.2237,1
MCH0010,LINE-D,2026-07-03T20:40:00,50.2291,1
MCH0010,LINE-D,2026-07-03T21:20:00,50.2572,1
MCH0010,LINE-D,2026-07-03T22:00:00,50.2154,1
MCH0010,LINE-D,2026-07-03T22:40:00,50.2097,1
MCH0010,LINE-D,2026-07-03T23:20:00,50.3615,0
MCH0010,LINE-D,2026-07-04T00:00:00,50.1692,1
MCH0010,LINE-D,2026-07-04T00:40:00,50.2439,1
MCH0010,LINE-D,2026-07-04T01:20:00,50.2086,1
MCH0010,LINE-D,2026-07-04T02:00:00,50.2772,1
MCH0010,LINE-D,2026-07-04T02:40:00,50.1105,1
MCH0010,LINE-D,2026-07-04T03:20:00,50.2974,1
MCH0010,LINE-D,2026-07-04T04:00:00,50.219,1
MCH0010,LINE-D,2026-07-04T04:40:00,50.2927,1
MCH0010,LINE-D,2026-07-04T05:20:00,50.2533,1
MCH0010,LINE-D,2026-07-04T06:00:00,50.2619,1
MCH0010,LINE-D,2026-07-04T06:40:00,50.2775,1
MCH0010,LINE-D,2026-07-04T07:20:00,50.2927,1
MCH0010,LINE-D,2026-07-04T08:00:00,50.2589,1
MCH0010,LINE-D,2026-07-04T08:40:00,50.1731,1
MCH0010,LINE-D,2026-07-04T09:20:00,50.2677,1
MCH0010,LINE-D,2026-07-04T10:00:00,50.3258,0
MCH0010,LINE-D,2026-07-04T10:40:00,50.2585,1
MCH0010,LINE-D,2026-07-04T11:20:00,50.2947,1
MCH0010,LINE-D,2026-07-04T12:00:00,50.3099,0
MCH0010,LINE-D,2026-07-04T12:40:00,50.2551,1
MCH0010,LINE-D,2026-07-04T13:20:00,50.2534,1
MCH0010,LINE-D,2026-07-04T14:00:00,50.2333,1
MCH0010,LINE-D,2026-07-04T14:40:00,50.2735,1
MCH0010,LINE-D,2026-07-04T15:20:00,50.2135,1
MCH0010,LINE-D,2026-07-04T16:00:00,50.3348,0
MCH0010,LINE-D,2026-07-04T16:40:00,50.2322,1
MCH0010,LINE-D,2026-07-04T17:20:00,50.3198,0
MCH0010,LINE-D,2026-07-04T18:00:00,50.2511,1
MCH0010,LINE-D,2026-07-04T18:40:00,50.3154,0
MCH0010,LINE-D,2026-07-04T19:20:00,50.3032,0
MCH0010,LINE-D,2026-07-04T20:00:00,50.3049,0
MCH0010,LINE-D,2026-07-04T20:40:00,50.2976,1
MCH0010,LINE-D,2026-07-04T21:20:00,50.2955,1
MCH0010,LINE-D,2026-07-04T22:00:00,50.3758,0
MCH0010,LINE-D,2026-07-04T22:40:00,50.3034,0
MCH0010,LINE-D,2026-07-04T23:20:00,50.2118,1
MCH0010,LINE-D,2026-07-05T00:00:00,50.3754,0
MCH0010,LINE-D,2026-07-05T00:40:00,50.3017,0
MCH0010,LINE-D,2026-07-05T01:20:00,50.4399,0
MCH0010,LINE-D,2026-07-05T02:00:00,50.3297,0
MCH0010,LINE-D,2026-07-05T02:40:00,50.3489,0
MCH0010,LINE-D,2026-07-05T03:20:00,50.3477,0
MCH0010,LINE-D,2026-07-05T04:00:00,50.3704,0
MCH0010,LINE-D,2026-07-05T04:40:00,50.3943,0
MCH0010,LINE-D,2026-07-05T05:20:00,50.2881,1
MCH0010,LINE-D,2026-07-05T06:00:00,50.281,1
MCH0010,LINE-D,2026-07-05T06:40:00,50.3292,0
MCH0010,LINE-D,2026-07-05T07:20:00,50.313,0
MCH0010,LINE-D,2026-07-05T08:00:00,50.3692,0
MCH0010,LINE-D,2026-07-05T08:40:00,50.3623,0
MCH0010,LINE-D,2026-07-05T09:20:00,50.3334,0
MCH0010,LINE-D,2026-07-05T10:00:00,50.3485,0
MCH0010,LINE-D,2026-07-05T10:40:00,50.3048,0
MCH0010,LINE-D,2026-07-05T11:20:00,50.417,0
MCH0010,LINE-D,2026-07-05T12:00:00,50.3378,0
MCH0010,LINE-D,2026-07-05T12:40:00,50.3066,0
MCH0010,LINE-D,2026-07-05T13:20:00,50.3818,0
MCH0010,LINE-D,2026-07-05T14:00:00,50.3895,0
MCH0010,LINE-D,2026-07-05T14:40:00,50.3618,0
MCH0010,LINE-D,2026-07-05T15:20:00,50.3183,0
MCH0010,LINE-D,2026-07-05T16:00:00,50.4305,0
MCH0010,LINE-D,2026-07-05T16:40:00,50.2809,1
MCH0010,LINE-D,2026-07-05T17:20:00,50.2734,1
MCH0010,LINE-D,2026-07-05T18:00:00,50.2386,1
MCH0010,LINE-D,2026-07-05T18:40:00,50.3179,0
MCH0010,LINE-D,2026-07-05T19:20:00,50.3736,0
MCH0010,LINE-D,2026-07-05T20:00:00,50.4032,0
MCH0010,LINE-D,2026-07-05T20:40:00,50.2582,1
MCH0010,LINE-D,2026-07-05T21:20:00,50.4046,0
MCH0010,LINE-D,2026-07-05T22:00:00,50.3115,0
MCH0010,LINE-D,2026-07-05T22:40:00,50.3389,0
MCH0010,LINE-D,2026-07-05T23:20:00,50.4319,0
MCH0010,LINE-D,2026-07-06T00:00:00,50.3712,0
MCH0010,LINE-D,2026-07-06T00:40:00,50.4115,0
MCH0010,LINE-D,2026-07-06T01:20:00,50.301,0
MCH0010,LINE-D,2026-07-06T02:00:00,50.4094,0
MCH0010,LINE-D,2026-07-06T02:40:00,50.3135,0
MCH0010,LINE-D,2026-07-06T03:20:00,50.4296,0
MCH0010,LINE-D,2026-07-06T04:00:00,50.4114,0
MCH0010,LINE-D,2026-07-06T04:40:00,50.3083,0
MCH0010,LINE-D,2026-07-06T05:20:00,50.3093,0
MCH0010,LINE-D,2026-07-06T06:00:00,50.3789,0
MCH0010,LINE-D,2026-07-06T06:40:00,50.3511,0
MCH0010,LINE-D,2026-07-06T07:20:00,50.4382,0
MCH0010,LINE-D,2026-07-06T08:00:00,50.3329,0
MCH0010,LINE-D,2026-07-06T08:40:00,50.3474,0
MCH0010,LINE-D,2026-07-06T09:20:00,50.3826,0
MCH0010,LINE-D,2026-07-06T10:00:00,50.3489,0
MCH0010,LINE-D,2026-07-06T10:40:00,50.4056,0
MCH0010,LINE-D,2026-07-06T11:20:00,50.4461,0
MCH0010,LINE-D,2026-07-06T12:00:00,50.4061,0
MCH0010,LINE-D,2026-07-06T12:40:00,50.4168,0
MCH0010,LINE-D,2026-07-06T13:20:00,50.4278,0
MCH0010,LINE-D,2026-07-06T14:00:00,50.3987,0
MCH0010,LINE-D,2026-07-06T14:40:00,50.3594,0
MCH0010,LINE-D,2026-07-06T15:20:00,50.3603,0
MCH0010,LINE-D,2026-07-06T16:00:00,50.441,0
MCH0010,LINE-D,2026-07-06T16:40:00,50.4846,0
MCH0010,LINE-D,2026-07-06T17:20:00,50.3498,0
MCH0010,LINE-D,2026-07-06T18:00:00,50.2925,1
MCH0010,LINE-D,2026-07-06T18:40:00,50.4675,0
MCH0010,LINE-D,2026-07-06T19:20:00,50.4836,0
MCH0010,LINE-D,2026-07-06T20:00:00,50.5133,0
MCH0010,LINE-D,2026-07-06T20:40:00,50.4565,0
MCH0010,LINE-D,2026-07-06T21:20:00,50.3968,0
MCH0010,LINE-D,2026-07-06T22:00:00,50.3536,0
MCH0010,LINE-D,2026-07-06T22:40:00,50.4311,0
MCH0010,LINE-D,2026-07-06T23:20:00,50.5058,0
MCH0010,LINE-D,2026-07-07T00:00:00,50.4286,0
MCH0010,LINE-D,2026-07-07T00:40:00,50.5038,0
MCH0010,LINE-D,2026-07-07T01:20:00,50.349,0
MCH0010,LINE-D,2026-07-07T02:00:00,50.4428,0
MCH0010,LINE-D,2026-07-07T02:40:00,50.4392,0
MCH0010,LINE-D,2026-07-07T03:20:00,50.4278,0
MCH0010,LINE-D,2026-07-07T04:00:00,50.4912,0
MCH0010,LINE-D,2026-07-07T04:40:00,50.5383,0
MCH0010,LINE-D,2026-07-07T05:20:00,50.3759,0
MCH0010,LINE-D,2026-07-07T06:00:00,50.4312,0
MCH0010,LINE-D,2026-07-07T06:40:00,50.4318,0
MCH0010,LINE-D,2026-07-07T07:20:00,50.3774,0
MCH0010,LINE-D,2026-07-07T08:00:00,50.487,0
MCH0010,LINE-D,2026-07-07T08:40:00,50.3644,0
MCH0010,LINE-D,2026-07-07T09:20:00,50.458,0
MCH0010,LINE-D,2026-07-07T10:00:00,50.5396,0
MCH0010,LINE-D,2026-07-07T10:40:00,50.4673,0
MCH0010,LINE-D,2026-07-07T11:20:00,50.4352,0
MCH0010,LINE-D,2026-07-07T12:00:00,50.4922,0
MCH0010,LINE-D,2026-07-07T12:40:00,50.5248,0
MCH0010,LINE-D,2026-07-07T13:20:00,50.4715,0
MCH0010,LINE-D,2026-07-07T14:00:00,50.4849,0
MCH0010,LINE-D,2026-07-07T14:40:00,50.485,0
MCH0010,LINE-D,2026-07-07T15:20:00,50.4155,0
MCH0010,LINE-D,2026-07-07T16:00:00,50.5504,0
MCH0010,LINE-D,2026-07-07T16:40:00,50.5057,0
MCH0010,LINE-D,2026-07-07T17:20:00,50.485,0
MCH0010,LINE-D,2026-07-07T18:00:00,50.5678,0
MCH0010,LINE-D,2026-07-07T18:40:00,50.5064,0
MCH0010,LINE-D,2026-07-07T19:20:00,50.3833,0
MCH0010,LINE-D,2026-07-07T20:00:00,50.5492,0
MCH0010,LINE-D,2026-07-07T20:40:00,50.5161,0
MCH0010,LINE-D,2026-07-07T21:20:00,50.4429,0
MCH0010,LINE-D,2026-07-07T22:00:00,50.5173,0
MCH0010,LINE-D,2026-07-07T22:40:00,50.5797,0
MCH0010,LINE-D,2026-07-07T23:20:00,50.5817,0
MCH0010,LINE-D,2026-07-08T00:00:00,50.4626,0
MCH0010,LINE-D,2026-07-08T00:40:00,50.4981,0
MCH0010,LINE-D,2026-07-08T01:20:00,50.5859,0
MCH0010,LINE-D,2026-07-08T02:00:00,50.5351,0
MCH0010,LINE-D,2026-07-08T02:40:00,50.4912,0
MCH0010,LINE-D,2026-07-08T03:20:00,50.54,0
MCH0010,LINE-D,2026-07-08T04:00:00,50.5023,0
MCH0010,LINE-D,2026-07-08T04:40:00,50.5156,0
MCH0010,LINE-D,2026-07-08T05:20:00,50.4726,0
MCH0010,LINE-D,2026-07-08T06:00:00,50.4769,0
MCH0010,LINE-D,2026-07-08T06:40:00,50.4856,0
MCH0010,LINE-D,2026-07-08T07:20:00,50.5339,0
MCH0010,LINE-D,2026-07-08T08:00:00,50.4693,0
MCH0010,LINE-D,2026-07-08T08:40:00,50.5299,0
MCH0010,LINE-D,2026-07-08T09:20:00,50.4963,0
MCH0010,LINE-D,2026-07-08T10:00:00,50.5946,0
MCH0010,LINE-D,2026-07-08T10:40:00,50.5613,0
MCH0010,LINE-D,2026-07-08T11:20:00,50.592,0
MCH0010,LINE-D,2026-07-08T12:00:00,50.52,0
MCH0010,LINE-D,2026-07-08T12:40:00,50.6264,0
MCH0010,LINE-D,2026-07-08T13:20:00,50.5451,0
MCH0010,LINE-D,2026-07-08T14:00:00,50.6096,0
MCH0010,LINE-D,2026-07-08T14:40:00,50.6214,0
MCH0010,LINE-D,2026-07-08T15:20:00,50.6222,0
MCH0010,LINE-D,2026-07-08T16:00:00,50.4687,0
MCH0010,LINE-D,2026-07-08T16:40:00,50.5273,0
MCH0010,LINE-D,2026-07-08T17:20:00,50.5689,0
MCH0010,LINE-D,2026-07-08T18:00:00,50.6397,0
MCH0010,LINE-D,2026-07-08T18:40:00,50.5974,0
MCH0010,LINE-D,2026-07-08T19:20:00,50.6223,0
MCH0010,LINE-D,2026-07-08T20:00:00,50.5918,0
MCH0010,LINE-D,2026-07-08T20:40:00,50.6051,0
MCH0010,LINE-D,2026-07-08T21:20:00,50.5486,0
MCH0010,LINE-D,2026-07-08T22:00:00,50.6057,0
MCH0010,LINE-D,2026-07-08T22:40:00,50.6177,0
MCH0010,LINE-D,2026-07-08T23:20:00,50.6114,0
MCH0010,LINE-D,2026-07-09T00:00:00,50.5978,0
MCH0010,LINE-D,2026-07-09T00:40:00,50.5466,0
MCH0010,LINE-D,2026-07-09T01:20:00,50.6405,0
MCH0010,LINE-D,2026-07-09T02:00:00,50.5682,0
MCH0010,LINE-D,2026-07-09T02:40:00,50.5291,0
MCH0010,LINE-D,2026-07-09T03:20:00,50.0478,1
MCH0010,LINE-D,2026-07-09T04:00:00,49.9948,1
MCH0010,LINE-D,2026-07-09T04:40:00,50.0314,1
MCH0010,LINE-D,2026-07-09T05:20:00,50.0547,1
MCH0010,LINE-D,2026-07-09T06:00:00,49.9971,1
MCH0010,LINE-D,2026-07-09T06:40:00,50.0203,1
MCH0010,LINE-D,2026-07-09T07:20:00,50.0706,1
MCH0010,LINE-D,2026-07-09T08:00:00,50.1811,1
MCH0010,LINE-D,2026-07-09T08:40:00,49.9837,1
MCH0010,LINE-D,2026-07-09T09:20:00,49.9568,1
MCH0010,LINE-D,2026-07-09T10:00:00,49.909,1
MCH0010,LINE-D,2026-07-09T10:40:00,50.0246,1
MCH0010,LINE-D,2026-07-09T11:20:00,50.0262,1
MCH0010,LINE-D,2026-07-09T12:00:00,50.0731,1
MCH0010,LINE-D,2026-07-09T12:40:00,50.0537,1
MCH0010,LINE-D,2026-07-09T13:20:00,50.0252,1
MCH0010,LINE-D,2026-07-09T14:00:00,50.0438,1
MCH0010,LINE-D,2026-07-09T14:40:00,50.0499,1
MCH0010,LINE-D,2026-07-09T15:20:00,50.0161,1
MCH0010,LINE-D,2026-07-09T16:00:00,49.9965,1
MCH0010,LINE-D,2026-07-09T16:40:00,50.0226,1
MCH0010,LINE-D,2026-07-09T17:20:00,49.9899,1
MCH0010,LINE-D,2026-07-09T18:00:00,49.9479,1
MCH0010,LINE-D,2026-07-09T18:40:00,50.0161,1
MCH0010,LINE-D,2026-07-09T19:20:00,50.1465,1
MCH0010,LINE-D,2026-07-09T20:00:00,50.0153,1
MCH0010,LINE-D,2026-07-09T20:40:00,50.0288,1
MCH0010,LINE-D,2026-07-09T21:20:00,50.0436,1
MCH0010,LINE-D,2026-07-09T22:00:00,50.0381,1
MCH0010,LINE-D,2026-07-09T22:40:00,50.0423,1
MCH0010,LINE-D,2026-07-09T23:20:00,50.1555,1
MCH0010,LINE-D,2026-07-10T00:00:00,50.1269,1
MCH0010,LINE-D,2026-07-10T00:40:00,50.0852,1
MCH0010,LINE-D,2026-07-10T01:20:00,50.1636,1
MCH0010,LINE-D,2026-07-10T02:00:00,50.1095,1
MCH0010,LINE-D,2026-07-10T02:40:00,49.9849,1
MCH0010,LINE-D,2026-07-10T03:20:00,50.022,1
MCH0010,LINE-D,2026-07-10T04:00:00,50.0082,1
MCH0010,LINE-D,2026-07-10T04:40:00,50.0047,1
MCH0010,LINE-D,2026-07-10T05:20:00,49.9799,1
MCH0010,LINE-D,2026-07-10T06:00:00,50.0067,1
MCH0010,LINE-D,2026-07-10T06:40:00,50.0168,1
MCH0010,LINE-D,2026-07-10T07:20:00,50.0179,1
MCH0010,LINE-D,2026-07-10T08:00:00,50.013,1
MCH0010,LINE-D,2026-07-10T08:40:00,50.107,1
MCH0010,LINE-D,2026-07-10T09:20:00,50.0825,1
MCH0010,LINE-D,2026-07-10T10:00:00,49.9919,1
MCH0010,LINE-D,2026-07-10T10:40:00,50.1795,1
MCH0010,LINE-D,2026-07-10T11:20:00,50.1255,1
MCH0010,LINE-D,2026-07-10T12:00:00,50.0663,1
MCH0010,LINE-D,2026-07-10T12:40:00,50.0783,1
MCH0010,LINE-D,2026-07-10T13:20:00,50.1394,1
MCH0010,LINE-D,2026-07-10T14:00:00,50.1659,1
MCH0010,LINE-D,2026-07-10T14:40:00,50.1142,1
MCH0010,LINE-D,2026-07-10T15:20:00,50.0601,1
MCH0010,LINE-D,2026-07-10T16:00:00,50.0921,1
MCH0010,LINE-D,2026-07-10T16:40:00,50.1346,1
MCH0010,LINE-D,2026-07-10T17:20:00,49.9938,1
MCH0010,LINE-D,2026-07-10T18:00:00,50.1393,1
MCH0010,LINE-D,2026-07-10T18:40:00,50.1004,1
MCH0010,LINE-D,2026-07-10T19:20:00,49.9671,1
MCH0010,LINE-D,2026-07-10T20:00:00,50.0776,1
MCH0010,LINE-D,2026-07-10T20:40:00,50.0533,1
MCH0010,LINE-D,2026-07-10T21:20:00,50.0523,1
MCH0010,LINE-D,2026-07-10T22:00:00,50.1357,1
MCH0010,LINE-D,2026-07-10T22:40:00,50.0692,1
MCH0010,LINE-D,2026-07-10T23:20:00,49.9897,1
MCH0010,LINE-D,2026-07-11T00:00:00,50.0592,1
MCH0010,LINE-D,2026-07-11T00:40:00,50.0571,1
MCH0010,LINE-D,2026-07-11T01:20:00,50.0179,1
MCH0010,LINE-D,2026-07-11T02:00:00,50.1815,1
MCH0010,LINE-D,2026-07-11T02:40:00,50.068,1
MCH0010,LINE-D,2026-07-11T03:20:00,50.0873,1
MCH0010,LINE-D,2026-07-11T04:00:00,50.0202,1
MCH0010,LINE-D,2026-07-11T04:40:00,50.089,1
MCH0010,LINE-D,2026-07-11T05:20:00,50.0286,1
MCH0010,LINE-D,2026-07-11T06:00:00,50.0597,1
MCH0010,LINE-D,2026-07-11T06:40:00,50.0464,1
MCH0010,LINE-D,2026-07-11T07:20:00,50.0933,1
MCH0010,LINE-D,2026-07-11T08:00:00,50.0772,1
MCH0010,LINE-D,2026-07-11T08:40:00,50.1687,1
MCH0010,LINE-D,2026-07-11T09:20:00,50.1151,1
MCH0010,LINE-D,2026-07-11T10:00:00,50.086,1
MCH0010,LINE-D,2026-07-11T10:40:00,50.0868,1
MCH0010,LINE-D,2026-07-11T11:20:00,50.0828,1
MCH0010,LINE-D,2026-07-11T12:00:00,50.1067,1
MCH0010,LINE-D,2026-07-11T12:40:00,50.1349,1
MCH0010,LINE-D,2026-07-11T13:20:00,50.1206,1
MCH0010,LINE-D,2026-07-11T14:00:00,50.082,1
MCH0010,LINE-D,2026-07-11T14:40:00,50.0631,1
MCH0010,LINE-D,2026-07-11T15:20:00,50.0733,1
MCH0010,LINE-D,2026-07-11T16:00:00,50.1698,1
MCH0010,LINE-D,2026-07-11T16:40:00,50.1417,1
MCH0010,LINE-D,2026-07-11T17:20:00,50.0914,1
MCH0010,LINE-D,2026-07-11T18:00:00,50.0629,1
MCH0010,LINE-D,2026-07-11T18:40:00,50.1084,1
MCH0010,LINE-D,2026-07-11T19:20:00,50.1683,1
MCH0010,LINE-D,2026-07-11T20:00:00,50.1119,1
MCH0010,LINE-D,2026-07-11T20:40:00,50.1287,1
MCH0010,LINE-D,2026-07-11T21:20:00,50.0884,1
MCH0010,LINE-D,2026-07-11T22:00:00,50.1038,1
MCH0010,LINE-D,2026-07-11T22:40:00,50.1789,1
MCH0010,LINE-D,2026-07-11T23:20:00,50.146,1
MCH0010,LINE-D,2026-07-12T00:00:00,50.146,1
MCH0010,LINE-D,2026-07-12T00:40:00,50.1079,1
MCH0010,LINE-D,2026-07-12T01:20:00,50.0974,1
MCH0010,LINE-D,2026-07-12T02:00:00,50.2284,1
MCH0010,LINE-D,2026-07-12T02:40:00,50.0506,1
MCH0010,LINE-D,2026-07-12T03:20:00,50.1111,1
MCH0010,LINE-D,2026-07-12T04:00:00,50.1484,1
MCH0010,LINE-D,2026-07-12T04:40:00,50.0891,1
MCH0010,LINE-D,2026-07-12T05:20:00,50.1917,1
MCH0010,LINE-D,2026-07-12T06:00:00,50.1191,1
MCH0010,LINE-D,2026-07-12T06:40:00,50.064,1
MCH0010,LINE-D,2026-07-12T07:20:00,50.0691,1
MCH0010,LINE-D,2026-07-12T08:00:00,50.1891,1
MCH0010,LINE-D,2026-07-12T08:40:00,50.1645,1
MCH0010,LINE-D,2026-07-12T09:20:00,50.1845,1
MCH0010,LINE-D,2026-07-12T10:00:00,50.1398,1
MCH0010,LINE-D,2026-07-12T10:40:00,50.0689,1
MCH0010,LINE-D,2026-07-12T11:20:00,50.1527,1
MCH0010,LINE-D,2026-07-12T12:00:00,50.1074,1
MCH0010,LINE-D,2026-07-12T12:40:00,50.1442,1
MCH0010,LINE-D,2026-07-12T13:20:00,50.1782,1
MCH0010,LINE-D,2026-07-12T14:00:00,50.2627,1
MCH0010,LINE-D,2026-07-12T14:40:00,50.1202,1
MCH0010,LINE-D,2026-07-12T15:20:00,50.1697,1
MCH0010,LINE-D,2026-07-12T16:00:00,50.2014,1
MCH0010,LINE-D,2026-07-12T16:40:00,50.2143,1
MCH0010,LINE-D,2026-07-12T17:20:00,50.191,1
MCH0010,LINE-D,2026-07-12T18:00:00,50.1136,1
MCH0010,LINE-D,2026-07-12T18:40:00,50.2084,1
MCH0010,LINE-D,2026-07-12T19:20:00,50.1355,1
MCH0010,LINE-D,2026-07-12T20:00:00,50.1677,1
MCH0010,LINE-D,2026-07-12T20:40:00,50.0751,1
MCH0010,LINE-D,2026-07-12T21:20:00,50.1492,1
MCH0010,LINE-D,2026-07-12T22:00:00,50.1849,1
MCH0010,LINE-D,2026-07-12T22:40:00,50.1867,1
MCH0010,LINE-D,2026-07-12T23:20:00,50.2761,1
MCH0010,LINE-D,2026-07-13T00:00:00,50.1468,1
MCH0010,LINE-D,2026-07-13T00:40:00,50.1769,1
MCH0010,LINE-D,2026-07-13T01:20:00,50.2884,1
MCH0010,LINE-D,2026-07-13T02:00:00,50.2586,1
MCH0010,LINE-D,2026-07-13T02:40:00,50.2035,1
MCH0010,LINE-D,2026-07-13T03:20:00,50.1982,1
MCH0010,LINE-D,2026-07-13T04:00:00,50.2322,1
MCH0010,LINE-D,2026-07-13T04:40:00,50.2328,1
MCH0010,LINE-D,2026-07-13T05:20:00,50.3396,0
MCH0010,LINE-D,2026-07-13T06:00:00,50.3114,0
MCH0010,LINE-D,2026-07-13T06:40:00,50.0994,1
MCH0010,LINE-D,2026-07-13T07:20:00,50.117,1
MCH0010,LINE-D,2026-07-13T08:00:00,50.2672,1
MCH0010,LINE-D,2026-07-13T08:40:00,50.155,1
MCH0010,LINE-D,2026-07-13T09:20:00,50.1985,1
MCH0010,LINE-D,2026-07-13T10:00:00,50.275,1
MCH0010,LINE-D,2026-07-13T10:40:00,50.1704,1
MCH0010,LINE-D,2026-07-13T11:20:00,50.2102,1
MCH0010,LINE-D,2026-07-13T12:00:00,50.2621,1
MCH0010,LINE-D,2026-07-13T12:40:00,50.2568,1
MCH0010,LINE-D,2026-07-13T13:20:00,50.1936,1
MCH0010,LINE-D,2026-07-13T14:00:00,50.1812,1
MCH0010,LINE-D,2026-07-13T14:40:00,50.2937,1
MCH0010,LINE-D,2026-07-13T15:20:00,50.1911,1
MCH0010,LINE-D,2026-07-13T16:00:00,50.1388,1
MCH0010,LINE-D,2026-07-13T16:40:00,50.2298,1
MCH0010,LINE-D,2026-07-13T17:20:00,50.3051,0
MCH0010,LINE-D,2026-07-13T18:00:00,50.2122,1
MCH0010,LINE-D,2026-07-13T18:40:00,50.2276,1
MCH0010,LINE-D,2026-07-13T19:20:00,50.3077,0
MCH0010,LINE-D,2026-07-13T20:00:00,50.179,1
MCH0010,LINE-D,2026-07-13T20:40:00,50.2153,1
MCH0010,LINE-D,2026-07-13T21:20:00,50.2027,1
MCH0010,LINE-D,2026-07-13T22:00:00,50.264,1
MCH0010,LINE-D,2026-07-13T22:40:00,50.2359,1
MCH0010,LINE-D,2026-07-13T23:20:00,50.2418,1
MCH0010,LINE-D,2026-07-14T00:00:00,50.3266,0
MCH0010,LINE-D,2026-07-14T00:40:00,50.2405,1
MCH0010,LINE-D,2026-07-14T01:20:00,50.2129,1
MCH0010,LINE-D,2026-07-14T02:00:00,50.2211,1
MCH0010,LINE-D,2026-07-14T02:40:00,50.2451,1
MCH0010,LINE-D,2026-07-14T03:20:00,50.2839,1
MCH0010,LINE-D,2026-07-14T04:00:00,50.2765,1
MCH0010,LINE-D,2026-07-14T04:40:00,50.2456,1
MCH0010,LINE-D,2026-07-14T05:20:00,50.219,1
MCH0010,LINE-D,2026-07-14T06:00:00,50.2679,1
MCH0010,LINE-D,2026-07-14T06:40:00,50.2483,1
MCH0010,LINE-D,2026-07-14T07:20:00,50.2372,1
MCH0010,LINE-D,2026-07-14T08:00:00,50.2811,1
MCH0010,LINE-D,2026-07-14T08:40:00,50.2318,1
MCH0010,LINE-D,2026-07-14T09:20:00,50.3138,0
MCH0010,LINE-D,2026-07-14T10:00:00,50.2349,1
MCH0010,LINE-D,2026-07-14T10:40:00,50.2429,1
MCH0010,LINE-D,2026-07-14T11:20:00,50.2594,1
MCH0010,LINE-D,2026-07-14T12:00:00,50.245,1
MCH0010,LINE-D,2026-07-14T12:40:00,50.217,1
MCH0010,LINE-D,2026-07-14T13:20:00,50.2831,1
MCH0010,LINE-D,2026-07-14T14:00:00,50.2228,1
MCH0010,LINE-D,2026-07-14T14:40:00,50.2334,1
MCH0010,LINE-D,2026-07-14T15:20:00,50.285,1
MCH0010,LINE-D,2026-07-14T16:00:00,50.1968,1
MCH0010,LINE-D,2026-07-14T16:40:00,50.2351,1
MCH0010,LINE-D,2026-07-14T17:20:00,50.2626,1
MCH0010,LINE-D,2026-07-14T18:00:00,50.1806,1
MCH0010,LINE-D,2026-07-14T18:40:00,50.3953,0
MCH0010,LINE-D,2026-07-14T19:20:00,50.3254,0
MCH0010,LINE-D,2026-07-14T20:00:00,50.3509,0
MCH0010,LINE-D,2026-07-14T20:40:00,50.3377,0
MCH0010,LINE-D,2026-07-14T21:20:00,50.2828,1
MCH0010,LINE-D,2026-07-14T22:00:00,50.301,0
MCH0010,LINE-D,2026-07-14T22:40:00,50.2575,1
MCH0010,LINE-D,2026-07-14T23:20:00,50.3394,0
MCH0010,LINE-D,2026-07-15T00:00:00,50.2875,1
MCH0010,LINE-D,2026-07-15T00:40:00,50.265,1
MCH0010,LINE-D,2026-07-15T01:20:00,50.2721,1
MCH0010,LINE-D,2026-07-15T02:00:00,50.3143,0
MCH0010,LINE-D,2026-07-15T02:40:00,50.3572,0
MCH0010,LINE-D,2026-07-15T03:20:00,50.3349,0
MCH0010,LINE-D,2026-07-15T04:00:00,50.2499,1
MCH0010,LINE-D,2026-07-15T04:40:00,50.3686,0
MCH0010,LINE-D,2026-07-15T05:20:00,50.3559,0
MCH0010,LINE-D,2026-07-15T06:00:00,50.2371,1
MCH0010,LINE-D,2026-07-15T06:40:00,50.3565,0
MCH0010,LINE-D,2026-07-15T07:20:00,50.3375,0
MCH0010,LINE-D,2026-07-15T08:00:00,50.2631,1
MCH0010,LINE-D,2026-07-15T08:40:00,50.2733,1
MCH0010,LINE-D,2026-07-15T09:20:00,50.3373,0
MCH0010,LINE-D,2026-07-15T10:00:00,50.3673,0
MCH0010,LINE-D,2026-07-15T10:40:00,50.4276,0
MCH0010,LINE-D,2026-07-15T11:20:00,50.3925,0
MCH0010,LINE-D,2026-07-15T12:00:00,50.2313,1
MCH0010,LINE-D,2026-07-15T12:40:00,50.381,0
MCH0010,LINE-D,2026-07-15T13:20:00,50.3323,0
MCH0010,LINE-D,2026-07-15T14:00:00,50.3608,0
MCH0010,LINE-D,2026-07-15T14:40:00,50.3264,0
MCH0010,LINE-D,2026-07-15T15:20:00,50.3485,0
MCH0010,LINE-D,2026-07-15T16:00:00,50.3631,0
MCH0010,LINE-D,2026-07-15T16:40:00,50.3212,0
MCH0010,LINE-D,2026-07-15T17:20:00,50.3236,0
MCH0010,LINE-D,2026-07-15T18:00:00,50.3707,0
MCH0010,LINE-D,2026-07-15T18:40:00,50.3695,0
MCH0010,LINE-D,2026-07-15T19:20:00,50.366,0
MCH0010,LINE-D,2026-07-15T20:00:00,50.3477,0
MCH0010,LINE-D,2026-07-15T20:40:00,50.3691,0
MCH0010,LINE-D,2026-07-15T21:20:00,50.3386,0
MCH0010,LINE-D,2026-07-15T22:00:00,50.325,0
MCH0010,LINE-D,2026-07-15T22:40:00,50.31,0
MCH0010,LINE-D,2026-07-15T23:20:00,50.4308,0
MCH0010,LINE-D,2026-07-16T00:00:00,50.3679,0
MCH0010,LINE-D,2026-07-16T00:40:00,50.2937,1
MCH0010,LINE-D,2026-07-16T01:20:00,50.2766,1
MCH0010,LINE-D,2026-07-16T02:00:00,50.3542,0
MCH0010,LINE-D,2026-07-16T02:40:00,50.3888,0
MCH0010,LINE-D,2026-07-16T03:20:00,50.3925,0
MCH0010,LINE-D,2026-07-16T04:00:00,50.4146,0
MCH0010,LINE-D,2026-07-16T04:40:00,50.2996,1
MCH0010,LINE-D,2026-07-16T05:20:00,50.323,0
MCH0010,LINE-D,2026-07-16T06:00:00,50.2867,1
MCH0010,LINE-D,2026-07-16T06:40:00,50.3401,0
MCH0010,LINE-D,2026-07-16T07:20:00,50.446,0
MCH0010,LINE-D,2026-07-16T08:00:00,50.4181,0
MCH0010,LINE-D,2026-07-16T08:40:00,50.4321,0
MCH0010,LINE-D,2026-07-16T09:20:00,50.4226,0
MCH0010,LINE-D,2026-07-16T10:00:00,50.4099,0
MCH0010,LINE-D,2026-07-16T10:40:00,50.2918,1
MCH0010,LINE-D,2026-07-16T11:20:00,50.357,0
MCH0010,LINE-D,2026-07-16T12:00:00,50.3568,0
MCH0010,LINE-D,2026-07-16T12:40:00,50.3646,0
MCH0010,LINE-D,2026-07-16T13:20:00,50.4434,0
MCH0010,LINE-D,2026-07-16T14:00:00,50.3803,0
MCH0010,LINE-D,2026-07-16T14:40:00,50.3588,0
MCH0010,LINE-D,2026-07-16T15:20:00,50.2719,1
MCH0010,LINE-D,2026-07-16T16:00:00,50.3654,0
MCH0010,LINE-D,2026-07-16T16:40:00,50.228,1
MCH0010,LINE-D,2026-07-16T17:20:00,50.4244,0
MCH0010,LINE-D,2026-07-16T18:00:00,50.3188,0
MCH0010,LINE-D,2026-07-16T18:40:00,50.3714,0
MCH0010,LINE-D,2026-07-16T19:20:00,50.4724,0
MCH0010,LINE-D,2026-07-16T20:00:00,50.3837,0
MCH0010,LINE-D,2026-07-16T20:40:00,50.397,0
MCH0010,LINE-D,2026-07-16T21:20:00,50.4326,0
MCH0010,LINE-D,2026-07-16T22:00:00,50.3996,0
MCH0010,LINE-D,2026-07-16T22:40:00,50.3906,0
MCH0010,LINE-D,2026-07-16T23:20:00,50.3813,0
MCH0010,LINE-D,2026-07-17T00:00:00,50.4762,0
MCH0010,LINE-D,2026-07-17T00:40:00,50.2746,1
MCH0010,LINE-D,2026-07-17T01:20:00,50.483,0
MCH0010,LINE-D,2026-07-17T02:00:00,50.3524,0
MCH0010,LINE-D,2026-07-17T02:40:00,50.2895,1
MCH0010,LINE-D,2026-07-17T03:20:00,50.3206,0
MCH0010,LINE-D,2026-07-17T04:00:00,50.3164,0
MCH0010,LINE-D,2026-07-17T04:40:00,50.441,0
MCH0010,LINE-D,2026-07-17T05:20:00,50.4168,0
MCH0010,LINE-D,2026-07-17T06:00:00,50.2943,1
MCH0010,LINE-D,2026-07-17T06:40:00,50.4077,0
MCH0010,LINE-D,2026-07-17T07:20:00,50.4061,0
MCH0010,LINE-D,2026-07-17T08:00:00,50.3358,0
MCH0010,LINE-D,2026-07-17T08:40:00,50.3442,0
MCH0010,LINE-D,2026-07-17T09:20:00,50.4381,0
MCH0010,LINE-D,2026-07-17T10:00:00,50.3646,0
MCH0010,LINE-D,2026-07-17T10:40:00,50.421,0
MCH0010,LINE-D,2026-07-17T11:20:00,50.3777,0
MCH0010,LINE-D,2026-07-17T12:00:00,50.3952,0
MCH0010,LINE-D,2026-07-17T12:40:00,50.4557,0
MCH0010,LINE-D,2026-07-17T13:20:00,50.4738,0
MCH0010,LINE-D,2026-07-17T14:00:00,50.4097,0
MCH0010,LINE-D,2026-07-17T14:40:00,50.4045,0
MCH0010,LINE-D,2026-07-17T15:20:00,50.4067,0
MCH0010,LINE-D,2026-07-17T16:00:00,50.487,0
MCH0010,LINE-D,2026-07-17T16:40:00,50.4594,0
MCH0010,LINE-D,2026-07-17T17:20:00,50.46,0
MCH0010,LINE-D,2026-07-17T18:00:00,50.4627,0
MCH0010,LINE-D,2026-07-17T18:40:00,50.3867,0
MCH0010,LINE-D,2026-07-17T19:20:00,50.3751,0
MCH0010,LINE-D,2026-07-17T20:00:00,50.4542,0
MCH0010,LINE-D,2026-07-17T20:40:00,50.5654,0
MCH0010,LINE-D,2026-07-17T21:20:00,50.4409,0
MCH0010,LINE-D,2026-07-17T22:00:00,50.4887,0
MCH0010,LINE-D,2026-07-17T22:40:00,50.4864,0
MCH0010,LINE-D,2026-07-17T23:20:00,50.4035,0
MCH0010,LINE-D,2026-07-18T00:00:00,50.4442,0
MCH0010,LINE-D,2026-07-18T00:40:00,50.4335,0
MCH0010,LINE-D,2026-07-18T01:20:00,50.3842,0
MCH0010,LINE-D,2026-07-18T02:00:00,50.5045,0
MCH0010,LINE-D,2026-07-18T02:40:00,50.5463,0
MCH0010,LINE-D,2026-07-18T03:20:00,50.3609,0
MCH0010,LINE-D,2026-07-18T04:00:00,50.3958,0
MCH0010,LINE-D,2026-07-18T04:40:00,50.4726,0
MCH0010,LINE-D,2026-07-18T05:20:00,50.4558,0
MCH0010,LINE-D,2026-07-18T06:00:00,50.4328,0
MCH0010,LINE-D,2026-07-18T06:40:00,50.4016,0
MCH0010,LINE-D,2026-07-18T07:20:00,50.5095,0
MCH0010,LINE-D,2026-07-18T08:00:00,50.44,0
MCH0010,LINE-D,2026-07-18T08:40:00,50.4643,0
MCH0010,LINE-D,2026-07-18T09:20:00,50.4209,0
MCH0010,LINE-D,2026-07-18T10:00:00,50.5128,0
MCH0010,LINE-D,2026-07-18T10:40:00,50.3465,0
MCH0010,LINE-D,2026-07-18T11:20:00,50.4458,0
MCH0010,LINE-D,2026-07-18T12:00:00,50.4677,0
MCH0010,LINE-D,2026-07-18T12:40:00,50.5362,0
MCH0010,LINE-D,2026-07-18T13:20:00,50.4274,0
MCH0010,LINE-D,2026-07-18T14:00:00,50.5097,0
MCH0010,LINE-D,2026-07-18T14:40:00,50.5246,0
MCH0010,LINE-D,2026-07-18T15:20:00,50.4085,0
MCH0010,LINE-D,2026-07-18T16:00:00,50.3746,0
MCH0010,LINE-D,2026-07-18T16:40:00,50.4243,0
MCH0010,LINE-D,2026-07-18T17:20:00,50.4059,0
MCH0010,LINE-D,2026-07-18T18:00:00,50.454,0
MCH0010,LINE-D,2026-07-18T18:40:00,50.424,0
MCH0010,LINE-D,2026-07-18T19:20:00,50.4914,0
MCH0010,LINE-D,2026-07-18T20:00:00,50.5037,0
MCH0010,LINE-D,2026-07-18T20:40:00,50.4205,0
MCH0010,LINE-D,2026-07-18T21:20:00,50.4654,0
MCH0010,LINE-D,2026-07-18T22:00:00,50.5476,0
MCH0010,LINE-D,2026-07-18T22:40:00,50.4141,0
MCH0010,LINE-D,2026-07-18T23:20:00,50.5478,0
MCH0010,LINE-D,2026-07-19T00:00:00,50.5854,0
MCH0010,LINE-D,2026-07-19T00:40:00,50.5283,0
MCH0010,LINE-D,2026-07-19T01:20:00,50.4068,0
MCH0010,LINE-D,2026-07-19T02:00:00,50.5353,0
MCH0010,LINE-D,2026-07-19T02:40:00,50.608,0
MCH0010,LINE-D,2026-07-19T03:20:00,50.4502,0
MCH0010,LINE-D,2026-07-19T04:00:00,50.4942,0
MCH0010,LINE-D,2026-07-19T04:40:00,50.5172,0
MCH0010,LINE-D,2026-07-19T05:20:00,50.4704,0
MCH0010,LINE-D,2026-07-19T06:00:00,50.4723,0
MCH0010,LINE-D,2026-07-19T06:40:00,50.6111,0
MCH0010,LINE-D,2026-07-19T07:20:00,50.4604,0
MCH0010,LINE-D,2026-07-19T08:00:00,50.4881,0
MCH0010,LINE-D,2026-07-19T08:40:00,50.437,0
MCH0010,LINE-D,2026-07-19T09:20:00,50.611,0
MCH0010,LINE-D,2026-07-19T10:00:00,50.5339,0
MCH0010,LINE-D,2026-07-19T10:40:00,50.6091,0
MCH0010,LINE-D,2026-07-19T11:20:00,50.5125,0
MCH0010,LINE-D,2026-07-19T12:00:00,50.5989,0
MCH0010,LINE-D,2026-07-19T12:40:00,50.5264,0
MCH0010,LINE-D,2026-07-19T13:20:00,50.5926,0
MCH0010,LINE-D,2026-07-19T14:00:00,50.5286,0
MCH0010,LINE-D,2026-07-19T14:40:00,50.5191,0
MCH0010,LINE-D,2026-07-19T15:20:00,50.4664,0
MCH0010,LINE-D,2026-07-19T16:00:00,50.5075,0
MCH0010,LINE-D,2026-07-19T16:40:00,50.5273,0
MCH0010,LINE-D,2026-07-19T17:20:00,50.4292,0
MCH0010,LINE-D,2026-07-19T18:00:00,50.5474,0
MCH0010,LINE-D,2026-07-19T18:40:00,50.4752,0
MCH0010,LINE-D,2026-07-19T19:20:00,50.5424,0
MCH0010,LINE-D,2026-07-19T20:00:00,50.5002,0
MCH0010,LINE-D,2026-07-19T20:40:00,50.5056,0
MCH0010,LINE-D,2026-07-19T21:20:00,50.5499,0
MCH0010,LINE-D,2026-07-19T22:00:00,50.5156,0
MCH0010,LINE-D,2026-07-19T22:40:00,50.5129,0
MCH0010,LINE-D,2026-07-19T23:20:00,50.5791,0
MCH0010,LINE-D,2026-07-20T00:00:00,50.4875,0
MCH0010,LINE-D,2026-07-20T00:40:00,50.4237,0
MCH0010,LINE-D,2026-07-20T01:20:00,50.5333,0
MCH0010,LINE-D,2026-07-20T02:00:00,50.5312,0
MCH0010,LINE-D,2026-07-20T02:40:00,50.5627,0
MCH0010,LINE-D,2026-07-20T03:20:00,50.5598,0
MCH0010,LINE-D,2026-07-20T04:00:00,50.5507,0
MCH0010,LINE-D,2026-07-20T04:40:00,50.5764,0
MCH0010,LINE-D,2026-07-20T05:20:00,50.4708,0
MCH0010,LINE-D,2026-07-20T06:00:00,50.5957,0
MCH0010,LINE-D,2026-07-20T06:40:00,50.542,0
MCH0010,LINE-D,2026-07-20T07:20:00,50.6216,0
MCH0010,LINE-D,2026-07-20T08:00:00,50.6562,0
MCH0010,LINE-D,2026-07-20T08:40:00,50.5723,0
MCH0010,LINE-D,2026-07-20T09:20:00,50.5127,0
MCH0010,LINE-D,2026-07-20T10:00:00,50.5989,0
MCH0010,LINE-D,2026-07-20T10:40:00,50.5587,0
MCH0010,LINE-D,2026-07-20T11:20:00,50.5973,0
MCH0010,LINE-D,2026-07-20T12:00:00,50.5113,0
MCH0010,LINE-D,2026-07-20T12:40:00,50.5492,0
MCH0010,LINE-D,2026-07-20T13:20:00,50.6504,0
MCH0010,LINE-D,2026-07-20T14:00:00,50.5649,0
MCH0010,LINE-D,2026-07-20T14:40:00,50.5023,0
MCH0010,LINE-D,2026-07-20T15:20:00,50.6273,0
MCH0010,LINE-D,2026-07-20T16:00:00,50.5511,0
MCH0010,LINE-D,2026-07-20T16:40:00,50.5431,0
MCH0010,LINE-D,2026-07-20T17:20:00,50.6302,0
MCH0010,LINE-D,2026-07-20T18:00:00,50.5806,0
MCH0010,LINE-D,2026-07-20T18:40:00,50.5634,0
MCH0010,LINE-D,2026-07-20T19:20:00,50.6157,0
MCH0010,LINE-D,2026-07-20T20:00:00,50.5809,0
MCH0010,LINE-D,2026-07-20T20:40:00,50.4973,0
MCH0010,LINE-D,2026-07-20T21:20:00,50.6319,0
MCH0010,LINE-D,2026-07-20T22:00:00,50.6476,0
MCH0010,LINE-D,2026-07-20T22:40:00,50.5604,0
MCH0010,LINE-D,2026-07-20T23:20:00,50.5505,0
MCH0010,LINE-D,2026-07-21T00:00:00,50.609,0
MCH0010,LINE-D,2026-07-21T00:40:00,50.6454,0
MCH0010,LINE-D,2026-07-21T01:20:00,50.5758,0
MCH0010,LINE-D,2026-07-21T02:00:00,50.5654,0
MCH0010,LINE-D,2026-07-21T02:40:00,50.5611,0
MCH0010,LINE-D,2026-07-21T03:20:00,50.4946,0
MCH0010,LINE-D,2026-07-21T04:00:00,50.5768,0
MCH0010,LINE-D,2026-07-21T04:40:00,50.6086,0
MCH0010,LINE-D,2026-07-21T05:20:00,50.6333,0
MCH0010,LINE-D,2026-07-21T06:00:00,50.6333,0
MCH0010,LINE-D,2026-07-21T06:40:00,50.6162,0
MCH0010,LINE-D,2026-07-21T07:20:00,50.0003,1
MCH0010,LINE-D,2026-07-21T08:00:00,50.065,1
MCH0010,LINE-D,2026-07-21T08:40:00,50.0236,1
MCH0010,LINE-D,2026-07-21T09:20:00,49.9853,1
MCH0010,LINE-D,2026-07-21T10:00:00,50.0813,1
MCH0010,LINE-D,2026-07-21T10:40:00,50.0425,1
MCH0010,LINE-D,2026-07-21T11:20:00,49.9945,1
MCH0010,LINE-D,2026-07-21T12:00:00,50.1364,1
MCH0010,LINE-D,2026-07-21T12:40:00,50.1043,1
MCH0010,LINE-D,2026-07-21T13:20:00,50.0034,1
MCH0010,LINE-D,2026-07-21T14:00:00,50.096,1
MCH0010,LINE-D,2026-07-21T14:40:00,50.0892,1
MCH0010,LINE-D,2026-07-21T15:20:00,50.027,1
MCH0010,LINE-D,2026-07-21T16:00:00,50.1071,1
MCH0010,LINE-D,2026-07-21T16:40:00,50.1272,1
MCH0010,LINE-D,2026-07-21T17:20:00,49.9869,1
MCH0010,LINE-D,2026-07-21T18:00:00,50.0712,1
MCH0010,LINE-D,2026-07-21T18:40:00,50.089,1
MCH0010,LINE-D,2026-07-21T19:20:00,50.1584,1
MCH0010,LINE-D,2026-07-21T20:00:00,50.0576,1
MCH0010,LINE-D,2026-07-21T20:40:00,50.0712,1
MCH0010,LINE-D,2026-07-21T21:20:00,49.9952,1
MCH0010,LINE-D,2026-07-21T22:00:00,50.0641,1
MCH0010,LINE-D,2026-07-21T22:40:00,50.0183,1
MCH0010,LINE-D,2026-07-21T23:20:00,50.112,1
MCH0010,LINE-D,2026-07-22T00:00:00,50.1132,1
MCH0010,LINE-D,2026-07-22T00:40:00,50.1738,1
MCH0010,LINE-D,2026-07-22T01:20:00,50.0866,1
MCH0010,LINE-D,2026-07-22T02:00:00,50.1121,1
MCH0010,LINE-D,2026-07-22T02:40:00,50.0765,1
MCH0010,LINE-D,2026-07-22T03:20:00,50.1252,1
MCH0010,LINE-D,2026-07-22T04:00:00,50.0675,1
MCH0010,LINE-D,2026-07-22T04:40:00,50.0674,1
MCH0010,LINE-D,2026-07-22T05:20:00,50.1436,1
MCH0010,LINE-D,2026-07-22T06:00:00,50.0822,1
MCH0010,LINE-D,2026-07-22T06:40:00,50.0785,1
MCH0010,LINE-D,2026-07-22T07:20:00,50.0113,1
MCH0010,LINE-D,2026-07-22T08:00:00,50.1188,1
MCH0010,LINE-D,2026-07-22T08:40:00,50.1567,1
MCH0010,LINE-D,2026-07-22T09:20:00,50.0561,1
MCH0010,LINE-D,2026-07-22T10:00:00,50.0686,1
MCH0010,LINE-D,2026-07-22T10:40:00,50.1696,1
MCH0010,LINE-D,2026-07-22T11:20:00,50.0158,1
MCH0010,LINE-D,2026-07-22T12:00:00,50.0714,1
MCH0010,LINE-D,2026-07-22T12:40:00,50.0424,1
MCH0010,LINE-D,2026-07-22T13:20:00,50.1,1
MCH0010,LINE-D,2026-07-22T14:00:00,50.0951,1
MCH0010,LINE-D,2026-07-22T14:40:00,50.1606,1
MCH0010,LINE-D,2026-07-22T15:20:00,50.0999,1
MCH0010,LINE-D,2026-07-22T16:00:00,50.0882,1
MCH0010,LINE-D,2026-07-22T16:40:00,50.2243,1
MCH0010,LINE-D,2026-07-22T17:20:00,50.1582,1
MCH0010,LINE-D,2026-07-22T18:00:00,50.2491,1
MCH0010,LINE-D,2026-07-22T18:40:00,50.1177,1
MCH0010,LINE-D,2026-07-22T19:20:00,50.1946,1
MCH0010,LINE-D,2026-07-22T20:00:00,50.1264,1
MCH0010,LINE-D,2026-07-22T20:40:00,50.2102,1
MCH0010,LINE-D,2026-07-22T21:20:00,50.2086,1
MCH0010,LINE-D,2026-07-22T22:00:00,50.1274,1
MCH0010,LINE-D,2026-07-22T22:40:00,50.1726,1
MCH0010,LINE-D,2026-07-22T23:20:00,50.1123,1
MCH0010,LINE-D,2026-07-23T00:00:00,50.1389,1
MCH0010,LINE-D,2026-07-23T00:40:00,50.1507,1
MCH0010,LINE-D,2026-07-23T01:20:00,50.1743,1
MCH0010,LINE-D,2026-07-23T02:00:00,50.2495,1
MCH0010,LINE-D,2026-07-23T02:40:00,50.1463,1
MCH0010,LINE-D,2026-07-23T03:20:00,50.2791,1
MCH0010,LINE-D,2026-07-23T04:00:00,50.2609,1
MCH0010,LINE-D,2026-07-23T04:40:00,50.1383,1
MCH0010,LINE-D,2026-07-23T05:20:00,50.1818,1
MCH0010,LINE-D,2026-07-23T06:00:00,50.1865,1
MCH0010,LINE-D,2026-07-23T06:40:00,50.1931,1
MCH0010,LINE-D,2026-07-23T07:20:00,50.2063,1
MCH0010,LINE-D,2026-07-23T08:00:00,50.2712,1
MCH0010,LINE-D,2026-07-23T08:40:00,50.2134,1
MCH0010,LINE-D,2026-07-23T09:20:00,50.2323,1
MCH0010,LINE-D,2026-07-23T10:00:00,50.191,1
MCH0010,LINE-D,2026-07-23T10:40:00,50.1555,1
MCH0010,LINE-D,2026-07-23T11:20:00,50.2994,1
MCH0010,LINE-D,2026-07-23T12:00:00,50.2531,1
MCH0010,LINE-D,2026-07-23T12:40:00,50.2522,1
MCH0010,LINE-D,2026-07-23T13:20:00,50.1578,1
MCH0010,LINE-D,2026-07-23T14:00:00,50.1117,1
MCH0010,LINE-D,2026-07-23T14:40:00,50.1633,1
MCH0010,LINE-D,2026-07-23T15:20:00,50.1746,1
MCH0010,LINE-D,2026-07-23T16:00:00,50.1313,1
MCH0010,LINE-D,2026-07-23T16:40:00,50.1917,1
MCH0010,LINE-D,2026-07-23T17:20:00,50.3278,0
MCH0010,LINE-D,2026-07-23T18:00:00,50.2456,1
MCH0010,LINE-D,2026-07-23T18:40:00,50.2541,1
MCH0010,LINE-D,2026-07-23T19:20:00,50.2031,1
MCH0010,LINE-D,2026-07-23T20:00:00,50.2397,1
MCH0010,LINE-D,2026-07-23T20:40:00,50.234,1
MCH0010,LINE-D,2026-07-23T21:20:00,50.2114,1
MCH0010,LINE-D,2026-07-23T22:00:00,50.3022,0
MCH0010,LINE-D,2026-07-23T22:40:00,50.2559,1
MCH0010,LINE-D,2026-07-23T23:20:00,50.1855,1
MCH0010,LINE-D,2026-07-24T00:00:00,50.3121,0
MCH0010,LINE-D,2026-07-24T00:40:00,50.1747,1
MCH0010,LINE-D,2026-07-24T01:20:00,50.1823,1
MCH0010,LINE-D,2026-07-24T02:00:00,50.2926,1
MCH0010,LINE-D,2026-07-24T02:40:00,50.3108,0
MCH0010,LINE-D,2026-07-24T03:20:00,50.3019,0
MCH0010,LINE-D,2026-07-24T04:00:00,50.2843,1
MCH0010,LINE-D,2026-07-24T04:40:00,50.2229,1
MCH0010,LINE-D,2026-07-24T05:20:00,50.2983,1
MCH0010,LINE-D,2026-07-24T06:00:00,50.2668,1
MCH0010,LINE-D,2026-07-24T06:40:00,50.2465,1
MCH0010,LINE-D,2026-07-24T07:20:00,50.374,0
MCH0010,LINE-D,2026-07-24T08:00:00,50.223,1
MCH0010,LINE-D,2026-07-24T08:40:00,50.276,1
MCH0010,LINE-D,2026-07-24T09:20:00,50.2521,1
MCH0010,LINE-D,2026-07-24T10:00:00,50.3129,0
MCH0010,LINE-D,2026-07-24T10:40:00,50.3187,0
MCH0010,LINE-D,2026-07-24T11:20:00,50.4197,0
MCH0010,LINE-D,2026-07-24T12:00:00,50.1721,1
MCH0010,LINE-D,2026-07-24T12:40:00,50.3315,0
MCH0010,LINE-D,2026-07-24T13:20:00,50.2348,1
MCH0010,LINE-D,2026-07-24T14:00:00,50.2617,1
MCH0010,LINE-D,2026-07-24T14:40:00,50.2815,1
MCH0010,LINE-D,2026-07-24T15:20:00,50.2848,1
MCH0010,LINE-D,2026-07-24T16:00:00,50.3291,0
MCH0010,LINE-D,2026-07-24T16:40:00,50.2862,1
MCH0010,LINE-D,2026-07-24T17:20:00,50.3591,0
MCH0010,LINE-D,2026-07-24T18:00:00,50.2545,1
MCH0010,LINE-D,2026-07-24T18:40:00,50.249,1
MCH0010,LINE-D,2026-07-24T19:20:00,50.2561,1
MCH0010,LINE-D,2026-07-24T20:00:00,50.3106,0
MCH0010,LINE-D,2026-07-24T20:40:00,50.2201,1
MCH0010,LINE-D,2026-07-24T21:20:00,50.303,0
MCH0010,LINE-D,2026-07-24T22:00:00,50.2936,1
MCH0010,LINE-D,2026-07-24T22:40:00,50.2517,1
MCH0010,LINE-D,2026-07-24T23:20:00,50.3156,0
MCH0010,LINE-D,2026-07-25T00:00:00,50.3206,0
MCH0010,LINE-D,2026-07-25T00:40:00,50.4073,0
MCH0010,LINE-D,2026-07-25T01:20:00,50.2364,1
MCH0010,LINE-D,2026-07-25T02:00:00,50.3698,0
MCH0010,LINE-D,2026-07-25T02:40:00,50.2151,1
MCH0010,LINE-D,2026-07-25T03:20:00,50.3087,0
MCH0010,LINE-D,2026-07-25T04:00:00,50.3618,0
MCH0010,LINE-D,2026-07-25T04:40:00,50.2803,1
MCH0010,LINE-D,2026-07-25T05:20:00,50.3369,0
MCH0010,LINE-D,2026-07-25T06:00:00,50.3801,0
MCH0010,LINE-D,2026-07-25T06:40:00,50.322,0
MCH0010,LINE-D,2026-07-25T07:20:00,50.2846,1
MCH0010,LINE-D,2026-07-25T08:00:00,50.4295,0
MCH0010,LINE-D,2026-07-25T08:40:00,50.3617,0
MCH0010,LINE-D,2026-07-25T09:20:00,50.3201,0
MCH0010,LINE-D,2026-07-25T10:00:00,50.3341,0
MCH0010,LINE-D,2026-07-25T10:40:00,50.3628,0
MCH0010,LINE-D,2026-07-25T11:20:00,50.334,0
MCH0010,LINE-D,2026-07-25T12:00:00,50.3302,0
MCH0010,LINE-D,2026-07-25T12:40:00,50.2923,1
MCH0010,LINE-D,2026-07-25T13:20:00,50.4159,0
MCH0010,LINE-D,2026-07-25T14:00:00,50.2977,1
MCH0010,LINE-D,2026-07-25T14:40:00,50.4167,0
MCH0010,LINE-D,2026-07-25T15:20:00,50.3062,0
MCH0010,LINE-D,2026-07-25T16:00:00,50.2983,1
MCH0010,LINE-D,2026-07-25T16:40:00,50.2995,1
MCH0010,LINE-D,2026-07-25T17:20:00,50.3551,0
MCH0010,LINE-D,2026-07-25T18:00:00,50.3094,0
MCH0010,LINE-D,2026-07-25T18:40:00,50.434,0
MCH0010,LINE-D,2026-07-25T19:20:00,50.4351,0
MCH0010,LINE-D,2026-07-25T20:00:00,50.3281,0
MCH0010,LINE-D,2026-07-25T20:40:00,50.4735,0
MCH0010,LINE-D,2026-07-25T21:20:00,50.4058,0
MCH0010,LINE-D,2026-07-25T22:00:00,50.403,0
MCH0010,LINE-D,2026-07-25T22:40:00,50.3892,0
MCH0010,LINE-D,2026-07-25T23:20:00,50.3613,0
MCH0010,LINE-D,2026-07-26T00:00:00,50.3726,0
MCH0010,LINE-D,2026-07-26T00:40:00,50.4352,0
MCH0010,LINE-D,2026-07-26T01:20:00,50.4288,0
MCH0010,LINE-D,2026-07-26T02:00:00,50.3197,0
MCH0010,LINE-D,2026-07-26T02:40:00,50.4294,0
MCH0010,LINE-D,2026-07-26T03:20:00,50.3331,0
MCH0010,LINE-D,2026-07-26T04:00:00,50.4771,0
MCH0010,LINE-D,2026-07-26T04:40:00,50.456,0
MCH0010,LINE-D,2026-07-26T05:20:00,50.3434,0
MCH0010,LINE-D,2026-07-26T06:00:00,50.5022,0
MCH0010,LINE-D,2026-07-26T06:40:00,50.4174,0
MCH0010,LINE-D,2026-07-26T07:20:00,50.3687,0
MCH0010,LINE-D,2026-07-26T08:00:00,50.3909,0
MCH0010,LINE-D,2026-07-26T08:40:00,50.399,0
MCH0010,LINE-D,2026-07-26T09:20:00,50.3864,0
MCH0010,LINE-D,2026-07-26T10:00:00,50.3862,0
MCH0010,LINE-D,2026-07-26T10:40:00,50.3894,0
MCH0010,LINE-D,2026-07-26T11:20:00,50.4389,0
MCH0010,LINE-D,2026-07-26T12:00:00,50.376,0
MCH0010,LINE-D,2026-07-26T12:40:00,50.4291,0
MCH0010,LINE-D,2026-07-26T13:20:00,50.4837,0
MCH0010,LINE-D,2026-07-26T14:00:00,50.4302,0
MCH0010,LINE-D,2026-07-26T14:40:00,50.5663,0
MCH0010,LINE-D,2026-07-26T15:20:00,50.4057,0
MCH0010,LINE-D,2026-07-26T16:00:00,50.405,0
MCH0010,LINE-D,2026-07-26T16:40:00,50.4125,0
MCH0010,LINE-D,2026-07-26T17:20:00,50.3718,0
MCH0010,LINE-D,2026-07-26T18:00:00,50.4798,0
MCH0010,LINE-D,2026-07-26T18:40:00,50.475,0
MCH0010,LINE-D,2026-07-26T19:20:00,50.4938,0
MCH0010,LINE-D,2026-07-26T20:00:00,50.4338,0
MCH0010,LINE-D,2026-07-26T20:40:00,50.4808,0
MCH0010,LINE-D,2026-07-26T21:20:00,50.5312,0
MCH0010,LINE-D,2026-07-26T22:00:00,50.4942,0
MCH0010,LINE-D,2026-07-26T22:40:00,50.4481,0
MCH0010,LINE-D,2026-07-26T23:20:00,50.4723,0
MCH0010,LINE-D,2026-07-27T00:00:00,50.4863,0
MCH0010,LINE-D,2026-07-27T00:40:00,50.4023,0
MCH0010,LINE-D,2026-07-27T01:20:00,50.4403,0
MCH0010,LINE-D,2026-07-27T02:00:00,50.5144,0
MCH0010,LINE-D,2026-07-27T02:40:00,50.4977,0
MCH0010,LINE-D,2026-07-27T03:20:00,50.4389,0
MCH0010,LINE-D,2026-07-27T04:00:00,50.4292,0
MCH0010,LINE-D,2026-07-27T04:40:00,50.4427,0
MCH0010,LINE-D,2026-07-27T05:20:00,50.4938,0
MCH0010,LINE-D,2026-07-27T06:00:00,50.5208,0
MCH0010,LINE-D,2026-07-27T06:40:00,50.4168,0
MCH0010,LINE-D,2026-07-27T07:20:00,50.4535,0
MCH0010,LINE-D,2026-07-27T08:00:00,50.5331,0
MCH0010,LINE-D,2026-07-27T08:40:00,50.5736,0
MCH0010,LINE-D,2026-07-27T09:20:00,50.4484,0
MCH0010,LINE-D,2026-07-27T10:00:00,50.5082,0
MCH0010,LINE-D,2026-07-27T10:40:00,50.4821,0
MCH0010,LINE-D,2026-07-27T11:20:00,50.3761,0
MCH0010,LINE-D,2026-07-27T12:00:00,50.5295,0
MCH0010,LINE-D,2026-07-27T12:40:00,50.5635,0
MCH0010,LINE-D,2026-07-27T13:20:00,50.5805,0
MCH0010,LINE-D,2026-07-27T14:00:00,50.5732,0
MCH0010,LINE-D,2026-07-27T14:40:00,50.4727,0
MCH0010,LINE-D,2026-07-27T15:20:00,50.5361,0
MCH0010,LINE-D,2026-07-27T16:00:00,50.4906,0
MCH0010,LINE-D,2026-07-27T16:40:00,50.4657,0
MCH0010,LINE-D,2026-07-27T17:20:00,50.4881,0
MCH0010,LINE-D,2026-07-27T18:00:00,50.4945,0
MCH0010,LINE-D,2026-07-27T18:40:00,50.5953,0
MCH0010,LINE-D,2026-07-27T19:20:00,50.5329,0
MCH0010,LINE-D,2026-07-27T20:00:00,50.4683,0
MCH0010,LINE-D,2026-07-27T20:40:00,50.5516,0
MCH0010,LINE-D,2026-07-27T21:20:00,50.4877,0
MCH0010,LINE-D,2026-07-27T22:00:00,50.5377,0
MCH0010,LINE-D,2026-07-27T22:40:00,50.4979,0
MCH0010,LINE-D,2026-07-27T23:20:00,50.5773,0
MCH0010,LINE-D,2026-07-28T00:00:00,50.5478,0
MCH0010,LINE-D,2026-07-28T00:40:00,50.5115,0
MCH0010,LINE-D,2026-07-28T01:20:00,50.4668,0
MCH0010,LINE-D,2026-07-28T02:00:00,50.5471,0
MCH0010,LINE-D,2026-07-28T02:40:00,50.5184,0
MCH0010,LINE-D,2026-07-28T03:20:00,50.5583,0
MCH0010,LINE-D,2026-07-28T04:00:00,50.6075,0
MCH0010,LINE-D,2026-07-28T04:40:00,50.6092,0
MCH0010,LINE-D,2026-07-28T05:20:00,50.6288,0
MCH0010,LINE-D,2026-07-28T06:00:00,50.4998,0
MCH0010,LINE-D,2026-07-28T06:40:00,50.424,0
MCH0010,LINE-D,2026-07-28T07:20:00,50.6283,0
MCH0010,LINE-D,2026-07-28T08:00:00,50.5748,0
MCH0010,LINE-D,2026-07-28T08:40:00,50.5823,0
MCH0010,LINE-D,2026-07-28T09:20:00,50.4856,0
MCH0010,LINE-D,2026-07-28T10:00:00,50.5463,0
MCH0010,LINE-D,2026-07-28T10:40:00,50.5633,0
MCH0010,LINE-D,2026-07-28T11:20:00,50.5967,0
MCH0010,LINE-D,2026-07-28T12:00:00,50.5233,0
MCH0010,LINE-D,2026-07-28T12:40:00,50.5942,0
MCH0010,LINE-D,2026-07-28T13:20:00,50.6344,0
MCH0010,LINE-D,2026-07-28T14:00:00,50.5873,0
MCH0010,LINE-D,2026-07-28T14:40:00,50.6567,0
MCH0010,LINE-D,2026-07-28T15:20:00,50.5546,0
MCH0010,LINE-D,2026-07-28T16:00:00,50.7086,0
MCH0010,LINE-D,2026-07-28T16:40:00,50.6278,0
MCH0010,LINE-D,2026-07-28T17:20:00,50.6564,0
MCH0010,LINE-D,2026-07-28T18:00:00,50.6598,0
MCH0010,LINE-D,2026-07-28T18:40:00,50.6501,0
MCH0010,LINE-D,2026-07-28T19:20:00,50.0222,1
MCH0010,LINE-D,2026-07-28T20:00:00,50.0477,1
MCH0010,LINE-D,2026-07-28T20:40:00,50.0156,1
MCH0010,LINE-D,2026-07-28T21:20:00,49.9872,1
MCH0010,LINE-D,2026-07-28T22:00:00,49.9561,1
MCH0010,LINE-D,2026-07-28T22:40:00,50.1434,1
MCH0010,LINE-D,2026-07-28T23:20:00,50.0367,1
MCH0010,LINE-D,2026-07-29T00:00:00,49.974,1
MCH0010,LINE-D,2026-07-29T00:40:00,50.0188,1
MCH0010,LINE-D,2026-07-29T01:20:00,50.0389,1
MCH0010,LINE-D,2026-07-29T02:00:00,50.0695,1
MCH0010,LINE-D,2026-07-29T02:40:00,50.0107,1
MCH0010,LINE-D,2026-07-29T03:20:00,50.0821,1
MCH0010,LINE-D,2026-07-29T04:00:00,49.9757,1
MCH0010,LINE-D,2026-07-29T04:40:00,50.0096,1
MCH0010,LINE-D,2026-07-29T05:20:00,49.9705,1
MCH0010,LINE-D,2026-07-29T06:00:00,49.9739,1
MCH0010,LINE-D,2026-07-29T06:40:00,50.039,1
MCH0010,LINE-D,2026-07-29T07:20:00,50.0156,1
MCH0010,LINE-D,2026-07-29T08:00:00,50.0521,1
MCH0010,LINE-D,2026-07-29T08:40:00,49.9978,1
MCH0010,LINE-D,2026-07-29T09:20:00,50.1073,1
MCH0010,LINE-D,2026-07-29T10:00:00,50.0304,1
MCH0010,LINE-D,2026-07-29T10:40:00,50.0537,1
MCH0010,LINE-D,2026-07-29T11:20:00,49.9391,1
MCH0010,LINE-D,2026-07-29T12:00:00,49.9958,1
MCH0010,LINE-D,2026-07-29T12:40:00,50.0608,1
MCH0010,LINE-D,2026-07-29T13:20:00,50.0516,1
MCH0010,LINE-D,2026-07-29T14:00:00,49.9965,1
MCH0010,LINE-D,2026-07-29T14:40:00,50.0555,1
MCH0010,LINE-D,2026-07-29T15:20:00,50.0892,1
MCH0010,LINE-D,2026-07-29T16:00:00,50.1306,1
MCH0010,LINE-D,2026-07-29T16:40:00,49.9994,1
MCH0010,LINE-D,2026-07-29T17:20:00,50.0833,1
MCH0010,LINE-D,2026-07-29T18:00:00,50.0739,1
MCH0010,LINE-D,2026-07-29T18:40:00,50.1431,1
MCH0010,LINE-D,2026-07-29T19:20:00,50.0843,1
MCH0010,LINE-D,2026-07-29T20:00:00,50.1193,1
MCH0010,LINE-D,2026-07-29T20:40:00,50.0787,1
MCH0010,LINE-D,2026-07-29T21:20:00,50.0396,1
MCH0010,LINE-D,2026-07-29T22:00:00,50.0298,1
MCH0010,LINE-D,2026-07-29T22:40:00,50.0813,1
MCH0010,LINE-D,2026-07-29T23:20:00,50.0808,1
MCH0010,LINE-D,2026-07-30T00:00:00,50.0443,1
MCH0010,LINE-D,2026-07-30T00:40:00,50.0604,1
MCH0010,LINE-D,2026-07-30T01:20:00,50.0323,1
MCH0010,LINE-D,2026-07-30T02:00:00,49.9641,1
MCH0010,LINE-D,2026-07-30T02:40:00,50.096,1
MCH0010,LINE-D,2026-07-30T03:20:00,50.086,1
MCH0010,LINE-D,2026-07-30T04:00:00,50.1224,1
MCH0010,LINE-D,2026-07-30T04:40:00,50.0951,1
MCH0010,LINE-D,2026-07-30T05:20:00,50.1192,1
MCH0010,LINE-D,2026-07-30T06:00:00,50.1121,1
MCH0010,LINE-D,2026-07-30T06:40:00,50.2481,1
MCH0010,LINE-D,2026-07-30T07:20:00,50.098,1
MCH0010,LINE-D,2026-07-30T08:00:00,50.0876,1
MCH0010,LINE-D,2026-07-30T08:40:00,50.1658,1
MCH0010,LINE-D,2026-07-30T09:20:00,50.1404,1
MCH0010,LINE-D,2026-07-30T10:00:00,50.1162,1
MCH0010,LINE-D,2026-07-30T10:40:00,50.1595,1
MCH0010,LINE-D,2026-07-30T11:20:00,50.1607,1
MCH0010,LINE-D,2026-07-30T12:00:00,50.144,1
MCH0010,LINE-D,2026-07-30T12:40:00,50.1133,1
MCH0010,LINE-D,2026-07-30T13:20:00,50.1262,1
MCH0010,LINE-D,2026-07-30T14:00:00,50.1488,1
MCH0010,LINE-D,2026-07-30T14:40:00,50.1527,1
MCH0010,LINE-D,2026-07-30T15:20:00,50.094,1
MCH0010,LINE-D,2026-07-30T16:00:00,50.1532,1
MCH0010,LINE-D,2026-07-30T16:40:00,50.1769,1
MCH0010,LINE-D,2026-07-30T17:20:00,50.0863,1
MCH0010,LINE-D,2026-07-30T18:00:00,50.1448,1
MCH0010,LINE-D,2026-07-30T18:40:00,50.169,1
MCH0010,LINE-D,2026-07-30T19:20:00,50.1731,1
MCH0010,LINE-D,2026-07-30T20:00:00,50.1113,1
MCH0010,LINE-D,2026-07-30T20:40:00,50.0405,1
MCH0010,LINE-D,2026-07-30T21:20:00,50.1384,1
MCH0010,LINE-D,2026-07-30T22:00:00,50.1303,1
MCH0010,LINE-D,2026-07-30T22:40:00,50.0566,1
MCH0010,LINE-D,2026-07-30T23:20:00,50.1993,1
MCH0010,LINE-D,2026-07-31T00:00:00,50.2386,1
MCH0010,LINE-D,2026-07-31T00:40:00,50.1489,1
MCH0010,LINE-D,2026-07-31T01:20:00,50.1282,1
MCH0010,LINE-D,2026-07-31T02:00:00,50.1714,1
MCH0010,LINE-D,2026-07-31T02:40:00,50.1523,1
MCH0010,LINE-D,2026-07-31T03:20:00,50.1926,1
MCH0010,LINE-D,2026-07-31T04:00:00,50.12,1
MCH0010,LINE-D,2026-07-31T04:40:00,50.147,1
MCH0010,LINE-D,2026-07-31T05:20:00,50.1945,1
MCH0010,LINE-D,2026-07-31T06:00:00,50.1824,1
MCH0010,LINE-D,2026-07-31T06:40:00,50.1563,1
MCH0010,LINE-D,2026-07-31T07:20:00,50.1546,1
MCH0010,LINE-D,2026-07-31T08:00:00,50.1039,1
MCH0010,LINE-D,2026-07-31T08:40:00,50.2038,1
MCH0010,LINE-D,2026-07-31T09:20:00,50.1397,1
MCH0010,LINE-D,2026-07-31T10:00:00,50.1169,1
MCH0010,LINE-D,2026-07-31T10:40:00,50.217,1
MCH0010,LINE-D,2026-07-31T11:20:00,50.1783,1
MCH0010,LINE-D,2026-07-31T12:00:00,50.1802,1
MCH0010,LINE-D,2026-07-31T12:40:00,50.1558,1
MCH0010,LINE-D,2026-07-31T13:20:00,50.1573,1
MCH0010,LINE-D,2026-07-31T14:00:00,50.2294,1
MCH0010,LINE-D,2026-07-31T14:40:00,50.2033,1
MCH0010,LINE-D,2026-07-31T15:20:00,50.1075,1
MCH0010,LINE-D,2026-07-31T16:00:00,50.2796,1
MCH0010,LINE-D,2026-07-31T16:40:00,50.1826,1
MCH0010,LINE-D,2026-07-31T17:20:00,50.1962,1
MCH0010,LINE-D,2026-07-31T18:00:00,50.1763,1
MCH0010,LINE-D,2026-07-31T18:40:00,50.2175,1
MCH0010,LINE-D,2026-07-31T19:20:00,50.1363,1
MCH0010,LINE-D,2026-07-31T20:00:00,50.2573,1
MCH0010,LINE-D,2026-07-31T20:40:00,50.1787,1
MCH0010,LINE-D,2026-07-31T21:20:00,50.218,1
MCH0010,LINE-D,2026-07-31T22:00:00,50.1001,1
MCH0010,LINE-D,2026-07-31T22:40:00,50.2066,1
MCH0010,LINE-D,2026-07-31T23:20:00,50.2617,1
MCH0010,LINE-D,2026-08-01T00:00:00,50.1895,1
MCH0010,LINE-D,2026-08-01T00:40:00,50.2734,1
MCH0010,LINE-D,2026-08-01T01:20:00,50.1585,1
MCH0010,LINE-D,2026-08-01T02:00:00,50.2025,1
MCH0010,LINE-D,2026-08-01T02:40:00,50.2008,1
MCH0010,LINE-D,2026-08-01T03:20:00,50.1208,1
MCH0010,LINE-D,2026-08-01T04:00:00,50.2653,1
MCH0010,LINE-D,2026-08-01T04:40:00,50.2726,1
MCH0010,LINE-D,2026-08-01T05:20:00,50.1613,1
MCH0010,LINE-D,2026-08-01T06:00:00,50.2065,1
MCH0010,LINE-D,2026-08-01T06:40:00,50.215,1
MCH0010,LINE-D,2026-08-01T07:20:00,50.1686,1
MCH0010,LINE-D,2026-08-01T08:00:00,50.2819,1
MCH0010,LINE-D,2026-08-01T08:40:00,50.2685,1
MCH0010,LINE-D,2026-08-01T09:20:00,50.192,1
MCH0010,LINE-D,2026-08-01T10:00:00,50.1803,1
MCH0010,LINE-D,2026-08-01T10:40:00,50.281,1
MCH0010,LINE-D,2026-08-01T11:20:00,50.2458,1
MCH0010,LINE-D,2026-08-01T12:00:00,50.18,1
MCH0010,LINE-D,2026-08-01T12:40:00,50.3642,0
MCH0010,LINE-D,2026-08-01T13:20:00,50.2645,1
MCH0010,LINE-D,2026-08-01T14:00:00,50.2192,1
MCH0010,LINE-D,2026-08-01T14:40:00,50.2675,1
MCH0010,LINE-D,2026-08-01T15:20:00,50.3005,0
MCH0010,LINE-D,2026-08-01T16:00:00,50.1807,1
MCH0010,LINE-D,2026-08-01T16:40:00,50.1208,1
MCH0010,LINE-D,2026-08-01T17:20:00,50.2335,1
MCH0010,LINE-D,2026-08-01T18:00:00,50.2645,1
MCH0010,LINE-D,2026-08-01T18:40:00,50.3171,0
MCH0010,LINE-D,2026-08-01T19:20:00,50.2905,1
MCH0010,LINE-D,2026-08-01T20:00:00,50.2631,1
MCH0010,LINE-D,2026-08-01T20:40:00,50.2027,1
MCH0010,LINE-D,2026-08-01T21:20:00,50.2427,1
MCH0010,LINE-D,2026-08-01T22:00:00,50.2314,1
MCH0010,LINE-D,2026-08-01T22:40:00,50.2974,1
MCH0010,LINE-D,2026-08-01T23:20:00,50.2803,1
MCH0010,LINE-D,2026-08-02T00:00:00,50.1912,1
MCH0010,LINE-D,2026-08-02T00:40:00,50.2698,1
MCH0010,LINE-D,2026-08-02T01:20:00,50.2742,1
MCH0010,LINE-D,2026-08-02T02:00:00,50.2633,1
MCH0010,LINE-D,2026-08-02T02:40:00,50.2236,1
MCH0010,LINE-D,2026-08-02T03:20:00,50.2212,1
MCH0010,LINE-D,2026-08-02T04:00:00,50.321,0
MCH0010,LINE-D,2026-08-02T04:40:00,50.2225,1
MCH0010,LINE-D,2026-08-02T05:20:00,50.3148,0
MCH0010,LINE-D,2026-08-02T06:00:00,50.3553,0
MCH0010,LINE-D,2026-08-02T06:40:00,50.3269,0
MCH0010,LINE-D,2026-08-02T07:20:00,50.3028,0
MCH0010,LINE-D,2026-08-02T08:00:00,50.2865,1
MCH0010,LINE-D,2026-08-02T08:40:00,50.2591,1
MCH0010,LINE-D,2026-08-02T09:20:00,50.3113,0
MCH0010,LINE-D,2026-08-02T10:00:00,50.154,1
MCH0010,LINE-D,2026-08-02T10:40:00,50.238,1
MCH0010,LINE-D,2026-08-02T11:20:00,50.3355,0
MCH0010,LINE-D,2026-08-02T12:00:00,50.3728,0
MCH0010,LINE-D,2026-08-02T12:40:00,50.3094,0
MCH0010,LINE-D,2026-08-02T13:20:00,50.1994,1
MCH0010,LINE-D,2026-08-02T14:00:00,50.2505,1
MCH0010,LINE-D,2026-08-02T14:40:00,50.3101,0
MCH0010,LINE-D,2026-08-02T15:20:00,50.3359,0
MCH0010,LINE-D,2026-08-02T16:00:00,50.3213,0
MCH0010,LINE-D,2026-08-02T16:40:00,50.3279,0
MCH0010,LINE-D,2026-08-02T17:20:00,50.3526,0
MCH0010,LINE-D,2026-08-02T18:00:00,50.2125,1
MCH0010,LINE-D,2026-08-02T18:40:00,50.3393,0
MCH0010,LINE-D,2026-08-02T19:20:00,50.2807,1
MCH0010,LINE-D,2026-08-02T20:00:00,50.3319,0
MCH0010,LINE-D,2026-08-02T20:40:00,50.3292,0
MCH0010,LINE-D,2026-08-02T21:20:00,50.2785,1
MCH0010,LINE-D,2026-08-02T22:00:00,50.3459,0
MCH0010,LINE-D,2026-08-02T22:40:00,50.3374,0
MCH0010,LINE-D,2026-08-02T23:20:00,50.3572,0
MCH0010,LINE-D,2026-08-03T00:00:00,50.3668,0
MCH0010,LINE-D,2026-08-03T00:40:00,50.3273,0
MCH0010,LINE-D,2026-08-03T01:20:00,50.3089,0
MCH0010,LINE-D,2026-08-03T02:00:00,50.314,0
MCH0010,LINE-D,2026-08-03T02:40:00,50.2943,1
MCH0010,LINE-D,2026-08-03T03:20:00,50.2804,1
MCH0010,LINE-D,2026-08-03T04:00:00,50.2808,1
MCH0010,LINE-D,2026-08-03T04:40:00,50.194,1
MCH0010,LINE-D,2026-08-03T05:20:00,50.3899,0
MCH0010,LINE-D,2026-08-03T06:00:00,50.2734,1
MCH0010,LINE-D,2026-08-03T06:40:00,50.2803,1
MCH0010,LINE-D,2026-08-03T07:20:00,50.3024,0
MCH0010,LINE-D,2026-08-03T08:00:00,50.253,1
MCH0010,LINE-D,2026-08-03T08:40:00,50.3639,0
MCH0010,LINE-D,2026-08-03T09:20:00,50.3036,0
MCH0010,LINE-D,2026-08-03T10:00:00,50.327,0
MCH0010,LINE-D,2026-08-03T10:40:00,50.307,0
MCH0010,LINE-D,2026-08-03T11:20:00,50.3499,0
MCH0010,LINE-D,2026-08-03T12:00:00,50.3152,0
MCH0010,LINE-D,2026-08-03T12:40:00,50.3309,0
MCH0010,LINE-D,2026-08-03T13:20:00,50.3107,0
MCH0010,LINE-D,2026-08-03T14:00:00,50.2901,1
MCH0010,LINE-D,2026-08-03T14:40:00,50.3149,0
MCH0010,LINE-D,2026-08-03T15:20:00,50.4124,0
MCH0010,LINE-D,2026-08-03T16:00:00,50.4213,0
MCH0010,LINE-D,2026-08-03T16:40:00,50.3797,0
MCH0010,LINE-D,2026-08-03T17:20:00,50.3919,0
MCH0010,LINE-D,2026-08-03T18:00:00,50.4203,0
MCH0010,LINE-D,2026-08-03T18:40:00,50.312,0
MCH0010,LINE-D,2026-08-03T19:20:00,50.4035,0
MCH0010,LINE-D,2026-08-03T20:00:00,50.3171,0
MCH0010,LINE-D,2026-08-03T20:40:00,50.3935,0
MCH0010,LINE-D,2026-08-03T21:20:00,50.3935,0
MCH0010,LINE-D,2026-08-03T22:00:00,50.3603,0
MCH0010,LINE-D,2026-08-03T22:40:00,50.3896,0
MCH0010,LINE-D,2026-08-03T23:20:00,50.352,0
MCH0010,LINE-D,2026-08-04T00:00:00,50.3055,0
MCH0010,LINE-D,2026-08-04T00:40:00,50.297,1
MCH0010,LINE-D,2026-08-04T01:20:00,50.4493,0
MCH0010,LINE-D,2026-08-04T02:00:00,50.4132,0
MCH0010,LINE-D,2026-08-04T02:40:00,50.4003,0
MCH0010,LINE-D,2026-08-04T03:20:00,50.4364,0
MCH0010,LINE-D,2026-08-04T04:00:00,50.3303,0
MCH0010,LINE-D,2026-08-04T04:40:00,50.3,0
MCH0010,LINE-D,2026-08-04T05:20:00,50.327,0
MCH0010,LINE-D,2026-08-04T06:00:00,50.3524,0
MCH0010,LINE-D,2026-08-04T06:40:00,50.4065,0
MCH0010,LINE-D,2026-08-04T07:20:00,50.4163,0
MCH0010,LINE-D,2026-08-04T08:00:00,50.4275,0
MCH0010,LINE-D,2026-08-04T08:40:00,50.4977,0
MCH0010,LINE-D,2026-08-04T09:20:00,50.3668,0
MCH0010,LINE-D,2026-08-04T10:00:00,50.4505,0
MCH0010,LINE-D,2026-08-04T10:40:00,50.3278,0
MCH0010,LINE-D,2026-08-04T11:20:00,50.4377,0
MCH0010,LINE-D,2026-08-04T12:00:00,50.4632,0
MCH0010,LINE-D,2026-08-04T12:40:00,50.4215,0
MCH0010,LINE-D,2026-08-04T13:20:00,50.3369,0
MCH0010,LINE-D,2026-08-04T14:00:00,50.3939,0
MCH0010,LINE-D,2026-08-04T14:40:00,50.4087,0
MCH0010,LINE-D,2026-08-04T15:20:00,50.419,0
MCH0010,LINE-D,2026-08-04T16:00:00,50.4148,0
MCH0010,LINE-D,2026-08-04T16:40:00,50.4313,0
MCH0010,LINE-D,2026-08-04T17:20:00,50.3936,0
MCH0010,LINE-D,2026-08-04T18:00:00,50.3714,0
MCH0010,LINE-D,2026-08-04T18:40:00,50.3625,0
MCH0010,LINE-D,2026-08-04T19:20:00,50.5186,0
MCH0010,LINE-D,2026-08-04T20:00:00,50.433,0
MCH0010,LINE-D,2026-08-04T20:40:00,50.3234,0
MCH0010,LINE-D,2026-08-04T21:20:00,50.4143,0
MCH0010,LINE-D,2026-08-04T22:00:00,50.4713,0
MCH0010,LINE-D,2026-08-04T22:40:00,50.4869,0
MCH0010,LINE-D,2026-08-04T23:20:00,50.4554,0
MCH0010,LINE-D,2026-08-05T00:00:00,50.3485,0
MCH0010,LINE-D,2026-08-05T00:40:00,50.5157,0
MCH0010,LINE-D,2026-08-05T01:20:00,50.4821,0
MCH0010,LINE-D,2026-08-05T02:00:00,50.4235,0
MCH0010,LINE-D,2026-08-05T02:40:00,50.4062,0
MCH0010,LINE-D,2026-08-05T03:20:00,50.4691,0
MCH0010,LINE-D,2026-08-05T04:00:00,50.4438,0
MCH0010,LINE-D,2026-08-05T04:40:00,50.3305,0
MCH0010,LINE-D,2026-08-05T05:20:00,50.4088,0
MCH0010,LINE-D,2026-08-05T06:00:00,50.4368,0
MCH0010,LINE-D,2026-08-05T06:40:00,50.3726,0
MCH0010,LINE-D,2026-08-05T07:20:00,50.4503,0
MCH0010,LINE-D,2026-08-05T08:00:00,50.5149,0
MCH0010,LINE-D,2026-08-05T08:40:00,50.4342,0
MCH0010,LINE-D,2026-08-05T09:20:00,50.5087,0
MCH0010,LINE-D,2026-08-05T10:00:00,50.48,0
MCH0010,LINE-D,2026-08-05T10:40:00,50.419,0
MCH0010,LINE-D,2026-08-05T11:20:00,50.4798,0
MCH0010,LINE-D,2026-08-05T12:00:00,50.4824,0
MCH0010,LINE-D,2026-08-05T12:40:00,50.4578,0
MCH0010,LINE-D,2026-08-05T13:20:00,50.5485,0
MCH0010,LINE-D,2026-08-05T14:00:00,50.4468,0
MCH0010,LINE-D,2026-08-05T14:40:00,50.4985,0
MCH0010,LINE-D,2026-08-05T15:20:00,50.6198,0
MCH0010,LINE-D,2026-08-05T16:00:00,50.3969,0
MCH0010,LINE-D,2026-08-05T16:40:00,50.4631,0
MCH0010,LINE-D,2026-08-05T17:20:00,50.3902,0
MCH0010,LINE-D,2026-08-05T18:00:00,50.4577,0
MCH0010,LINE-D,2026-08-05T18:40:00,50.4639,0
MCH0010,LINE-D,2026-08-05T19:20:00,50.5034,0
MCH0010,LINE-D,2026-08-05T20:00:00,50.3965,0
MCH0010,LINE-D,2026-08-05T20:40:00,50.4318,0
MCH0010,LINE-D,2026-08-05T21:20:00,50.6065,0
MCH0010,LINE-D,2026-08-05T22:00:00,50.5321,0
MCH0010,LINE-D,2026-08-05T22:40:00,50.4371,0
MCH0010,LINE-D,2026-08-05T23:20:00,50.5026,0
MCH0010,LINE-D,2026-08-06T00:00:00,50.5309,0
MCH0010,LINE-D,2026-08-06T00:40:00,50.5055,0
MCH0010,LINE-D,2026-08-06T01:20:00,50.5449,0
MCH0010,LINE-D,2026-08-06T02:00:00,50.6246,0
MCH0010,LINE-D,2026-08-06T02:40:00,50.5229,0
MCH0010,LINE-D,2026-08-06T03:20:00,50.4908,0
MCH0010,LINE-D,2026-08-06T04:00:00,50.5738,0
MCH0010,LINE-D,2026-08-06T04:40:00,50.5161,0
MCH0010,LINE-D,2026-08-06T05:20:00,50.54,0
MCH0010,LINE-D,2026-08-06T06:00:00,50.5284,0
MCH0010,LINE-D,2026-08-06T06:40:00,50.4811,0
MCH0010,LINE-D,2026-08-06T07:20:00,50.4538,0
MCH0010,LINE-D,2026-08-06T08:00:00,50.5529,0
MCH0010,LINE-D,2026-08-06T08:40:00,50.4618,0
MCH0010,LINE-D,2026-08-06T09:20:00,50.4941,0
MCH0010,LINE-D,2026-08-06T10:00:00,50.4864,0
MCH0010,LINE-D,2026-08-06T10:40:00,50.4851,0
MCH0010,LINE-D,2026-08-06T11:20:00,50.5117,0
MCH0010,LINE-D,2026-08-06T12:00:00,50.5548,0
MCH0010,LINE-D,2026-08-06T12:40:00,50.5679,0
MCH0010,LINE-D,2026-08-06T13:20:00,50.5504,0
MCH0010,LINE-D,2026-08-06T14:00:00,50.5154,0
MCH0010,LINE-D,2026-08-06T14:40:00,50.5999,0
MCH0010,LINE-D,2026-08-06T15:20:00,50.5982,0
MCH0010,LINE-D,2026-08-06T16:00:00,50.5056,0
MCH0010,LINE-D,2026-08-06T16:40:00,50.5263,0
MCH0010,LINE-D,2026-08-06T17:20:00,50.637,0
MCH0010,LINE-D,2026-08-06T18:00:00,50.6003,0
MCH0010,LINE-D,2026-08-06T18:40:00,50.515,0
MCH0010,LINE-D,2026-08-06T19:20:00,50.4971,0
MCH0010,LINE-D,2026-08-06T20:00:00,50.5894,0
MCH0010,LINE-D,2026-08-06T20:40:00,50.5962,0
MCH0010,LINE-D,2026-08-06T21:20:00,50.6475,0
MCH0010,LINE-D,2026-08-06T22:00:00,50.5176,0
MCH0010,LINE-D,2026-08-06T22:40:00,50.5347,0
MCH0010,LINE-D,2026-08-06T23:20:00,50.5175,0
MCH0010,LINE-D,2026-08-07T00:00:00,50.5851,0
MCH0010,LINE-D,2026-08-07T00:40:00,50.6271,0
MCH0010,LINE-D,2026-08-07T01:20:00,50.536,0
MCH0010,LINE-D,2026-08-07T02:00:00,50.5715,0
MCH0010,LINE-D,2026-08-07T02:40:00,50.5634,0
MCH0010,LINE-D,2026-08-07T03:20:00,50.5395,0
MCH0010,LINE-D,2026-08-07T04:00:00,50.5332,0
MCH0010,LINE-D,2026-08-07T04:40:00,50.5969,0
MCH0010,LINE-D,2026-08-07T05:20:00,50.5699,0
MCH0010,LINE-D,2026-08-07T06:00:00,50.5509,0
MCH0010,LINE-D,2026-08-07T06:40:00,50.5713,0
MCH0010,LINE-D,2026-08-07T07:20:00,50.531,0
MCH0010,LINE-D,2026-08-07T08:00:00,50.5472,0
MCH0010,LINE-D,2026-08-07T08:40:00,50.613,0
MCH0010,LINE-D,2026-08-07T09:20:00,50.5254,0
MCH0010,LINE-D,2026-08-07T10:00:00,50.5329,0
MCH0010,LINE-D,2026-08-07T10:40:00,50.5582,0
MCH0010,LINE-D,2026-08-07T11:20:00,50.5434,0
MCH0010,LINE-D,2026-08-07T12:00:00,50.4854,0
MCH0010,LINE-D,2026-08-07T12:40:00,50.5605,0
MCH0010,LINE-D,2026-08-07T13:20:00,50.6173,0
MCH0010,LINE-D,2026-08-07T14:00:00,50.6098,0
MCH0010,LINE-D,2026-08-07T14:40:00,50.601,0
MCH0010,LINE-D,2026-08-07T15:20:00,50.6442,0
MCH0010,LINE-D,2026-08-07T16:00:00,50.4832,0
MCH0010,LINE-D,2026-08-07T16:40:00,50.6073,0
MCH0010,LINE-D,2026-08-07T17:20:00,50.6021,0
MCH0010,LINE-D,2026-08-07T18:00:00,50.695,0
MCH0010,LINE-D,2026-08-07T18:40:00,50.5772,0
MCH0010,LINE-D,2026-08-07T19:20:00,50.0015,1
MCH0010,LINE-D,2026-08-07T20:00:00,50.0368,1
MCH0010,LINE-D,2026-08-07T20:40:00,50.0401,1
MCH0010,LINE-D,2026-08-07T21:20:00,49.985,1
MCH0010,LINE-D,2026-08-07T22:00:00,50.013,1
MCH0010,LINE-D,2026-08-07T22:40:00,49.9384,1
MCH0010,LINE-D,2026-08-07T23:20:00,50.02,1
MCH0010,LINE-D,2026-08-08T00:00:00,49.9727,1
MCH0010,LINE-D,2026-08-08T00:40:00,49.9575,1
MCH0010,LINE-D,2026-08-08T01:20:00,50.0173,1
MCH0010,LINE-D,2026-08-08T02:00:00,50.0635,1
MCH0010,LINE-D,2026-08-08T02:40:00,50.0622,1
MCH0010,LINE-D,2026-08-08T03:20:00,50.066,1
MCH0010,LINE-D,2026-08-08T04:00:00,50.0136,1
MCH0010,LINE-D,2026-08-08T04:40:00,50.0816,1
MCH0010,LINE-D,2026-08-08T05:20:00,50.1408,1
MCH0010,LINE-D,2026-08-08T06:00:00,50.0194,1
MCH0010,LINE-D,2026-08-08T06:40:00,50.012,1
MCH0010,LINE-D,2026-08-08T07:20:00,50.0612,1
MCH0010,LINE-D,2026-08-08T08:00:00,50.0649,1
MCH0010,LINE-D,2026-08-08T08:40:00,50.0572,1
MCH0010,LINE-D,2026-08-08T09:20:00,49.9846,1
MCH0010,LINE-D,2026-08-08T10:00:00,50.0775,1
MCH0010,LINE-D,2026-08-08T10:40:00,50.0464,1
MCH0010,LINE-D,2026-08-08T11:20:00,50.1224,1
MCH0010,LINE-D,2026-08-08T12:00:00,49.9766,1
MCH0010,LINE-D,2026-08-08T12:40:00,50.0702,1
MCH0010,LINE-D,2026-08-08T13:20:00,50.0527,1
MCH0010,LINE-D,2026-08-08T14:00:00,50.0286,1
MCH0010,LINE-D,2026-08-08T14:40:00,50.1329,1
MCH0010,LINE-D,2026-08-08T15:20:00,50.0572,1
MCH0010,LINE-D,2026-08-08T16:00:00,50.107,1
MCH0010,LINE-D,2026-08-08T16:40:00,50.047,1
MCH0010,LINE-D,2026-08-08T17:20:00,50.0461,1
MCH0010,LINE-D,2026-08-08T18:00:00,50.1,1
MCH0010,LINE-D,2026-08-08T18:40:00,50.0395,1
MCH0010,LINE-D,2026-08-08T19:20:00,50.1541,1
MCH0010,LINE-D,2026-08-08T20:00:00,50.0885,1
MCH0010,LINE-D,2026-08-08T20:40:00,50.084,1
MCH0010,LINE-D,2026-08-08T21:20:00,50.0137,1
MCH0010,LINE-D,2026-08-08T22:00:00,50.0947,1
MCH0010,LINE-D,2026-08-08T22:40:00,50.038,1
MCH0010,LINE-D,2026-08-08T23:20:00,50.0911,1
MCH0010,LINE-D,2026-08-09T00:00:00,50.0386,1
MCH0010,LINE-D,2026-08-09T00:40:00,50.1252,1
MCH0010,LINE-D,2026-08-09T01:20:00,50.0088,1
MCH0010,LINE-D,2026-08-09T02:00:00,50.0401,1
MCH0010,LINE-D,2026-08-09T02:40:00,50.0816,1
MCH0010,LINE-D,2026-08-09T03:20:00,50.0668,1
MCH0010,LINE-D,2026-08-09T04:00:00,50.0879,1
MCH0010,LINE-D,2026-08-09T04:40:00,50.0353,1
MCH0010,LINE-D,2026-08-09T05:20:00,50.023,1
MCH0010,LINE-D,2026-08-09T06:00:00,50.0754,1
MCH0010,LINE-D,2026-08-09T06:40:00,50.0663,1
MCH0010,LINE-D,2026-08-09T07:20:00,50.0358,1
MCH0010,LINE-D,2026-08-09T08:00:00,50.1254,1
MCH0010,LINE-D,2026-08-09T08:40:00,50.071,1
MCH0010,LINE-D,2026-08-09T09:20:00,50.1279,1
MCH0010,LINE-D,2026-08-09T10:00:00,50.147,1
MCH0010,LINE-D,2026-08-09T10:40:00,50.1043,1
MCH0010,LINE-D,2026-08-09T11:20:00,50.1361,1
MCH0010,LINE-D,2026-08-09T12:00:00,50.0551,1
MCH0010,LINE-D,2026-08-09T12:40:00,50.1371,1
MCH0010,LINE-D,2026-08-09T13:20:00,50.0743,1
MCH0010,LINE-D,2026-08-09T14:00:00,50.1453,1
MCH0010,LINE-D,2026-08-09T14:40:00,50.0733,1
MCH0010,LINE-D,2026-08-09T15:20:00,50.1326,1
MCH0010,LINE-D,2026-08-09T16:00:00,50.1096,1
MCH0010,LINE-D,2026-08-09T16:40:00,50.1668,1
MCH0010,LINE-D,2026-08-09T17:20:00,50.0641,1
MCH0010,LINE-D,2026-08-09T18:00:00,50.1343,1
MCH0010,LINE-D,2026-08-09T18:40:00,50.0073,1
MCH0010,LINE-D,2026-08-09T19:20:00,50.0812,1
MCH0010,LINE-D,2026-08-09T20:00:00,50.0649,1
MCH0010,LINE-D,2026-08-09T20:40:00,50.1182,1
MCH0010,LINE-D,2026-08-09T21:20:00,50.1026,1
MCH0010,LINE-D,2026-08-09T22:00:00,50.1674,1
MCH0010,LINE-D,2026-08-09T22:40:00,50.0447,1
MCH0010,LINE-D,2026-08-09T23:20:00,50.1021,1
MCH0010,LINE-D,2026-08-10T00:00:00,50.1256,1
MCH0010,LINE-D,2026-08-10T00:40:00,50.1324,1
MCH0010,LINE-D,2026-08-10T01:20:00,50.1197,1
MCH0010,LINE-D,2026-08-10T02:00:00,49.9743,1
MCH0010,LINE-D,2026-08-10T02:40:00,50.1184,1
MCH0010,LINE-D,2026-08-10T03:20:00,50.0814,1
MCH0010,LINE-D,2026-08-10T04:00:00,50.0607,1
MCH0010,LINE-D,2026-08-10T04:40:00,50.1322,1
MCH0010,LINE-D,2026-08-10T05:20:00,50.1272,1
MCH0010,LINE-D,2026-08-10T06:00:00,50.1413,1
MCH0010,LINE-D,2026-08-10T06:40:00,50.1976,1
MCH0010,LINE-D,2026-08-10T07:20:00,50.2663,1
MCH0010,LINE-D,2026-08-10T08:00:00,50.1085,1
MCH0010,LINE-D,2026-08-10T08:40:00,50.0803,1
MCH0010,LINE-D,2026-08-10T09:20:00,50.1538,1
MCH0010,LINE-D,2026-08-10T10:00:00,50.1739,1
MCH0010,LINE-D,2026-08-10T10:40:00,50.0602,1
MCH0010,LINE-D,2026-08-10T11:20:00,50.1747,1
MCH0010,LINE-D,2026-08-10T12:00:00,50.2218,1
MCH0010,LINE-D,2026-08-10T12:40:00,50.1166,1
MCH0010,LINE-D,2026-08-10T13:20:00,50.0975,1
MCH0010,LINE-D,2026-08-10T14:00:00,50.14,1
MCH0010,LINE-D,2026-08-10T14:40:00,50.0929,1
MCH0010,LINE-D,2026-08-10T15:20:00,50.1528,1
MCH0010,LINE-D,2026-08-10T16:00:00,50.1295,1
MCH0010,LINE-D,2026-08-10T16:40:00,50.1503,1
MCH0010,LINE-D,2026-08-10T17:20:00,50.1359,1
MCH0010,LINE-D,2026-08-10T18:00:00,50.1171,1
MCH0010,LINE-D,2026-08-10T18:40:00,50.1738,1
MCH0010,LINE-D,2026-08-10T19:20:00,50.162,1
MCH0010,LINE-D,2026-08-10T20:00:00,50.1429,1
MCH0010,LINE-D,2026-08-10T20:40:00,50.1549,1
MCH0010,LINE-D,2026-08-10T21:20:00,50.1795,1
MCH0010,LINE-D,2026-08-10T22:00:00,50.2059,1
MCH0010,LINE-D,2026-08-10T22:40:00,50.1613,1
MCH0010,LINE-D,2026-08-10T23:20:00,50.1122,1
MCH0010,LINE-D,2026-08-11T00:00:00,50.147,1
MCH0010,LINE-D,2026-08-11T00:40:00,50.1577,1
MCH0010,LINE-D,2026-08-11T01:20:00,50.1435,1
MCH0010,LINE-D,2026-08-11T02:00:00,50.1651,1
MCH0010,LINE-D,2026-08-11T02:40:00,50.1531,1
MCH0010,LINE-D,2026-08-11T03:20:00,50.2703,1
MCH0010,LINE-D,2026-08-11T04:00:00,50.1249,1
MCH0010,LINE-D,2026-08-11T04:40:00,50.1943,1
MCH0010,LINE-D,2026-08-11T05:20:00,50.1712,1
MCH0010,LINE-D,2026-08-11T06:00:00,50.1417,1
MCH0010,LINE-D,2026-08-11T06:40:00,50.0737,1
MCH0010,LINE-D,2026-08-11T07:20:00,50.1431,1
MCH0010,LINE-D,2026-08-11T08:00:00,50.1344,1
MCH0010,LINE-D,2026-08-11T08:40:00,50.0899,1
MCH0010,LINE-D,2026-08-11T09:20:00,50.259,1
MCH0010,LINE-D,2026-08-11T10:00:00,50.2488,1
MCH0010,LINE-D,2026-08-11T10:40:00,50.1478,1
MCH0010,LINE-D,2026-08-11T11:20:00,50.2033,1
MCH0010,LINE-D,2026-08-11T12:00:00,50.1597,1
MCH0010,LINE-D,2026-08-11T12:40:00,50.1271,1
MCH0010,LINE-D,2026-08-11T13:20:00,50.2446,1
MCH0010,LINE-D,2026-08-11T14:00:00,50.161,1
MCH0010,LINE-D,2026-08-11T14:40:00,50.2686,1
MCH0010,LINE-D,2026-08-11T15:20:00,50.1826,1
MCH0010,LINE-D,2026-08-11T16:00:00,50.1939,1
MCH0010,LINE-D,2026-08-11T16:40:00,50.1903,1
MCH0010,LINE-D,2026-08-11T17:20:00,50.1785,1
MCH0010,LINE-D,2026-08-11T18:00:00,50.2139,1
MCH0010,LINE-D,2026-08-11T18:40:00,50.1498,1
MCH0010,LINE-D,2026-08-11T19:20:00,50.2405,1
MCH0010,LINE-D,2026-08-11T20:00:00,50.1864,1
MCH0010,LINE-D,2026-08-11T20:40:00,50.1547,1
MCH0010,LINE-D,2026-08-11T21:20:00,50.0775,1
MCH0010,LINE-D,2026-08-11T22:00:00,50.2892,1
MCH0010,LINE-D,2026-08-11T22:40:00,50.206,1
MCH0010,LINE-D,2026-08-11T23:20:00,50.2444,1
MCH0010,LINE-D,2026-08-12T00:00:00,50.2213,1
MCH0010,LINE-D,2026-08-12T00:40:00,50.3119,0
MCH0010,LINE-D,2026-08-12T01:20:00,50.1393,1
MCH0010,LINE-D,2026-08-12T02:00:00,50.1717,1
MCH0010,LINE-D,2026-08-12T02:40:00,50.2607,1
MCH0010,LINE-D,2026-08-12T03:20:00,50.1519,1
MCH0010,LINE-D,2026-08-12T04:00:00,50.2338,1
MCH0010,LINE-D,2026-08-12T04:40:00,50.2004,1
MCH0010,LINE-D,2026-08-12T05:20:00,50.151,1
MCH0010,LINE-D,2026-08-12T06:00:00,50.2094,1
MCH0010,LINE-D,2026-08-12T06:40:00,50.2693,1
MCH0010,LINE-D,2026-08-12T07:20:00,50.1388,1
MCH0010,LINE-D,2026-08-12T08:00:00,50.223,1
MCH0010,LINE-D,2026-08-12T08:40:00,50.1652,1
MCH0010,LINE-D,2026-08-12T09:20:00,50.2694,1
MCH0010,LINE-D,2026-08-12T10:00:00,50.2124,1
MCH0010,LINE-D,2026-08-12T10:40:00,50.2214,1
MCH0010,LINE-D,2026-08-12T11:20:00,50.1754,1
MCH0010,LINE-D,2026-08-12T12:00:00,50.1455,1
MCH0010,LINE-D,2026-08-12T12:40:00,50.2195,1
MCH0010,LINE-D,2026-08-12T13:20:00,50.258,1
MCH0010,LINE-D,2026-08-12T14:00:00,50.2402,1
MCH0010,LINE-D,2026-08-12T14:40:00,50.2356,1
MCH0010,LINE-D,2026-08-12T15:20:00,50.1581,1
MCH0010,LINE-D,2026-08-12T16:00:00,50.2154,1
MCH0010,LINE-D,2026-08-12T16:40:00,50.2933,1
MCH0010,LINE-D,2026-08-12T17:20:00,50.2285,1
MCH0010,LINE-D,2026-08-12T18:00:00,50.1661,1
MCH0010,LINE-D,2026-08-12T18:40:00,50.2337,1
MCH0010,LINE-D,2026-08-12T19:20:00,50.2262,1
MCH0010,LINE-D,2026-08-12T20:00:00,50.2832,1
MCH0010,LINE-D,2026-08-12T20:40:00,50.3393,0
MCH0010,LINE-D,2026-08-12T21:20:00,50.2975,1
MCH0010,LINE-D,2026-08-12T22:00:00,50.3078,0
MCH0010,LINE-D,2026-08-12T22:40:00,50.2945,1
MCH0010,LINE-D,2026-08-12T23:20:00,50.2874,1
MCH0010,LINE-D,2026-08-13T00:00:00,50.2742,1
MCH0010,LINE-D,2026-08-13T00:40:00,50.3221,0
MCH0010,LINE-D,2026-08-13T01:20:00,50.1633,1
MCH0010,LINE-D,2026-08-13T02:00:00,50.2826,1
MCH0010,LINE-D,2026-08-13T02:40:00,50.2206,1
MCH0010,LINE-D,2026-08-13T03:20:00,50.3008,0
MCH0010,LINE-D,2026-08-13T04:00:00,50.2773,1
MCH0010,LINE-D,2026-08-13T04:40:00,50.2752,1
MCH0010,LINE-D,2026-08-13T05:20:00,50.2377,1
MCH0010,LINE-D,2026-08-13T06:00:00,50.266,1
MCH0010,LINE-D,2026-08-13T06:40:00,50.2685,1
MCH0010,LINE-D,2026-08-13T07:20:00,50.2842,1
MCH0010,LINE-D,2026-08-13T08:00:00,50.2938,1
MCH0010,LINE-D,2026-08-13T08:40:00,50.2454,1
MCH0010,LINE-D,2026-08-13T09:20:00,50.2768,1
MCH0010,LINE-D,2026-08-13T10:00:00,50.3139,0
MCH0010,LINE-D,2026-08-13T10:40:00,50.2429,1
MCH0010,LINE-D,2026-08-13T11:20:00,50.1582,1
MCH0010,LINE-D,2026-08-13T12:00:00,50.2651,1
MCH0010,LINE-D,2026-08-13T12:40:00,50.2524,1
MCH0010,LINE-D,2026-08-13T13:20:00,50.2418,1
MCH0010,LINE-D,2026-08-13T14:00:00,50.2637,1
MCH0010,LINE-D,2026-08-13T14:40:00,50.2932,1
MCH0010,LINE-D,2026-08-13T15:20:00,50.2777,1
MCH0010,LINE-D,2026-08-13T16:00:00,50.2958,1
MCH0010,LINE-D,2026-08-13T16:40:00,50.3201,0
MCH0010,LINE-D,2026-08-13T17:20:00,50.3564,0
MCH0010,LINE-D,2026-08-13T18:00:00,50.3079,0
MCH0010,LINE-D,2026-08-13T18:40:00,50.2692,1
MCH0010,LINE-D,2026-08-13T19:20:00,50.2573,1
MCH0010,LINE-D,2026-08-13T20:00:00,50.2397,1
MCH0010,LINE-D,2026-08-13T20:40:00,50.3661,0
MCH0010,LINE-D,2026-08-13T21:20:00,50.3404,0
MCH0010,LINE-D,2026-08-13T22:00:00,50.3127,0
MCH0010,LINE-D,2026-08-13T22:40:00,50.3443,0
MCH0010,LINE-D,2026-08-13T23:20:00,50.2747,1
MCH0010,LINE-D,2026-08-14T00:00:00,50.3376,0
MCH0010,LINE-D,2026-08-14T00:40:00,50.2738,1
MCH0010,LINE-D,2026-08-14T01:20:00,50.2417,1
MCH0010,LINE-D,2026-08-14T02:00:00,50.2531,1
MCH0010,LINE-D,2026-08-14T02:40:00,50.3831,0
MCH0010,LINE-D,2026-08-14T03:20:00,50.3599,0
MCH0010,LINE-D,2026-08-14T04:00:00,50.3581,0
MCH0010,LINE-D,2026-08-14T04:40:00,50.3572,0
MCH0010,LINE-D,2026-08-14T05:20:00,50.2143,1
MCH0010,LINE-D,2026-08-14T06:00:00,50.3697,0
MCH0010,LINE-D,2026-08-14T06:40:00,50.4811,0
MCH0010,LINE-D,2026-08-14T07:20:00,50.3363,0
MCH0010,LINE-D,2026-08-14T08:00:00,50.2174,1
MCH0010,LINE-D,2026-08-14T08:40:00,50.2595,1
MCH0010,LINE-D,2026-08-14T09:20:00,50.4138,0
MCH0010,LINE-D,2026-08-14T10:00:00,50.284,1
MCH0010,LINE-D,2026-08-14T10:40:00,50.3721,0
MCH0010,LINE-D,2026-08-14T11:20:00,50.2789,1
MCH0010,LINE-D,2026-08-14T12:00:00,50.3745,0
MCH0010,LINE-D,2026-08-14T12:40:00,50.3634,0
MCH0010,LINE-D,2026-08-14T13:20:00,50.3053,0
MCH0010,LINE-D,2026-08-14T14:00:00,50.196,1
MCH0010,LINE-D,2026-08-14T14:40:00,50.349,0
MCH0010,LINE-D,2026-08-14T15:20:00,50.2701,1
MCH0010,LINE-D,2026-08-14T16:00:00,50.3427,0
MCH0010,LINE-D,2026-08-14T16:40:00,50.3351,0
MCH0010,LINE-D,2026-08-14T17:20:00,50.3912,0
MCH0010,LINE-D,2026-08-14T18:00:00,50.3391,0
MCH0010,LINE-D,2026-08-14T18:40:00,50.3334,0
MCH0010,LINE-D,2026-08-14T19:20:00,50.2894,1
MCH0010,LINE-D,2026-08-14T20:00:00,50.3912,0
MCH0010,LINE-D,2026-08-14T20:40:00,50.308,0
MCH0010,LINE-D,2026-08-14T21:20:00,50.3234,0
MCH0010,LINE-D,2026-08-14T22:00:00,50.3137,0
MCH0010,LINE-D,2026-08-14T22:40:00,50.339,0
MCH0010,LINE-D,2026-08-14T23:20:00,50.4227,0
MCH0011,LINE-D,2026-07-01T00:00:00,49.9654,1
MCH0011,LINE-D,2026-07-01T00:40:00,50.0898,1
MCH0011,LINE-D,2026-07-01T01:20:00,50.0627,1
MCH0011,LINE-D,2026-07-01T02:00:00,50.0562,1
MCH0011,LINE-D,2026-07-01T02:40:00,50.0086,1
MCH0011,LINE-D,2026-07-01T03:20:00,49.962,1
MCH0011,LINE-D,2026-07-01T04:00:00,49.9851,1
MCH0011,LINE-D,2026-07-01T04:40:00,49.9988,1
MCH0011,LINE-D,2026-07-01T05:20:00,50.0117,1
MCH0011,LINE-D,2026-07-01T06:00:00,50.033,1
MCH0011,LINE-D,2026-07-01T06:40:00,50.0619,1
MCH0011,LINE-D,2026-07-01T07:20:00,50.0818,1
MCH0011,LINE-D,2026-07-01T08:00:00,50.0546,1
MCH0011,LINE-D,2026-07-01T08:40:00,50.0257,1
MCH0011,LINE-D,2026-07-01T09:20:00,49.9921,1
MCH0011,LINE-D,2026-07-01T10:00:00,49.9653,1
MCH0011,LINE-D,2026-07-01T10:40:00,50.0727,1
MCH0011,LINE-D,2026-07-01T11:20:00,50.0403,1
MCH0011,LINE-D,2026-07-01T12:00:00,50.0128,1
MCH0011,LINE-D,2026-07-01T12:40:00,50.0905,1
MCH0011,LINE-D,2026-07-01T13:20:00,50.1262,1
MCH0011,LINE-D,2026-07-01T14:00:00,50.1492,1
MCH0011,LINE-D,2026-07-01T14:40:00,50.1707,1
MCH0011,LINE-D,2026-07-01T15:20:00,50.0447,1
MCH0011,LINE-D,2026-07-01T16:00:00,50.0451,1
MCH0011,LINE-D,2026-07-01T16:40:00,50.2096,1
MCH0011,LINE-D,2026-07-01T17:20:00,50.1018,1
MCH0011,LINE-D,2026-07-01T18:00:00,50.0195,1
MCH0011,LINE-D,2026-07-01T18:40:00,50.004,1
MCH0011,LINE-D,2026-07-01T19:20:00,50.0308,1
MCH0011,LINE-D,2026-07-01T20:00:00,50.1298,1
MCH0011,LINE-D,2026-07-01T20:40:00,50.1174,1
MCH0011,LINE-D,2026-07-01T21:20:00,50.0415,1
MCH0011,LINE-D,2026-07-01T22:00:00,50.0334,1
MCH0011,LINE-D,2026-07-01T22:40:00,50.0555,1
MCH0011,LINE-D,2026-07-01T23:20:00,50.0814,1
MCH0011,LINE-D,2026-07-02T00:00:00,50.2054,1
MCH0011,LINE-D,2026-07-02T00:40:00,50.1117,1
MCH0011,LINE-D,2026-07-02T01:20:00,50.0673,1
MCH0011,LINE-D,2026-07-02T02:00:00,50.108,1
MCH0011,LINE-D,2026-07-02T02:40:00,50.1712,1
MCH0011,LINE-D,2026-07-02T03:20:00,50.1147,1
MCH0011,LINE-D,2026-07-02T04:00:00,50.0615,1
MCH0011,LINE-D,2026-07-02T04:40:00,50.1533,1
MCH0011,LINE-D,2026-07-02T05:20:00,50.0395,1
MCH0011,LINE-D,2026-07-02T06:00:00,49.9636,1
MCH0011,LINE-D,2026-07-02T06:40:00,50.0816,1
MCH0011,LINE-D,2026-07-02T07:20:00,50.0159,1
MCH0011,LINE-D,2026-07-02T08:00:00,49.9875,1
MCH0011,LINE-D,2026-07-02T08:40:00,50.0665,1
MCH0011,LINE-D,2026-07-02T09:20:00,50.1898,1
MCH0011,LINE-D,2026-07-02T10:00:00,50.0875,1
MCH0011,LINE-D,2026-07-02T10:40:00,50.1849,1
MCH0011,LINE-D,2026-07-02T11:20:00,50.0717,1
MCH0011,LINE-D,2026-07-02T12:00:00,50.1633,1
MCH0011,LINE-D,2026-07-02T12:40:00,50.101,1
MCH0011,LINE-D,2026-07-02T13:20:00,50.1206,1
MCH0011,LINE-D,2026-07-02T14:00:00,50.1491,1
MCH0011,LINE-D,2026-07-02T14:40:00,50.1353,1
MCH0011,LINE-D,2026-07-02T15:20:00,50.1519,1
MCH0011,LINE-D,2026-07-02T16:00:00,50.2066,1
MCH0011,LINE-D,2026-07-02T16:40:00,50.1605,1
MCH0011,LINE-D,2026-07-02T17:20:00,50.1441,1
MCH0011,LINE-D,2026-07-02T18:00:00,50.1185,1
MCH0011,LINE-D,2026-07-02T18:40:00,50.1878,1
MCH0011,LINE-D,2026-07-02T19:20:00,50.208,1
MCH0011,LINE-D,2026-07-02T20:00:00,50.1983,1
MCH0011,LINE-D,2026-07-02T20:40:00,50.1635,1
MCH0011,LINE-D,2026-07-02T21:20:00,50.1268,1
MCH0011,LINE-D,2026-07-02T22:00:00,50.24,1
MCH0011,LINE-D,2026-07-02T22:40:00,50.2494,1
MCH0011,LINE-D,2026-07-02T23:20:00,50.1166,1
MCH0011,LINE-D,2026-07-03T00:00:00,50.1266,1
MCH0011,LINE-D,2026-07-03T00:40:00,50.1241,1
MCH0011,LINE-D,2026-07-03T01:20:00,50.1324,1
MCH0011,LINE-D,2026-07-03T02:00:00,50.1873,1
MCH0011,LINE-D,2026-07-03T02:40:00,50.1753,1
MCH0011,LINE-D,2026-07-03T03:20:00,50.1555,1
MCH0011,LINE-D,2026-07-03T04:00:00,50.1895,1
MCH0011,LINE-D,2026-07-03T04:40:00,50.1768,1
MCH0011,LINE-D,2026-07-03T05:20:00,50.1407,1
MCH0011,LINE-D,2026-07-03T06:00:00,50.1791,1
MCH0011,LINE-D,2026-07-03T06:40:00,50.167,1
MCH0011,LINE-D,2026-07-03T07:20:00,50.1659,1
MCH0011,LINE-D,2026-07-03T08:00:00,50.2078,1
MCH0011,LINE-D,2026-07-03T08:40:00,50.2021,1
MCH0011,LINE-D,2026-07-03T09:20:00,50.1467,1
MCH0011,LINE-D,2026-07-03T10:00:00,50.1902,1
MCH0011,LINE-D,2026-07-03T10:40:00,50.169,1
MCH0011,LINE-D,2026-07-03T11:20:00,50.1271,1
MCH0011,LINE-D,2026-07-03T12:00:00,50.2302,1
MCH0011,LINE-D,2026-07-03T12:40:00,50.1472,1
MCH0011,LINE-D,2026-07-03T13:20:00,50.1825,1
MCH0011,LINE-D,2026-07-03T14:00:00,50.2864,1
MCH0011,LINE-D,2026-07-03T14:40:00,50.1321,1
MCH0011,LINE-D,2026-07-03T15:20:00,50.202,1
MCH0011,LINE-D,2026-07-03T16:00:00,50.2298,1
MCH0011,LINE-D,2026-07-03T16:40:00,50.1882,1
MCH0011,LINE-D,2026-07-03T17:20:00,50.2333,1
MCH0011,LINE-D,2026-07-03T18:00:00,50.259,1
MCH0011,LINE-D,2026-07-03T18:40:00,50.1151,1
MCH0011,LINE-D,2026-07-03T19:20:00,50.336,0
MCH0011,LINE-D,2026-07-03T20:00:00,50.1429,1
MCH0011,LINE-D,2026-07-03T20:40:00,50.2692,1
MCH0011,LINE-D,2026-07-03T21:20:00,50.1065,1
MCH0011,LINE-D,2026-07-03T22:00:00,50.3178,0
MCH0011,LINE-D,2026-07-03T22:40:00,50.2769,1
MCH0011,LINE-D,2026-07-03T23:20:00,50.1803,1
MCH0011,LINE-D,2026-07-04T00:00:00,50.2362,1
MCH0011,LINE-D,2026-07-04T00:40:00,50.2359,1
MCH0011,LINE-D,2026-07-04T01:20:00,50.2262,1
MCH0011,LINE-D,2026-07-04T02:00:00,50.3023,0
MCH0011,LINE-D,2026-07-04T02:40:00,50.1734,1
MCH0011,LINE-D,2026-07-04T03:20:00,50.2214,1
MCH0011,LINE-D,2026-07-04T04:00:00,50.1235,1
MCH0011,LINE-D,2026-07-04T04:40:00,50.1876,1
MCH0011,LINE-D,2026-07-04T05:20:00,50.1872,1
MCH0011,LINE-D,2026-07-04T06:00:00,50.314,0
MCH0011,LINE-D,2026-07-04T06:40:00,50.2503,1
MCH0011,LINE-D,2026-07-04T07:20:00,50.3461,0
MCH0011,LINE-D,2026-07-04T08:00:00,50.1892,1
MCH0011,LINE-D,2026-07-04T08:40:00,50.2792,1
MCH0011,LINE-D,2026-07-04T09:20:00,50.2896,1
MCH0011,LINE-D,2026-07-04T10:00:00,50.2292,1
MCH0011,LINE-D,2026-07-04T10:40:00,50.2786,1
MCH0011,LINE-D,2026-07-04T11:20:00,50.3155,0
MCH0011,LINE-D,2026-07-04T12:00:00,50.2862,1
MCH0011,LINE-D,2026-07-04T12:40:00,50.3269,0
MCH0011,LINE-D,2026-07-04T13:20:00,50.3827,0
MCH0011,LINE-D,2026-07-04T14:00:00,50.2504,1
MCH0011,LINE-D,2026-07-04T14:40:00,50.2504,1
MCH0011,LINE-D,2026-07-04T15:20:00,50.3582,0
MCH0011,LINE-D,2026-07-04T16:00:00,50.2134,1
MCH0011,LINE-D,2026-07-04T16:40:00,50.3241,0
MCH0011,LINE-D,2026-07-04T17:20:00,50.2554,1
MCH0011,LINE-D,2026-07-04T18:00:00,50.2614,1
MCH0011,LINE-D,2026-07-04T18:40:00,50.3411,0
MCH0011,LINE-D,2026-07-04T19:20:00,50.3241,0
MCH0011,LINE-D,2026-07-04T20:00:00,50.206,1
MCH0011,LINE-D,2026-07-04T20:40:00,50.2703,1
MCH0011,LINE-D,2026-07-04T21:20:00,50.2026,1
MCH0011,LINE-D,2026-07-04T22:00:00,50.3322,0
MCH0011,LINE-D,2026-07-04T22:40:00,50.3015,0
MCH0011,LINE-D,2026-07-04T23:20:00,50.253,1
MCH0011,LINE-D,2026-07-05T00:00:00,50.285,1
MCH0011,LINE-D,2026-07-05T00:40:00,50.3563,0
MCH0011,LINE-D,2026-07-05T01:20:00,50.3006,0
MCH0011,LINE-D,2026-07-05T02:00:00,50.2777,1
MCH0011,LINE-D,2026-07-05T02:40:00,50.356,0
MCH0011,LINE-D,2026-07-05T03:20:00,50.3143,0
MCH0011,LINE-D,2026-07-05T04:00:00,50.3968,0
MCH0011,LINE-D,2026-07-05T04:40:00,50.2878,1
MCH0011,LINE-D,2026-07-05T05:20:00,50.2821,1
MCH0011,LINE-D,2026-07-05T06:00:00,50.2752,1
MCH0011,LINE-D,2026-07-05T06:40:00,50.3364,0
MCH0011,LINE-D,2026-07-05T07:20:00,50.3168,0
MCH0011,LINE-D,2026-07-05T08:00:00,50.3366,0
MCH0011,LINE-D,2026-07-05T08:40:00,50.4479,0
MCH0011,LINE-D,2026-07-05T09:20:00,50.266,1
MCH0011,LINE-D,2026-07-05T10:00:00,50.3135,0
MCH0011,LINE-D,2026-07-05T10:40:00,50.32,0
MCH0011,LINE-D,2026-07-05T11:20:00,50.3785,0
MCH0011,LINE-D,2026-07-05T12:00:00,50.2716,1
MCH0011,LINE-D,2026-07-05T12:40:00,50.3296,0
MCH0011,LINE-D,2026-07-05T13:20:00,50.4253,0
MCH0011,LINE-D,2026-07-05T14:00:00,50.3834,0
MCH0011,LINE-D,2026-07-05T14:40:00,50.4083,0
MCH0011,LINE-D,2026-07-05T15:20:00,50.2719,1
MCH0011,LINE-D,2026-07-05T16:00:00,50.2214,1
MCH0011,LINE-D,2026-07-05T16:40:00,50.3761,0
MCH0011,LINE-D,2026-07-05T17:20:00,50.374,0
MCH0011,LINE-D,2026-07-05T18:00:00,50.3144,0
MCH0011,LINE-D,2026-07-05T18:40:00,50.2345,1
MCH0011,LINE-D,2026-07-05T19:20:00,50.4244,0
MCH0011,LINE-D,2026-07-05T20:00:00,50.4248,0
MCH0011,LINE-D,2026-07-05T20:40:00,50.4398,0
MCH0011,LINE-D,2026-07-05T21:20:00,50.3513,0
MCH0011,LINE-D,2026-07-05T22:00:00,50.3648,0
MCH0011,LINE-D,2026-07-05T22:40:00,50.4054,0
MCH0011,LINE-D,2026-07-05T23:20:00,50.3457,0
MCH0011,LINE-D,2026-07-06T00:00:00,50.4433,0
MCH0011,LINE-D,2026-07-06T00:40:00,50.2447,1
MCH0011,LINE-D,2026-07-06T01:20:00,50.4642,0
MCH0011,LINE-D,2026-07-06T02:00:00,50.3707,0
MCH0011,LINE-D,2026-07-06T02:40:00,50.4243,0
MCH0011,LINE-D,2026-07-06T03:20:00,50.4109,0
MCH0011,LINE-D,2026-07-06T04:00:00,50.3363,0
MCH0011,LINE-D,2026-07-06T04:40:00,50.3805,0
MCH0011,LINE-D,2026-07-06T05:20:00,50.4882,0
MCH0011,LINE-D,2026-07-06T06:00:00,50.4173,0
MCH0011,LINE-D,2026-07-06T06:40:00,50.42,0
MCH0011,LINE-D,2026-07-06T07:20:00,50.455,0
MCH0011,LINE-D,2026-07-06T08:00:00,50.4417,0
MCH0011,LINE-D,2026-07-06T08:40:00,50.3547,0
MCH0011,LINE-D,2026-07-06T09:20:00,50.4646,0
MCH0011,LINE-D,2026-07-06T10:00:00,50.4834,0
MCH0011,LINE-D,2026-07-06T10:40:00,50.3467,0
MCH0011,LINE-D,2026-07-06T11:20:00,50.4238,0
MCH0011,LINE-D,2026-07-06T12:00:00,50.436,0
MCH0011,LINE-D,2026-07-06T12:40:00,50.3474,0
MCH0011,LINE-D,2026-07-06T13:20:00,50.4957,0
MCH0011,LINE-D,2026-07-06T14:00:00,50.4605,0
MCH0011,LINE-D,2026-07-06T14:40:00,50.5225,0
MCH0011,LINE-D,2026-07-06T15:20:00,50.4298,0
MCH0011,LINE-D,2026-07-06T16:00:00,50.4525,0
MCH0011,LINE-D,2026-07-06T16:40:00,50.4936,0
MCH0011,LINE-D,2026-07-06T17:20:00,50.4925,0
MCH0011,LINE-D,2026-07-06T18:00:00,50.4606,0
MCH0011,LINE-D,2026-07-06T18:40:00,50.4387,0
MCH0011,LINE-D,2026-07-06T19:20:00,50.4576,0
MCH0011,LINE-D,2026-07-06T20:00:00,50.4551,0
MCH0011,LINE-D,2026-07-06T20:40:00,50.4595,0
MCH0011,LINE-D,2026-07-06T21:20:00,50.438,0
MCH0011,LINE-D,2026-07-06T22:00:00,50.4391,0
MCH0011,LINE-D,2026-07-06T22:40:00,50.3662,0
MCH0011,LINE-D,2026-07-06T23:20:00,50.4845,0
MCH0011,LINE-D,2026-07-07T00:00:00,50.4789,0
MCH0011,LINE-D,2026-07-07T00:40:00,50.5373,0
MCH0011,LINE-D,2026-07-07T01:20:00,50.4481,0
MCH0011,LINE-D,2026-07-07T02:00:00,50.4625,0
MCH0011,LINE-D,2026-07-07T02:40:00,50.4786,0
MCH0011,LINE-D,2026-07-07T03:20:00,50.4287,0
MCH0011,LINE-D,2026-07-07T04:00:00,50.4815,0
MCH0011,LINE-D,2026-07-07T04:40:00,50.504,0
MCH0011,LINE-D,2026-07-07T05:20:00,50.5456,0
MCH0011,LINE-D,2026-07-07T06:00:00,50.4984,0
MCH0011,LINE-D,2026-07-07T06:40:00,50.5003,0
MCH0011,LINE-D,2026-07-07T07:20:00,50.4547,0
MCH0011,LINE-D,2026-07-07T08:00:00,50.5288,0
MCH0011,LINE-D,2026-07-07T08:40:00,50.5673,0
MCH0011,LINE-D,2026-07-07T09:20:00,50.4871,0
MCH0011,LINE-D,2026-07-07T10:00:00,50.569,0
MCH0011,LINE-D,2026-07-07T10:40:00,50.4809,0
MCH0011,LINE-D,2026-07-07T11:20:00,50.5438,0
MCH0011,LINE-D,2026-07-07T12:00:00,50.43,0
MCH0011,LINE-D,2026-07-07T12:40:00,50.5676,0
MCH0011,LINE-D,2026-07-07T13:20:00,50.4893,0
MCH0011,LINE-D,2026-07-07T14:00:00,50.4293,0
MCH0011,LINE-D,2026-07-07T14:40:00,50.6033,0
MCH0011,LINE-D,2026-07-07T15:20:00,50.5415,0
MCH0011,LINE-D,2026-07-07T16:00:00,50.5717,0
MCH0011,LINE-D,2026-07-07T16:40:00,50.5313,0
MCH0011,LINE-D,2026-07-07T17:20:00,50.622,0
MCH0011,LINE-D,2026-07-07T18:00:00,50.6085,0
MCH0011,LINE-D,2026-07-07T18:40:00,50.5219,0
MCH0011,LINE-D,2026-07-07T19:20:00,50.4481,0
MCH0011,LINE-D,2026-07-07T20:00:00,50.5421,0
MCH0011,LINE-D,2026-07-07T20:40:00,50.599,0
MCH0011,LINE-D,2026-07-07T21:20:00,50.6039,0
MCH0011,LINE-D,2026-07-07T22:00:00,50.5096,0
MCH0011,LINE-D,2026-07-07T22:40:00,50.5695,0
MCH0011,LINE-D,2026-07-07T23:20:00,50.5616,0
MCH0011,LINE-D,2026-07-08T00:00:00,50.5693,0
MCH0011,LINE-D,2026-07-08T00:40:00,50.6102,0
MCH0011,LINE-D,2026-07-08T01:20:00,50.5259,0
MCH0011,LINE-D,2026-07-08T02:00:00,50.5894,0
MCH0011,LINE-D,2026-07-08T02:40:00,50.5468,0
MCH0011,LINE-D,2026-07-08T03:20:00,50.5416,0
MCH0011,LINE-D,2026-07-08T04:00:00,50.4688,0
MCH0011,LINE-D,2026-07-08T04:40:00,50.6413,0
MCH0011,LINE-D,2026-07-08T05:20:00,50.6553,0
MCH0011,LINE-D,2026-07-08T06:00:00,50.5261,0
MCH0011,LINE-D,2026-07-08T06:40:00,50.6172,0
MCH0011,LINE-D,2026-07-08T07:20:00,50.548,0
MCH0011,LINE-D,2026-07-08T08:00:00,50.6514,0
MCH0011,LINE-D,2026-07-08T08:40:00,50.5946,0
MCH0011,LINE-D,2026-07-08T09:20:00,50.4764,0
MCH0011,LINE-D,2026-07-08T10:00:00,50.6108,0
MCH0011,LINE-D,2026-07-08T10:40:00,50.6735,0
MCH0011,LINE-D,2026-07-08T11:20:00,50.6563,0
MCH0011,LINE-D,2026-07-08T12:00:00,50.5954,0
MCH0011,LINE-D,2026-07-08T12:40:00,50.6756,0
MCH0011,LINE-D,2026-07-08T13:20:00,50.5214,0
MCH0011,LINE-D,2026-07-08T14:00:00,50.5534,0
MCH0011,LINE-D,2026-07-08T14:40:00,50.5991,0
MCH0011,LINE-D,2026-07-08T15:20:00,50.5984,0
MCH0011,LINE-D,2026-07-08T16:00:00,50.6075,0
MCH0011,LINE-D,2026-07-08T16:40:00,50.4867,0
MCH0011,LINE-D,2026-07-08T17:20:00,50.0742,1
MCH0011,LINE-D,2026-07-08T18:00:00,49.9827,1
MCH0011,LINE-D,2026-07-08T18:40:00,49.9895,1
MCH0011,LINE-D,2026-07-08T19:20:00,49.9958,1
MCH0011,LINE-D,2026-07-08T20:00:00,50.0309,1
MCH0011,LINE-D,2026-07-08T20:40:00,49.9684,1
MCH0011,LINE-D,2026-07-08T21:20:00,50.0358,1
MCH0011,LINE-D,2026-07-08T22:00:00,50.0487,1
MCH0011,LINE-D,2026-07-08T22:40:00,50.1513,1
MCH0011,LINE-D,2026-07-08T23:20:00,49.9524,1
MCH0011,LINE-D,2026-07-09T00:00:00,50.0761,1
MCH0011,LINE-D,2026-07-09T00:40:00,50.0949,1
MCH0011,LINE-D,2026-07-09T01:20:00,49.9702,1
MCH0011,LINE-D,2026-07-09T02:00:00,50.0502,1
MCH0011,LINE-D,2026-07-09T02:40:00,50.066,1
MCH0011,LINE-D,2026-07-09T03:20:00,50.0085,1
MCH0011,LINE-D,2026-07-09T04:00:00,49.9604,1
MCH0011,LINE-D,2026-07-09T04:40:00,50.0437,1
MCH0011,LINE-D,2026-07-09T05:20:00,50.0622,1
MCH0011,LINE-D,2026-07-09T06:00:00,49.9923,1
MCH0011,LINE-D,2026-07-09T06:40:00,50.1633,1
MCH0011,LINE-D,2026-07-09T07:20:00,50.125,1
MCH0011,LINE-D,2026-07-09T08:00:00,50.0104,1
MCH0011,LINE-D,2026-07-09T08:40:00,50.0124,1
MCH0011,LINE-D,2026-07-09T09:20:00,50.0812,1
MCH0011,LINE-D,2026-07-09T10:00:00,49.9558,1
MCH0011,LINE-D,2026-07-09T10:40:00,49.992,1
MCH0011,LINE-D,2026-07-09T11:20:00,50.0573,1
MCH0011,LINE-D,2026-07-09T12:00:00,50.0431,1
MCH0011,LINE-D,2026-07-09T12:40:00,50.1128,1
MCH0011,LINE-D,2026-07-09T13:20:00,50.0102,1
MCH0011,LINE-D,2026-07-09T14:00:00,50.1038,1
MCH0011,LINE-D,2026-07-09T14:40:00,50.0968,1
MCH0011,LINE-D,2026-07-09T15:20:00,50.0109,1
MCH0011,LINE-D,2026-07-09T16:00:00,50.1317,1
MCH0011,LINE-D,2026-07-09T16:40:00,49.9931,1
MCH0011,LINE-D,2026-07-09T17:20:00,50.0882,1
MCH0011,LINE-D,2026-07-09T18:00:00,50.0413,1
MCH0011,LINE-D,2026-07-09T18:40:00,50.0543,1
MCH0011,LINE-D,2026-07-09T19:20:00,50.0417,1
MCH0011,LINE-D,2026-07-09T20:00:00,50.0541,1
MCH0011,LINE-D,2026-07-09T20:40:00,50.0523,1
MCH0011,LINE-D,2026-07-09T21:20:00,50.0411,1
MCH0011,LINE-D,2026-07-09T22:00:00,50.0932,1
MCH0011,LINE-D,2026-07-09T22:40:00,50.07,1
MCH0011,LINE-D,2026-07-09T23:20:00,50.0919,1
MCH0011,LINE-D,2026-07-10T00:00:00,49.9917,1
MCH0011,LINE-D,2026-07-10T00:40:00,50.0401,1
MCH0011,LINE-D,2026-07-10T01:20:00,50.0472,1
MCH0011,LINE-D,2026-07-10T02:00:00,50.1347,1
MCH0011,LINE-D,2026-07-10T02:40:00,49.9694,1
MCH0011,LINE-D,2026-07-10T03:20:00,50.0543,1
MCH0011,LINE-D,2026-07-10T04:00:00,50.0218,1
MCH0011,LINE-D,2026-07-10T04:40:00,50.0389,1
MCH0011,LINE-D,2026-07-10T05:20:00,50.0859,1
MCH0011,LINE-D,2026-07-10T06:00:00,50.0988,1
MCH0011,LINE-D,2026-07-10T06:40:00,50.0857,1
MCH0011,LINE-D,2026-07-10T07:20:00,50.0446,1
MCH0011,LINE-D,2026-07-10T08:00:00,50.0322,1
MCH0011,LINE-D,2026-07-10T08:40:00,50.0686,1
MCH0011,LINE-D,2026-07-10T09:20:00,50.0678,1
MCH0011,LINE-D,2026-07-10T10:00:00,50.0777,1
MCH0011,LINE-D,2026-07-10T10:40:00,50.0512,1
MCH0011,LINE-D,2026-07-10T11:20:00,50.1219,1
MCH0011,LINE-D,2026-07-10T12:00:00,50.0742,1
MCH0011,LINE-D,2026-07-10T12:40:00,50.1269,1
MCH0011,LINE-D,2026-07-10T13:20:00,50.0304,1
MCH0011,LINE-D,2026-07-10T14:00:00,50.0953,1
MCH0011,LINE-D,2026-07-10T14:40:00,50.105,1
MCH0011,LINE-D,2026-07-10T15:20:00,50.1769,1
MCH0011,LINE-D,2026-07-10T16:00:00,50.1041,1
MCH0011,LINE-D,2026-07-10T16:40:00,50.1429,1
MCH0011,LINE-D,2026-07-10T17:20:00,50.0339,1
MCH0011,LINE-D,2026-07-10T18:00:00,50.0874,1
MCH0011,LINE-D,2026-07-10T18:40:00,49.9933,1
MCH0011,LINE-D,2026-07-10T19:20:00,50.1408,1
MCH0011,LINE-D,2026-07-10T20:00:00,50.1792,1
MCH0011,LINE-D,2026-07-10T20:40:00,50.0792,1
MCH0011,LINE-D,2026-07-10T21:20:00,50.1288,1
MCH0011,LINE-D,2026-07-10T22:00:00,50.1287,1
MCH0011,LINE-D,2026-07-10T22:40:00,50.0568,1
MCH0011,LINE-D,2026-07-10T23:20:00,50.1092,1
MCH0011,LINE-D,2026-07-11T00:00:00,50.1059,1
MCH0011,LINE-D,2026-07-11T00:40:00,50.1062,1
MCH0011,LINE-D,2026-07-11T01:20:00,50.1251,1
MCH0011,LINE-D,2026-07-11T02:00:00,50.1102,1
MCH0011,LINE-D,2026-07-11T02:40:00,50.1895,1
MCH0011,LINE-D,2026-07-11T03:20:00,50.16,1
MCH0011,LINE-D,2026-07-11T04:00:00,50.1741,1
MCH0011,LINE-D,2026-07-11T04:40:00,50.0705,1
MCH0011,LINE-D,2026-07-11T05:20:00,50.1747,1
MCH0011,LINE-D,2026-07-11T06:00:00,50.1003,1
MCH0011,LINE-D,2026-07-11T06:40:00,50.1771,1
MCH0011,LINE-D,2026-07-11T07:20:00,50.0835,1
MCH0011,LINE-D,2026-07-11T08:00:00,50.1243,1
MCH0011,LINE-D,2026-07-11T08:40:00,50.2023,1
MCH0011,LINE-D,2026-07-11T09:20:00,50.112,1
MCH0011,LINE-D,2026-07-11T10:00:00,50.2301,1
MCH0011,LINE-D,2026-07-11T10:40:00,50.1574,1
MCH0011,LINE-D,2026-07-11T11:20:00,50.2207,1
MCH0011,LINE-D,2026-07-11T12:00:00,50.0422,1
MCH0011,LINE-D,2026-07-11T12:40:00,50.1664,1
MCH0011,LINE-D,2026-07-11T13:20:00,50.1959,1
MCH0011,LINE-D,2026-07-11T14:00:00,50.0783,1
MCH0011,LINE-D,2026-07-11T14:40:00,50.1302,1
MCH0011,LINE-D,2026-07-11T15:20:00,50.0943,1
MCH0011,LINE-D,2026-07-11T16:00:00,50.1396,1
MCH0011,LINE-D,2026-07-11T16:40:00,50.1656,1
MCH0011,LINE-D,2026-07-11T17:20:00,50.1105,1
MCH0011,LINE-D,2026-07-11T18:00:00,50.1778,1
MCH0011,LINE-D,2026-07-11T18:40:00,50.1184,1
MCH0011,LINE-D,2026-07-11T19:20:00,50.2082,1
MCH0011,LINE-D,2026-07-11T20:00:00,50.159,1
MCH0011,LINE-D,2026-07-11T20:40:00,50.2001,1
MCH0011,LINE-D,2026-07-11T21:20:00,50.0412,1
MCH0011,LINE-D,2026-07-11T22:00:00,50.1169,1
MCH0011,LINE-D,2026-07-11T22:40:00,50.1413,1
MCH0011,LINE-D,2026-07-11T23:20:00,50.1748,1
MCH0011,LINE-D,2026-07-12T00:00:00,50.1437,1
MCH0011,LINE-D,2026-07-12T00:40:00,50.1501,1
MCH0011,LINE-D,2026-07-12T01:20:00,50.1688,1
MCH0011,LINE-D,2026-07-12T02:00:00,50.2341,1
MCH0011,LINE-D,2026-07-12T02:40:00,50.1295,1
MCH0011,LINE-D,2026-07-12T03:20:00,50.1733,1
MCH0011,LINE-D,2026-07-12T04:00:00,50.1585,1
MCH0011,LINE-D,2026-07-12T04:40:00,50.2818,1
MCH0011,LINE-D,2026-07-12T05:20:00,50.1319,1
MCH0011,LINE-D,2026-07-12T06:00:00,50.1146,1
MCH0011,LINE-D,2026-07-12T06:40:00,50.1198,1
MCH0011,LINE-D,2026-07-12T07:20:00,50.1546,1
MCH0011,LINE-D,2026-07-12T08:00:00,50.1972,1
MCH0011,LINE-D,2026-07-12T08:40:00,50.1035,1
MCH0011,LINE-D,2026-07-12T09:20:00,50.1649,1
MCH0011,LINE-D,2026-07-12T10:00:00,50.1617,1
MCH0011,LINE-D,2026-07-12T10:40:00,50.1667,1
MCH0011,LINE-D,2026-07-12T11:20:00,50.2117,1
MCH0011,LINE-D,2026-07-12T12:00:00,50.1295,1
MCH0011,LINE-D,2026-07-12T12:40:00,50.1862,1
MCH0011,LINE-D,2026-07-12T13:20:00,50.2418,1
MCH0011,LINE-D,2026-07-12T14:00:00,50.0784,1
MCH0011,LINE-D,2026-07-12T14:40:00,50.1814,1
MCH0011,LINE-D,2026-07-12T15:20:00,50.1449,1
MCH0011,LINE-D,2026-07-12T16:00:00,50.2274,1
MCH0011,LINE-D,2026-07-12T16:40:00,50.1783,1
MCH0011,LINE-D,2026-07-12T17:20:00,50.1872,1
MCH0011,LINE-D,2026-07-12T18:00:00,50.2963,1
MCH0011,LINE-D,2026-07-12T18:40:00,50.2562,1
MCH0011,LINE-D,2026-07-12T19:20:00,50.1905,1
MCH0011,LINE-D,2026-07-12T20:00:00,50.0846,1
MCH0011,LINE-D,2026-07-12T20:40:00,50.2073,1
MCH0011,LINE-D,2026-07-12T21:20:00,50.2478,1
MCH0011,LINE-D,2026-07-12T22:00:00,50.2339,1
MCH0011,LINE-D,2026-07-12T22:40:00,50.2398,1
MCH0011,LINE-D,2026-07-12T23:20:00,50.1464,1
MCH0011,LINE-D,2026-07-13T00:00:00,50.2023,1
MCH0011,LINE-D,2026-07-13T00:40:00,50.2357,1
MCH0011,LINE-D,2026-07-13T01:20:00,50.1508,1
MCH0011,LINE-D,2026-07-13T02:00:00,50.2746,1
MCH0011,LINE-D,2026-07-13T02:40:00,50.211,1
MCH0011,LINE-D,2026-07-13T03:20:00,50.2264,1
MCH0011,LINE-D,2026-07-13T04:00:00,50.3275,0
MCH0011,LINE-D,2026-07-13T04:40:00,50.1882,1
MCH0011,LINE-D,2026-07-13T05:20:00,50.2553,1
MCH0011,LINE-D,2026-07-13T06:00:00,50.2975,1
MCH0011,LINE-D,2026-07-13T06:40:00,50.2281,1
MCH0011,LINE-D,2026-07-13T07:20:00,50.2672,1
MCH0011,LINE-D,2026-07-13T08:00:00,50.1757,1
MCH0011,LINE-D,2026-07-13T08:40:00,50.1836,1
MCH0011,LINE-D,2026-07-13T09:20:00,50.214,1
MCH0011,LINE-D,2026-07-13T10:00:00,50.2569,1
MCH0011,LINE-D,2026-07-13T10:40:00,50.2835,1
MCH0011,LINE-D,2026-07-13T11:20:00,50.2181,1
MCH0011,LINE-D,2026-07-13T12:00:00,50.207,1
MCH0011,LINE-D,2026-07-13T12:40:00,50.2982,1
MCH0011,LINE-D,2026-07-13T13:20:00,50.2036,1
MCH0011,LINE-D,2026-07-13T14:00:00,50.2158,1
MCH0011,LINE-D,2026-07-13T14:40:00,50.1707,1
MCH0011,LINE-D,2026-07-13T15:20:00,50.216,1
MCH0011,LINE-D,2026-07-13T16:00:00,50.2848,1
MCH0011,LINE-D,2026-07-13T16:40:00,50.2231,1
MCH0011,LINE-D,2026-07-13T17:20:00,50.1478,1
MCH0011,LINE-D,2026-07-13T18:00:00,50.2552,1
MCH0011,LINE-D,2026-07-13T18:40:00,50.2843,1
MCH0011,LINE-D,2026-07-13T19:20:00,50.3281,0
MCH0011,LINE-D,2026-07-13T20:00:00,50.2636,1
MCH0011,LINE-D,2026-07-13T20:40:00,50.1712,1
MCH0011,LINE-D,2026-07-13T21:20:00,50.2707,1
MCH0011,LINE-D,2026-07-13T22:00:00,50.2217,1
MCH0011,LINE-D,2026-07-13T22:40:00,50.3213,0
MCH0011,LINE-D,2026-07-13T23:20:00,50.2074,1
MCH0011,LINE-D,2026-07-14T00:00:00,50.2534,1
MCH0011,LINE-D,2026-07-14T00:40:00,50.2146,1
MCH0011,LINE-D,2026-07-14T01:20:00,50.2876,1
MCH0011,LINE-D,2026-07-14T02:00:00,50.2144,1
MCH0011,LINE-D,2026-07-14T02:40:00,50.2781,1
MCH0011,LINE-D,2026-07-14T03:20:00,50.2031,1
MCH0011,LINE-D,2026-07-14T04:00:00,50.2607,1
MCH0011,LINE-D,2026-07-14T04:40:00,50.326,0
MCH0011,LINE-D,2026-07-14T05:20:00,50.292,1
MCH0011,LINE-D,2026-07-14T06:00:00,50.2529,1
MCH0011,LINE-D,2026-07-14T06:40:00,50.207,1
MCH0011,LINE-D,2026-07-14T07:20:00,50.248,1
MCH0011,LINE-D,2026-07-14T08:00:00,50.2281,1
MCH0011,LINE-D,2026-07-14T08:40:00,50.2435,1
MCH0011,LINE-D,2026-07-14T09:20:00,50.2483,1
MCH0011,LINE-D,2026-07-14T10:00:00,50.234,1
MCH0011,LINE-D,2026-07-14T10:40:00,50.2327,1
MCH0011,LINE-D,2026-07-14T11:20:00,50.2274,1
MCH0011,LINE-D,2026-07-14T12:00:00,50.2388,1
MCH0011,LINE-D,2026-07-14T12:40:00,50.2861,1
MCH0011,LINE-D,2026-07-14T13:20:00,50.3057,0
MCH0011,LINE-D,2026-07-14T14:00:00,50.321,0
MCH0011,LINE-D,2026-07-14T14:40:00,50.2473,1
MCH0011,LINE-D,2026-07-14T15:20:00,50.2554,1
MCH0011,LINE-D,2026-07-14T16:00:00,50.149,1
MCH0011,LINE-D,2026-07-14T16:40:00,50.3351,0
MCH0011,LINE-D,2026-07-14T17:20:00,50.2163,1
MCH0011,LINE-D,2026-07-14T18:00:00,50.2816,1
MCH0011,LINE-D,2026-07-14T18:40:00,50.3055,0
MCH0011,LINE-D,2026-07-14T19:20:00,50.2035,1
MCH0011,LINE-D,2026-07-14T20:00:00,50.2526,1
MCH0011,LINE-D,2026-07-14T20:40:00,50.2416,1
MCH0011,LINE-D,2026-07-14T21:20:00,50.1964,1
MCH0011,LINE-D,2026-07-14T22:00:00,50.2621,1
MCH0011,LINE-D,2026-07-14T22:40:00,50.2289,1
MCH0011,LINE-D,2026-07-14T23:20:00,50.3115,0
MCH0011,LINE-D,2026-07-15T00:00:00,50.2395,1
MCH0011,LINE-D,2026-07-15T00:40:00,50.2126,1
MCH0011,LINE-D,2026-07-15T01:20:00,50.34,0
MCH0011,LINE-D,2026-07-15T02:00:00,50.2225,1
MCH0011,LINE-D,2026-07-15T02:40:00,50.3051,0
MCH0011,LINE-D,2026-07-15T03:20:00,50.2685,1
MCH0011,LINE-D,2026-07-15T04:00:00,50.2927,1
MCH0011,LINE-D,2026-07-15T04:40:00,50.2499,1
MCH0011,LINE-D,2026-07-15T05:20:00,50.3032,0
MCH0011,LINE-D,2026-07-15T06:00:00,50.3408,0
MCH0011,LINE-D,2026-07-15T06:40:00,50.3643,0
MCH0011,LINE-D,2026-07-15T07:20:00,50.3158,0
MCH0011,LINE-D,2026-07-15T08:00:00,50.2538,1
MCH0011,LINE-D,2026-07-15T08:40:00,50.3812,0
MCH0011,LINE-D,2026-07-15T09:20:00,50.3176,0
MCH0011,LINE-D,2026-07-15T10:00:00,50.2174,1
MCH0011,LINE-D,2026-07-15T10:40:00,50.2818,1
MCH0011,LINE-D,2026-07-15T11:20:00,50.2636,1
MCH0011,LINE-D,2026-07-15T12:00:00,50.2826,1
MCH0011,LINE-D,2026-07-15T12:40:00,50.2838,1
MCH0011,LINE-D,2026-07-15T13:20:00,50.2307,1
MCH0011,LINE-D,2026-07-15T14:00:00,50.2921,1
MCH0011,LINE-D,2026-07-15T14:40:00,50.3388,0
MCH0011,LINE-D,2026-07-15T15:20:00,50.3595,0
MCH0011,LINE-D,2026-07-15T16:00:00,50.3386,0
MCH0011,LINE-D,2026-07-15T16:40:00,50.304,0
MCH0011,LINE-D,2026-07-15T17:20:00,50.3304,0
MCH0011,LINE-D,2026-07-15T18:00:00,50.3748,0
MCH0011,LINE-D,2026-07-15T18:40:00,50.2976,1
MCH0011,LINE-D,2026-07-15T19:20:00,50.3579,0
MCH0011,LINE-D,2026-07-15T20:00:00,50.3753,0
MCH0011,LINE-D,2026-07-15T20:40:00,50.3041,0
MCH0011,LINE-D,2026-07-15T21:20:00,50.3736,0
MCH0011,LINE-D,2026-07-15T22:00:00,50.3452,0
MCH0011,LINE-D,2026-07-15T22:40:00,50.2624,1
MCH0011,LINE-D,2026-07-15T23:20:00,50.3724,0
MCH0011,LINE-D,2026-07-16T00:00:00,50.2527,1
MCH0011,LINE-D,2026-07-16T00:40:00,50.3646,0
MCH0011,LINE-D,2026-07-16T01:20:00,50.3105,0
MCH0011,LINE-D,2026-07-16T02:00:00,50.3368,0
MCH0011,LINE-D,2026-07-16T02:40:00,50.3223,0
MCH0011,LINE-D,2026-07-16T03:20:00,50.2854,1
MCH0011,LINE-D,2026-07-16T04:00:00,50.3985,0
MCH0011,LINE-D,2026-07-16T04:40:00,50.3155,0
MCH0011,LINE-D,2026-07-16T05:20:00,50.3033,0
MCH0011,LINE-D,2026-07-16T06:00:00,50.385,0
MCH0011,LINE-D,2026-07-16T06:40:00,50.408,0
MCH0011,LINE-D,2026-07-16T07:20:00,50.3546,0
MCH0011,LINE-D,2026-07-16T08:00:00,50.3944,0
MCH0011,LINE-D,2026-07-16T08:40:00,50.3022,0
MCH0011,LINE-D,2026-07-16T09:20:00,50.4333,0
MCH0011,LINE-D,2026-07-16T10:00:00,50.4075,0
MCH0011,LINE-D,2026-07-16T10:40:00,50.4109,0
MCH0011,LINE-D,2026-07-16T11:20:00,50.4209,0
MCH0011,LINE-D,2026-07-16T12:00:00,50.3195,0
MCH0011,LINE-D,2026-07-16T12:40:00,50.3081,0
MCH0011,LINE-D,2026-07-16T13:20:00,50.345,0
MCH0011,LINE-D,2026-07-16T14:00:00,50.3868,0
MCH0011,LINE-D,2026-07-16T14:40:00,50.3868,0
MCH0011,LINE-D,2026-07-16T15:20:00,50.3703,0
MCH0011,LINE-D,2026-07-16T16:00:00,50.3025,0
MCH0011,LINE-D,2026-07-16T16:40:00,50.398,0
MCH0011,LINE-D,2026-07-16T17:20:00,50.4083,0
MCH0011,LINE-D,2026-07-16T18:00:00,50.3662,0
MCH0011,LINE-D,2026-07-16T18:40:00,50.3505,0
MCH0011,LINE-D,2026-07-16T19:20:00,50.3747,0
MCH0011,LINE-D,2026-07-16T20:00:00,50.3627,0
MCH0011,LINE-D,2026-07-16T20:40:00,50.3487,0
MCH0011,LINE-D,2026-07-16T21:20:00,50.2993,1
MCH0011,LINE-D,2026-07-16T22:00:00,50.3804,0
MCH0011,LINE-D,2026-07-16T22:40:00,50.3397,0
MCH0011,LINE-D,2026-07-16T23:20:00,50.3624,0
MCH0011,LINE-D,2026-07-17T00:00:00,50.3364,0
MCH0011,LINE-D,2026-07-17T00:40:00,50.3773,0
MCH0011,LINE-D,2026-07-17T01:20:00,50.3387,0
MCH0011,LINE-D,2026-07-17T02:00:00,50.4022,0
MCH0011,LINE-D,2026-07-17T02:40:00,50.3303,0
MCH0011,LINE-D,2026-07-17T03:20:00,50.3807,0
MCH0011,LINE-D,2026-07-17T04:00:00,50.448,0
MCH0011,LINE-D,2026-07-17T04:40:00,50.3704,0
MCH0011,LINE-D,2026-07-17T05:20:00,50.4222,0
MCH0011,LINE-D,2026-07-17T06:00:00,50.4408,0
MCH0011,LINE-D,2026-07-17T06:40:00,50.3365,0
MCH0011,LINE-D,2026-07-17T07:20:00,50.3409,0
MCH0011,LINE-D,2026-07-17T08:00:00,50.4388,0
MCH0011,LINE-D,2026-07-17T08:40:00,50.4226,0
MCH0011,LINE-D,2026-07-17T09:20:00,50.4043,0
MCH0011,LINE-D,2026-07-17T10:00:00,50.3656,0
MCH0011,LINE-D,2026-07-17T10:40:00,50.4364,0
MCH0011,LINE-D,2026-07-17T11:20:00,50.395,0
MCH0011,LINE-D,2026-07-17T12:00:00,50.4258,0
MCH0011,LINE-D,2026-07-17T12:40:00,50.4165,0
MCH0011,LINE-D,2026-07-17T13:20:00,50.4437,0
MCH0011,LINE-D,2026-07-17T14:00:00,50.4252,0
MCH0011,LINE-D,2026-07-17T14:40:00,50.3185,0
MCH0011,LINE-D,2026-07-17T15:20:00,50.382,0
MCH0011,LINE-D,2026-07-17T16:00:00,50.4953,0
MCH0011,LINE-D,2026-07-17T16:40:00,50.4149,0
MCH0011,LINE-D,2026-07-17T17:20:00,50.3992,0
MCH0011,LINE-D,2026-07-17T18:00:00,50.4485,0
MCH0011,LINE-D,2026-07-17T18:40:00,50.3656,0
MCH0011,LINE-D,2026-07-17T19:20:00,50.3803,0
MCH0011,LINE-D,2026-07-17T20:00:00,50.4008,0
MCH0011,LINE-D,2026-07-17T20:40:00,50.3652,0
MCH0011,LINE-D,2026-07-17T21:20:00,50.4353,0
MCH0011,LINE-D,2026-07-17T22:00:00,50.5258,0
MCH0011,LINE-D,2026-07-17T22:40:00,50.4176,0
MCH0011,LINE-D,2026-07-17T23:20:00,50.3704,0
MCH0011,LINE-D,2026-07-18T00:00:00,50.4343,0
MCH0011,LINE-D,2026-07-18T00:40:00,50.6004,0
MCH0011,LINE-D,2026-07-18T01:20:00,50.423,0
MCH0011,LINE-D,2026-07-18T02:00:00,50.4654,0
MCH0011,LINE-D,2026-07-18T02:40:00,50.5353,0
MCH0011,LINE-D,2026-07-18T03:20:00,50.4014,0
MCH0011,LINE-D,2026-07-18T04:00:00,50.4293,0
MCH0011,LINE-D,2026-07-18T04:40:00,50.4381,0
MCH0011,LINE-D,2026-07-18T05:20:00,50.3246,0
MCH0011,LINE-D,2026-07-18T06:00:00,50.5064,0
MCH0011,LINE-D,2026-07-18T06:40:00,50.3272,0
MCH0011,LINE-D,2026-07-18T07:20:00,50.3515,0
MCH0011,LINE-D,2026-07-18T08:00:00,50.4044,0
MCH0011,LINE-D,2026-07-18T08:40:00,50.4326,0
MCH0011,LINE-D,2026-07-18T09:20:00,50.4519,0
MCH0011,LINE-D,2026-07-18T10:00:00,50.4751,0
MCH0011,LINE-D,2026-07-18T10:40:00,50.383,0
MCH0011,LINE-D,2026-07-18T11:20:00,50.4525,0
MCH0011,LINE-D,2026-07-18T12:00:00,50.4288,0
MCH0011,LINE-D,2026-07-18T12:40:00,50.4331,0
MCH0011,LINE-D,2026-07-18T13:20:00,50.4663,0
MCH0011,LINE-D,2026-07-18T14:00:00,50.3657,0
MCH0011,LINE-D,2026-07-18T14:40:00,50.4621,0
MCH0011,LINE-D,2026-07-18T15:20:00,50.4872,0
MCH0011,LINE-D,2026-07-18T16:00:00,50.4386,0
MCH0011,LINE-D,2026-07-18T16:40:00,50.424,0
MCH0011,LINE-D,2026-07-18T17:20:00,50.37,0
MCH0011,LINE-D,2026-07-18T18:00:00,50.3841,0
MCH0011,LINE-D,2026-07-18T18:40:00,50.4736,0
MCH0011,LINE-D,2026-07-18T19:20:00,50.4382,0
MCH0011,LINE-D,2026-07-18T20:00:00,50.4539,0
MCH0011,LINE-D,2026-07-18T20:40:00,50.4385,0
MCH0011,LINE-D,2026-07-18T21:20:00,50.5587,0
MCH0011,LINE-D,2026-07-18T22:00:00,50.4905,0
MCH0011,LINE-D,2026-07-18T22:40:00,50.4761,0
MCH0011,LINE-D,2026-07-18T23:20:00,50.4404,0
MCH0011,LINE-D,2026-07-19T00:00:00,50.4814,0
MCH0011,LINE-D,2026-07-19T00:40:00,50.4947,0
MCH0011,LINE-D,2026-07-19T01:20:00,50.4791,0
MCH0011,LINE-D,2026-07-19T02:00:00,50.4415,0
MCH0011,LINE-D,2026-07-19T02:40:00,50.507,0
MCH0011,LINE-D,2026-07-19T03:20:00,50.5121,0
MCH0011,LINE-D,2026-07-19T04:00:00,50.4531,0
MCH0011,LINE-D,2026-07-19T04:40:00,50.5051,0
MCH0011,LINE-D,2026-07-19T05:20:00,50.4417,0
MCH0011,LINE-D,2026-07-19T06:00:00,50.4704,0
MCH0011,LINE-D,2026-07-19T06:40:00,50.4892,0
MCH0011,LINE-D,2026-07-19T07:20:00,50.5117,0
MCH0011,LINE-D,2026-07-19T08:00:00,50.5554,0
MCH0011,LINE-D,2026-07-19T08:40:00,50.4852,0
MCH0011,LINE-D,2026-07-19T09:20:00,50.6714,0
MCH0011,LINE-D,2026-07-19T10:00:00,50.5108,0
MCH0011,LINE-D,2026-07-19T10:40:00,50.5051,0
MCH0011,LINE-D,2026-07-19T11:20:00,50.5247,0
MCH0011,LINE-D,2026-07-19T12:00:00,50.3719,0
MCH0011,LINE-D,2026-07-19T12:40:00,50.4259,0
MCH0011,LINE-D,2026-07-19T13:20:00,50.5327,0
MCH0011,LINE-D,2026-07-19T14:00:00,50.4544,0
MCH0011,LINE-D,2026-07-19T14:40:00,50.5504,0
MCH0011,LINE-D,2026-07-19T15:20:00,50.4887,0
MCH0011,LINE-D,2026-07-19T16:00:00,50.4902,0
MCH0011,LINE-D,2026-07-19T16:40:00,50.5133,0
MCH0011,LINE-D,2026-07-19T17:20:00,50.5629,0
MCH0011,LINE-D,2026-07-19T18:00:00,50.4944,0
MCH0011,LINE-D,2026-07-19T18:40:00,50.4588,0
MCH0011,LINE-D,2026-07-19T19:20:00,50.47,0
MCH0011,LINE-D,2026-07-19T20:00:00,50.527,0
MCH0011,LINE-D,2026-07-19T20:40:00,50.5873,0
MCH0011,LINE-D,2026-07-19T21:20:00,50.5727,0
MCH0011,LINE-D,2026-07-19T22:00:00,50.5892,0
MCH0011,LINE-D,2026-07-19T22:40:00,50.5583,0
MCH0011,LINE-D,2026-07-19T23:20:00,50.5902,0
MCH0011,LINE-D,2026-07-20T00:00:00,50.5121,0
MCH0011,LINE-D,2026-07-20T00:40:00,50.5762,0
MCH0011,LINE-D,2026-07-20T01:20:00,50.5011,0
MCH0011,LINE-D,2026-07-20T02:00:00,50.5207,0
MCH0011,LINE-D,2026-07-20T02:40:00,50.5111,0
MCH0011,LINE-D,2026-07-20T03:20:00,50.5247,0
MCH0011,LINE-D,2026-07-20T04:00:00,50.4597,0
MCH0011,LINE-D,2026-07-20T04:40:00,50.5732,0
MCH0011,LINE-D,2026-07-20T05:20:00,50.4957,0
MCH0011,LINE-D,2026-07-20T06:00:00,50.5342,0
MCH0011,LINE-D,2026-07-20T06:40:00,50.5374,0
MCH0011,LINE-D,2026-07-20T07:20:00,50.5932,0
MCH0011,LINE-D,2026-07-20T08:00:00,50.5913,0
MCH0011,LINE-D,2026-07-20T08:40:00,50.5544,0
MCH0011,LINE-D,2026-07-20T09:20:00,50.4912,0
MCH0011,LINE-D,2026-07-20T10:00:00,50.543,0
MCH0011,LINE-D,2026-07-20T10:40:00,50.5579,0
MCH0011,LINE-D,2026-07-20T11:20:00,50.5529,0
MCH0011,LINE-D,2026-07-20T12:00:00,50.6034,0
MCH0011,LINE-D,2026-07-20T12:40:00,50.5602,0
MCH0011,LINE-D,2026-07-20T13:20:00,50.5623,0
MCH0011,LINE-D,2026-07-20T14:00:00,50.5087,0
MCH0011,LINE-D,2026-07-20T14:40:00,50.4742,0
MCH0011,LINE-D,2026-07-20T15:20:00,50.5743,0
MCH0011,LINE-D,2026-07-20T16:00:00,50.5349,0
MCH0011,LINE-D,2026-07-20T16:40:00,50.5285,0
MCH0011,LINE-D,2026-07-20T17:20:00,50.515,0
MCH0011,LINE-D,2026-07-20T18:00:00,50.5283,0
MCH0011,LINE-D,2026-07-20T18:40:00,50.5972,0
MCH0011,LINE-D,2026-07-20T19:20:00,50.6719,0
MCH0011,LINE-D,2026-07-20T20:00:00,50.5402,0
MCH0011,LINE-D,2026-07-20T20:40:00,50.4677,0
MCH0011,LINE-D,2026-07-20T21:20:00,50.6178,0
MCH0011,LINE-D,2026-07-20T22:00:00,50.5484,0
MCH0011,LINE-D,2026-07-20T22:40:00,50.5112,0
MCH0011,LINE-D,2026-07-20T23:20:00,50.6041,0
MCH0011,LINE-D,2026-07-21T00:00:00,50.6251,0
MCH0011,LINE-D,2026-07-21T00:40:00,50.5873,0
MCH0011,LINE-D,2026-07-21T01:20:00,50.5708,0
MCH0011,LINE-D,2026-07-21T02:00:00,50.5063,0
MCH0011,LINE-D,2026-07-21T02:40:00,50.5817,0
MCH0011,LINE-D,2026-07-21T03:20:00,50.6061,0
MCH0011,LINE-D,2026-07-21T04:00:00,50.5769,0
MCH0011,LINE-D,2026-07-21T04:40:00,50.5776,0
MCH0011,LINE-D,2026-07-21T05:20:00,50.599,0
MCH0011,LINE-D,2026-07-21T06:00:00,50.5413,0
MCH0011,LINE-D,2026-07-21T06:40:00,50.6257,0
MCH0011,LINE-D,2026-07-21T07:20:00,50.609,0
MCH0011,LINE-D,2026-07-21T08:00:00,50.4917,0
MCH0011,LINE-D,2026-07-21T08:40:00,50.5207,0
MCH0011,LINE-D,2026-07-21T09:20:00,50.5812,0
MCH0011,LINE-D,2026-07-21T10:00:00,50.5657,0
MCH0011,LINE-D,2026-07-21T10:40:00,50.5431,0
MCH0011,LINE-D,2026-07-21T11:20:00,50.5718,0
MCH0011,LINE-D,2026-07-21T12:00:00,50.6575,0
MCH0011,LINE-D,2026-07-21T12:40:00,50.5735,0
MCH0011,LINE-D,2026-07-21T13:20:00,50.4504,0
MCH0011,LINE-D,2026-07-21T14:00:00,50.5038,0
MCH0011,LINE-D,2026-07-21T14:40:00,50.5627,0
MCH0011,LINE-D,2026-07-21T15:20:00,50.6332,0
MCH0011,LINE-D,2026-07-21T16:00:00,50.6302,0
MCH0011,LINE-D,2026-07-21T16:40:00,50.619,0
MCH0011,LINE-D,2026-07-21T17:20:00,50.5555,0
MCH0011,LINE-D,2026-07-21T18:00:00,50.6448,0
MCH0011,LINE-D,2026-07-21T18:40:00,50.6219,0
MCH0011,LINE-D,2026-07-21T19:20:00,50.5539,0
MCH0011,LINE-D,2026-07-21T20:00:00,50.5461,0
MCH0011,LINE-D,2026-07-21T20:40:00,50.6727,0
MCH0011,LINE-D,2026-07-21T21:20:00,50.611,0
MCH0011,LINE-D,2026-07-21T22:00:00,50.6035,0
MCH0011,LINE-D,2026-07-21T22:40:00,49.9927,1
MCH0011,LINE-D,2026-07-21T23:20:00,50.0249,1
MCH0011,LINE-D,2026-07-22T00:00:00,50.0466,1
MCH0011,LINE-D,2026-07-22T00:40:00,50.0056,1
MCH0011,LINE-D,2026-07-22T01:20:00,49.8823,1
MCH0011,LINE-D,2026-07-22T02:00:00,50.0158,1
MCH0011,LINE-D,2026-07-22T02:40:00,50.0765,1
MCH0011,LINE-D,2026-07-22T03:20:00,49.9269,1
MCH0011,LINE-D,2026-07-22T04:00:00,50.0237,1
MCH0011,LINE-D,2026-07-22T04:40:00,50.0171,1
MCH0011,LINE-D,2026-07-22T05:20:00,50.0656,1
MCH0011,LINE-D,2026-07-22T06:00:00,50.0105,1
MCH0011,LINE-D,2026-07-22T06:40:00,50.0954,1
MCH0011,LINE-D,2026-07-22T07:20:00,50.0399,1
MCH0011,LINE-D,2026-07-22T08:00:00,50.0569,1
MCH0011,LINE-D,2026-07-22T08:40:00,50.0339,1
MCH0011,LINE-D,2026-07-22T09:20:00,50.1724,1
MCH0011,LINE-D,2026-07-22T10:00:00,50.0386,1
MCH0011,LINE-D,2026-07-22T10:40:00,49.9579,1
MCH0011,LINE-D,2026-07-22T11:20:00,50.0283,1
MCH0011,LINE-D,2026-07-22T12:00:00,50.0809,1
MCH0011,LINE-D,2026-07-22T12:40:00,49.9883,1
MCH0011,LINE-D,2026-07-22T13:20:00,50.0828,1
MCH0011,LINE-D,2026-07-22T14:00:00,50.0616,1
MCH0011,LINE-D,2026-07-22T14:40:00,50.0977,1
MCH0011,LINE-D,2026-07-22T15:20:00,50.0897,1
MCH0011,LINE-D,2026-07-22T16:00:00,50.0257,1
MCH0011,LINE-D,2026-07-22T16:40:00,50.0952,1
MCH0011,LINE-D,2026-07-22T17:20:00,50.0347,1
MCH0011,LINE-D,2026-07-22T18:00:00,49.9963,1
MCH0011,LINE-D,2026-07-22T18:40:00,50.0917,1
MCH0011,LINE-D,2026-07-22T19:20:00,50.058,1
MCH0011,LINE-D,2026-07-22T20:00:00,50.0443,1
MCH0011,LINE-D,2026-07-22T20:40:00,50.0952,1
MCH0011,LINE-D,2026-07-22T21:20:00,50.0496,1
MCH0011,LINE-D,2026-07-22T22:00:00,50.1188,1
MCH0011,LINE-D,2026-07-22T22:40:00,50.006,1
MCH0011,LINE-D,2026-07-22T23:20:00,49.9804,1
MCH0011,LINE-D,2026-07-23T00:00:00,50.0514,1
MCH0011,LINE-D,2026-07-23T00:40:00,50.1132,1
MCH0011,LINE-D,2026-07-23T01:20:00,50.0722,1
MCH0011,LINE-D,2026-07-23T02:00:00,50.1333,1
MCH0011,LINE-D,2026-07-23T02:40:00,50.0137,1
MCH0011,LINE-D,2026-07-23T03:20:00,50.2176,1
MCH0011,LINE-D,2026-07-23T04:00:00,50.1247,1
MCH0011,LINE-D,2026-07-23T04:40:00,50.0334,1
MCH0011,LINE-D,2026-07-23T05:20:00,50.0565,1
MCH0011,LINE-D,2026-07-23T06:00:00,50.1534,1
MCH0011,LINE-D,2026-07-23T06:40:00,50.1062,1
MCH0011,LINE-D,2026-07-23T07:20:00,50.1669,1
MCH0011,LINE-D,2026-07-23T08:00:00,50.1171,1
MCH0011,LINE-D,2026-07-23T08:40:00,50.1107,1
MCH0011,LINE-D,2026-07-23T09:20:00,50.0414,1
MCH0011,LINE-D,2026-07-23T10:00:00,50.1355,1
MCH0011,LINE-D,2026-07-23T10:40:00,50.0624,1
MCH0011,LINE-D,2026-07-23T11:20:00,50.117,1
MCH0011,LINE-D,2026-07-23T12:00:00,50.042,1
MCH0011,LINE-D,2026-07-23T12:40:00,50.108,1
MCH0011,LINE-D,2026-07-23T13:20:00,50.0947,1
MCH0011,LINE-D,2026-07-23T14:00:00,50.1343,1
MCH0011,LINE-D,2026-07-23T14:40:00,50.0816,1
MCH0011,LINE-D,2026-07-23T15:20:00,50.0734,1
MCH0011,LINE-D,2026-07-23T16:00:00,50.1568,1
MCH0011,LINE-D,2026-07-23T16:40:00,50.1823,1
MCH0011,LINE-D,2026-07-23T17:20:00,50.0606,1
MCH0011,LINE-D,2026-07-23T18:00:00,50.0864,1
MCH0011,LINE-D,2026-07-23T18:40:00,50.0435,1
MCH0011,LINE-D,2026-07-23T19:20:00,50.1944,1
MCH0011,LINE-D,2026-07-23T20:00:00,50.1108,1
MCH0011,LINE-D,2026-07-23T20:40:00,50.0442,1
MCH0011,LINE-D,2026-07-23T21:20:00,50.0736,1
MCH0011,LINE-D,2026-07-23T22:00:00,50.0811,1
MCH0011,LINE-D,2026-07-23T22:40:00,50.1672,1
MCH0011,LINE-D,2026-07-23T23:20:00,50.1249,1
MCH0011,LINE-D,2026-07-24T00:00:00,50.0847,1
MCH0011,LINE-D,2026-07-24T00:40:00,50.1314,1
MCH0011,LINE-D,2026-07-24T01:20:00,50.0493,1
MCH0011,LINE-D,2026-07-24T02:00:00,50.1181,1
MCH0011,LINE-D,2026-07-24T02:40:00,50.0462,1
MCH0011,LINE-D,2026-07-24T03:20:00,50.0475,1
MCH0011,LINE-D,2026-07-24T04:00:00,50.198,1
MCH0011,LINE-D,2026-07-24T04:40:00,50.1493,1
MCH0011,LINE-D,2026-07-24T05:20:00,50.1008,1
MCH0011,LINE-D,2026-07-24T06:00:00,50.0749,1
MCH0011,LINE-D,2026-07-24T06:40:00,50.1147,1
MCH0011,LINE-D,2026-07-24T07:20:00,50.1437,1
MCH0011,LINE-D,2026-07-24T08:00:00,50.1503,1
MCH0011,LINE-D,2026-07-24T08:40:00,50.2065,1
MCH0011,LINE-D,2026-07-24T09:20:00,50.1368,1
MCH0011,LINE-D,2026-07-24T10:00:00,49.9906,1
MCH0011,LINE-D,2026-07-24T10:40:00,50.1749,1
MCH0011,LINE-D,2026-07-24T11:20:00,50.1468,1
MCH0011,LINE-D,2026-07-24T12:00:00,50.1573,1
MCH0011,LINE-D,2026-07-24T12:40:00,50.1657,1
MCH0011,LINE-D,2026-07-24T13:20:00,50.1268,1
MCH0011,LINE-D,2026-07-24T14:00:00,50.0992,1
MCH0011,LINE-D,2026-07-24T14:40:00,50.231,1
MCH0011,LINE-D,2026-07-24T15:20:00,50.178,1
MCH0011,LINE-D,2026-07-24T16:00:00,50.1263,1
MCH0011,LINE-D,2026-07-24T16:40:00,50.1573,1
MCH0011,LINE-D,2026-07-24T17:20:00,50.11,1
MCH0011,LINE-D,2026-07-24T18:00:00,50.117,1
MCH0011,LINE-D,2026-07-24T18:40:00,50.1745,1
MCH0011,LINE-D,2026-07-24T19:20:00,50.1755,1
MCH0011,LINE-D,2026-07-24T20:00:00,50.2062,1
MCH0011,LINE-D,2026-07-24T20:40:00,50.0387,1
MCH0011,LINE-D,2026-07-24T21:20:00,50.1478,1
MCH0011,LINE-D,2026-07-24T22:00:00,50.0784,1
MCH0011,LINE-D,2026-07-24T22:40:00,50.153,1
MCH0011,LINE-D,2026-07-24T23:20:00,50.147,1
MCH0011,LINE-D,2026-07-25T00:00:00,50.1097,1
MCH0011,LINE-D,2026-07-25T00:40:00,50.1029,1
MCH0011,LINE-D,2026-07-25T01:20:00,50.1767,1
MCH0011,LINE-D,2026-07-25T02:00:00,50.2021,1
MCH0011,LINE-D,2026-07-25T02:40:00,50.1961,1
MCH0011,LINE-D,2026-07-25T03:20:00,50.2327,1
MCH0011,LINE-D,2026-07-25T04:00:00,50.1193,1
MCH0011,LINE-D,2026-07-25T04:40:00,50.2137,1
MCH0011,LINE-D,2026-07-25T05:20:00,50.1467,1
MCH0011,LINE-D,2026-07-25T06:00:00,50.2162,1
MCH0011,LINE-D,2026-07-25T06:40:00,50.1303,1
MCH0011,LINE-D,2026-07-25T07:20:00,50.2827,1
MCH0011,LINE-D,2026-07-25T08:00:00,50.2095,1
MCH0011,LINE-D,2026-07-25T08:40:00,50.1894,1
MCH0011,LINE-D,2026-07-25T09:20:00,50.1281,1
MCH0011,LINE-D,2026-07-25T10:00:00,50.1595,1
MCH0011,LINE-D,2026-07-25T10:40:00,50.2236,1
MCH0011,LINE-D,2026-07-25T11:20:00,50.1362,1
MCH0011,LINE-D,2026-07-25T12:00:00,50.135,1
MCH0011,LINE-D,2026-07-25T12:40:00,50.1922,1
MCH0011,LINE-D,2026-07-25T13:20:00,50.1448,1
MCH0011,LINE-D,2026-07-25T14:00:00,50.2563,1
MCH0011,LINE-D,2026-07-25T14:40:00,50.1509,1
MCH0011,LINE-D,2026-07-25T15:20:00,50.1117,1
MCH0011,LINE-D,2026-07-25T16:00:00,50.1919,1
MCH0011,LINE-D,2026-07-25T16:40:00,50.2212,1
MCH0011,LINE-D,2026-07-25T17:20:00,50.2765,1
MCH0011,LINE-D,2026-07-25T18:00:00,50.2277,1
MCH0011,LINE-D,2026-07-25T18:40:00,50.2225,1
MCH0011,LINE-D,2026-07-25T19:20:00,50.2168,1
MCH0011,LINE-D,2026-07-25T20:00:00,50.1694,1
MCH0011,LINE-D,2026-07-25T20:40:00,50.2006,1
MCH0011,LINE-D,2026-07-25T21:20:00,50.1746,1
MCH0011,LINE-D,2026-07-25T22:00:00,50.2086,1
MCH0011,LINE-D,2026-07-25T22:40:00,50.1626,1
MCH0011,LINE-D,2026-07-25T23:20:00,50.2032,1
MCH0011,LINE-D,2026-07-26T00:00:00,50.1922,1
MCH0011,LINE-D,2026-07-26T00:40:00,50.2802,1
MCH0011,LINE-D,2026-07-26T01:20:00,50.1778,1
MCH0011,LINE-D,2026-07-26T02:00:00,50.2503,1
MCH0011,LINE-D,2026-07-26T02:40:00,50.2377,1
MCH0011,LINE-D,2026-07-26T03:20:00,50.129,1
MCH0011,LINE-D,2026-07-26T04:00:00,50.1854,1
MCH0011,LINE-D,2026-07-26T04:40:00,50.2316,1
MCH0011,LINE-D,2026-07-26T05:20:00,50.1516,1
MCH0011,LINE-D,2026-07-26T06:00:00,50.1469,1
MCH0011,LINE-D,2026-07-26T06:40:00,50.2427,1
MCH0011,LINE-D,2026-07-26T07:20:00,50.1774,1
MCH0011,LINE-D,2026-07-26T08:00:00,50.2557,1
MCH0011,LINE-D,2026-07-26T08:40:00,50.3306,0
MCH0011,LINE-D,2026-07-26T09:20:00,50.2367,1
MCH0011,LINE-D,2026-07-26T10:00:00,50.2941,1
MCH0011,LINE-D,2026-07-26T10:40:00,50.3102,0
MCH0011,LINE-D,2026-07-26T11:20:00,50.2772,1
MCH0011,LINE-D,2026-07-26T12:00:00,50.2859,1
MCH0011,LINE-D,2026-07-26T12:40:00,50.2117,1
MCH0011,LINE-D,2026-07-26T13:20:00,50.2961,1
MCH0011,LINE-D,2026-07-26T14:00:00,50.2756,1
MCH0011,LINE-D,2026-07-26T14:40:00,50.1341,1
MCH0011,LINE-D,2026-07-26T15:20:00,50.1349,1
MCH0011,LINE-D,2026-07-26T16:00:00,50.223,1
MCH0011,LINE-D,2026-07-26T16:40:00,50.1149,1
MCH0011,LINE-D,2026-07-26T17:20:00,50.2319,1
MCH0011,LINE-D,2026-07-26T18:00:00,50.2674,1
MCH0011,LINE-D,2026-07-26T18:40:00,50.2055,1
MCH0011,LINE-D,2026-07-26T19:20:00,50.1804,1
MCH0011,LINE-D,2026-07-26T20:00:00,50.2281,1
MCH0011,LINE-D,2026-07-26T20:40:00,50.2596,1
MCH0011,LINE-D,2026-07-26T21:20:00,50.313,0
MCH0011,LINE-D,2026-07-26T22:00:00,50.2155,1
MCH0011,LINE-D,2026-07-26T22:40:00,50.2919,1
MCH0011,LINE-D,2026-07-26T23:20:00,50.3241,0
MCH0011,LINE-D,2026-07-27T00:00:00,50.263,1
MCH0011,LINE-D,2026-07-27T00:40:00,50.2683,1
MCH0011,LINE-D,2026-07-27T01:20:00,50.2526,1
MCH0011,LINE-D,2026-07-27T02:00:00,50.1652,1
MCH0011,LINE-D,2026-07-27T02:40:00,50.2648,1
MCH0011,LINE-D,2026-07-27T03:20:00,50.2687,1
MCH0011,LINE-D,2026-07-27T04:00:00,50.2429,1
MCH0011,LINE-D,2026-07-27T04:40:00,50.2729,1
MCH0011,LINE-D,2026-07-27T05:20:00,50.2683,1
MCH0011,LINE-D,2026-07-27T06:00:00,50.2087,1
MCH0011,LINE-D,2026-07-27T06:40:00,50.3365,0
MCH0011,LINE-D,2026-07-27T07:20:00,50.3464,0
MCH0011,LINE-D,2026-07-27T08:00:00,50.2888,1
MCH0011,LINE-D,2026-07-27T08:40:00,50.3115,0
MCH0011,LINE-D,2026-07-27T09:20:00,50.1666,1
MCH0011,LINE-D,2026-07-27T10:00:00,50.2345,1
MCH0011,LINE-D,2026-07-27T10:40:00,50.2188,1
MCH0011,LINE-D,2026-07-27T11:20:00,50.4003,0
MCH0011,LINE-D,2026-07-27T12:00:00,50.315,0
MCH0011,LINE-D,2026-07-27T12:40:00,50.2851,1
MCH0011,LINE-D,2026-07-27T13:20:00,50.3205,0
MCH0011,LINE-D,2026-07-27T14:00:00,50.3386,0
MCH0011,LINE-D,2026-07-27T14:40:00,50.1481,1
MCH0011,LINE-D,2026-07-27T15:20:00,50.2821,1
MCH0011,LINE-D,2026-07-27T16:00:00,50.3218,0
MCH0011,LINE-D,2026-07-27T16:40:00,50.2998,1
MCH0011,LINE-D,2026-07-27T17:20:00,50.2547,1
MCH0011,LINE-D,2026-07-27T18:00:00,50.3209,0
MCH0011,LINE-D,2026-07-27T18:40:00,50.3416,0
MCH0011,LINE-D,2026-07-27T19:20:00,50.2584,1
MCH0011,LINE-D,2026-07-27T20:00:00,50.3133,0
MCH0011,LINE-D,2026-07-27T20:40:00,50.2866,1
MCH0011,LINE-D,2026-07-27T21:20:00,50.3436,0
MCH0011,LINE-D,2026-07-27T22:00:00,50.2618,1
MCH0011,LINE-D,2026-07-27T22:40:00,50.2511,1
MCH0011,LINE-D,2026-07-27T23:20:00,50.3247,0
MCH0011,LINE-D,2026-07-28T00:00:00,50.2971,1
MCH0011,LINE-D,2026-07-28T00:40:00,50.2847,1
MCH0011,LINE-D,2026-07-28T01:20:00,50.2501,1
MCH0011,LINE-D,2026-07-28T02:00:00,50.3024,0
MCH0011,LINE-D,2026-07-28T02:40:00,50.4006,0
MCH0011,LINE-D,2026-07-28T03:20:00,50.291,1
MCH0011,LINE-D,2026-07-28T04:00:00,50.3007,0
MCH0011,LINE-D,2026-07-28T04:40:00,50.3038,0
MCH0011,LINE-D,2026-07-28T05:20:00,50.2892,1
MCH0011,LINE-D,2026-07-28T06:00:00,50.2843,1
MCH0011,LINE-D,2026-07-28T06:40:00,50.2833,1
MCH0011,LINE-D,2026-07-28T07:20:00,50.2748,1
MCH0011,LINE-D,2026-07-28T08:00:00,50.2809,1
MCH0011,LINE-D,2026-07-28T08:40:00,50.3764,0
MCH0011,LINE-D,2026-07-28T09:20:00,50.2848,1
MCH0011,LINE-D,2026-07-28T10:00:00,50.3452,0
MCH0011,LINE-D,2026-07-28T10:40:00,50.4061,0
MCH0011,LINE-D,2026-07-28T11:20:00,50.2916,1
MCH0011,LINE-D,2026-07-28T12:00:00,50.3323,0
MCH0011,LINE-D,2026-07-28T12:40:00,50.2919,1
MCH0011,LINE-D,2026-07-28T13:20:00,50.3652,0
MCH0011,LINE-D,2026-07-28T14:00:00,50.3399,0
MCH0011,LINE-D,2026-07-28T14:40:00,50.3874,0
MCH0011,LINE-D,2026-07-28T15:20:00,50.371,0
MCH0011,LINE-D,2026-07-28T16:00:00,50.3651,0
MCH0011,LINE-D,2026-07-28T16:40:00,50.3339,0
MCH0011,LINE-D,2026-07-28T17:20:00,50.353,0
MCH0011,LINE-D,2026-07-28T18:00:00,50.314,0
MCH0011,LINE-D,2026-07-28T18:40:00,50.367,0
MCH0011,LINE-D,2026-07-28T19:20:00,50.3677,0
MCH0011,LINE-D,2026-07-28T20:00:00,50.3004,0
MCH0011,LINE-D,2026-07-28T20:40:00,50.3049,0
MCH0011,LINE-D,2026-07-28T21:20:00,50.4311,0
MCH0011,LINE-D,2026-07-28T22:00:00,50.4021,0
MCH0011,LINE-D,2026-07-28T22:40:00,50.3686,0
MCH0011,LINE-D,2026-07-28T23:20:00,50.3359,0
MCH0011,LINE-D,2026-07-29T00:00:00,50.3122,0
MCH0011,LINE-D,2026-07-29T00:40:00,50.3277,0
MCH0011,LINE-D,2026-07-29T01:20:00,50.4103,0
MCH0011,LINE-D,2026-07-29T02:00:00,50.3088,0
MCH0011,LINE-D,2026-07-29T02:40:00,50.3919,0
MCH0011,LINE-D,2026-07-29T03:20:00,50.4488,0
MCH0011,LINE-D,2026-07-29T04:00:00,50.2983,1
MCH0011,LINE-D,2026-07-29T04:40:00,50.3409,0
MCH0011,LINE-D,2026-07-29T05:20:00,50.3496,0
MCH0011,LINE-D,2026-07-29T06:00:00,50.365,0
MCH0011,LINE-D,2026-07-29T06:40:00,50.3296,0
MCH0011,LINE-D,2026-07-29T07:20:00,50.3818,0
MCH0011,LINE-D,2026-07-29T08:00:00,50.3996,0
MCH0011,LINE-D,2026-07-29T08:40:00,50.3333,0
MCH0011,LINE-D,2026-07-29T09:20:00,50.3176,0
MCH0011,LINE-D,2026-07-29T10:00:00,50.2952,1
MCH0011,LINE-D,2026-07-29T10:40:00,50.3427,0
MCH0011,LINE-D,2026-07-29T11:20:00,50.4148,0
MCH0011,LINE-D,2026-07-29T12:00:00,50.3033,0
MCH0011,LINE-D,2026-07-29T12:40:00,50.2705,1
MCH0011,LINE-D,2026-07-29T13:20:00,50.406,0
MCH0011,LINE-D,2026-07-29T14:00:00,50.3942,0
MCH0011,LINE-D,2026-07-29T14:40:00,50.2834,1
MCH0011,LINE-D,2026-07-29T15:20:00,50.4902,0
MCH0011,LINE-D,2026-07-29T16:00:00,50.3568,0
MCH0011,LINE-D,2026-07-29T16:40:00,50.4325,0
MCH0011,LINE-D,2026-07-29T17:20:00,50.3412,0
MCH0011,LINE-D,2026-07-29T18:00:00,50.3525,0
MCH0011,LINE-D,2026-07-29T18:40:00,50.4532,0
MCH0011,LINE-D,2026-07-29T19:20:00,50.4449,0
MCH0011,LINE-D,2026-07-29T20:00:00,50.3428,0
MCH0011,LINE-D,2026-07-29T20:40:00,50.4546,0
MCH0011,LINE-D,2026-07-29T21:20:00,50.2792,1
MCH0011,LINE-D,2026-07-29T22:00:00,50.3466,0
MCH0011,LINE-D,2026-07-29T22:40:00,50.4364,0
MCH0011,LINE-D,2026-07-29T23:20:00,50.4126,0
MCH0011,LINE-D,2026-07-30T00:00:00,50.3634,0
MCH0011,LINE-D,2026-07-30T00:40:00,50.4051,0
MCH0011,LINE-D,2026-07-30T01:20:00,50.4464,0
MCH0011,LINE-D,2026-07-30T02:00:00,50.3746,0
MCH0011,LINE-D,2026-07-30T02:40:00,50.3538,0
MCH0011,LINE-D,2026-07-30T03:20:00,50.5021,0
MCH0011,LINE-D,2026-07-30T04:00:00,50.3838,0
MCH0011,LINE-D,2026-07-30T04:40:00,50.3355,0
MCH0011,LINE-D,2026-07-30T05:20:00,50.4079,0
MCH0011,LINE-D,2026-07-30T06:00:00,50.3852,0
MCH0011,LINE-D,2026-07-30T06:40:00,50.3923,0
MCH0011,LINE-D,2026-07-30T07:20:00,50.4429,0
MCH0011,LINE-D,2026-07-30T08:00:00,50.5045,0
MCH0011,LINE-D,2026-07-30T08:40:00,50.4333,0
MCH0011,LINE-D,2026-07-30T09:20:00,50.3592,0
MCH0011,LINE-D,2026-07-30T10:00:00,50.3319,0
MCH0011,LINE-D,2026-07-30T10:40:00,50.4337,0
MCH0011,LINE-D,2026-07-30T11:20:00,50.4321,0
MCH0011,LINE-D,2026-07-30T12:00:00,50.5226,0
MCH0011,LINE-D,2026-07-30T12:40:00,50.3575,0
MCH0011,LINE-D,2026-07-30T13:20:00,50.4233,0
MCH0011,LINE-D,2026-07-30T14:00:00,50.4144,0
MCH0011,LINE-D,2026-07-30T14:40:00,50.4392,0
MCH0011,LINE-D,2026-07-30T15:20:00,50.4192,0
MCH0011,LINE-D,2026-07-30T16:00:00,50.4127,0
MCH0011,LINE-D,2026-07-30T16:40:00,50.4255,0
MCH0011,LINE-D,2026-07-30T17:20:00,50.3919,0
MCH0011,LINE-D,2026-07-30T18:00:00,50.38,0
MCH0011,LINE-D,2026-07-30T18:40:00,50.4017,0
MCH0011,LINE-D,2026-07-30T19:20:00,50.3488,0
MCH0011,LINE-D,2026-07-30T20:00:00,50.5105,0
MCH0011,LINE-D,2026-07-30T20:40:00,50.393,0
MCH0011,LINE-D,2026-07-30T21:20:00,50.4639,0
MCH0011,LINE-D,2026-07-30T22:00:00,50.4053,0
MCH0011,LINE-D,2026-07-30T22:40:00,50.441,0
MCH0011,LINE-D,2026-07-30T23:20:00,50.4615,0
MCH0011,LINE-D,2026-07-31T00:00:00,50.4357,0
MCH0011,LINE-D,2026-07-31T00:40:00,50.4442,0
MCH0011,LINE-D,2026-07-31T01:20:00,50.4165,0
MCH0011,LINE-D,2026-07-31T02:00:00,50.4307,0
MCH0011,LINE-D,2026-07-31T02:40:00,50.3861,0
MCH0011,LINE-D,2026-07-31T03:20:00,50.5147,0
MCH0011,LINE-D,2026-07-31T04:00:00,50.4298,0
MCH0011,LINE-D,2026-07-31T04:40:00,50.3648,0
MCH0011,LINE-D,2026-07-31T05:20:00,50.5469,0
MCH0011,LINE-D,2026-07-31T06:00:00,50.4374,0
MCH0011,LINE-D,2026-07-31T06:40:00,50.4969,0
MCH0011,LINE-D,2026-07-31T07:20:00,50.4383,0
MCH0011,LINE-D,2026-07-31T08:00:00,50.5479,0
MCH0011,LINE-D,2026-07-31T08:40:00,50.4111,0
MCH0011,LINE-D,2026-07-31T09:20:00,50.3484,0
MCH0011,LINE-D,2026-07-31T10:00:00,50.4092,0
MCH0011,LINE-D,2026-07-31T10:40:00,50.5079,0
MCH0011,LINE-D,2026-07-31T11:20:00,50.5001,0
MCH0011,LINE-D,2026-07-31T12:00:00,50.4403,0
MCH0011,LINE-D,2026-07-31T12:40:00,50.4698,0
MCH0011,LINE-D,2026-07-31T13:20:00,50.4083,0
MCH0011,LINE-D,2026-07-31T14:00:00,50.456,0
MCH0011,LINE-D,2026-07-31T14:40:00,50.459,0
MCH0011,LINE-D,2026-07-31T15:20:00,50.3978,0
MCH0011,LINE-D,2026-07-31T16:00:00,50.4888,0
MCH0011,LINE-D,2026-07-31T16:40:00,50.4029,0
MCH0011,LINE-D,2026-07-31T17:20:00,50.4559,0
MCH0011,LINE-D,2026-07-31T18:00:00,50.4939,0
MCH0011,LINE-D,2026-07-31T18:40:00,50.4672,0
MCH0011,LINE-D,2026-07-31T19:20:00,50.5596,0
MCH0011,LINE-D,2026-07-31T20:00:00,50.3729,0
MCH0011,LINE-D,2026-07-31T20:40:00,50.4052,0
MCH0011,LINE-D,2026-07-31T21:20:00,50.4555,0
MCH0011,LINE-D,2026-07-31T22:00:00,50.4727,0
MCH0011,LINE-D,2026-07-31T22:40:00,50.4779,0
MCH0011,LINE-D,2026-07-31T23:20:00,50.4827,0
MCH0011,LINE-D,2026-08-01T00:00:00,50.5271,0
MCH0011,LINE-D,2026-08-01T00:40:00,50.4853,0
MCH0011,LINE-D,2026-08-01T01:20:00,50.55,0
MCH0011,LINE-D,2026-08-01T02:00:00,50.4733,0
MCH0011,LINE-D,2026-08-01T02:40:00,50.5323,0
MCH0011,LINE-D,2026-08-01T03:20:00,50.5202,0
MCH0011,LINE-D,2026-08-01T04:00:00,50.4529,0
MCH0011,LINE-D,2026-08-01T04:40:00,50.5396,0
MCH0011,LINE-D,2026-08-01T05:20:00,50.4921,0
MCH0011,LINE-D,2026-08-01T06:00:00,50.4203,0
MCH0011,LINE-D,2026-08-01T06:40:00,50.4822,0
MCH0011,LINE-D,2026-08-01T07:20:00,50.5687,0
MCH0011,LINE-D,2026-08-01T08:00:00,50.556,0
MCH0011,LINE-D,2026-08-01T08:40:00,50.5237,0
MCH0011,LINE-D,2026-08-01T09:20:00,50.5187,0
MCH0011,LINE-D,2026-08-01T10:00:00,50.4027,0
MCH0011,LINE-D,2026-08-01T10:40:00,50.5201,0
MCH0011,LINE-D,2026-08-01T11:20:00,50.6076,0
MCH0011,LINE-D,2026-08-01T12:00:00,50.5122,0
MCH0011,LINE-D,2026-08-01T12:40:00,50.4473,0
MCH0011,LINE-D,2026-08-01T13:20:00,50.5335,0
MCH0011,LINE-D,2026-08-01T14:00:00,50.6345,0
MCH0011,LINE-D,2026-08-01T14:40:00,50.5712,0
MCH0011,LINE-D,2026-08-01T15:20:00,50.546,0
MCH0011,LINE-D,2026-08-01T16:00:00,50.4763,0
MCH0011,LINE-D,2026-08-01T16:40:00,50.5346,0
MCH0011,LINE-D,2026-08-01T17:20:00,50.452,0
MCH0011,LINE-D,2026-08-01T18:00:00,50.579,0
MCH0011,LINE-D,2026-08-01T18:40:00,50.5459,0
MCH0011,LINE-D,2026-08-01T19:20:00,50.5281,0
MCH0011,LINE-D,2026-08-01T20:00:00,50.5139,0
MCH0011,LINE-D,2026-08-01T20:40:00,50.5189,0
MCH0011,LINE-D,2026-08-01T21:20:00,50.552,0
MCH0011,LINE-D,2026-08-01T22:00:00,50.5066,0
MCH0011,LINE-D,2026-08-01T22:40:00,50.4869,0
MCH0011,LINE-D,2026-08-01T23:20:00,50.5961,0
MCH0011,LINE-D,2026-08-02T00:00:00,50.4648,0
MCH0011,LINE-D,2026-08-02T00:40:00,50.4885,0
MCH0011,LINE-D,2026-08-02T01:20:00,50.5709,0
MCH0011,LINE-D,2026-08-02T02:00:00,50.464,0
MCH0011,LINE-D,2026-08-02T02:40:00,50.5171,0
MCH0011,LINE-D,2026-08-02T03:20:00,50.511,0
MCH0011,LINE-D,2026-08-02T04:00:00,50.5796,0
MCH0011,LINE-D,2026-08-02T04:40:00,50.5177,0
MCH0011,LINE-D,2026-08-02T05:20:00,50.5568,0
MCH0011,LINE-D,2026-08-02T06:00:00,50.5407,0
MCH0011,LINE-D,2026-08-02T06:40:00,50.5707,0
MCH0011,LINE-D,2026-08-02T07:20:00,50.6051,0
MCH0011,LINE-D,2026-08-02T08:00:00,50.6167,0
MCH0011,LINE-D,2026-08-02T08:40:00,50.578,0
MCH0011,LINE-D,2026-08-02T09:20:00,50.5168,0
MCH0011,LINE-D,2026-08-02T10:00:00,50.5101,0
MCH0011,LINE-D,2026-08-02T10:40:00,50.6606,0
MCH0011,LINE-D,2026-08-02T11:20:00,50.4506,0
MCH0011,LINE-D,2026-08-02T12:00:00,50.5599,0
MCH0011,LINE-D,2026-08-02T12:40:00,50.5037,0
MCH0011,LINE-D,2026-08-02T13:20:00,50.5595,0
MCH0011,LINE-D,2026-08-02T14:00:00,50.5255,0
MCH0011,LINE-D,2026-08-02T14:40:00,50.4834,0
MCH0011,LINE-D,2026-08-02T15:20:00,50.5027,0
MCH0011,LINE-D,2026-08-02T16:00:00,50.528,0
MCH0011,LINE-D,2026-08-02T16:40:00,50.5515,0
MCH0011,LINE-D,2026-08-02T17:20:00,50.5942,0
MCH0011,LINE-D,2026-08-02T18:00:00,50.5654,0
MCH0011,LINE-D,2026-08-02T18:40:00,50.6103,0
MCH0011,LINE-D,2026-08-02T19:20:00,50.5195,0
MCH0011,LINE-D,2026-08-02T20:00:00,50.6145,0
MCH0011,LINE-D,2026-08-02T20:40:00,50.4974,0
MCH0011,LINE-D,2026-08-02T21:20:00,50.4978,0
MCH0011,LINE-D,2026-08-02T22:00:00,50.5398,0
MCH0011,LINE-D,2026-08-02T22:40:00,50.5507,0
MCH0011,LINE-D,2026-08-02T23:20:00,50.5762,0
MCH0011,LINE-D,2026-08-03T00:00:00,50.5328,0
MCH0011,LINE-D,2026-08-03T00:40:00,50.576,0
MCH0011,LINE-D,2026-08-03T01:20:00,50.6338,0
MCH0011,LINE-D,2026-08-03T02:00:00,50.612,0
MCH0011,LINE-D,2026-08-03T02:40:00,50.5563,0
MCH0011,LINE-D,2026-08-03T03:20:00,50.5614,0
MCH0011,LINE-D,2026-08-03T04:00:00,50.5429,0
MCH0011,LINE-D,2026-08-03T04:40:00,50.6131,0
MCH0011,LINE-D,2026-08-03T05:20:00,50.6373,0
MCH0011,LINE-D,2026-08-03T06:00:00,50.6082,0
MCH0011,LINE-D,2026-08-03T06:40:00,50.5767,0
MCH0011,LINE-D,2026-08-03T07:20:00,50.5408,0
MCH0011,LINE-D,2026-08-03T08:00:00,50.5813,0
MCH0011,LINE-D,2026-08-03T08:40:00,50.6217,0
MCH0011,LINE-D,2026-08-03T09:20:00,50.5037,0
MCH0011,LINE-D,2026-08-03T10:00:00,50.5738,0
MCH0011,LINE-D,2026-08-03T10:40:00,50.4937,0
MCH0011,LINE-D,2026-08-03T11:20:00,50.5932,0
MCH0011,LINE-D,2026-08-03T12:00:00,50.5247,0
MCH0011,LINE-D,2026-08-03T12:40:00,50.6399,0
MCH0011,LINE-D,2026-08-03T13:20:00,50.6297,0
MCH0011,LINE-D,2026-08-03T14:00:00,50.6385,0
MCH0011,LINE-D,2026-08-03T14:40:00,50.6241,0
MCH0011,LINE-D,2026-08-03T15:20:00,50.5462,0
MCH0011,LINE-D,2026-08-03T16:00:00,50.6106,0
MCH0011,LINE-D,2026-08-03T16:40:00,50.5532,0
MCH0011,LINE-D,2026-08-03T17:20:00,50.5415,0
MCH0011,LINE-D,2026-08-03T18:00:00,50.5139,0
MCH0011,LINE-D,2026-08-03T18:40:00,50.0183,1
MCH0011,LINE-D,2026-08-03T19:20:00,50.04,1
MCH0011,LINE-D,2026-08-03T20:00:00,50.0353,1
MCH0011,LINE-D,2026-08-03T20:40:00,50.0367,1
MCH0011,LINE-D,2026-08-03T21:20:00,50.0401,1
MCH0011,LINE-D,2026-08-03T22:00:00,49.9565,1
MCH0011,LINE-D,2026-08-03T22:40:00,50.032,1
MCH0011,LINE-D,2026-08-03T23:20:00,50.0972,1
MCH0011,LINE-D,2026-08-04T00:00:00,49.9983,1
MCH0011,LINE-D,2026-08-04T00:40:00,50.0122,1
MCH0011,LINE-D,2026-08-04T01:20:00,49.8824,1
MCH0011,LINE-D,2026-08-04T02:00:00,50.0955,1
MCH0011,LINE-D,2026-08-04T02:40:00,50.0609,1
MCH0011,LINE-D,2026-08-04T03:20:00,50.0599,1
MCH0011,LINE-D,2026-08-04T04:00:00,50.0688,1
MCH0011,LINE-D,2026-08-04T04:40:00,50.1105,1
MCH0011,LINE-D,2026-08-04T05:20:00,50.027,1
MCH0011,LINE-D,2026-08-04T06:00:00,50.0735,1
MCH0011,LINE-D,2026-08-04T06:40:00,50.1065,1
MCH0011,LINE-D,2026-08-04T07:20:00,50.0495,1
MCH0011,LINE-D,2026-08-04T08:00:00,50.1593,1
MCH0011,LINE-D,2026-08-04T08:40:00,50.0455,1
MCH0011,LINE-D,2026-08-04T09:20:00,50.1166,1
MCH0011,LINE-D,2026-08-04T10:00:00,50.1284,1
MCH0011,LINE-D,2026-08-04T10:40:00,50.1633,1
MCH0011,LINE-D,2026-08-04T11:20:00,49.9791,1
MCH0011,LINE-D,2026-08-04T12:00:00,50.1003,1
MCH0011,LINE-D,2026-08-04T12:40:00,50.0637,1
MCH0011,LINE-D,2026-08-04T13:20:00,50.0021,1
MCH0011,LINE-D,2026-08-04T14:00:00,50.0118,1
MCH0011,LINE-D,2026-08-04T14:40:00,50.0775,1
MCH0011,LINE-D,2026-08-04T15:20:00,50.0884,1
MCH0011,LINE-D,2026-08-04T16:00:00,50.0645,1
MCH0011,LINE-D,2026-08-04T16:40:00,50.0223,1
MCH0011,LINE-D,2026-08-04T17:20:00,50.0977,1
MCH0011,LINE-D,2026-08-04T18:00:00,50.0841,1
MCH0011,LINE-D,2026-08-04T18:40:00,50.1726,1
MCH0011,LINE-D,2026-08-04T19:20:00,50.021,1
MCH0011,LINE-D,2026-08-04T20:00:00,50.1493,1
MCH0011,LINE-D,2026-08-04T20:40:00,50.0411,1
MCH0011,LINE-D,2026-08-04T21:20:00,50.0827,1
MCH0011,LINE-D,2026-08-04T22:00:00,50.1851,1
MCH0011,LINE-D,2026-08-04T22:40:00,50.0548,1
MCH0011,LINE-D,2026-08-04T23:20:00,50.1169,1
MCH0011,LINE-D,2026-08-05T00:00:00,50.1159,1
MCH0011,LINE-D,2026-08-05T00:40:00,50.169,1
MCH0011,LINE-D,2026-08-05T01:20:00,50.0515,1
MCH0011,LINE-D,2026-08-05T02:00:00,50.0726,1
MCH0011,LINE-D,2026-08-05T02:40:00,50.0576,1
MCH0011,LINE-D,2026-08-05T03:20:00,50.2086,1
MCH0011,LINE-D,2026-08-05T04:00:00,50.0646,1
MCH0011,LINE-D,2026-08-05T04:40:00,50.044,1
MCH0011,LINE-D,2026-08-05T05:20:00,50.1729,1
MCH0011,LINE-D,2026-08-05T06:00:00,50.1845,1
MCH0011,LINE-D,2026-08-05T06:40:00,50.198,1
MCH0011,LINE-D,2026-08-05T07:20:00,50.0636,1
MCH0011,LINE-D,2026-08-05T08:00:00,50.1284,1
MCH0011,LINE-D,2026-08-05T08:40:00,50.2078,1
MCH0011,LINE-D,2026-08-05T09:20:00,50.14,1
MCH0011,LINE-D,2026-08-05T10:00:00,50.1806,1
MCH0011,LINE-D,2026-08-05T10:40:00,50.0976,1
MCH0011,LINE-D,2026-08-05T11:20:00,50.2093,1
MCH0011,LINE-D,2026-08-05T12:00:00,50.1412,1
MCH0011,LINE-D,2026-08-05T12:40:00,50.1427,1
MCH0011,LINE-D,2026-08-05T13:20:00,50.1875,1
MCH0011,LINE-D,2026-08-05T14:00:00,50.1626,1
MCH0011,LINE-D,2026-08-05T14:40:00,50.2007,1
MCH0011,LINE-D,2026-08-05T15:20:00,50.1425,1
MCH0011,LINE-D,2026-08-05T16:00:00,50.2322,1
MCH0011,LINE-D,2026-08-05T16:40:00,50.1195,1
MCH0011,LINE-D,2026-08-05T17:20:00,50.2154,1
MCH0011,LINE-D,2026-08-05T18:00:00,50.1945,1
MCH0011,LINE-D,2026-08-05T18:40:00,50.2095,1
MCH0011,LINE-D,2026-08-05T19:20:00,50.2003,1
MCH0011,LINE-D,2026-08-05T20:00:00,50.064,1
MCH0011,LINE-D,2026-08-05T20:40:00,50.161,1
MCH0011,LINE-D,2026-08-05T21:20:00,50.1443,1
MCH0011,LINE-D,2026-08-05T22:00:00,50.1706,1
MCH0011,LINE-D,2026-08-05T22:40:00,50.2189,1
MCH0011,LINE-D,2026-08-05T23:20:00,50.1413,1
MCH0011,LINE-D,2026-08-06T00:00:00,50.1843,1
MCH0011,LINE-D,2026-08-06T00:40:00,50.152,1
MCH0011,LINE-D,2026-08-06T01:20:00,50.1023,1
MCH0011,LINE-D,2026-08-06T02:00:00,50.18,1
MCH0011,LINE-D,2026-08-06T02:40:00,50.2598,1
MCH0011,LINE-D,2026-08-06T03:20:00,50.1716,1
MCH0011,LINE-D,2026-08-06T04:00:00,50.212,1
MCH0011,LINE-D,2026-08-06T04:40:00,50.1711,1
MCH0011,LINE-D,2026-08-06T05:20:00,50.1605,1
MCH0011,LINE-D,2026-08-06T06:00:00,50.2413,1
MCH0011,LINE-D,2026-08-06T06:40:00,50.1673,1
MCH0011,LINE-D,2026-08-06T07:20:00,50.2278,1
MCH0011,LINE-D,2026-08-06T08:00:00,50.1566,1
MCH0011,LINE-D,2026-08-06T08:40:00,50.1401,1
MCH0011,LINE-D,2026-08-06T09:20:00,50.2035,1
MCH0011,LINE-D,2026-08-06T10:00:00,50.2497,1
MCH0011,LINE-D,2026-08-06T10:40:00,50.2675,1
MCH0011,LINE-D,2026-08-06T11:20:00,50.2913,1
MCH0011,LINE-D,2026-08-06T12:00:00,50.2922,1
MCH0011,LINE-D,2026-08-06T12:40:00,50.1812,1
MCH0011,LINE-D,2026-08-06T13:20:00,50.2611,1
MCH0011,LINE-D,2026-08-06T14:00:00,50.303,0
MCH0011,LINE-D,2026-08-06T14:40:00,50.1528,1
MCH0011,LINE-D,2026-08-06T15:20:00,50.1762,1
MCH0011,LINE-D,2026-08-06T16:00:00,50.2123,1
MCH0011,LINE-D,2026-08-06T16:40:00,50.2531,1
MCH0011,LINE-D,2026-08-06T17:20:00,50.1488,1
MCH0011,LINE-D,2026-08-06T18:00:00,50.2461,1
MCH0011,LINE-D,2026-08-06T18:40:00,50.3127,0
MCH0011,LINE-D,2026-08-06T19:20:00,50.2643,1
MCH0011,LINE-D,2026-08-06T20:00:00,50.2496,1
MCH0011,LINE-D,2026-08-06T20:40:00,50.2536,1
MCH0011,LINE-D,2026-08-06T21:20:00,50.351,0
MCH0011,LINE-D,2026-08-06T22:00:00,50.2955,1
MCH0011,LINE-D,2026-08-06T22:40:00,50.3372,0
MCH0011,LINE-D,2026-08-06T23:20:00,50.2902,1
MCH0011,LINE-D,2026-08-07T00:00:00,50.345,0
MCH0011,LINE-D,2026-08-07T00:40:00,50.313,0
MCH0011,LINE-D,2026-08-07T01:20:00,50.2952,1
MCH0011,LINE-D,2026-08-07T02:00:00,50.2656,1
MCH0011,LINE-D,2026-08-07T02:40:00,50.2213,1
MCH0011,LINE-D,2026-08-07T03:20:00,50.1944,1
MCH0011,LINE-D,2026-08-07T04:00:00,50.2253,1
MCH0011,LINE-D,2026-08-07T04:40:00,50.229,1
MCH0011,LINE-D,2026-08-07T05:20:00,50.3179,0
MCH0011,LINE-D,2026-08-07T06:00:00,50.3134,0
MCH0011,LINE-D,2026-08-07T06:40:00,50.2969,1
MCH0011,LINE-D,2026-08-07T07:20:00,50.3417,0
MCH0011,LINE-D,2026-08-07T08:00:00,50.2621,1
MCH0011,LINE-D,2026-08-07T08:40:00,50.3109,0
MCH0011,LINE-D,2026-08-07T09:20:00,50.3757,0
MCH0011,LINE-D,2026-08-07T10:00:00,50.2753,1
MCH0011,LINE-D,2026-08-07T10:40:00,50.3024,0
MCH0011,LINE-D,2026-08-07T11:20:00,50.3439,0
MCH0011,LINE-D,2026-08-07T12:00:00,50.3108,0
MCH0011,LINE-D,2026-08-07T12:40:00,50.3272,0
MCH0011,LINE-D,2026-08-07T13:20:00,50.2769,1
MCH0011,LINE-D,2026-08-07T14:00:00,50.3097,0
MCH0011,LINE-D,2026-08-07T14:40:00,50.3245,0
MCH0011,LINE-D,2026-08-07T15:20:00,50.3896,0
MCH0011,LINE-D,2026-08-07T16:00:00,50.2728,1
MCH0011,LINE-D,2026-08-07T16:40:00,50.3496,0
MCH0011,LINE-D,2026-08-07T17:20:00,50.3214,0
MCH0011,LINE-D,2026-08-07T18:00:00,50.3227,0
MCH0011,LINE-D,2026-08-07T18:40:00,50.3513,0
MCH0011,LINE-D,2026-08-07T19:20:00,50.3914,0
MCH0011,LINE-D,2026-08-07T20:00:00,50.3731,0
MCH0011,LINE-D,2026-08-07T20:40:00,50.3289,0
MCH0011,LINE-D,2026-08-07T21:20:00,50.3377,0
MCH0011,LINE-D,2026-08-07T22:00:00,50.3022,0
MCH0011,LINE-D,2026-08-07T22:40:00,50.2177,1
MCH0011,LINE-D,2026-08-07T23:20:00,50.2848,1
MCH0011,LINE-D,2026-08-08T00:00:00,50.3262,0
MCH0011,LINE-D,2026-08-08T00:40:00,50.4316,0
MCH0011,LINE-D,2026-08-08T01:20:00,50.4297,0
MCH0011,LINE-D,2026-08-08T02:00:00,50.4063,0
MCH0011,LINE-D,2026-08-08T02:40:00,50.337,0
MCH0011,LINE-D,2026-08-08T03:20:00,50.3177,0
MCH0011,LINE-D,2026-08-08T04:00:00,50.3566,0
MCH0011,LINE-D,2026-08-08T04:40:00,50.3174,0
MCH0011,LINE-D,2026-08-08T05:20:00,50.3473,0
MCH0011,LINE-D,2026-08-08T06:00:00,50.4139,0
MCH0011,LINE-D,2026-08-08T06:40:00,50.3084,0
MCH0011,LINE-D,2026-08-08T07:20:00,50.3635,0
MCH0011,LINE-D,2026-08-08T08:00:00,50.3876,0
MCH0011,LINE-D,2026-08-08T08:40:00,50.3308,0
MCH0011,LINE-D,2026-08-08T09:20:00,50.4077,0
MCH0011,LINE-D,2026-08-08T10:00:00,50.4207,0
MCH0011,LINE-D,2026-08-08T10:40:00,50.4363,0
MCH0011,LINE-D,2026-08-08T11:20:00,50.3727,0
MCH0011,LINE-D,2026-08-08T12:00:00,50.4862,0
MCH0011,LINE-D,2026-08-08T12:40:00,50.4311,0
MCH0011,LINE-D,2026-08-08T13:20:00,50.3926,0
MCH0011,LINE-D,2026-08-08T14:00:00,50.3777,0
MCH0011,LINE-D,2026-08-08T14:40:00,50.436,0
MCH0011,LINE-D,2026-08-08T15:20:00,50.4234,0
MCH0011,LINE-D,2026-08-08T16:00:00,50.4987,0
MCH0011,LINE-D,2026-08-08T16:40:00,50.4163,0
MCH0011,LINE-D,2026-08-08T17:20:00,50.3919,0
MCH0011,LINE-D,2026-08-08T18:00:00,50.3944,0
MCH0011,LINE-D,2026-08-08T18:40:00,50.3548,0
MCH0011,LINE-D,2026-08-08T19:20:00,50.5008,0
MCH0011,LINE-D,2026-08-08T20:00:00,50.4098,0
MCH0011,LINE-D,2026-08-08T20:40:00,50.5001,0
MCH0011,LINE-D,2026-08-08T21:20:00,50.4443,0
MCH0011,LINE-D,2026-08-08T22:00:00,50.448,0
MCH0011,LINE-D,2026-08-08T22:40:00,50.5012,0
MCH0011,LINE-D,2026-08-08T23:20:00,50.4537,0
MCH0011,LINE-D,2026-08-09T00:00:00,50.456,0
MCH0011,LINE-D,2026-08-09T00:40:00,50.4029,0
MCH0011,LINE-D,2026-08-09T01:20:00,50.387,0
MCH0011,LINE-D,2026-08-09T02:00:00,50.3915,0
MCH0011,LINE-D,2026-08-09T02:40:00,50.394,0
MCH0011,LINE-D,2026-08-09T03:20:00,50.5479,0
MCH0011,LINE-D,2026-08-09T04:00:00,50.4515,0
MCH0011,LINE-D,2026-08-09T04:40:00,50.4786,0
MCH0011,LINE-D,2026-08-09T05:20:00,50.4881,0
MCH0011,LINE-D,2026-08-09T06:00:00,50.38,0
MCH0011,LINE-D,2026-08-09T06:40:00,50.5264,0
MCH0011,LINE-D,2026-08-09T07:20:00,50.3391,0
MCH0011,LINE-D,2026-08-09T08:00:00,50.5365,0
MCH0011,LINE-D,2026-08-09T08:40:00,50.4046,0
MCH0011,LINE-D,2026-08-09T09:20:00,50.4708,0
MCH0011,LINE-D,2026-08-09T10:00:00,50.3556,0
MCH0011,LINE-D,2026-08-09T10:40:00,50.453,0
MCH0011,LINE-D,2026-08-09T11:20:00,50.4489,0
MCH0011,LINE-D,2026-08-09T12:00:00,50.491,0
MCH0011,LINE-D,2026-08-09T12:40:00,50.4429,0
MCH0011,LINE-D,2026-08-09T13:20:00,50.4936,0
MCH0011,LINE-D,2026-08-09T14:00:00,50.4614,0
MCH0011,LINE-D,2026-08-09T14:40:00,50.4482,0
MCH0011,LINE-D,2026-08-09T15:20:00,50.4704,0
MCH0011,LINE-D,2026-08-09T16:00:00,50.527,0
MCH0011,LINE-D,2026-08-09T16:40:00,50.5008,0
MCH0011,LINE-D,2026-08-09T17:20:00,50.4242,0
MCH0011,LINE-D,2026-08-09T18:00:00,50.598,0
MCH0011,LINE-D,2026-08-09T18:40:00,50.4741,0
MCH0011,LINE-D,2026-08-09T19:20:00,50.451,0
MCH0011,LINE-D,2026-08-09T20:00:00,50.4524,0
MCH0011,LINE-D,2026-08-09T20:40:00,50.5017,0
MCH0011,LINE-D,2026-08-09T21:20:00,50.4797,0
MCH0011,LINE-D,2026-08-09T22:00:00,50.507,0
MCH0011,LINE-D,2026-08-09T22:40:00,50.5692,0
MCH0011,LINE-D,2026-08-09T23:20:00,50.5671,0
MCH0011,LINE-D,2026-08-10T00:00:00,50.5097,0
MCH0011,LINE-D,2026-08-10T00:40:00,50.5011,0
MCH0011,LINE-D,2026-08-10T01:20:00,50.4075,0
MCH0011,LINE-D,2026-08-10T02:00:00,50.5218,0
MCH0011,LINE-D,2026-08-10T02:40:00,50.5147,0
MCH0011,LINE-D,2026-08-10T03:20:00,50.4539,0
MCH0011,LINE-D,2026-08-10T04:00:00,50.432,0
MCH0011,LINE-D,2026-08-10T04:40:00,50.5121,0
MCH0011,LINE-D,2026-08-10T05:20:00,50.4865,0
MCH0011,LINE-D,2026-08-10T06:00:00,50.5345,0
MCH0011,LINE-D,2026-08-10T06:40:00,50.6411,0
MCH0011,LINE-D,2026-08-10T07:20:00,50.526,0
MCH0011,LINE-D,2026-08-10T08:00:00,50.4789,0
MCH0011,LINE-D,2026-08-10T08:40:00,50.5819,0
MCH0011,LINE-D,2026-08-10T09:20:00,50.4721,0
MCH0011,LINE-D,2026-08-10T10:00:00,50.5102,0
MCH0011,LINE-D,2026-08-10T10:40:00,50.4668,0
MCH0011,LINE-D,2026-08-10T11:20:00,50.6033,0
MCH0011,LINE-D,2026-08-10T12:00:00,50.5129,0
MCH0011,LINE-D,2026-08-10T12:40:00,50.5428,0
MCH0011,LINE-D,2026-08-10T13:20:00,50.5357,0
MCH0011,LINE-D,2026-08-10T14:00:00,50.5346,0
MCH0011,LINE-D,2026-08-10T14:40:00,50.5896,0
MCH0011,LINE-D,2026-08-10T15:20:00,50.4991,0
MCH0011,LINE-D,2026-08-10T16:00:00,50.5356,0
MCH0011,LINE-D,2026-08-10T16:40:00,50.5637,0
MCH0011,LINE-D,2026-08-10T17:20:00,50.4873,0
MCH0011,LINE-D,2026-08-10T18:00:00,50.5157,0
MCH0011,LINE-D,2026-08-10T18:40:00,50.5109,0
MCH0011,LINE-D,2026-08-10T19:20:00,50.6195,0
MCH0011,LINE-D,2026-08-10T20:00:00,50.5815,0
MCH0011,LINE-D,2026-08-10T20:40:00,50.585,0
MCH0011,LINE-D,2026-08-10T21:20:00,50.5922,0
MCH0011,LINE-D,2026-08-10T22:00:00,50.6277,0
MCH0011,LINE-D,2026-08-10T22:40:00,50.5317,0
MCH0011,LINE-D,2026-08-10T23:20:00,50.5606,0
MCH0011,LINE-D,2026-08-11T00:00:00,50.5699,0
MCH0011,LINE-D,2026-08-11T00:40:00,50.6006,0
MCH0011,LINE-D,2026-08-11T01:20:00,50.5561,0
MCH0011,LINE-D,2026-08-11T02:00:00,50.7096,0
MCH0011,LINE-D,2026-08-11T02:40:00,50.607,0
MCH0011,LINE-D,2026-08-11T03:20:00,50.5381,0
MCH0011,LINE-D,2026-08-11T04:00:00,50.5892,0
MCH0011,LINE-D,2026-08-11T04:40:00,50.5909,0
MCH0011,LINE-D,2026-08-11T05:20:00,50.058,1
MCH0011,LINE-D,2026-08-11T06:00:00,50.0354,1
MCH0011,LINE-D,2026-08-11T06:40:00,49.9787,1
MCH0011,LINE-D,2026-08-11T07:20:00,50.066,1
MCH0011,LINE-D,2026-08-11T08:00:00,50.0561,1
MCH0011,LINE-D,2026-08-11T08:40:00,49.9899,1
MCH0011,LINE-D,2026-08-11T09:20:00,50.0075,1
MCH0011,LINE-D,2026-08-11T10:00:00,50.0996,1
MCH0011,LINE-D,2026-08-11T10:40:00,49.9567,1
MCH0011,LINE-D,2026-08-11T11:20:00,50.0835,1
MCH0011,LINE-D,2026-08-11T12:00:00,49.9838,1
MCH0011,LINE-D,2026-08-11T12:40:00,50.1015,1
MCH0011,LINE-D,2026-08-11T13:20:00,50.093,1
MCH0011,LINE-D,2026-08-11T14:00:00,49.9948,1
MCH0011,LINE-D,2026-08-11T14:40:00,49.9939,1
MCH0011,LINE-D,2026-08-11T15:20:00,50.0882,1
MCH0011,LINE-D,2026-08-11T16:00:00,50.0192,1
MCH0011,LINE-D,2026-08-11T16:40:00,50.0305,1
MCH0011,LINE-D,2026-08-11T17:20:00,49.9638,1
MCH0011,LINE-D,2026-08-11T18:00:00,50.075,1
MCH0011,LINE-D,2026-08-11T18:40:00,49.9637,1
MCH0011,LINE-D,2026-08-11T19:20:00,50.0768,1
MCH0011,LINE-D,2026-08-11T20:00:00,50.0318,1
MCH0011,LINE-D,2026-08-11T20:40:00,49.9207,1
MCH0011,LINE-D,2026-08-11T21:20:00,49.9753,1
MCH0011,LINE-D,2026-08-11T22:00:00,50.0511,1
MCH0011,LINE-D,2026-08-11T22:40:00,49.9572,1
MCH0011,LINE-D,2026-08-11T23:20:00,50.0532,1
MCH0011,LINE-D,2026-08-12T00:00:00,50.0032,1
MCH0011,LINE-D,2026-08-12T00:40:00,49.9602,1
MCH0011,LINE-D,2026-08-12T01:20:00,50.0081,1
MCH0011,LINE-D,2026-08-12T02:00:00,50.1259,1
MCH0011,LINE-D,2026-08-12T02:40:00,50.0366,1
MCH0011,LINE-D,2026-08-12T03:20:00,50.0759,1
MCH0011,LINE-D,2026-08-12T04:00:00,50.1093,1
MCH0011,LINE-D,2026-08-12T04:40:00,50.1007,1
MCH0011,LINE-D,2026-08-12T05:20:00,49.9523,1
MCH0011,LINE-D,2026-08-12T06:00:00,50.0038,1
MCH0011,LINE-D,2026-08-12T06:40:00,50.0692,1
MCH0011,LINE-D,2026-08-12T07:20:00,49.9834,1
MCH0011,LINE-D,2026-08-12T08:00:00,50.0337,1
MCH0011,LINE-D,2026-08-12T08:40:00,50.0661,1
MCH0011,LINE-D,2026-08-12T09:20:00,50.1238,1
MCH0011,LINE-D,2026-08-12T10:00:00,50.078,1
MCH0011,LINE-D,2026-08-12T10:40:00,50.0939,1
MCH0011,LINE-D,2026-08-12T11:20:00,50.0621,1
MCH0011,LINE-D,2026-08-12T12:00:00,50.052,1
MCH0011,LINE-D,2026-08-12T12:40:00,50.068,1
MCH0011,LINE-D,2026-08-12T13:20:00,50.0555,1
MCH0011,LINE-D,2026-08-12T14:00:00,50.1069,1
MCH0011,LINE-D,2026-08-12T14:40:00,50.0688,1
MCH0011,LINE-D,2026-08-12T15:20:00,50.1555,1
MCH0011,LINE-D,2026-08-12T16:00:00,50.0722,1
MCH0011,LINE-D,2026-08-12T16:40:00,50.1039,1
MCH0011,LINE-D,2026-08-12T17:20:00,50.0977,1
MCH0011,LINE-D,2026-08-12T18:00:00,50.051,1
MCH0011,LINE-D,2026-08-12T18:40:00,50.031,1
MCH0011,LINE-D,2026-08-12T19:20:00,50.187,1
MCH0011,LINE-D,2026-08-12T20:00:00,50.0863,1
MCH0011,LINE-D,2026-08-12T20:40:00,50.1875,1
MCH0011,LINE-D,2026-08-12T21:20:00,50.0603,1
MCH0011,LINE-D,2026-08-12T22:00:00,50.089,1
MCH0011,LINE-D,2026-08-12T22:40:00,50.1096,1
MCH0011,LINE-D,2026-08-12T23:20:00,50.0849,1
MCH0011,LINE-D,2026-08-13T00:00:00,50.071,1
MCH0011,LINE-D,2026-08-13T00:40:00,50.0196,1
MCH0011,LINE-D,2026-08-13T01:20:00,50.0605,1
MCH0011,LINE-D,2026-08-13T02:00:00,50.151,1
MCH0011,LINE-D,2026-08-13T02:40:00,50.0998,1
MCH0011,LINE-D,2026-08-13T03:20:00,50.0393,1
MCH0011,LINE-D,2026-08-13T04:00:00,50.1461,1
MCH0011,LINE-D,2026-08-13T04:40:00,50.1126,1
MCH0011,LINE-D,2026-08-13T05:20:00,50.1865,1
MCH0011,LINE-D,2026-08-13T06:00:00,50.1755,1
MCH0011,LINE-D,2026-08-13T06:40:00,50.1364,1
MCH0011,LINE-D,2026-08-13T07:20:00,50.0419,1
MCH0011,LINE-D,2026-08-13T08:00:00,50.087,1
MCH0011,LINE-D,2026-08-13T08:40:00,50.1937,1
MCH0011,LINE-D,2026-08-13T09:20:00,50.0485,1
MCH0011,LINE-D,2026-08-13T10:00:00,50.0511,1
MCH0011,LINE-D,2026-08-13T10:40:00,50.1322,1
MCH0011,LINE-D,2026-08-13T11:20:00,50.0917,1
MCH0011,LINE-D,2026-08-13T12:00:00,50.1751,1
MCH0011,LINE-D,2026-08-13T12:40:00,50.0793,1
MCH0011,LINE-D,2026-08-13T13:20:00,50.2389,1
MCH0011,LINE-D,2026-08-13T14:00:00,50.2322,1
MCH0011,LINE-D,2026-08-13T14:40:00,50.093,1
MCH0011,LINE-D,2026-08-13T15:20:00,50.0757,1
MCH0011,LINE-D,2026-08-13T16:00:00,50.1234,1
MCH0011,LINE-D,2026-08-13T16:40:00,50.1342,1
MCH0011,LINE-D,2026-08-13T17:20:00,50.1442,1
MCH0011,LINE-D,2026-08-13T18:00:00,50.1285,1
MCH0011,LINE-D,2026-08-13T18:40:00,50.217,1
MCH0011,LINE-D,2026-08-13T19:20:00,50.1178,1
MCH0011,LINE-D,2026-08-13T20:00:00,50.0765,1
MCH0011,LINE-D,2026-08-13T20:40:00,50.1241,1
MCH0011,LINE-D,2026-08-13T21:20:00,50.1651,1
MCH0011,LINE-D,2026-08-13T22:00:00,50.1369,1
MCH0011,LINE-D,2026-08-13T22:40:00,50.1144,1
MCH0011,LINE-D,2026-08-13T23:20:00,50.1967,1
MCH0011,LINE-D,2026-08-14T00:00:00,50.2421,1
MCH0011,LINE-D,2026-08-14T00:40:00,50.1233,1
MCH0011,LINE-D,2026-08-14T01:20:00,50.2584,1
MCH0011,LINE-D,2026-08-14T02:00:00,50.2493,1
MCH0011,LINE-D,2026-08-14T02:40:00,50.0414,1
MCH0011,LINE-D,2026-08-14T03:20:00,50.1411,1
MCH0011,LINE-D,2026-08-14T04:00:00,50.0735,1
MCH0011,LINE-D,2026-08-14T04:40:00,50.1344,1
MCH0011,LINE-D,2026-08-14T05:20:00,50.2228,1
MCH0011,LINE-D,2026-08-14T06:00:00,50.1381,1
MCH0011,LINE-D,2026-08-14T06:40:00,50.1284,1
MCH0011,LINE-D,2026-08-14T07:20:00,50.197,1
MCH0011,LINE-D,2026-08-14T08:00:00,50.1509,1
MCH0011,LINE-D,2026-08-14T08:40:00,50.1486,1
MCH0011,LINE-D,2026-08-14T09:20:00,50.1084,1
MCH0011,LINE-D,2026-08-14T10:00:00,50.2047,1
MCH0011,LINE-D,2026-08-14T10:40:00,50.1435,1
MCH0011,LINE-D,2026-08-14T11:20:00,50.1103,1
MCH0011,LINE-D,2026-08-14T12:00:00,50.1903,1
MCH0011,LINE-D,2026-08-14T12:40:00,50.1921,1
MCH0011,LINE-D,2026-08-14T13:20:00,50.1941,1
MCH0011,LINE-D,2026-08-14T14:00:00,50.1943,1
MCH0011,LINE-D,2026-08-14T14:40:00,50.1542,1
MCH0011,LINE-D,2026-08-14T15:20:00,50.1864,1
MCH0011,LINE-D,2026-08-14T16:00:00,50.2286,1
MCH0011,LINE-D,2026-08-14T16:40:00,50.2289,1
MCH0011,LINE-D,2026-08-14T17:20:00,50.1416,1
MCH0011,LINE-D,2026-08-14T18:00:00,50.2544,1
MCH0011,LINE-D,2026-08-14T18:40:00,50.1973,1
MCH0011,LINE-D,2026-08-14T19:20:00,50.0894,1
MCH0011,LINE-D,2026-08-14T20:00:00,50.1356,1
MCH0011,LINE-D,2026-08-14T20:40:00,50.1079,1
MCH0011,LINE-D,2026-08-14T21:20:00,50.1261,1
MCH0011,LINE-D,2026-08-14T22:00:00,50.2515,1
MCH0011,LINE-D,2026-08-14T22:40:00,50.1354,1
MCH0011,LINE-D,2026-08-14T23:20:00,50.1493,1
MCH0012,LINE-D,2026-07-01T00:00:00,49.9998,1
MCH0012,LINE-D,2026-07-01T00:40:00,50.0327,1
MCH0012,LINE-D,2026-07-01T01:20:00,49.9928,1
MCH0012,LINE-D,2026-07-01T02:00:00,50.0284,1
MCH0012,LINE-D,2026-07-01T02:40:00,49.9217,1
MCH0012,LINE-D,2026-07-01T03:20:00,49.9785,1
MCH0012,LINE-D,2026-07-01T04:00:00,49.9667,1
MCH0012,LINE-D,2026-07-01T04:40:00,49.9752,1
MCH0012,LINE-D,2026-07-01T05:20:00,49.953,1
MCH0012,LINE-D,2026-07-01T06:00:00,50.0675,1
MCH0012,LINE-D,2026-07-01T06:40:00,49.9804,1
MCH0012,LINE-D,2026-07-01T07:20:00,50.0594,1
MCH0012,LINE-D,2026-07-01T08:00:00,50.0154,1
MCH0012,LINE-D,2026-07-01T08:40:00,50.0907,1
MCH0012,LINE-D,2026-07-01T09:20:00,50.0478,1
MCH0012,LINE-D,2026-07-01T10:00:00,50.0149,1
MCH0012,LINE-D,2026-07-01T10:40:00,50.0044,1
MCH0012,LINE-D,2026-07-01T11:20:00,50.0062,1
MCH0012,LINE-D,2026-07-01T12:00:00,50.0711,1
MCH0012,LINE-D,2026-07-01T12:40:00,49.9829,1
MCH0012,LINE-D,2026-07-01T13:20:00,50.0675,1
MCH0012,LINE-D,2026-07-01T14:00:00,50.1262,1
MCH0012,LINE-D,2026-07-01T14:40:00,50.0366,1
MCH0012,LINE-D,2026-07-01T15:20:00,50.0394,1
MCH0012,LINE-D,2026-07-01T16:00:00,50.0645,1
MCH0012,LINE-D,2026-07-01T16:40:00,49.9627,1
MCH0012,LINE-D,2026-07-01T17:20:00,50.1684,1
MCH0012,LINE-D,2026-07-01T18:00:00,50.1472,1
MCH0012,LINE-D,2026-07-01T18:40:00,49.9874,1
MCH0012,LINE-D,2026-07-01T19:20:00,50.0926,1
MCH0012,LINE-D,2026-07-01T20:00:00,50.0403,1
MCH0012,LINE-D,2026-07-01T20:40:00,50.0271,1
MCH0012,LINE-D,2026-07-01T21:20:00,49.9957,1
MCH0012,LINE-D,2026-07-01T22:00:00,50.1242,1
MCH0012,LINE-D,2026-07-01T22:40:00,50.0483,1
MCH0012,LINE-D,2026-07-01T23:20:00,50.046,1
MCH0012,LINE-D,2026-07-02T00:00:00,50.0279,1
MCH0012,LINE-D,2026-07-02T00:40:00,50.0076,1
MCH0012,LINE-D,2026-07-02T01:20:00,50.0474,1
MCH0012,LINE-D,2026-07-02T02:00:00,50.0344,1
MCH0012,LINE-D,2026-07-02T02:40:00,50.0909,1
MCH0012,LINE-D,2026-07-02T03:20:00,50.0599,1
MCH0012,LINE-D,2026-07-02T04:00:00,50.0904,1
MCH0012,LINE-D,2026-07-02T04:40:00,50.1237,1
MCH0012,LINE-D,2026-07-02T05:20:00,50.0927,1
MCH0012,LINE-D,2026-07-02T06:00:00,49.9683,1
MCH0012,LINE-D,2026-07-02T06:40:00,50.0319,1
MCH0012,LINE-D,2026-07-02T07:20:00,50.0937,1
MCH0012,LINE-D,2026-07-02T08:00:00,50.0887,1
MCH0012,LINE-D,2026-07-02T08:40:00,50.0059,1
MCH0012,LINE-D,2026-07-02T09:20:00,50.026,1
MCH0012,LINE-D,2026-07-02T10:00:00,50.1153,1
MCH0012,LINE-D,2026-07-02T10:40:00,50.1421,1
MCH0012,LINE-D,2026-07-02T11:20:00,50.0574,1
MCH0012,LINE-D,2026-07-02T12:00:00,50.0794,1
MCH0012,LINE-D,2026-07-02T12:40:00,50.1392,1
MCH0012,LINE-D,2026-07-02T13:20:00,50.0476,1
MCH0012,LINE-D,2026-07-02T14:00:00,50.077,1
MCH0012,LINE-D,2026-07-02T14:40:00,50.121,1
MCH0012,LINE-D,2026-07-02T15:20:00,50.1843,1
MCH0012,LINE-D,2026-07-02T16:00:00,50.0643,1
MCH0012,LINE-D,2026-07-02T16:40:00,50.0743,1
MCH0012,LINE-D,2026-07-02T17:20:00,50.1433,1
MCH0012,LINE-D,2026-07-02T18:00:00,50.1213,1
MCH0012,LINE-D,2026-07-02T18:40:00,50.0823,1
MCH0012,LINE-D,2026-07-02T19:20:00,50.1575,1
MCH0012,LINE-D,2026-07-02T20:00:00,50.0811,1
MCH0012,LINE-D,2026-07-02T20:40:00,50.0872,1
MCH0012,LINE-D,2026-07-02T21:20:00,50.1247,1
MCH0012,LINE-D,2026-07-02T22:00:00,50.0645,1
MCH0012,LINE-D,2026-07-02T22:40:00,50.1713,1
MCH0012,LINE-D,2026-07-02T23:20:00,50.0727,1
MCH0012,LINE-D,2026-07-03T00:00:00,50.1229,1
MCH0012,LINE-D,2026-07-03T00:40:00,50.0717,1
MCH0012,LINE-D,2026-07-03T01:20:00,50.0873,1
MCH0012,LINE-D,2026-07-03T02:00:00,50.1301,1
MCH0012,LINE-D,2026-07-03T02:40:00,50.1866,1
MCH0012,LINE-D,2026-07-03T03:20:00,50.1588,1
MCH0012,LINE-D,2026-07-03T04:00:00,50.221,1
MCH0012,LINE-D,2026-07-03T04:40:00,50.1105,1
MCH0012,LINE-D,2026-07-03T05:20:00,50.1578,1
MCH0012,LINE-D,2026-07-03T06:00:00,50.1613,1
MCH0012,LINE-D,2026-07-03T06:40:00,50.1394,1
MCH0012,LINE-D,2026-07-03T07:20:00,50.0896,1
MCH0012,LINE-D,2026-07-03T08:00:00,50.1435,1
MCH0012,LINE-D,2026-07-03T08:40:00,50.1075,1
MCH0012,LINE-D,2026-07-03T09:20:00,50.1836,1
MCH0012,LINE-D,2026-07-03T10:00:00,50.1431,1
MCH0012,LINE-D,2026-07-03T10:40:00,50.0593,1
MCH0012,LINE-D,2026-07-03T11:20:00,50.1914,1
MCH0012,LINE-D,2026-07-03T12:00:00,50.1808,1
MCH0012,LINE-D,2026-07-03T12:40:00,50.131,1
MCH0012,LINE-D,2026-07-03T13:20:00,50.152,1
MCH0012,LINE-D,2026-07-03T14:00:00,50.1766,1
MCH0012,LINE-D,2026-07-03T14:40:00,50.2076,1
MCH0012,LINE-D,2026-07-03T15:20:00,50.1641,1
MCH0012,LINE-D,2026-07-03T16:00:00,50.2019,1
MCH0012,LINE-D,2026-07-03T16:40:00,50.1596,1
MCH0012,LINE-D,2026-07-03T17:20:00,50.0614,1
MCH0012,LINE-D,2026-07-03T18:00:00,50.1637,1
MCH0012,LINE-D,2026-07-03T18:40:00,50.2002,1
MCH0012,LINE-D,2026-07-03T19:20:00,50.2074,1
MCH0012,LINE-D,2026-07-03T20:00:00,50.2046,1
MCH0012,LINE-D,2026-07-03T20:40:00,50.2454,1
MCH0012,LINE-D,2026-07-03T21:20:00,50.2068,1
MCH0012,LINE-D,2026-07-03T22:00:00,50.2062,1
MCH0012,LINE-D,2026-07-03T22:40:00,50.1355,1
MCH0012,LINE-D,2026-07-03T23:20:00,50.1484,1
MCH0012,LINE-D,2026-07-04T00:00:00,50.1854,1
MCH0012,LINE-D,2026-07-04T00:40:00,50.2733,1
MCH0012,LINE-D,2026-07-04T01:20:00,50.1674,1
MCH0012,LINE-D,2026-07-04T02:00:00,50.2009,1
MCH0012,LINE-D,2026-07-04T02:40:00,50.1833,1
MCH0012,LINE-D,2026-07-04T03:20:00,50.1298,1
MCH0012,LINE-D,2026-07-04T04:00:00,50.1623,1
MCH0012,LINE-D,2026-07-04T04:40:00,50.1293,1
MCH0012,LINE-D,2026-07-04T05:20:00,50.2922,1
MCH0012,LINE-D,2026-07-04T06:00:00,50.1898,1
MCH0012,LINE-D,2026-07-04T06:40:00,50.2463,1
MCH0012,LINE-D,2026-07-04T07:20:00,50.1521,1
MCH0012,LINE-D,2026-07-04T08:00:00,50.2821,1
MCH0012,LINE-D,2026-07-04T08:40:00,50.2535,1
MCH0012,LINE-D,2026-07-04T09:20:00,50.1789,1
MCH0012,LINE-D,2026-07-04T10:00:00,50.1623,1
MCH0012,LINE-D,2026-07-04T10:40:00,50.172,1
MCH0012,LINE-D,2026-07-04T11:20:00,50.2486,1
MCH0012,LINE-D,2026-07-04T12:00:00,50.2872,1
MCH0012,LINE-D,2026-07-04T12:40:00,50.2023,1
MCH0012,LINE-D,2026-07-04T13:20:00,50.2019,1
MCH0012,LINE-D,2026-07-04T14:00:00,50.1884,1
MCH0012,LINE-D,2026-07-04T14:40:00,50.3235,0
MCH0012,LINE-D,2026-07-04T15:20:00,50.2164,1
MCH0012,LINE-D,2026-07-04T16:00:00,50.2427,1
MCH0012,LINE-D,2026-07-04T16:40:00,50.1449,1
MCH0012,LINE-D,2026-07-04T17:20:00,50.2305,1
MCH0012,LINE-D,2026-07-04T18:00:00,50.2554,1
MCH0012,LINE-D,2026-07-04T18:40:00,50.2842,1
MCH0012,LINE-D,2026-07-04T19:20:00,50.2208,1
MCH0012,LINE-D,2026-07-04T20:00:00,50.2184,1
MCH0012,LINE-D,2026-07-04T20:40:00,50.294,1
MCH0012,LINE-D,2026-07-04T21:20:00,50.2117,1
MCH0012,LINE-D,2026-07-04T22:00:00,50.1874,1
MCH0012,LINE-D,2026-07-04T22:40:00,50.2236,1
MCH0012,LINE-D,2026-07-04T23:20:00,50.2094,1
MCH0012,LINE-D,2026-07-05T00:00:00,50.2432,1
MCH0012,LINE-D,2026-07-05T00:40:00,50.2294,1
MCH0012,LINE-D,2026-07-05T01:20:00,50.2235,1
MCH0012,LINE-D,2026-07-05T02:00:00,50.1647,1
MCH0012,LINE-D,2026-07-05T02:40:00,50.3673,0
MCH0012,LINE-D,2026-07-05T03:20:00,50.2937,1
MCH0012,LINE-D,2026-07-05T04:00:00,50.2224,1
MCH0012,LINE-D,2026-07-05T04:40:00,50.1842,1
MCH0012,LINE-D,2026-07-05T05:20:00,50.332,0
MCH0012,LINE-D,2026-07-05T06:00:00,50.2766,1
MCH0012,LINE-D,2026-07-05T06:40:00,50.2686,1
MCH0012,LINE-D,2026-07-05T07:20:00,50.3003,0
MCH0012,LINE-D,2026-07-05T08:00:00,50.234,1
MCH0012,LINE-D,2026-07-05T08:40:00,50.2051,1
MCH0012,LINE-D,2026-07-05T09:20:00,50.3132,0
MCH0012,LINE-D,2026-07-05T10:00:00,50.2699,1
MCH0012,LINE-D,2026-07-05T10:40:00,50.2322,1
MCH0012,LINE-D,2026-07-05T11:20:00,50.3202,0
MCH0012,LINE-D,2026-07-05T12:00:00,50.3203,0
MCH0012,LINE-D,2026-07-05T12:40:00,50.2866,1
MCH0012,LINE-D,2026-07-05T13:20:00,50.3469,0
MCH0012,LINE-D,2026-07-05T14:00:00,50.3266,0
MCH0012,LINE-D,2026-07-05T14:40:00,50.3499,0
MCH0012,LINE-D,2026-07-05T15:20:00,50.3663,0
MCH0012,LINE-D,2026-07-05T16:00:00,50.3328,0
MCH0012,LINE-D,2026-07-05T16:40:00,50.2959,1
MCH0012,LINE-D,2026-07-05T17:20:00,50.3019,0
MCH0012,LINE-D,2026-07-05T18:00:00,50.3001,0
MCH0012,LINE-D,2026-07-05T18:40:00,50.3974,0
MCH0012,LINE-D,2026-07-05T19:20:00,50.3248,0
MCH0012,LINE-D,2026-07-05T20:00:00,50.2128,1
MCH0012,LINE-D,2026-07-05T20:40:00,50.323,0
MCH0012,LINE-D,2026-07-05T21:20:00,50.3462,0
MCH0012,LINE-D,2026-07-05T22:00:00,50.2992,1
MCH0012,LINE-D,2026-07-05T22:40:00,50.235,1
MCH0012,LINE-D,2026-07-05T23:20:00,50.2313,1
MCH0012,LINE-D,2026-07-06T00:00:00,50.373,0
MCH0012,LINE-D,2026-07-06T00:40:00,50.3047,0
MCH0012,LINE-D,2026-07-06T01:20:00,50.305,0
MCH0012,LINE-D,2026-07-06T02:00:00,50.2661,1
MCH0012,LINE-D,2026-07-06T02:40:00,50.3066,0
MCH0012,LINE-D,2026-07-06T03:20:00,50.3788,0
MCH0012,LINE-D,2026-07-06T04:00:00,50.3091,0
MCH0012,LINE-D,2026-07-06T04:40:00,50.2649,1
MCH0012,LINE-D,2026-07-06T05:20:00,50.2576,1
MCH0012,LINE-D,2026-07-06T06:00:00,50.3268,0
MCH0012,LINE-D,2026-07-06T06:40:00,50.4394,0
MCH0012,LINE-D,2026-07-06T07:20:00,50.311,0
MCH0012,LINE-D,2026-07-06T08:00:00,50.3993,0
MCH0012,LINE-D,2026-07-06T08:40:00,50.3842,0
MCH0012,LINE-D,2026-07-06T09:20:00,50.3855,0
MCH0012,LINE-D,2026-07-06T10:00:00,50.4007,0
MCH0012,LINE-D,2026-07-06T10:40:00,50.38,0
MCH0012,LINE-D,2026-07-06T11:20:00,50.3253,0
MCH0012,LINE-D,2026-07-06T12:00:00,50.3028,0
MCH0012,LINE-D,2026-07-06T12:40:00,50.363,0
MCH0012,LINE-D,2026-07-06T13:20:00,50.3291,0
MCH0012,LINE-D,2026-07-06T14:00:00,50.3625,0
MCH0012,LINE-D,2026-07-06T14:40:00,50.3358,0
MCH0012,LINE-D,2026-07-06T15:20:00,50.351,0
MCH0012,LINE-D,2026-07-06T16:00:00,50.3829,0
MCH0012,LINE-D,2026-07-06T16:40:00,50.3635,0
MCH0012,LINE-D,2026-07-06T17:20:00,50.364,0
MCH0012,LINE-D,2026-07-06T18:00:00,50.4055,0
MCH0012,LINE-D,2026-07-06T18:40:00,50.395,0
MCH0012,LINE-D,2026-07-06T19:20:00,50.3844,0
MCH0012,LINE-D,2026-07-06T20:00:00,50.3732,0
MCH0012,LINE-D,2026-07-06T20:40:00,50.3082,0
MCH0012,LINE-D,2026-07-06T21:20:00,50.3296,0
MCH0012,LINE-D,2026-07-06T22:00:00,50.3625,0
MCH0012,LINE-D,2026-07-06T22:40:00,50.4917,0
MCH0012,LINE-D,2026-07-06T23:20:00,50.4599,0
MCH0012,LINE-D,2026-07-07T00:00:00,50.3652,0
MCH0012,LINE-D,2026-07-07T00:40:00,50.4525,0
MCH0012,LINE-D,2026-07-07T01:20:00,50.2486,1
MCH0012,LINE-D,2026-07-07T02:00:00,50.4393,0
MCH0012,LINE-D,2026-07-07T02:40:00,50.4794,0
MCH0012,LINE-D,2026-07-07T03:20:00,50.4409,0
MCH0012,LINE-D,2026-07-07T04:00:00,50.3593,0
MCH0012,LINE-D,2026-07-07T04:40:00,50.3759,0
MCH0012,LINE-D,2026-07-07T05:20:00,50.349,0
MCH0012,LINE-D,2026-07-07T06:00:00,50.4713,0
MCH0012,LINE-D,2026-07-07T06:40:00,50.4101,0
MCH0012,LINE-D,2026-07-07T07:20:00,50.3747,0
MCH0012,LINE-D,2026-07-07T08:00:00,50.4222,0
MCH0012,LINE-D,2026-07-07T08:40:00,50.4732,0
MCH0012,LINE-D,2026-07-07T09:20:00,50.4335,0
MCH0012,LINE-D,2026-07-07T10:00:00,50.409,0
MCH0012,LINE-D,2026-07-07T10:40:00,50.3423,0
MCH0012,LINE-D,2026-07-07T11:20:00,50.363,0
MCH0012,LINE-D,2026-07-07T12:00:00,50.4263,0
MCH0012,LINE-D,2026-07-07T12:40:00,50.4367,0
MCH0012,LINE-D,2026-07-07T13:20:00,50.4626,0
MCH0012,LINE-D,2026-07-07T14:00:00,50.4114,0
MCH0012,LINE-D,2026-07-07T14:40:00,50.5255,0
MCH0012,LINE-D,2026-07-07T15:20:00,50.4655,0
MCH0012,LINE-D,2026-07-07T16:00:00,50.38,0
MCH0012,LINE-D,2026-07-07T16:40:00,50.4504,0
MCH0012,LINE-D,2026-07-07T17:20:00,50.4584,0
MCH0012,LINE-D,2026-07-07T18:00:00,50.4683,0
MCH0012,LINE-D,2026-07-07T18:40:00,50.4531,0
MCH0012,LINE-D,2026-07-07T19:20:00,50.3677,0
MCH0012,LINE-D,2026-07-07T20:00:00,50.4882,0
MCH0012,LINE-D,2026-07-07T20:40:00,50.3856,0
MCH0012,LINE-D,2026-07-07T21:20:00,50.4574,0
MCH0012,LINE-D,2026-07-07T22:00:00,50.4487,0
MCH0012,LINE-D,2026-07-07T22:40:00,50.4742,0
MCH0012,LINE-D,2026-07-07T23:20:00,50.4595,0
MCH0012,LINE-D,2026-07-08T00:00:00,50.424,0
MCH0012,LINE-D,2026-07-08T00:40:00,50.4663,0
MCH0012,LINE-D,2026-07-08T01:20:00,50.4276,0
MCH0012,LINE-D,2026-07-08T02:00:00,50.4786,0
MCH0012,LINE-D,2026-07-08T02:40:00,50.4602,0
MCH0012,LINE-D,2026-07-08T03:20:00,50.476,0
MCH0012,LINE-D,2026-07-08T04:00:00,50.4636,0
MCH0012,LINE-D,2026-07-08T04:40:00,50.5283,0
MCH0012,LINE-D,2026-07-08T05:20:00,50.4121,0
MCH0012,LINE-D,2026-07-08T06:00:00,50.5093,0
MCH0012,LINE-D,2026-07-08T06:40:00,50.4595,0
MCH0012,LINE-D,2026-07-08T07:20:00,50.5681,0
MCH0012,LINE-D,2026-07-08T08:00:00,50.4208,0
MCH0012,LINE-D,2026-07-08T08:40:00,50.5004,0
MCH0012,LINE-D,2026-07-08T09:20:00,50.5502,0
MCH0012,LINE-D,2026-07-08T10:00:00,50.4969,0
MCH0012,LINE-D,2026-07-08T10:40:00,50.5606,0
MCH0012,LINE-D,2026-07-08T11:20:00,50.4927,0
MCH0012,LINE-D,2026-07-08T12:00:00,50.5196,0
MCH0012,LINE-D,2026-07-08T12:40:00,50.55,0
MCH0012,LINE-D,2026-07-08T13:20:00,50.4663,0
MCH0012,LINE-D,2026-07-08T14:00:00,50.5131,0
MCH0012,LINE-D,2026-07-08T14:40:00,50.4919,0
MCH0012,LINE-D,2026-07-08T15:20:00,50.4811,0
MCH0012,LINE-D,2026-07-08T16:00:00,50.5438,0
MCH0012,LINE-D,2026-07-08T16:40:00,50.5747,0
MCH0012,LINE-D,2026-07-08T17:20:00,50.6137,0
MCH0012,LINE-D,2026-07-08T18:00:00,50.5095,0
MCH0012,LINE-D,2026-07-08T18:40:00,50.5135,0
MCH0012,LINE-D,2026-07-08T19:20:00,50.529,0
MCH0012,LINE-D,2026-07-08T20:00:00,50.426,0
MCH0012,LINE-D,2026-07-08T20:40:00,50.5495,0
MCH0012,LINE-D,2026-07-08T21:20:00,50.4715,0
MCH0012,LINE-D,2026-07-08T22:00:00,50.5734,0
MCH0012,LINE-D,2026-07-08T22:40:00,50.5118,0
MCH0012,LINE-D,2026-07-08T23:20:00,50.4888,0
MCH0012,LINE-D,2026-07-09T00:00:00,50.4606,0
MCH0012,LINE-D,2026-07-09T00:40:00,50.4949,0
MCH0012,LINE-D,2026-07-09T01:20:00,50.5525,0
MCH0012,LINE-D,2026-07-09T02:00:00,50.4814,0
MCH0012,LINE-D,2026-07-09T02:40:00,50.477,0
MCH0012,LINE-D,2026-07-09T03:20:00,50.4822,0
MCH0012,LINE-D,2026-07-09T04:00:00,50.4343,0
MCH0012,LINE-D,2026-07-09T04:40:00,50.5488,0
MCH0012,LINE-D,2026-07-09T05:20:00,50.4875,0
MCH0012,LINE-D,2026-07-09T06:00:00,50.4835,0
MCH0012,LINE-D,2026-07-09T06:40:00,50.5387,0
MCH0012,LINE-D,2026-07-09T07:20:00,50.5082,0
MCH0012,LINE-D,2026-07-09T08:00:00,50.5657,0
MCH0012,LINE-D,2026-07-09T08:40:00,50.5403,0
MCH0012,LINE-D,2026-07-09T09:20:00,50.4436,0
MCH0012,LINE-D,2026-07-09T10:00:00,50.5545,0
MCH0012,LINE-D,2026-07-09T10:40:00,50.5017,0
MCH0012,LINE-D,2026-07-09T11:20:00,50.5858,0
MCH0012,LINE-D,2026-07-09T12:00:00,50.5026,0
MCH0012,LINE-D,2026-07-09T12:40:00,50.5984,0
MCH0012,LINE-D,2026-07-09T13:20:00,50.5508,0
MCH0012,LINE-D,2026-07-09T14:00:00,50.475,0
MCH0012,LINE-D,2026-07-09T14:40:00,50.5331,0
MCH0012,LINE-D,2026-07-09T15:20:00,50.5501,0
MCH0012,LINE-D,2026-07-09T16:00:00,50.5972,0
MCH0012,LINE-D,2026-07-09T16:40:00,50.4966,0
MCH0012,LINE-D,2026-07-09T17:20:00,50.4616,0
MCH0012,LINE-D,2026-07-09T18:00:00,50.5992,0
MCH0012,LINE-D,2026-07-09T18:40:00,50.5785,0
MCH0012,LINE-D,2026-07-09T19:20:00,50.634,0
MCH0012,LINE-D,2026-07-09T20:00:00,50.5071,0
MCH0012,LINE-D,2026-07-09T20:40:00,50.5088,0
MCH0012,LINE-D,2026-07-09T21:20:00,50.6119,0
MCH0012,LINE-D,2026-07-09T22:00:00,50.5604,0
MCH0012,LINE-D,2026-07-09T22:40:00,50.5588,0
MCH0012,LINE-D,2026-07-09T23:20:00,50.5789,0
MCH0012,LINE-D,2026-07-10T00:00:00,50.6595,0
MCH0012,LINE-D,2026-07-10T00:40:00,50.5845,0
MCH0012,LINE-D,2026-07-10T01:20:00,50.6382,0
MCH0012,LINE-D,2026-07-10T02:00:00,50.6398,0
MCH0012,LINE-D,2026-07-10T02:40:00,50.6078,0
MCH0012,LINE-D,2026-07-10T03:20:00,50.5606,0
MCH0012,LINE-D,2026-07-10T04:00:00,50.5956,0
MCH0012,LINE-D,2026-07-10T04:40:00,50.6031,0
MCH0012,LINE-D,2026-07-10T05:20:00,50.1007,1
MCH0012,LINE-D,2026-07-10T06:00:00,50.1207,1
MCH0012,LINE-D,2026-07-10T06:40:00,49.9935,1
MCH0012,LINE-D,2026-07-10T07:20:00,50.0089,1
MCH0012,LINE-D,2026-07-10T08:00:00,50.0431,1
MCH0012,LINE-D,2026-07-10T08:40:00,49.9507,1
MCH0012,LINE-D,2026-07-10T09:20:00,50.0669,1
MCH0012,LINE-D,2026-07-10T10:00:00,50.0267,1
MCH0012,LINE-D,2026-07-10T10:40:00,49.9966,1
MCH0012,LINE-D,2026-07-10T11:20:00,50.0913,1
MCH0012,LINE-D,2026-07-10T12:00:00,50.0188,1
MCH0012,LINE-D,2026-07-10T12:40:00,50.0438,1
MCH0012,LINE-D,2026-07-10T13:20:00,50.115,1
MCH0012,LINE-D,2026-07-10T14:00:00,50.0565,1
MCH0012,LINE-D,2026-07-10T14:40:00,50.1052,1
MCH0012,LINE-D,2026-07-10T15:20:00,49.9941,1
MCH0012,LINE-D,2026-07-10T16:00:00,50.084,1
MCH0012,LINE-D,2026-07-10T16:40:00,49.9996,1
MCH0012,LINE-D,2026-07-10T17:20:00,50.0865,1
MCH0012,LINE-D,2026-07-10T18:00:00,50.0884,1
MCH0012,LINE-D,2026-07-10T18:40:00,50.071,1
MCH0012,LINE-D,2026-07-10T19:20:00,49.9887,1
MCH0012,LINE-D,2026-07-10T20:00:00,50.0015,1
MCH0012,LINE-D,2026-07-10T20:40:00,50.07,1
MCH0012,LINE-D,2026-07-10T21:20:00,49.9099,1
MCH0012,LINE-D,2026-07-10T22:00:00,49.9901,1
MCH0012,LINE-D,2026-07-10T22:40:00,50.0142,1
MCH0012,LINE-D,2026-07-10T23:20:00,50.0898,1
MCH0012,LINE-D,2026-07-11T00:00:00,50.1046,1
MCH0012,LINE-D,2026-07-11T00:40:00,50.1167,1
MCH0012,LINE-D,2026-07-11T01:20:00,50.1496,1
MCH0012,LINE-D,2026-07-11T02:00:00,50.0527,1
MCH0012,LINE-D,2026-07-11T02:40:00,50.0376,1
MCH0012,LINE-D,2026-07-11T03:20:00,50.1374,1
MCH0012,LINE-D,2026-07-11T04:00:00,50.0661,1
MCH0012,LINE-D,2026-07-11T04:40:00,50.1515,1
MCH0012,LINE-D,2026-07-11T05:20:00,50.1116,1
MCH0012,LINE-D,2026-07-11T06:00:00,49.9933,1
MCH0012,LINE-D,2026-07-11T06:40:00,50.0579,1
MCH0012,LINE-D,2026-07-11T07:20:00,49.9766,1
MCH0012,LINE-D,2026-07-11T08:00:00,50.0068,1
MCH0012,LINE-D,2026-07-11T08:40:00,50.0353,1
MCH0012,LINE-D,2026-07-11T09:20:00,50.0475,1
MCH0012,LINE-D,2026-07-11T10:00:00,50.0672,1
MCH0012,LINE-D,2026-07-11T10:40:00,50.0302,1
MCH0012,LINE-D,2026-07-11T11:20:00,50.0336,1
MCH0012,LINE-D,2026-07-11T12:00:00,50.0845,1
MCH0012,LINE-D,2026-07-11T12:40:00,50.099,1
MCH0012,LINE-D,2026-07-11T13:20:00,50.0705,1
MCH0012,LINE-D,2026-07-11T14:00:00,50.0048,1
MCH0012,LINE-D,2026-07-11T14:40:00,50.0819,1
MCH0012,LINE-D,2026-07-11T15:20:00,50.0826,1
MCH0012,LINE-D,2026-07-11T16:00:00,50.0428,1
MCH0012,LINE-D,2026-07-11T16:40:00,50.1002,1
MCH0012,LINE-D,2026-07-11T17:20:00,49.9989,1
MCH0012,LINE-D,2026-07-11T18:00:00,50.087,1
MCH0012,LINE-D,2026-07-11T18:40:00,50.0914,1
MCH0012,LINE-D,2026-07-11T19:20:00,50.0319,1
MCH0012,LINE-D,2026-07-11T20:00:00,50.0943,1
MCH0012,LINE-D,2026-07-11T20:40:00,50.1451,1
MCH0012,LINE-D,2026-07-11T21:20:00,50.0819,1
MCH0012,LINE-D,2026-07-11T22:00:00,50.0695,1
MCH0012,LINE-D,2026-07-11T22:40:00,50.0385,1
MCH0012,LINE-D,2026-07-11T23:20:00,50.014,1
MCH0012,LINE-D,2026-07-12T00:00:00,50.0857,1
MCH0012,LINE-D,2026-07-12T00:40:00,50.066,1
MCH0012,LINE-D,2026-07-12T01:20:00,50.0482,1
MCH0012,LINE-D,2026-07-12T02:00:00,49.9955,1
MCH0012,LINE-D,2026-07-12T02:40:00,50.0368,1
MCH0012,LINE-D,2026-07-12T03:20:00,50.0654,1
MCH0012,LINE-D,2026-07-12T04:00:00,50.0545,1
MCH0012,LINE-D,2026-07-12T04:40:00,50.1183,1
MCH0012,LINE-D,2026-07-12T05:20:00,50.065,1
MCH0012,LINE-D,2026-07-12T06:00:00,50.0592,1
MCH0012,LINE-D,2026-07-12T06:40:00,50.067,1
MCH0012,LINE-D,2026-07-12T07:20:00,50.1064,1
MCH0012,LINE-D,2026-07-12T08:00:00,50.0661,1
MCH0012,LINE-D,2026-07-12T08:40:00,50.0688,1
MCH0012,LINE-D,2026-07-12T09:20:00,50.1308,1
MCH0012,LINE-D,2026-07-12T10:00:00,49.9962,1
MCH0012,LINE-D,2026-07-12T10:40:00,50.1046,1
MCH0012,LINE-D,2026-07-12T11:20:00,50.001,1
MCH0012,LINE-D,2026-07-12T12:00:00,50.18,1
MCH0012,LINE-D,2026-07-12T12:40:00,50.1443,1
MCH0012,LINE-D,2026-07-12T13:20:00,50.1108,1
MCH0012,LINE-D,2026-07-12T14:00:00,50.0469,1
MCH0012,LINE-D,2026-07-12T14:40:00,50.0801,1
MCH0012,LINE-D,2026-07-12T15:20:00,50.1006,1
MCH0012,LINE-D,2026-07-12T16:00:00,50.0922,1
MCH0012,LINE-D,2026-07-12T16:40:00,50.0959,1
MCH0012,LINE-D,2026-07-12T17:20:00,50.1201,1
MCH0012,LINE-D,2026-07-12T18:00:00,50.0814,1
MCH0012,LINE-D,2026-07-12T18:40:00,50.0817,1
MCH0012,LINE-D,2026-07-12T19:20:00,50.0366,1
MCH0012,LINE-D,2026-07-12T20:00:00,50.1655,1
MCH0012,LINE-D,2026-07-12T20:40:00,50.1017,1
MCH0012,LINE-D,2026-07-12T21:20:00,50.0319,1
MCH0012,LINE-D,2026-07-12T22:00:00,50.0901,1
MCH0012,LINE-D,2026-07-12T22:40:00,50.0878,1
MCH0012,LINE-D,2026-07-12T23:20:00,50.0939,1
MCH0012,LINE-D,2026-07-13T00:00:00,50.2301,1
MCH0012,LINE-D,2026-07-13T00:40:00,50.1146,1
MCH0012,LINE-D,2026-07-13T01:20:00,50.0481,1
MCH0012,LINE-D,2026-07-13T02:00:00,50.0499,1
MCH0012,LINE-D,2026-07-13T02:40:00,50.1009,1
MCH0012,LINE-D,2026-07-13T03:20:00,50.1765,1
MCH0012,LINE-D,2026-07-13T04:00:00,50.0578,1
MCH0012,LINE-D,2026-07-13T04:40:00,50.1105,1
MCH0012,LINE-D,2026-07-13T05:20:00,50.115,1
MCH0012,LINE-D,2026-07-13T06:00:00,50.0478,1
MCH0012,LINE-D,2026-07-13T06:40:00,50.1549,1
MCH0012,LINE-D,2026-07-13T07:20:00,50.0765,1
MCH0012,LINE-D,2026-07-13T08:00:00,50.053,1
MCH0012,LINE-D,2026-07-13T08:40:00,50.1036,1
MCH0012,LINE-D,2026-07-13T09:20:00,50.0987,1
MCH0012,LINE-D,2026-07-13T10:00:00,50.0672,1
MCH0012,LINE-D,2026-07-13T10:40:00,50.1548,1
MCH0012,LINE-D,2026-07-13T11:20:00,50.1245,1
MCH0012,LINE-D,2026-07-13T12:00:00,50.1013,1
MCH0012,LINE-D,2026-07-13T12:40:00,50.155,1
MCH0012,LINE-D,2026-07-13T13:20:00,50.1763,1
MCH0012,LINE-D,2026-07-13T14:00:00,50.1179,1
MCH0012,LINE-D,2026-07-13T14:40:00,50.0737,1
MCH0012,LINE-D,2026-07-13T15:20:00,50.2014,1
MCH0012,LINE-D,2026-07-13T16:00:00,50.1524,1
MCH0012,LINE-D,2026-07-13T16:40:00,50.1122,1
MCH0012,LINE-D,2026-07-13T17:20:00,50.0983,1
MCH0012,LINE-D,2026-07-13T18:00:00,50.174,1
MCH0012,LINE-D,2026-07-13T18:40:00,50.1233,1
MCH0012,LINE-D,2026-07-13T19:20:00,50.1211,1
MCH0012,LINE-D,2026-07-13T20:00:00,50.2429,1
MCH0012,LINE-D,2026-07-13T20:40:00,50.1058,1
MCH0012,LINE-D,2026-07-13T21:20:00,50.0552,1
MCH0012,LINE-D,2026-07-13T22:00:00,50.0542,1
MCH0012,LINE-D,2026-07-13T22:40:00,50.0656,1
MCH0012,LINE-D,2026-07-13T23:20:00,50.1175,1
MCH0012,LINE-D,2026-07-14T00:00:00,50.0588,1
MCH0012,LINE-D,2026-07-14T00:40:00,50.1824,1
MCH0012,LINE-D,2026-07-14T01:20:00,50.1781,1
MCH0012,LINE-D,2026-07-14T02:00:00,50.1431,1
MCH0012,LINE-D,2026-07-14T02:40:00,50.1465,1
MCH0012,LINE-D,2026-07-14T03:20:00,50.1081,1
MCH0012,LINE-D,2026-07-14T04:00:00,50.1394,1
MCH0012,LINE-D,2026-07-14T04:40:00,50.0767,1
MCH0012,LINE-D,2026-07-14T05:20:00,50.021,1
MCH0012,LINE-D,2026-07-14T06:00:00,50.1346,1
MCH0012,LINE-D,2026-07-14T06:40:00,50.0244,1
MCH0012,LINE-D,2026-07-14T07:20:00,50.146,1
MCH0012,LINE-D,2026-07-14T08:00:00,50.0983,1
MCH0012,LINE-D,2026-07-14T08:40:00,50.1921,1
MCH0012,LINE-D,2026-07-14T09:20:00,50.0687,1
MCH0012,LINE-D,2026-07-14T10:00:00,50.2047,1
MCH0012,LINE-D,2026-07-14T10:40:00,50.1662,1
MCH0012,LINE-D,2026-07-14T11:20:00,50.1665,1
MCH0012,LINE-D,2026-07-14T12:00:00,50.1292,1
MCH0012,LINE-D,2026-07-14T12:40:00,50.082,1
MCH0012,LINE-D,2026-07-14T13:20:00,50.0464,1
MCH0012,LINE-D,2026-07-14T14:00:00,50.1182,1
MCH0012,LINE-D,2026-07-14T14:40:00,50.0637,1
MCH0012,LINE-D,2026-07-14T15:20:00,50.1753,1
MCH0012,LINE-D,2026-07-14T16:00:00,50.071,1
MCH0012,LINE-D,2026-07-14T16:40:00,50.211,1
MCH0012,LINE-D,2026-07-14T17:20:00,50.1133,1
MCH0012,LINE-D,2026-07-14T18:00:00,50.183,1
MCH0012,LINE-D,2026-07-14T18:40:00,50.1238,1
MCH0012,LINE-D,2026-07-14T19:20:00,50.2072,1
MCH0012,LINE-D,2026-07-14T20:00:00,50.0537,1
MCH0012,LINE-D,2026-07-14T20:40:00,50.2506,1
MCH0012,LINE-D,2026-07-14T21:20:00,50.1396,1
MCH0012,LINE-D,2026-07-14T22:00:00,50.1285,1
MCH0012,LINE-D,2026-07-14T22:40:00,50.0728,1
MCH0012,LINE-D,2026-07-14T23:20:00,50.1918,1
MCH0012,LINE-D,2026-07-15T00:00:00,50.1642,1
MCH0012,LINE-D,2026-07-15T00:40:00,50.1196,1
MCH0012,LINE-D,2026-07-15T01:20:00,50.1725,1
MCH0012,LINE-D,2026-07-15T02:00:00,50.2127,1
MCH0012,LINE-D,2026-07-15T02:40:00,50.1669,1
MCH0012,LINE-D,2026-07-15T03:20:00,50.134,1
MCH0012,LINE-D,2026-07-15T04:00:00,50.2227,1
MCH0012,LINE-D,2026-07-15T04:40:00,50.1824,1
MCH0012,LINE-D,2026-07-15T05:20:00,50.1958,1
MCH0012,LINE-D,2026-07-15T06:00:00,50.1585,1
MCH0012,LINE-D,2026-07-15T06:40:00,50.2137,1
MCH0012,LINE-D,2026-07-15T07:20:00,50.114,1
MCH0012,LINE-D,2026-07-15T08:00:00,50.1458,1
MCH0012,LINE-D,2026-07-15T08:40:00,50.0632,1
MCH0012,LINE-D,2026-07-15T09:20:00,50.2019,1
MCH0012,LINE-D,2026-07-15T10:00:00,50.1779,1
MCH0012,LINE-D,2026-07-15T10:40:00,50.195,1
MCH0012,LINE-D,2026-07-15T11:20:00,50.1505,1
MCH0012,LINE-D,2026-07-15T12:00:00,50.2734,1
MCH0012,LINE-D,2026-07-15T12:40:00,50.1636,1
MCH0012,LINE-D,2026-07-15T13:20:00,50.237,1
MCH0012,LINE-D,2026-07-15T14:00:00,50.1243,1
MCH0012,LINE-D,2026-07-15T14:40:00,50.1703,1
MCH0012,LINE-D,2026-07-15T15:20:00,50.1793,1
MCH0012,LINE-D,2026-07-15T16:00:00,50.1927,1
MCH0012,LINE-D,2026-07-15T16:40:00,50.2449,1
MCH0012,LINE-D,2026-07-15T17:20:00,50.1187,1
MCH0012,LINE-D,2026-07-15T18:00:00,50.1537,1
MCH0012,LINE-D,2026-07-15T18:40:00,50.1772,1
MCH0012,LINE-D,2026-07-15T19:20:00,50.1897,1
MCH0012,LINE-D,2026-07-15T20:00:00,50.1638,1
MCH0012,LINE-D,2026-07-15T20:40:00,50.1785,1
MCH0012,LINE-D,2026-07-15T21:20:00,50.1475,1
MCH0012,LINE-D,2026-07-15T22:00:00,50.1786,1
MCH0012,LINE-D,2026-07-15T22:40:00,50.2458,1
MCH0012,LINE-D,2026-07-15T23:20:00,50.2504,1
MCH0012,LINE-D,2026-07-16T00:00:00,50.3043,0
MCH0012,LINE-D,2026-07-16T00:40:00,50.1756,1
MCH0012,LINE-D,2026-07-16T01:20:00,50.2574,1
MCH0012,LINE-D,2026-07-16T02:00:00,50.1663,1
MCH0012,LINE-D,2026-07-16T02:40:00,50.2023,1
MCH0012,LINE-D,2026-07-16T03:20:00,50.187,1
MCH0012,LINE-D,2026-07-16T04:00:00,50.254,1
MCH0012,LINE-D,2026-07-16T04:40:00,50.1913,1
MCH0012,LINE-D,2026-07-16T05:20:00,50.3137,0
MCH0012,LINE-D,2026-07-16T06:00:00,50.2251,1
MCH0012,LINE-D,2026-07-16T06:40:00,50.2308,1
MCH0012,LINE-D,2026-07-16T07:20:00,50.2171,1
MCH0012,LINE-D,2026-07-16T08:00:00,50.1937,1
MCH0012,LINE-D,2026-07-16T08:40:00,50.2023,1
MCH0012,LINE-D,2026-07-16T09:20:00,50.2541,1
MCH0012,LINE-D,2026-07-16T10:00:00,50.2547,1
MCH0012,LINE-D,2026-07-16T10:40:00,50.1904,1
MCH0012,LINE-D,2026-07-16T11:20:00,50.2449,1
MCH0012,LINE-D,2026-07-16T12:00:00,50.1894,1
MCH0012,LINE-D,2026-07-16T12:40:00,50.1262,1
MCH0012,LINE-D,2026-07-16T13:20:00,50.1894,1
MCH0012,LINE-D,2026-07-16T14:00:00,50.2061,1
MCH0012,LINE-D,2026-07-16T14:40:00,50.1729,1
MCH0012,LINE-D,2026-07-16T15:20:00,50.1157,1
MCH0012,LINE-D,2026-07-16T16:00:00,50.1718,1
MCH0012,LINE-D,2026-07-16T16:40:00,50.1701,1
MCH0012,LINE-D,2026-07-16T17:20:00,50.0848,1
MCH0012,LINE-D,2026-07-16T18:00:00,50.2344,1
MCH0012,LINE-D,2026-07-16T18:40:00,50.2171,1
MCH0012,LINE-D,2026-07-16T19:20:00,50.1448,1
MCH0012,LINE-D,2026-07-16T20:00:00,50.2634,1
MCH0012,LINE-D,2026-07-16T20:40:00,50.2102,1
MCH0012,LINE-D,2026-07-16T21:20:00,50.1627,1
MCH0012,LINE-D,2026-07-16T22:00:00,50.149,1
MCH0012,LINE-D,2026-07-16T22:40:00,50.2164,1
MCH0012,LINE-D,2026-07-16T23:20:00,50.1989,1
MCH0012,LINE-D,2026-07-17T00:00:00,50.1384,1
MCH0012,LINE-D,2026-07-17T00:40:00,50.142,1
MCH0012,LINE-D,2026-07-17T01:20:00,50.2109,1
MCH0012,LINE-D,2026-07-17T02:00:00,50.2185,1
MCH0012,LINE-D,2026-07-17T02:40:00,50.1995,1
MCH0012,LINE-D,2026-07-17T03:20:00,50.2166,1
MCH0012,LINE-D,2026-07-17T04:00:00,50.2032,1
MCH0012,LINE-D,2026-07-17T04:40:00,50.1856,1
MCH0012,LINE-D,2026-07-17T05:20:00,50.2327,1
MCH0012,LINE-D,2026-07-17T06:00:00,50.375,0
MCH0012,LINE-D,2026-07-17T06:40:00,50.2037,1
MCH0012,LINE-D,2026-07-17T07:20:00,50.2692,1
MCH0012,LINE-D,2026-07-17T08:00:00,50.3154,0
MCH0012,LINE-D,2026-07-17T08:40:00,50.336,0
MCH0012,LINE-D,2026-07-17T09:20:00,50.2282,1
MCH0012,LINE-D,2026-07-17T10:00:00,50.1455,1
MCH0012,LINE-D,2026-07-17T10:40:00,50.195,1
MCH0012,LINE-D,2026-07-17T11:20:00,50.1567,1
MCH0012,LINE-D,2026-07-17T12:00:00,50.1998,1
MCH0012,LINE-D,2026-07-17T12:40:00,50.2404,1
MCH0012,LINE-D,2026-07-17T13:20:00,50.1762,1
MCH0012,LINE-D,2026-07-17T14:00:00,50.1287,1
MCH0012,LINE-D,2026-07-17T14:40:00,50.2691,1
MCH0012,LINE-D,2026-07-17T15:20:00,50.2098,1
MCH0012,LINE-D,2026-07-17T16:00:00,50.3031,0
MCH0012,LINE-D,2026-07-17T16:40:00,50.209,1
MCH0012,LINE-D,2026-07-17T17:20:00,50.1793,1
MCH0012,LINE-D,2026-07-17T18:00:00,50.1541,1
MCH0012,LINE-D,2026-07-17T18:40:00,50.2392,1
MCH0012,LINE-D,2026-07-17T19:20:00,50.2371,1
MCH0012,LINE-D,2026-07-17T20:00:00,50.2467,1
MCH0012,LINE-D,2026-07-17T20:40:00,50.1965,1
MCH0012,LINE-D,2026-07-17T21:20:00,50.376,0
MCH0012,LINE-D,2026-07-17T22:00:00,50.1871,1
MCH0012,LINE-D,2026-07-17T22:40:00,50.2428,1
MCH0012,LINE-D,2026-07-17T23:20:00,50.1785,1
MCH0012,LINE-D,2026-07-18T00:00:00,50.2815,1
MCH0012,LINE-D,2026-07-18T00:40:00,50.1759,1
MCH0012,LINE-D,2026-07-18T01:20:00,50.209,1
MCH0012,LINE-D,2026-07-18T02:00:00,50.2647,1
MCH0012,LINE-D,2026-07-18T02:40:00,50.1906,1
MCH0012,LINE-D,2026-07-18T03:20:00,50.2224,1
MCH0012,LINE-D,2026-07-18T04:00:00,50.2672,1
MCH0012,LINE-D,2026-07-18T04:40:00,50.2452,1
MCH0012,LINE-D,2026-07-18T05:20:00,50.2048,1
MCH0012,LINE-D,2026-07-18T06:00:00,50.2562,1
MCH0012,LINE-D,2026-07-18T06:40:00,50.2344,1
MCH0012,LINE-D,2026-07-18T07:20:00,50.1837,1
MCH0012,LINE-D,2026-07-18T08:00:00,50.2229,1
MCH0012,LINE-D,2026-07-18T08:40:00,50.326,0
MCH0012,LINE-D,2026-07-18T09:20:00,50.2106,1
MCH0012,LINE-D,2026-07-18T10:00:00,50.258,1
MCH0012,LINE-D,2026-07-18T10:40:00,50.2592,1
MCH0012,LINE-D,2026-07-18T11:20:00,50.1558,1
MCH0012,LINE-D,2026-07-18T12:00:00,50.2769,1
MCH0012,LINE-D,2026-07-18T12:40:00,50.3378,0
MCH0012,LINE-D,2026-07-18T13:20:00,50.2811,1
MCH0012,LINE-D,2026-07-18T14:00:00,50.2488,1
MCH0012,LINE-D,2026-07-18T14:40:00,50.2282,1
MCH0012,LINE-D,2026-07-18T15:20:00,50.3436,0
MCH0012,LINE-D,2026-07-18T16:00:00,50.2111,1
MCH0012,LINE-D,2026-07-18T16:40:00,50.225,1
MCH0012,LINE-D,2026-07-18T17:20:00,50.2549,1
MCH0012,LINE-D,2026-07-18T18:00:00,50.2406,1
MCH0012,LINE-D,2026-07-18T18:40:00,50.2399,1
MCH0012,LINE-D,2026-07-18T19:20:00,50.2457,1
MCH0012,LINE-D,2026-07-18T20:00:00,50.2047,1
MCH0012,LINE-D,2026-07-18T20:40:00,50.218,1
MCH0012,LINE-D,2026-07-18T21:20:00,50.2122,1
MCH0012,LINE-D,2026-07-18T22:00:00,50.2444,1
MCH0012,LINE-D,2026-07-18T22:40:00,50.3146,0
MCH0012,LINE-D,2026-07-18T23:20:00,50.2867,1
MCH0012,LINE-D,2026-07-19T00:00:00,50.2591,1
MCH0012,LINE-D,2026-07-19T00:40:00,50.2338,1
MCH0012,LINE-D,2026-07-19T01:20:00,50.2534,1
MCH0012,LINE-D,2026-07-19T02:00:00,50.2019,1
MCH0012,LINE-D,2026-07-19T02:40:00,50.2666,1
MCH0012,LINE-D,2026-07-19T03:20:00,50.1839,1
MCH0012,LINE-D,2026-07-19T04:00:00,50.3886,0
MCH0012,LINE-D,2026-07-19T04:40:00,50.3031,0
MCH0012,LINE-D,2026-07-19T05:20:00,50.2762,1
MCH0012,LINE-D,2026-07-19T06:00:00,50.3649,0
MCH0012,LINE-D,2026-07-19T06:40:00,50.2865,1
MCH0012,LINE-D,2026-07-19T07:20:00,50.2645,1
MCH0012,LINE-D,2026-07-19T08:00:00,50.2356,1
MCH0012,LINE-D,2026-07-19T08:40:00,50.3307,0
MCH0012,LINE-D,2026-07-19T09:20:00,50.2705,1
MCH0012,LINE-D,2026-07-19T10:00:00,50.3322,0
MCH0012,LINE-D,2026-07-19T10:40:00,50.2439,1
MCH0012,LINE-D,2026-07-19T11:20:00,50.2862,1
MCH0012,LINE-D,2026-07-19T12:00:00,50.365,0
MCH0012,LINE-D,2026-07-19T12:40:00,50.2872,1
MCH0012,LINE-D,2026-07-19T13:20:00,50.2882,1
MCH0012,LINE-D,2026-07-19T14:00:00,50.4224,0
MCH0012,LINE-D,2026-07-19T14:40:00,50.2702,1
MCH0012,LINE-D,2026-07-19T15:20:00,50.2966,1
MCH0012,LINE-D,2026-07-19T16:00:00,50.3498,0
MCH0012,LINE-D,2026-07-19T16:40:00,50.3092,0
MCH0012,LINE-D,2026-07-19T17:20:00,50.2897,1
MCH0012,LINE-D,2026-07-19T18:00:00,50.2522,1
MCH0012,LINE-D,2026-07-19T18:40:00,50.2809,1
MCH0012,LINE-D,2026-07-19T19:20:00,50.2504,1
MCH0012,LINE-D,2026-07-19T20:00:00,50.2801,1
MCH0012,LINE-D,2026-07-19T20:40:00,50.2792,1
MCH0012,LINE-D,2026-07-19T21:20:00,50.3721,0
MCH0012,LINE-D,2026-07-19T22:00:00,50.264,1
MCH0012,LINE-D,2026-07-19T22:40:00,50.3825,0
MCH0012,LINE-D,2026-07-19T23:20:00,50.2918,1
MCH0012,LINE-D,2026-07-20T00:00:00,50.3292,0
MCH0012,LINE-D,2026-07-20T00:40:00,50.3444,0
MCH0012,LINE-D,2026-07-20T01:20:00,50.2851,1
MCH0012,LINE-D,2026-07-20T02:00:00,50.2501,1
MCH0012,LINE-D,2026-07-20T02:40:00,50.4056,0
MCH0012,LINE-D,2026-07-20T03:20:00,50.2195,1
MCH0012,LINE-D,2026-07-20T04:00:00,50.2338,1
MCH0012,LINE-D,2026-07-20T04:40:00,50.3122,0
MCH0012,LINE-D,2026-07-20T05:20:00,50.3239,0
MCH0012,LINE-D,2026-07-20T06:00:00,50.3046,0
MCH0012,LINE-D,2026-07-20T06:40:00,50.3101,0
MCH0012,LINE-D,2026-07-20T07:20:00,50.2718,1
MCH0012,LINE-D,2026-07-20T08:00:00,50.2936,1
MCH0012,LINE-D,2026-07-20T08:40:00,50.2352,1
MCH0012,LINE-D,2026-07-20T09:20:00,50.3699,0
MCH0012,LINE-D,2026-07-20T10:00:00,50.326,0
MCH0012,LINE-D,2026-07-20T10:40:00,50.265,1
MCH0012,LINE-D,2026-07-20T11:20:00,50.3308,0
MCH0012,LINE-D,2026-07-20T12:00:00,50.302,0
MCH0012,LINE-D,2026-07-20T12:40:00,50.272,1
MCH0012,LINE-D,2026-07-20T13:20:00,50.2365,1
MCH0012,LINE-D,2026-07-20T14:00:00,50.3592,0
MCH0012,LINE-D,2026-07-20T14:40:00,50.2071,1
MCH0012,LINE-D,2026-07-20T15:20:00,50.2808,1
MCH0012,LINE-D,2026-07-20T16:00:00,50.3178,0
MCH0012,LINE-D,2026-07-20T16:40:00,50.31,0
MCH0012,LINE-D,2026-07-20T17:20:00,50.2538,1
MCH0012,LINE-D,2026-07-20T18:00:00,50.3524,0
MCH0012,LINE-D,2026-07-20T18:40:00,50.3427,0
MCH0012,LINE-D,2026-07-20T19:20:00,50.3158,0
MCH0012,LINE-D,2026-07-20T20:00:00,50.2799,1
MCH0012,LINE-D,2026-07-20T20:40:00,50.3089,0
MCH0012,LINE-D,2026-07-20T21:20:00,50.3526,0
MCH0012,LINE-D,2026-07-20T22:00:00,50.2709,1
MCH0012,LINE-D,2026-07-20T22:40:00,50.323,0
MCH0012,LINE-D,2026-07-20T23:20:00,50.3176,0
MCH0012,LINE-D,2026-07-21T00:00:00,50.2296,1
MCH0012,LINE-D,2026-07-21T00:40:00,50.324,0
MCH0012,LINE-D,2026-07-21T01:20:00,50.2609,1
MCH0012,LINE-D,2026-07-21T02:00:00,50.2844,1
MCH0012,LINE-D,2026-07-21T02:40:00,50.298,1
MCH0012,LINE-D,2026-07-21T03:20:00,50.2982,1
MCH0012,LINE-D,2026-07-21T04:00:00,50.3956,0
MCH0012,LINE-D,2026-07-21T04:40:00,50.383,0
MCH0012,LINE-D,2026-07-21T05:20:00,50.3212,0
MCH0012,LINE-D,2026-07-21T06:00:00,50.3605,0
MCH0012,LINE-D,2026-07-21T06:40:00,50.3116,0
MCH0012,LINE-D,2026-07-21T07:20:00,50.3812,0
MCH0012,LINE-D,2026-07-21T08:00:00,50.399,0
MCH0012,LINE-D,2026-07-21T08:40:00,50.2382,1
MCH0012,LINE-D,2026-07-21T09:20:00,50.3705,0
MCH0012,LINE-D,2026-07-21T10:00:00,50.3804,0
MCH0012,LINE-D,2026-07-21T10:40:00,50.3851,0
MCH0012,LINE-D,2026-07-21T11:20:00,50.3579,0
MCH0012,LINE-D,2026-07-21T12:00:00,50.2635,1
MCH0012,LINE-D,2026-07-21T12:40:00,50.2953,1
MCH0012,LINE-D,2026-07-21T13:20:00,50.3736,0
MCH0012,LINE-D,2026-07-21T14:00:00,50.3058,0
MCH0012,LINE-D,2026-07-21T14:40:00,50.356,0
MCH0012,LINE-D,2026-07-21T15:20:00,50.2688,1
MCH0012,LINE-D,2026-07-21T16:00:00,50.3502,0
MCH0012,LINE-D,2026-07-21T16:40:00,50.3336,0
MCH0012,LINE-D,2026-07-21T17:20:00,50.3307,0
MCH0012,LINE-D,2026-07-21T18:00:00,50.3961,0
MCH0012,LINE-D,2026-07-21T18:40:00,50.3473,0
MCH0012,LINE-D,2026-07-21T19:20:00,50.4558,0
MCH0012,LINE-D,2026-07-21T20:00:00,50.3645,0
MCH0012,LINE-D,2026-07-21T20:40:00,50.2805,1
MCH0012,LINE-D,2026-07-21T21:20:00,50.3539,0
MCH0012,LINE-D,2026-07-21T22:00:00,50.3342,0
MCH0012,LINE-D,2026-07-21T22:40:00,50.2818,1
MCH0012,LINE-D,2026-07-21T23:20:00,50.3877,0
MCH0012,LINE-D,2026-07-22T00:00:00,50.3491,0
MCH0012,LINE-D,2026-07-22T00:40:00,50.4103,0
MCH0012,LINE-D,2026-07-22T01:20:00,50.4169,0
MCH0012,LINE-D,2026-07-22T02:00:00,50.2651,1
MCH0012,LINE-D,2026-07-22T02:40:00,50.4067,0
MCH0012,LINE-D,2026-07-22T03:20:00,50.2917,1
MCH0012,LINE-D,2026-07-22T04:00:00,50.3562,0
MCH0012,LINE-D,2026-07-22T04:40:00,50.3389,0
MCH0012,LINE-D,2026-07-22T05:20:00,50.3893,0
MCH0012,LINE-D,2026-07-22T06:00:00,50.2949,1
MCH0012,LINE-D,2026-07-22T06:40:00,50.4149,0
MCH0012,LINE-D,2026-07-22T07:20:00,50.3604,0
MCH0012,LINE-D,2026-07-22T08:00:00,50.3469,0
MCH0012,LINE-D,2026-07-22T08:40:00,50.3173,0
MCH0012,LINE-D,2026-07-22T09:20:00,50.3081,0
MCH0012,LINE-D,2026-07-22T10:00:00,50.454,0
MCH0012,LINE-D,2026-07-22T10:40:00,50.282,1
MCH0012,LINE-D,2026-07-22T11:20:00,50.3279,0
MCH0012,LINE-D,2026-07-22T12:00:00,50.3687,0
MCH0012,LINE-D,2026-07-22T12:40:00,50.3403,0
MCH0012,LINE-D,2026-07-22T13:20:00,50.3811,0
MCH0012,LINE-D,2026-07-22T14:00:00,50.3358,0
MCH0012,LINE-D,2026-07-22T14:40:00,50.3185,0
MCH0012,LINE-D,2026-07-22T15:20:00,50.467,0
MCH0012,LINE-D,2026-07-22T16:00:00,50.3148,0
MCH0012,LINE-D,2026-07-22T16:40:00,50.3768,0
MCH0012,LINE-D,2026-07-22T17:20:00,50.3469,0
MCH0012,LINE-D,2026-07-22T18:00:00,50.4468,0
MCH0012,LINE-D,2026-07-22T18:40:00,50.445,0
MCH0012,LINE-D,2026-07-22T19:20:00,50.3509,0
MCH0012,LINE-D,2026-07-22T20:00:00,50.3383,0
MCH0012,LINE-D,2026-07-22T20:40:00,50.3226,0
MCH0012,LINE-D,2026-07-22T21:20:00,50.5008,0
MCH0012,LINE-D,2026-07-22T22:00:00,50.4032,0
MCH0012,LINE-D,2026-07-22T22:40:00,50.3026,0
MCH0012,LINE-D,2026-07-22T23:20:00,50.457,0
MCH0012,LINE-D,2026-07-23T00:00:00,50.4762,0
MCH0012,LINE-D,2026-07-23T00:40:00,50.3242,0
MCH0012,LINE-D,2026-07-23T01:20:00,50.3861,0
MCH0012,LINE-D,2026-07-23T02:00:00,50.3759,0
MCH0012,LINE-D,2026-07-23T02:40:00,50.3639,0
MCH0012,LINE-D,2026-07-23T03:20:00,50.3563,0
MCH0012,LINE-D,2026-07-23T04:00:00,50.3807,0
MCH0012,LINE-D,2026-07-23T04:40:00,50.3966,0
MCH0012,LINE-D,2026-07-23T05:20:00,50.4973,0
MCH0012,LINE-D,2026-07-23T06:00:00,50.3844,0
MCH0012,LINE-D,2026-07-23T06:40:00,50.4454,0
MCH0012,LINE-D,2026-07-23T07:20:00,50.357,0
MCH0012,LINE-D,2026-07-23T08:00:00,50.4587,0
MCH0012,LINE-D,2026-07-23T08:40:00,50.4075,0
MCH0012,LINE-D,2026-07-23T09:20:00,50.3532,0
MCH0012,LINE-D,2026-07-23T10:00:00,50.3816,0
MCH0012,LINE-D,2026-07-23T10:40:00,50.4505,0
MCH0012,LINE-D,2026-07-23T11:20:00,50.5025,0
MCH0012,LINE-D,2026-07-23T12:00:00,50.343,0
MCH0012,LINE-D,2026-07-23T12:40:00,50.3902,0
MCH0012,LINE-D,2026-07-23T13:20:00,50.3538,0
MCH0012,LINE-D,2026-07-23T14:00:00,50.4115,0
MCH0012,LINE-D,2026-07-23T14:40:00,50.3669,0
MCH0012,LINE-D,2026-07-23T15:20:00,50.4268,0
MCH0012,LINE-D,2026-07-23T16:00:00,50.3852,0
MCH0012,LINE-D,2026-07-23T16:40:00,50.4693,0
MCH0012,LINE-D,2026-07-23T17:20:00,50.4172,0
MCH0012,LINE-D,2026-07-23T18:00:00,50.3774,0
MCH0012,LINE-D,2026-07-23T18:40:00,50.3887,0
MCH0012,LINE-D,2026-07-23T19:20:00,50.364,0
MCH0012,LINE-D,2026-07-23T20:00:00,50.3843,0
MCH0012,LINE-D,2026-07-23T20:40:00,50.4414,0
MCH0012,LINE-D,2026-07-23T21:20:00,50.5,0
MCH0012,LINE-D,2026-07-23T22:00:00,50.4197,0
MCH0012,LINE-D,2026-07-23T22:40:00,50.4778,0
MCH0012,LINE-D,2026-07-23T23:20:00,50.3495,0
MCH0012,LINE-D,2026-07-24T00:00:00,50.3498,0
MCH0012,LINE-D,2026-07-24T00:40:00,50.4123,0
MCH0012,LINE-D,2026-07-24T01:20:00,50.4214,0
MCH0012,LINE-D,2026-07-24T02:00:00,50.5121,0
MCH0012,LINE-D,2026-07-24T02:40:00,50.4331,0
MCH0012,LINE-D,2026-07-24T03:20:00,50.3672,0
MCH0012,LINE-D,2026-07-24T04:00:00,50.3774,0
MCH0012,LINE-D,2026-07-24T04:40:00,50.3949,0
MCH0012,LINE-D,2026-07-24T05:20:00,50.4355,0
MCH0012,LINE-D,2026-07-24T06:00:00,50.3563,0
MCH0012,LINE-D,2026-07-24T06:40:00,50.3643,0
MCH0012,LINE-D,2026-07-24T07:20:00,50.3339,0
MCH0012,LINE-D,2026-07-24T08:00:00,50.4984,0
MCH0012,LINE-D,2026-07-24T08:40:00,50.3531,0
MCH0012,LINE-D,2026-07-24T09:20:00,50.4323,0
MCH0012,LINE-D,2026-07-24T10:00:00,50.4575,0
MCH0012,LINE-D,2026-07-24T10:40:00,50.4298,0
MCH0012,LINE-D,2026-07-24T11:20:00,50.3567,0
MCH0012,LINE-D,2026-07-24T12:00:00,50.3646,0
MCH0012,LINE-D,2026-07-24T12:40:00,50.3633,0
MCH0012,LINE-D,2026-07-24T13:20:00,50.4894,0
MCH0012,LINE-D,2026-07-24T14:00:00,50.4386,0
MCH0012,LINE-D,2026-07-24T14:40:00,50.4562,0
MCH0012,LINE-D,2026-07-24T15:20:00,50.4302,0
MCH0012,LINE-D,2026-07-24T16:00:00,50.5014,0
MCH0012,LINE-D,2026-07-24T16:40:00,50.3793,0
MCH0012,LINE-D,2026-07-24T17:20:00,50.5017,0
MCH0012,LINE-D,2026-07-24T18:00:00,50.4123,0
MCH0012,LINE-D,2026-07-24T18:40:00,50.4349,0
MCH0012,LINE-D,2026-07-24T19:20:00,50.4298,0
MCH0012,LINE-D,2026-07-24T20:00:00,50.5061,0
MCH0012,LINE-D,2026-07-24T20:40:00,50.3794,0
MCH0012,LINE-D,2026-07-24T21:20:00,50.4284,0
MCH0012,LINE-D,2026-07-24T22:00:00,50.4809,0
MCH0012,LINE-D,2026-07-24T22:40:00,50.3782,0
MCH0012,LINE-D,2026-07-24T23:20:00,50.3814,0
MCH0012,LINE-D,2026-07-25T00:00:00,50.522,0
MCH0012,LINE-D,2026-07-25T00:40:00,50.432,0
MCH0012,LINE-D,2026-07-25T01:20:00,50.4802,0
MCH0012,LINE-D,2026-07-25T02:00:00,50.3989,0
MCH0012,LINE-D,2026-07-25T02:40:00,50.4372,0
MCH0012,LINE-D,2026-07-25T03:20:00,50.4115,0
MCH0012,LINE-D,2026-07-25T04:00:00,50.4405,0
MCH0012,LINE-D,2026-07-25T04:40:00,50.3747,0
MCH0012,LINE-D,2026-07-25T05:20:00,50.4019,0
MCH0012,LINE-D,2026-07-25T06:00:00,50.4609,0
MCH0012,LINE-D,2026-07-25T06:40:00,50.425,0
MCH0012,LINE-D,2026-07-25T07:20:00,50.4623,0
MCH0012,LINE-D,2026-07-25T08:00:00,50.3332,0
MCH0012,LINE-D,2026-07-25T08:40:00,50.4512,0
MCH0012,LINE-D,2026-07-25T09:20:00,50.3301,0
MCH0012,LINE-D,2026-07-25T10:00:00,50.453,0
MCH0012,LINE-D,2026-07-25T10:40:00,50.4773,0
MCH0012,LINE-D,2026-07-25T11:20:00,50.3955,0
MCH0012,LINE-D,2026-07-25T12:00:00,50.5199,0
MCH0012,LINE-D,2026-07-25T12:40:00,50.4757,0
MCH0012,LINE-D,2026-07-25T13:20:00,50.5123,0
MCH0012,LINE-D,2026-07-25T14:00:00,50.4718,0
MCH0012,LINE-D,2026-07-25T14:40:00,50.5125,0
MCH0012,LINE-D,2026-07-25T15:20:00,50.4649,0
MCH0012,LINE-D,2026-07-25T16:00:00,50.379,0
MCH0012,LINE-D,2026-07-25T16:40:00,50.4368,0
MCH0012,LINE-D,2026-07-25T17:20:00,50.4272,0
MCH0012,LINE-D,2026-07-25T18:00:00,50.5126,0
MCH0012,LINE-D,2026-07-25T18:40:00,50.4809,0
MCH0012,LINE-D,2026-07-25T19:20:00,50.5145,0
MCH0012,LINE-D,2026-07-25T20:00:00,50.4745,0
MCH0012,LINE-D,2026-07-25T20:40:00,50.474,0
MCH0012,LINE-D,2026-07-25T21:20:00,50.4617,0
MCH0012,LINE-D,2026-07-25T22:00:00,50.4041,0
MCH0012,LINE-D,2026-07-25T22:40:00,50.4798,0
MCH0012,LINE-D,2026-07-25T23:20:00,50.3877,0
MCH0012,LINE-D,2026-07-26T00:00:00,50.5244,0
MCH0012,LINE-D,2026-07-26T00:40:00,50.4442,0
MCH0012,LINE-D,2026-07-26T01:20:00,50.4755,0
MCH0012,LINE-D,2026-07-26T02:00:00,50.3902,0
MCH0012,LINE-D,2026-07-26T02:40:00,50.4839,0
MCH0012,LINE-D,2026-07-26T03:20:00,50.4159,0
MCH0012,LINE-D,2026-07-26T04:00:00,50.4763,0
MCH0012,LINE-D,2026-07-26T04:40:00,50.4919,0
MCH0012,LINE-D,2026-07-26T05:20:00,50.3909,0
MCH0012,LINE-D,2026-07-26T06:00:00,50.5631,0
MCH0012,LINE-D,2026-07-26T06:40:00,50.3754,0
MCH0012,LINE-D,2026-07-26T07:20:00,50.4572,0
MCH0012,LINE-D,2026-07-26T08:00:00,50.5061,0
MCH0012,LINE-D,2026-07-26T08:40:00,50.5184,0
MCH0012,LINE-D,2026-07-26T09:20:00,50.4477,0
MCH0012,LINE-D,2026-07-26T10:00:00,50.4381,0
MCH0012,LINE-D,2026-07-26T10:40:00,50.4388,0
MCH0012,LINE-D,2026-07-26T11:20:00,50.4408,0
MCH0012,LINE-D,2026-07-26T12:00:00,50.4734,0
MCH0012,LINE-D,2026-07-26T12:40:00,50.4485,0
MCH0012,LINE-D,2026-07-26T13:20:00,50.4619,0
MCH0012,LINE-D,2026-07-26T14:00:00,50.523,0
MCH0012,LINE-D,2026-07-26T14:40:00,50.4464,0
MCH0012,LINE-D,2026-07-26T15:20:00,50.528,0
MCH0012,LINE-D,2026-07-26T16:00:00,50.5201,0
MCH0012,LINE-D,2026-07-26T16:40:00,50.4735,0
MCH0012,LINE-D,2026-07-26T17:20:00,50.4081,0
MCH0012,LINE-D,2026-07-26T18:00:00,50.5121,0
MCH0012,LINE-D,2026-07-26T18:40:00,50.4972,0
MCH0012,LINE-D,2026-07-26T19:20:00,50.4753,0
MCH0012,LINE-D,2026-07-26T20:00:00,50.5233,0
MCH0012,LINE-D,2026-07-26T20:40:00,50.4712,0
MCH0012,LINE-D,2026-07-26T21:20:00,50.5172,0
MCH0012,LINE-D,2026-07-26T22:00:00,50.4399,0
MCH0012,LINE-D,2026-07-26T22:40:00,50.4729,0
MCH0012,LINE-D,2026-07-26T23:20:00,50.4143,0
MCH0012,LINE-D,2026-07-27T00:00:00,50.4898,0
MCH0012,LINE-D,2026-07-27T00:40:00,50.4521,0
MCH0012,LINE-D,2026-07-27T01:20:00,50.483,0
MCH0012,LINE-D,2026-07-27T02:00:00,50.4569,0
MCH0012,LINE-D,2026-07-27T02:40:00,50.5193,0
MCH0012,LINE-D,2026-07-27T03:20:00,50.5287,0
MCH0012,LINE-D,2026-07-27T04:00:00,50.3901,0
MCH0012,LINE-D,2026-07-27T04:40:00,50.4788,0
MCH0012,LINE-D,2026-07-27T05:20:00,50.4781,0
MCH0012,LINE-D,2026-07-27T06:00:00,50.5324,0
MCH0012,LINE-D,2026-07-27T06:40:00,50.5426,0
MCH0012,LINE-D,2026-07-27T07:20:00,50.4174,0
MCH0012,LINE-D,2026-07-27T08:00:00,50.5261,0
MCH0012,LINE-D,2026-07-27T08:40:00,50.4897,0
MCH0012,LINE-D,2026-07-27T09:20:00,50.4683,0
MCH0012,LINE-D,2026-07-27T10:00:00,50.4845,0
MCH0012,LINE-D,2026-07-27T10:40:00,50.5192,0
MCH0012,LINE-D,2026-07-27T11:20:00,50.508,0
MCH0012,LINE-D,2026-07-27T12:00:00,50.4401,0
MCH0012,LINE-D,2026-07-27T12:40:00,50.4739,0
MCH0012,LINE-D,2026-07-27T13:20:00,50.522,0
MCH0012,LINE-D,2026-07-27T14:00:00,50.5208,0
MCH0012,LINE-D,2026-07-27T14:40:00,50.4255,0
MCH0012,LINE-D,2026-07-27T15:20:00,50.4895,0
MCH0012,LINE-D,2026-07-27T16:00:00,50.5031,0
MCH0012,LINE-D,2026-07-27T16:40:00,50.4947,0
MCH0012,LINE-D,2026-07-27T17:20:00,50.5759,0
MCH0012,LINE-D,2026-07-27T18:00:00,50.6135,0
MCH0012,LINE-D,2026-07-27T18:40:00,50.6133,0
MCH0012,LINE-D,2026-07-27T19:20:00,50.5409,0
MCH0012,LINE-D,2026-07-27T20:00:00,50.429,0
MCH0012,LINE-D,2026-07-27T20:40:00,50.5672,0
MCH0012,LINE-D,2026-07-27T21:20:00,50.4569,0
MCH0012,LINE-D,2026-07-27T22:00:00,50.583,0
MCH0012,LINE-D,2026-07-27T22:40:00,50.4866,0
MCH0012,LINE-D,2026-07-27T23:20:00,50.4765,0
MCH0012,LINE-D,2026-07-28T00:00:00,50.5626,0
MCH0012,LINE-D,2026-07-28T00:40:00,50.5861,0
MCH0012,LINE-D,2026-07-28T01:20:00,50.4563,0
MCH0012,LINE-D,2026-07-28T02:00:00,50.5479,0
MCH0012,LINE-D,2026-07-28T02:40:00,50.4438,0
MCH0012,LINE-D,2026-07-28T03:20:00,50.564,0
MCH0012,LINE-D,2026-07-28T04:00:00,50.4856,0
MCH0012,LINE-D,2026-07-28T04:40:00,50.5062,0
MCH0012,LINE-D,2026-07-28T05:20:00,50.444,0
MCH0012,LINE-D,2026-07-28T06:00:00,50.4406,0
MCH0012,LINE-D,2026-07-28T06:40:00,50.5587,0
MCH0012,LINE-D,2026-07-28T07:20:00,50.5779,0
MCH0012,LINE-D,2026-07-28T08:00:00,50.61,0
MCH0012,LINE-D,2026-07-28T08:40:00,50.5775,0
MCH0012,LINE-D,2026-07-28T09:20:00,50.5416,0
MCH0012,LINE-D,2026-07-28T10:00:00,50.5719,0
MCH0012,LINE-D,2026-07-28T10:40:00,50.6089,0
MCH0012,LINE-D,2026-07-28T11:20:00,50.5812,0
MCH0012,LINE-D,2026-07-28T12:00:00,50.5004,0
MCH0012,LINE-D,2026-07-28T12:40:00,50.5186,0
MCH0012,LINE-D,2026-07-28T13:20:00,50.5198,0
MCH0012,LINE-D,2026-07-28T14:00:00,50.5052,0
MCH0012,LINE-D,2026-07-28T14:40:00,50.5092,0
MCH0012,LINE-D,2026-07-28T15:20:00,50.5869,0
MCH0012,LINE-D,2026-07-28T16:00:00,50.5572,0
MCH0012,LINE-D,2026-07-28T16:40:00,50.4743,0
MCH0012,LINE-D,2026-07-28T17:20:00,50.5374,0
MCH0012,LINE-D,2026-07-28T18:00:00,50.4954,0
MCH0012,LINE-D,2026-07-28T18:40:00,50.5625,0
MCH0012,LINE-D,2026-07-28T19:20:00,50.6333,0
MCH0012,LINE-D,2026-07-28T20:00:00,50.5075,0
MCH0012,LINE-D,2026-07-28T20:40:00,50.533,0
MCH0012,LINE-D,2026-07-28T21:20:00,50.567,0
MCH0012,LINE-D,2026-07-28T22:00:00,50.4179,0
MCH0012,LINE-D,2026-07-28T22:40:00,50.5948,0
MCH0012,LINE-D,2026-07-28T23:20:00,50.5415,0
MCH0012,LINE-D,2026-07-29T00:00:00,50.5592,0
MCH0012,LINE-D,2026-07-29T00:40:00,50.5181,0
MCH0012,LINE-D,2026-07-29T01:20:00,50.5642,0
MCH0012,LINE-D,2026-07-29T02:00:00,50.5158,0
MCH0012,LINE-D,2026-07-29T02:40:00,50.4966,0
MCH0012,LINE-D,2026-07-29T03:20:00,50.4724,0
MCH0012,LINE-D,2026-07-29T04:00:00,50.6579,0
MCH0012,LINE-D,2026-07-29T04:40:00,50.4999,0
MCH0012,LINE-D,2026-07-29T05:20:00,50.557,0
MCH0012,LINE-D,2026-07-29T06:00:00,50.5486,0
MCH0012,LINE-D,2026-07-29T06:40:00,50.5221,0
MCH0012,LINE-D,2026-07-29T07:20:00,50.4928,0
MCH0012,LINE-D,2026-07-29T08:00:00,50.5234,0
MCH0012,LINE-D,2026-07-29T08:40:00,50.5445,0
MCH0012,LINE-D,2026-07-29T09:20:00,50.5816,0
MCH0012,LINE-D,2026-07-29T10:00:00,50.5803,0
MCH0012,LINE-D,2026-07-29T10:40:00,50.5214,0
MCH0012,LINE-D,2026-07-29T11:20:00,50.5053,0
MCH0012,LINE-D,2026-07-29T12:00:00,50.6338,0
MCH0012,LINE-D,2026-07-29T12:40:00,50.5496,0
MCH0012,LINE-D,2026-07-29T13:20:00,50.6494,0
MCH0012,LINE-D,2026-07-29T14:00:00,50.6216,0
MCH0012,LINE-D,2026-07-29T14:40:00,50.6462,0
MCH0012,LINE-D,2026-07-29T15:20:00,50.5906,0
MCH0012,LINE-D,2026-07-29T16:00:00,50.5421,0
MCH0012,LINE-D,2026-07-29T16:40:00,50.4754,0
MCH0012,LINE-D,2026-07-29T17:20:00,50.5679,0
MCH0012,LINE-D,2026-07-29T18:00:00,50.5604,0
MCH0012,LINE-D,2026-07-29T18:40:00,50.5008,0
MCH0012,LINE-D,2026-07-29T19:20:00,50.4897,0
MCH0012,LINE-D,2026-07-29T20:00:00,50.6062,0
MCH0012,LINE-D,2026-07-29T20:40:00,50.5853,0
MCH0012,LINE-D,2026-07-29T21:20:00,50.5578,0
MCH0012,LINE-D,2026-07-29T22:00:00,50.6004,0
MCH0012,LINE-D,2026-07-29T22:40:00,50.6199,0
MCH0012,LINE-D,2026-07-29T23:20:00,50.5853,0
MCH0012,LINE-D,2026-07-30T00:00:00,50.4966,0
MCH0012,LINE-D,2026-07-30T00:40:00,50.5287,0
MCH0012,LINE-D,2026-07-30T01:20:00,50.5636,0
MCH0012,LINE-D,2026-07-30T02:00:00,50.5246,0
MCH0012,LINE-D,2026-07-30T02:40:00,50.6011,0
MCH0012,LINE-D,2026-07-30T03:20:00,50.5935,0
MCH0012,LINE-D,2026-07-30T04:00:00,50.6159,0
MCH0012,LINE-D,2026-07-30T04:40:00,50.5561,0
MCH0012,LINE-D,2026-07-30T05:20:00,50.5243,0
MCH0012,LINE-D,2026-07-30T06:00:00,50.6055,0
MCH0012,LINE-D,2026-07-30T06:40:00,50.5857,0
MCH0012,LINE-D,2026-07-30T07:20:00,50.5194,0
MCH0012,LINE-D,2026-07-30T08:00:00,50.5991,0
MCH0012,LINE-D,2026-07-30T08:40:00,50.5957,0
MCH0012,LINE-D,2026-07-30T09:20:00,50.6061,0
MCH0012,LINE-D,2026-07-30T10:00:00,50.5009,0
MCH0012,LINE-D,2026-07-30T10:40:00,50.5653,0
MCH0012,LINE-D,2026-07-30T11:20:00,50.6944,0
MCH0012,LINE-D,2026-07-30T12:00:00,50.6166,0
MCH0012,LINE-D,2026-07-30T12:40:00,50.5452,0
MCH0012,LINE-D,2026-07-30T13:20:00,50.6433,0
MCH0012,LINE-D,2026-07-30T14:00:00,50.5966,0
MCH0012,LINE-D,2026-07-30T14:40:00,50.5447,0
MCH0012,LINE-D,2026-07-30T15:20:00,50.5859,0
MCH0012,LINE-D,2026-07-30T16:00:00,50.498,0
MCH0012,LINE-D,2026-07-30T16:40:00,50.5059,0
MCH0012,LINE-D,2026-07-30T17:20:00,50.5823,0
MCH0012,LINE-D,2026-07-30T18:00:00,50.6096,0
MCH0012,LINE-D,2026-07-30T18:40:00,50.5338,0
MCH0012,LINE-D,2026-07-30T19:20:00,50.6129,0
MCH0012,LINE-D,2026-07-30T20:00:00,50.554,0
MCH0012,LINE-D,2026-07-30T20:40:00,50.5834,0
MCH0012,LINE-D,2026-07-30T21:20:00,50.5768,0
MCH0012,LINE-D,2026-07-30T22:00:00,50.6184,0
MCH0012,LINE-D,2026-07-30T22:40:00,50.513,0
MCH0012,LINE-D,2026-07-30T23:20:00,50.5597,0
MCH0012,LINE-D,2026-07-31T00:00:00,50.5473,0
MCH0012,LINE-D,2026-07-31T00:40:00,50.4694,0
MCH0012,LINE-D,2026-07-31T01:20:00,50.5665,0
MCH0012,LINE-D,2026-07-31T02:00:00,50.5901,0
MCH0012,LINE-D,2026-07-31T02:40:00,50.5868,0
MCH0012,LINE-D,2026-07-31T03:20:00,50.7042,0
MCH0012,LINE-D,2026-07-31T04:00:00,50.5652,0
MCH0012,LINE-D,2026-07-31T04:40:00,50.6243,0
MCH0012,LINE-D,2026-07-31T05:20:00,50.6341,0
MCH0012,LINE-D,2026-07-31T06:00:00,50.6105,0
MCH0012,LINE-D,2026-07-31T06:40:00,49.9811,1
MCH0012,LINE-D,2026-07-31T07:20:00,50.024,1
MCH0012,LINE-D,2026-07-31T08:00:00,49.9906,1
MCH0012,LINE-D,2026-07-31T08:40:00,49.9398,1
MCH0012,LINE-D,2026-07-31T09:20:00,50.0043,1
MCH0012,LINE-D,2026-07-31T10:00:00,49.9677,1
MCH0012,LINE-D,2026-07-31T10:40:00,50.0853,1
MCH0012,LINE-D,2026-07-31T11:20:00,49.9958,1
MCH0012,LINE-D,2026-07-31T12:00:00,50.0491,1
MCH0012,LINE-D,2026-07-31T12:40:00,49.9454,1
MCH0012,LINE-D,2026-07-31T13:20:00,49.9268,1
MCH0012,LINE-D,2026-07-31T14:00:00,50.0747,1
MCH0012,LINE-D,2026-07-31T14:40:00,50.0994,1
MCH0012,LINE-D,2026-07-31T15:20:00,49.952,1
MCH0012,LINE-D,2026-07-31T16:00:00,50.0157,1
MCH0012,LINE-D,2026-07-31T16:40:00,50.0196,1
MCH0012,LINE-D,2026-07-31T17:20:00,50.0724,1
MCH0012,LINE-D,2026-07-31T18:00:00,49.9821,1
MCH0012,LINE-D,2026-07-31T18:40:00,50.0117,1
MCH0012,LINE-D,2026-07-31T19:20:00,49.9586,1
MCH0012,LINE-D,2026-07-31T20:00:00,49.9664,1
MCH0012,LINE-D,2026-07-31T20:40:00,50.0445,1
MCH0012,LINE-D,2026-07-31T21:20:00,49.9904,1
MCH0012,LINE-D,2026-07-31T22:00:00,49.9884,1
MCH0012,LINE-D,2026-07-31T22:40:00,49.9965,1
MCH0012,LINE-D,2026-07-31T23:20:00,49.9416,1
MCH0012,LINE-D,2026-08-01T00:00:00,50.0891,1
MCH0012,LINE-D,2026-08-01T00:40:00,50.0403,1
MCH0012,LINE-D,2026-08-01T01:20:00,50.1164,1
MCH0012,LINE-D,2026-08-01T02:00:00,50.0612,1
MCH0012,LINE-D,2026-08-01T02:40:00,50.1404,1
MCH0012,LINE-D,2026-08-01T03:20:00,50.0908,1
MCH0012,LINE-D,2026-08-01T04:00:00,50.0496,1
MCH0012,LINE-D,2026-08-01T04:40:00,50.0456,1
MCH0012,LINE-D,2026-08-01T05:20:00,50.1237,1
MCH0012,LINE-D,2026-08-01T06:00:00,50.008,1
MCH0012,LINE-D,2026-08-01T06:40:00,50.0561,1
MCH0012,LINE-D,2026-08-01T07:20:00,50.095,1
MCH0012,LINE-D,2026-08-01T08:00:00,50.0515,1
MCH0012,LINE-D,2026-08-01T08:40:00,50.037,1
MCH0012,LINE-D,2026-08-01T09:20:00,50.0927,1
MCH0012,LINE-D,2026-08-01T10:00:00,50.0228,1
MCH0012,LINE-D,2026-08-01T10:40:00,50.1207,1
MCH0012,LINE-D,2026-08-01T11:20:00,50.1848,1
MCH0012,LINE-D,2026-08-01T12:00:00,50.0986,1
MCH0012,LINE-D,2026-08-01T12:40:00,50.1191,1
MCH0012,LINE-D,2026-08-01T13:20:00,50.0568,1
MCH0012,LINE-D,2026-08-01T14:00:00,50.0611,1
MCH0012,LINE-D,2026-08-01T14:40:00,50.1568,1
MCH0012,LINE-D,2026-08-01T15:20:00,50.0197,1
MCH0012,LINE-D,2026-08-01T16:00:00,50.0818,1
MCH0012,LINE-D,2026-08-01T16:40:00,50.0943,1
MCH0012,LINE-D,2026-08-01T17:20:00,50.1126,1
MCH0012,LINE-D,2026-08-01T18:00:00,49.9935,1
MCH0012,LINE-D,2026-08-01T18:40:00,50.0578,1
MCH0012,LINE-D,2026-08-01T19:20:00,50.0838,1
MCH0012,LINE-D,2026-08-01T20:00:00,50.1749,1
MCH0012,LINE-D,2026-08-01T20:40:00,50.0806,1
MCH0012,LINE-D,2026-08-01T21:20:00,50.0784,1
MCH0012,LINE-D,2026-08-01T22:00:00,50.121,1
MCH0012,LINE-D,2026-08-01T22:40:00,50.0813,1
MCH0012,LINE-D,2026-08-01T23:20:00,50.2,1
MCH0012,LINE-D,2026-08-02T00:00:00,50.1945,1
MCH0012,LINE-D,2026-08-02T00:40:00,50.0891,1
MCH0012,LINE-D,2026-08-02T01:20:00,50.1741,1
MCH0012,LINE-D,2026-08-02T02:00:00,50.148,1
MCH0012,LINE-D,2026-08-02T02:40:00,50.0331,1
MCH0012,LINE-D,2026-08-02T03:20:00,50.0983,1
MCH0012,LINE-D,2026-08-02T04:00:00,50.1473,1
MCH0012,LINE-D,2026-08-02T04:40:00,50.1385,1
MCH0012,LINE-D,2026-08-02T05:20:00,50.2087,1
MCH0012,LINE-D,2026-08-02T06:00:00,50.1856,1
MCH0012,LINE-D,2026-08-02T06:40:00,50.0907,1
MCH0012,LINE-D,2026-08-02T07:20:00,50.1179,1
MCH0012,LINE-D,2026-08-02T08:00:00,50.2318,1
MCH0012,LINE-D,2026-08-02T08:40:00,50.0687,1
MCH0012,LINE-D,2026-08-02T09:20:00,50.1164,1
MCH0012,LINE-D,2026-08-02T10:00:00,50.1431,1
MCH0012,LINE-D,2026-08-02T10:40:00,50.213,1
MCH0012,LINE-D,2026-08-02T11:20:00,50.1965,1
MCH0012,LINE-D,2026-08-02T12:00:00,50.1474,1
MCH0012,LINE-D,2026-08-02T12:40:00,50.1145,1
MCH0012,LINE-D,2026-08-02T13:20:00,50.1423,1
MCH0012,LINE-D,2026-08-02T14:00:00,50.2132,1
MCH0012,LINE-D,2026-08-02T14:40:00,50.2169,1
MCH0012,LINE-D,2026-08-02T15:20:00,50.2738,1
MCH0012,LINE-D,2026-08-02T16:00:00,50.1804,1
MCH0012,LINE-D,2026-08-02T16:40:00,50.1727,1
MCH0012,LINE-D,2026-08-02T17:20:00,50.1508,1
MCH0012,LINE-D,2026-08-02T18:00:00,50.218,1
MCH0012,LINE-D,2026-08-02T18:40:00,50.1977,1
MCH0012,LINE-D,2026-08-02T19:20:00,50.2253,1
MCH0012,LINE-D,2026-08-02T20:00:00,50.207,1
MCH0012,LINE-D,2026-08-02T20:40:00,50.1066,1
MCH0012,LINE-D,2026-08-02T21:20:00,50.1299,1
MCH0012,LINE-D,2026-08-02T22:00:00,50.1707,1
MCH0012,LINE-D,2026-08-02T22:40:00,50.2684,1
MCH0012,LINE-D,2026-08-02T23:20:00,50.2477,1
MCH0012,LINE-D,2026-08-03T00:00:00,50.2787,1
MCH0012,LINE-D,2026-08-03T00:40:00,50.2649,1
MCH0012,LINE-D,2026-08-03T01:20:00,50.2314,1
MCH0012,LINE-D,2026-08-03T02:00:00,50.1013,1
MCH0012,LINE-D,2026-08-03T02:40:00,50.1773,1
MCH0012,LINE-D,2026-08-03T03:20:00,50.1326,1
MCH0012,LINE-D,2026-08-03T04:00:00,50.2191,1
MCH0012,LINE-D,2026-08-03T04:40:00,50.2701,1
MCH0012,LINE-D,2026-08-03T05:20:00,50.216,1
MCH0012,LINE-D,2026-08-03T06:00:00,50.1503,1
MCH0012,LINE-D,2026-08-03T06:40:00,50.2286,1
MCH0012,LINE-D,2026-08-03T07:20:00,50.2416,1
MCH0012,LINE-D,2026-08-03T08:00:00,50.2197,1
MCH0012,LINE-D,2026-08-03T08:40:00,50.2686,1
MCH0012,LINE-D,2026-08-03T09:20:00,50.271,1
MCH0012,LINE-D,2026-08-03T10:00:00,50.2277,1
MCH0012,LINE-D,2026-08-03T10:40:00,50.1262,1
MCH0012,LINE-D,2026-08-03T11:20:00,50.1195,1
MCH0012,LINE-D,2026-08-03T12:00:00,50.2016,1
MCH0012,LINE-D,2026-08-03T12:40:00,50.3232,0
MCH0012,LINE-D,2026-08-03T13:20:00,50.2761,1
MCH0012,LINE-D,2026-08-03T14:00:00,50.3128,0
MCH0012,LINE-D,2026-08-03T14:40:00,50.2017,1
MCH0012,LINE-D,2026-08-03T15:20:00,50.2446,1
MCH0012,LINE-D,2026-08-03T16:00:00,50.2647,1
MCH0012,LINE-D,2026-08-03T16:40:00,50.1909,1
MCH0012,LINE-D,2026-08-03T17:20:00,50.2495,1
MCH0012,LINE-D,2026-08-03T18:00:00,50.3885,0
MCH0012,LINE-D,2026-08-03T18:40:00,50.2545,1
MCH0012,LINE-D,2026-08-03T19:20:00,50.3309,0
MCH0012,LINE-D,2026-08-03T20:00:00,50.2436,1
MCH0012,LINE-D,2026-08-03T20:40:00,50.2568,1
MCH0012,LINE-D,2026-08-03T21:20:00,50.2082,1
MCH0012,LINE-D,2026-08-03T22:00:00,50.2961,1
MCH0012,LINE-D,2026-08-03T22:40:00,50.2763,1
MCH0012,LINE-D,2026-08-03T23:20:00,50.2411,1
MCH0012,LINE-D,2026-08-04T00:00:00,50.2561,1
MCH0012,LINE-D,2026-08-04T00:40:00,50.3146,0
MCH0012,LINE-D,2026-08-04T01:20:00,50.3468,0
MCH0012,LINE-D,2026-08-04T02:00:00,50.2687,1
MCH0012,LINE-D,2026-08-04T02:40:00,50.3488,0
MCH0012,LINE-D,2026-08-04T03:20:00,50.2584,1
MCH0012,LINE-D,2026-08-04T04:00:00,50.3307,0
MCH0012,LINE-D,2026-08-04T04:40:00,50.3639,0
MCH0012,LINE-D,2026-08-04T05:20:00,50.2819,1
MCH0012,LINE-D,2026-08-04T06:00:00,50.2424,1
MCH0012,LINE-D,2026-08-04T06:40:00,50.2615,1
MCH0012,LINE-D,2026-08-04T07:20:00,50.3411,0
MCH0012,LINE-D,2026-08-04T08:00:00,50.2977,1
MCH0012,LINE-D,2026-08-04T08:40:00,50.27,1
MCH0012,LINE-D,2026-08-04T09:20:00,50.2937,1
MCH0012,LINE-D,2026-08-04T10:00:00,50.3864,0
MCH0012,LINE-D,2026-08-04T10:40:00,50.3137,0
MCH0012,LINE-D,2026-08-04T11:20:00,50.2499,1
MCH0012,LINE-D,2026-08-04T12:00:00,50.3579,0
MCH0012,LINE-D,2026-08-04T12:40:00,50.3069,0
MCH0012,LINE-D,2026-08-04T13:20:00,50.4121,0
MCH0012,LINE-D,2026-08-04T14:00:00,50.3368,0
MCH0012,LINE-D,2026-08-04T14:40:00,50.4509,0
MCH0012,LINE-D,2026-08-04T15:20:00,50.2724,1
MCH0012,LINE-D,2026-08-04T16:00:00,50.4389,0
MCH0012,LINE-D,2026-08-04T16:40:00,50.2338,1
MCH0012,LINE-D,2026-08-04T17:20:00,50.3844,0
MCH0012,LINE-D,2026-08-04T18:00:00,50.2812,1
MCH0012,LINE-D,2026-08-04T18:40:00,50.2784,1
MCH0012,LINE-D,2026-08-04T19:20:00,50.3597,0
MCH0012,LINE-D,2026-08-04T20:00:00,50.3072,0
MCH0012,LINE-D,2026-08-04T20:40:00,50.3561,0
MCH0012,LINE-D,2026-08-04T21:20:00,50.351,0
MCH0012,LINE-D,2026-08-04T22:00:00,50.3561,0
MCH0012,LINE-D,2026-08-04T22:40:00,50.3029,0
MCH0012,LINE-D,2026-08-04T23:20:00,50.4585,0
MCH0012,LINE-D,2026-08-05T00:00:00,50.323,0
MCH0012,LINE-D,2026-08-05T00:40:00,50.332,0
MCH0012,LINE-D,2026-08-05T01:20:00,50.3253,0
MCH0012,LINE-D,2026-08-05T02:00:00,50.3734,0
MCH0012,LINE-D,2026-08-05T02:40:00,50.4066,0
MCH0012,LINE-D,2026-08-05T03:20:00,50.3491,0
MCH0012,LINE-D,2026-08-05T04:00:00,50.4455,0
MCH0012,LINE-D,2026-08-05T04:40:00,50.3662,0
MCH0012,LINE-D,2026-08-05T05:20:00,50.2729,1
MCH0012,LINE-D,2026-08-05T06:00:00,50.3959,0
MCH0012,LINE-D,2026-08-05T06:40:00,50.327,0
MCH0012,LINE-D,2026-08-05T07:20:00,50.3239,0
MCH0012,LINE-D,2026-08-05T08:00:00,50.3706,0
MCH0012,LINE-D,2026-08-05T08:40:00,50.3717,0
MCH0012,LINE-D,2026-08-05T09:20:00,50.3642,0
MCH0012,LINE-D,2026-08-05T10:00:00,50.4319,0
MCH0012,LINE-D,2026-08-05T10:40:00,50.3924,0
MCH0012,LINE-D,2026-08-05T11:20:00,50.3422,0
MCH0012,LINE-D,2026-08-05T12:00:00,50.3507,0
MCH0012,LINE-D,2026-08-05T12:40:00,50.3507,0
MCH0012,LINE-D,2026-08-05T13:20:00,50.4623,0
MCH0012,LINE-D,2026-08-05T14:00:00,50.4516,0
MCH0012,LINE-D,2026-08-05T14:40:00,50.4805,0
MCH0012,LINE-D,2026-08-05T15:20:00,50.4127,0
MCH0012,LINE-D,2026-08-05T16:00:00,50.4875,0
MCH0012,LINE-D,2026-08-05T16:40:00,50.3162,0
MCH0012,LINE-D,2026-08-05T17:20:00,50.4016,0
MCH0012,LINE-D,2026-08-05T18:00:00,50.3794,0
MCH0012,LINE-D,2026-08-05T18:40:00,50.4062,0
MCH0012,LINE-D,2026-08-05T19:20:00,50.4495,0
MCH0012,LINE-D,2026-08-05T20:00:00,50.4505,0
MCH0012,LINE-D,2026-08-05T20:40:00,50.4535,0
MCH0012,LINE-D,2026-08-05T21:20:00,50.4304,0
MCH0012,LINE-D,2026-08-05T22:00:00,50.3555,0
MCH0012,LINE-D,2026-08-05T22:40:00,50.3637,0
MCH0012,LINE-D,2026-08-05T23:20:00,50.405,0
MCH0012,LINE-D,2026-08-06T00:00:00,50.4425,0
MCH0012,LINE-D,2026-08-06T00:40:00,50.5462,0
MCH0012,LINE-D,2026-08-06T01:20:00,50.4682,0
MCH0012,LINE-D,2026-08-06T02:00:00,50.4809,0
MCH0012,LINE-D,2026-08-06T02:40:00,50.4029,0
MCH0012,LINE-D,2026-08-06T03:20:00,50.398,0
MCH0012,LINE-D,2026-08-06T04:00:00,50.3832,0
MCH0012,LINE-D,2026-08-06T04:40:00,50.3703,0
MCH0012,LINE-D,2026-08-06T05:20:00,50.4525,0
MCH0012,LINE-D,2026-08-06T06:00:00,50.5002,0
MCH0012,LINE-D,2026-08-06T06:40:00,50.4323,0
MCH0012,LINE-D,2026-08-06T07:20:00,50.4742,0
MCH0012,LINE-D,2026-08-06T08:00:00,50.3855,0
MCH0012,LINE-D,2026-08-06T08:40:00,50.3831,0
MCH0012,LINE-D,2026-08-06T09:20:00,50.5471,0
MCH0012,LINE-D,2026-08-06T10:00:00,50.4888,0
MCH0012,LINE-D,2026-08-06T10:40:00,50.4829,0
MCH0012,LINE-D,2026-08-06T11:20:00,50.43,0
MCH0012,LINE-D,2026-08-06T12:00:00,50.4599,0
MCH0012,LINE-D,2026-08-06T12:40:00,50.4774,0
MCH0012,LINE-D,2026-08-06T13:20:00,50.4776,0
MCH0012,LINE-D,2026-08-06T14:00:00,50.5368,0
MCH0012,LINE-D,2026-08-06T14:40:00,50.5074,0
MCH0012,LINE-D,2026-08-06T15:20:00,50.5062,0
MCH0012,LINE-D,2026-08-06T16:00:00,50.3876,0
MCH0012,LINE-D,2026-08-06T16:40:00,50.5043,0
MCH0012,LINE-D,2026-08-06T17:20:00,50.4854,0
MCH0012,LINE-D,2026-08-06T18:00:00,50.5113,0
MCH0012,LINE-D,2026-08-06T18:40:00,50.5579,0
MCH0012,LINE-D,2026-08-06T19:20:00,50.4987,0
MCH0012,LINE-D,2026-08-06T20:00:00,50.4876,0
MCH0012,LINE-D,2026-08-06T20:40:00,50.4396,0
MCH0012,LINE-D,2026-08-06T21:20:00,50.446,0
MCH0012,LINE-D,2026-08-06T22:00:00,50.4843,0
MCH0012,LINE-D,2026-08-06T22:40:00,50.4633,0
MCH0012,LINE-D,2026-08-06T23:20:00,50.5407,0
MCH0012,LINE-D,2026-08-07T00:00:00,50.4811,0
MCH0012,LINE-D,2026-08-07T00:40:00,50.5646,0
MCH0012,LINE-D,2026-08-07T01:20:00,50.4783,0
MCH0012,LINE-D,2026-08-07T02:00:00,50.6026,0
MCH0012,LINE-D,2026-08-07T02:40:00,50.5339,0
MCH0012,LINE-D,2026-08-07T03:20:00,50.4501,0
MCH0012,LINE-D,2026-08-07T04:00:00,50.5156,0
MCH0012,LINE-D,2026-08-07T04:40:00,50.4708,0
MCH0012,LINE-D,2026-08-07T05:20:00,50.5352,0
MCH0012,LINE-D,2026-08-07T06:00:00,50.5833,0
MCH0012,LINE-D,2026-08-07T06:40:00,50.5122,0
MCH0012,LINE-D,2026-08-07T07:20:00,50.5029,0
MCH0012,LINE-D,2026-08-07T08:00:00,50.5223,0
MCH0012,LINE-D,2026-08-07T08:40:00,50.4838,0
MCH0012,LINE-D,2026-08-07T09:20:00,50.5456,0
MCH0012,LINE-D,2026-08-07T10:00:00,50.5565,0
MCH0012,LINE-D,2026-08-07T10:40:00,50.5159,0
MCH0012,LINE-D,2026-08-07T11:20:00,50.4751,0
MCH0012,LINE-D,2026-08-07T12:00:00,50.591,0
MCH0012,LINE-D,2026-08-07T12:40:00,50.4902,0
MCH0012,LINE-D,2026-08-07T13:20:00,50.5986,0
MCH0012,LINE-D,2026-08-07T14:00:00,50.4927,0
MCH0012,LINE-D,2026-08-07T14:40:00,50.5839,0
MCH0012,LINE-D,2026-08-07T15:20:00,50.612,0
MCH0012,LINE-D,2026-08-07T16:00:00,50.5643,0
MCH0012,LINE-D,2026-08-07T16:40:00,50.5248,0
MCH0012,LINE-D,2026-08-07T17:20:00,50.5572,0
MCH0012,LINE-D,2026-08-07T18:00:00,50.5545,0
MCH0012,LINE-D,2026-08-07T18:40:00,50.6476,0
MCH0012,LINE-D,2026-08-07T19:20:00,50.5501,0
MCH0012,LINE-D,2026-08-07T20:00:00,50.5659,0
MCH0012,LINE-D,2026-08-07T20:40:00,50.6175,0
MCH0012,LINE-D,2026-08-07T21:20:00,50.6687,0
MCH0012,LINE-D,2026-08-07T22:00:00,50.5334,0
MCH0012,LINE-D,2026-08-07T22:40:00,50.5523,0
MCH0012,LINE-D,2026-08-07T23:20:00,50.6985,0
MCH0012,LINE-D,2026-08-08T00:00:00,50.6094,0
MCH0012,LINE-D,2026-08-08T00:40:00,50.5782,0
MCH0012,LINE-D,2026-08-08T01:20:00,50.6679,0
MCH0012,LINE-D,2026-08-08T02:00:00,50.6437,0
MCH0012,LINE-D,2026-08-08T02:40:00,50.0812,1
MCH0012,LINE-D,2026-08-08T03:20:00,50.0705,1
MCH0012,LINE-D,2026-08-08T04:00:00,50.0282,1
MCH0012,LINE-D,2026-08-08T04:40:00,50.0314,1
MCH0012,LINE-D,2026-08-08T05:20:00,50.0496,1
MCH0012,LINE-D,2026-08-08T06:00:00,50.1016,1
MCH0012,LINE-D,2026-08-08T06:40:00,50.024,1
MCH0012,LINE-D,2026-08-08T07:20:00,49.9459,1
MCH0012,LINE-D,2026-08-08T08:00:00,50.0623,1
MCH0012,LINE-D,2026-08-08T08:40:00,50.0381,1
MCH0012,LINE-D,2026-08-08T09:20:00,50.0034,1
MCH0012,LINE-D,2026-08-08T10:00:00,50.0295,1
MCH0012,LINE-D,2026-08-08T10:40:00,50.049,1
MCH0012,LINE-D,2026-08-08T11:20:00,50.0685,1
MCH0012,LINE-D,2026-08-08T12:00:00,50.0315,1
MCH0012,LINE-D,2026-08-08T12:40:00,50.0732,1
MCH0012,LINE-D,2026-08-08T13:20:00,49.962,1
MCH0012,LINE-D,2026-08-08T14:00:00,50.1431,1
MCH0012,LINE-D,2026-08-08T14:40:00,50.1216,1
MCH0012,LINE-D,2026-08-08T15:20:00,50.0376,1
MCH0012,LINE-D,2026-08-08T16:00:00,50.0799,1
MCH0012,LINE-D,2026-08-08T16:40:00,50.0397,1
MCH0012,LINE-D,2026-08-08T17:20:00,50.0852,1
MCH0012,LINE-D,2026-08-08T18:00:00,50.0848,1
MCH0012,LINE-D,2026-08-08T18:40:00,50.098,1
MCH0012,LINE-D,2026-08-08T19:20:00,50.0697,1
MCH0012,LINE-D,2026-08-08T20:00:00,50.0742,1
MCH0012,LINE-D,2026-08-08T20:40:00,50.0978,1
MCH0012,LINE-D,2026-08-08T21:20:00,50.1537,1
MCH0012,LINE-D,2026-08-08T22:00:00,50.1485,1
MCH0012,LINE-D,2026-08-08T22:40:00,50.1672,1
MCH0012,LINE-D,2026-08-08T23:20:00,50.1309,1
MCH0012,LINE-D,2026-08-09T00:00:00,50.1434,1
MCH0012,LINE-D,2026-08-09T00:40:00,50.1247,1
MCH0012,LINE-D,2026-08-09T01:20:00,50.0522,1
MCH0012,LINE-D,2026-08-09T02:00:00,50.1227,1
MCH0012,LINE-D,2026-08-09T02:40:00,50.0958,1
MCH0012,LINE-D,2026-08-09T03:20:00,50.034,1
MCH0012,LINE-D,2026-08-09T04:00:00,50.1813,1
MCH0012,LINE-D,2026-08-09T04:40:00,50.1884,1
MCH0012,LINE-D,2026-08-09T05:20:00,50.0599,1
MCH0012,LINE-D,2026-08-09T06:00:00,50.0878,1
MCH0012,LINE-D,2026-08-09T06:40:00,50.0995,1
MCH0012,LINE-D,2026-08-09T07:20:00,50.0806,1
MCH0012,LINE-D,2026-08-09T08:00:00,50.1306,1
MCH0012,LINE-D,2026-08-09T08:40:00,50.1284,1
MCH0012,LINE-D,2026-08-09T09:20:00,50.1546,1
MCH0012,LINE-D,2026-08-09T10:00:00,50.1542,1
MCH0012,LINE-D,2026-08-09T10:40:00,50.1112,1
MCH0012,LINE-D,2026-08-09T11:20:00,50.2345,1
MCH0012,LINE-D,2026-08-09T12:00:00,50.1186,1
MCH0012,LINE-D,2026-08-09T12:40:00,50.0644,1
MCH0012,LINE-D,2026-08-09T13:20:00,50.0387,1
MCH0012,LINE-D,2026-08-09T14:00:00,50.1024,1
MCH0012,LINE-D,2026-08-09T14:40:00,50.2102,1
MCH0012,LINE-D,2026-08-09T15:20:00,50.156,1
MCH0012,LINE-D,2026-08-09T16:00:00,50.2007,1
MCH0012,LINE-D,2026-08-09T16:40:00,50.0675,1
MCH0012,LINE-D,2026-08-09T17:20:00,50.0228,1
MCH0012,LINE-D,2026-08-09T18:00:00,50.0915,1
MCH0012,LINE-D,2026-08-09T18:40:00,50.1078,1
MCH0012,LINE-D,2026-08-09T19:20:00,50.1461,1
MCH0012,LINE-D,2026-08-09T20:00:00,50.1269,1
MCH0012,LINE-D,2026-08-09T20:40:00,50.1183,1
MCH0012,LINE-D,2026-08-09T21:20:00,50.1414,1
MCH0012,LINE-D,2026-08-09T22:00:00,50.1076,1
MCH0012,LINE-D,2026-08-09T22:40:00,50.2689,1
MCH0012,LINE-D,2026-08-09T23:20:00,50.0979,1
MCH0012,LINE-D,2026-08-10T00:00:00,50.203,1
MCH0012,LINE-D,2026-08-10T00:40:00,50.0984,1
MCH0012,LINE-D,2026-08-10T01:20:00,50.1736,1
MCH0012,LINE-D,2026-08-10T02:00:00,50.1578,1
MCH0012,LINE-D,2026-08-10T02:40:00,50.1183,1
MCH0012,LINE-D,2026-08-10T03:20:00,50.177,1
MCH0012,LINE-D,2026-08-10T04:00:00,50.1677,1
MCH0012,LINE-D,2026-08-10T04:40:00,50.1544,1
MCH0012,LINE-D,2026-08-10T05:20:00,50.1126,1
MCH0012,LINE-D,2026-08-10T06:00:00,50.1963,1
MCH0012,LINE-D,2026-08-10T06:40:00,50.2296,1
MCH0012,LINE-D,2026-08-10T07:20:00,50.2086,1
MCH0012,LINE-D,2026-08-10T08:00:00,50.1725,1
MCH0012,LINE-D,2026-08-10T08:40:00,50.2689,1
MCH0012,LINE-D,2026-08-10T09:20:00,50.1791,1
MCH0012,LINE-D,2026-08-10T10:00:00,50.1705,1
MCH0012,LINE-D,2026-08-10T10:40:00,50.2446,1
MCH0012,LINE-D,2026-08-10T11:20:00,50.1212,1
MCH0012,LINE-D,2026-08-10T12:00:00,50.2414,1
MCH0012,LINE-D,2026-08-10T12:40:00,50.2673,1
MCH0012,LINE-D,2026-08-10T13:20:00,50.2144,1
MCH0012,LINE-D,2026-08-10T14:00:00,50.216,1
MCH0012,LINE-D,2026-08-10T14:40:00,50.228,1
MCH0012,LINE-D,2026-08-10T15:20:00,50.2505,1
MCH0012,LINE-D,2026-08-10T16:00:00,50.1416,1
MCH0012,LINE-D,2026-08-10T16:40:00,50.1688,1
MCH0012,LINE-D,2026-08-10T17:20:00,50.152,1
MCH0012,LINE-D,2026-08-10T18:00:00,50.1571,1
MCH0012,LINE-D,2026-08-10T18:40:00,50.207,1
MCH0012,LINE-D,2026-08-10T19:20:00,50.2125,1
MCH0012,LINE-D,2026-08-10T20:00:00,50.2094,1
MCH0012,LINE-D,2026-08-10T20:40:00,50.323,0
MCH0012,LINE-D,2026-08-10T21:20:00,50.1709,1
MCH0012,LINE-D,2026-08-10T22:00:00,50.265,1
MCH0012,LINE-D,2026-08-10T22:40:00,50.1493,1
MCH0012,LINE-D,2026-08-10T23:20:00,50.2027,1
MCH0012,LINE-D,2026-08-11T00:00:00,50.2674,1
MCH0012,LINE-D,2026-08-11T00:40:00,50.2171,1
MCH0012,LINE-D,2026-08-11T01:20:00,50.375,0
MCH0012,LINE-D,2026-08-11T02:00:00,50.2718,1
MCH0012,LINE-D,2026-08-11T02:40:00,50.2934,1
MCH0012,LINE-D,2026-08-11T03:20:00,50.2198,1
MCH0012,LINE-D,2026-08-11T04:00:00,50.1997,1
MCH0012,LINE-D,2026-08-11T04:40:00,50.2419,1
MCH0012,LINE-D,2026-08-11T05:20:00,50.1215,1
MCH0012,LINE-D,2026-08-11T06:00:00,50.2418,1
MCH0012,LINE-D,2026-08-11T06:40:00,50.1933,1
MCH0012,LINE-D,2026-08-11T07:20:00,50.2991,1
MCH0012,LINE-D,2026-08-11T08:00:00,50.2523,1
MCH0012,LINE-D,2026-08-11T08:40:00,50.2355,1
MCH0012,LINE-D,2026-08-11T09:20:00,50.2535,1
MCH0012,LINE-D,2026-08-11T10:00:00,50.2444,1
MCH0012,LINE-D,2026-08-11T10:40:00,50.2527,1
MCH0012,LINE-D,2026-08-11T11:20:00,50.2757,1
MCH0012,LINE-D,2026-08-11T12:00:00,50.2602,1
MCH0012,LINE-D,2026-08-11T12:40:00,50.2435,1
MCH0012,LINE-D,2026-08-11T13:20:00,50.2544,1
MCH0012,LINE-D,2026-08-11T14:00:00,50.308,0
MCH0012,LINE-D,2026-08-11T14:40:00,50.302,0
MCH0012,LINE-D,2026-08-11T15:20:00,50.2703,1
MCH0012,LINE-D,2026-08-11T16:00:00,50.3075,0
MCH0012,LINE-D,2026-08-11T16:40:00,50.3326,0
MCH0012,LINE-D,2026-08-11T17:20:00,50.3374,0
MCH0012,LINE-D,2026-08-11T18:00:00,50.2498,1
MCH0012,LINE-D,2026-08-11T18:40:00,50.3106,0
MCH0012,LINE-D,2026-08-11T19:20:00,50.1508,1
MCH0012,LINE-D,2026-08-11T20:00:00,50.3414,0
MCH0012,LINE-D,2026-08-11T20:40:00,50.2537,1
MCH0012,LINE-D,2026-08-11T21:20:00,50.2981,1
MCH0012,LINE-D,2026-08-11T22:00:00,50.3127,0
MCH0012,LINE-D,2026-08-11T22:40:00,50.3135,0
MCH0012,LINE-D,2026-08-11T23:20:00,50.2717,1
MCH0012,LINE-D,2026-08-12T00:00:00,50.3286,0
MCH0012,LINE-D,2026-08-12T00:40:00,50.3188,0
MCH0012,LINE-D,2026-08-12T01:20:00,50.3638,0
MCH0012,LINE-D,2026-08-12T02:00:00,50.2044,1
MCH0012,LINE-D,2026-08-12T02:40:00,50.2451,1
MCH0012,LINE-D,2026-08-12T03:20:00,50.2678,1
MCH0012,LINE-D,2026-08-12T04:00:00,50.2779,1
MCH0012,LINE-D,2026-08-12T04:40:00,50.2711,1
MCH0012,LINE-D,2026-08-12T05:20:00,50.2585,1
MCH0012,LINE-D,2026-08-12T06:00:00,50.3248,0
MCH0012,LINE-D,2026-08-12T06:40:00,50.2913,1
MCH0012,LINE-D,2026-08-12T07:20:00,50.2623,1
MCH0012,LINE-D,2026-08-12T08:00:00,50.3917,0
MCH0012,LINE-D,2026-08-12T08:40:00,50.381,0
MCH0012,LINE-D,2026-08-12T09:20:00,50.2637,1
MCH0012,LINE-D,2026-08-12T10:00:00,50.2331,1
MCH0012,LINE-D,2026-08-12T10:40:00,50.3572,0
MCH0012,LINE-D,2026-08-12T11:20:00,50.3009,0
MCH0012,LINE-D,2026-08-12T12:00:00,50.3963,0
MCH0012,LINE-D,2026-08-12T12:40:00,50.2735,1
MCH0012,LINE-D,2026-08-12T13:20:00,50.3048,0
MCH0012,LINE-D,2026-08-12T14:00:00,50.4041,0
MCH0012,LINE-D,2026-08-12T14:40:00,50.3843,0
MCH0012,LINE-D,2026-08-12T15:20:00,50.3521,0
MCH0012,LINE-D,2026-08-12T16:00:00,50.2628,1
MCH0012,LINE-D,2026-08-12T16:40:00,50.3113,0
MCH0012,LINE-D,2026-08-12T17:20:00,50.3578,0
MCH0012,LINE-D,2026-08-12T18:00:00,50.4195,0
MCH0012,LINE-D,2026-08-12T18:40:00,50.3671,0
MCH0012,LINE-D,2026-08-12T19:20:00,50.4361,0
MCH0012,LINE-D,2026-08-12T20:00:00,50.3747,0
MCH0012,LINE-D,2026-08-12T20:40:00,50.3537,0
MCH0012,LINE-D,2026-08-12T21:20:00,50.4398,0
MCH0012,LINE-D,2026-08-12T22:00:00,50.3208,0
MCH0012,LINE-D,2026-08-12T22:40:00,50.4645,0
MCH0012,LINE-D,2026-08-12T23:20:00,50.3636,0
MCH0012,LINE-D,2026-08-13T00:00:00,50.3618,0
MCH0012,LINE-D,2026-08-13T00:40:00,50.3249,0
MCH0012,LINE-D,2026-08-13T01:20:00,50.229,1
MCH0012,LINE-D,2026-08-13T02:00:00,50.4595,0
MCH0012,LINE-D,2026-08-13T02:40:00,50.3545,0
MCH0012,LINE-D,2026-08-13T03:20:00,50.2958,1
MCH0012,LINE-D,2026-08-13T04:00:00,50.2782,1
MCH0012,LINE-D,2026-08-13T04:40:00,50.3879,0
MCH0012,LINE-D,2026-08-13T05:20:00,50.4042,0
MCH0012,LINE-D,2026-08-13T06:00:00,50.3193,0
MCH0012,LINE-D,2026-08-13T06:40:00,50.3623,0
MCH0012,LINE-D,2026-08-13T07:20:00,50.3334,0
MCH0012,LINE-D,2026-08-13T08:00:00,50.4255,0
MCH0012,LINE-D,2026-08-13T08:40:00,50.3055,0
MCH0012,LINE-D,2026-08-13T09:20:00,50.3639,0
MCH0012,LINE-D,2026-08-13T10:00:00,50.4068,0
MCH0012,LINE-D,2026-08-13T10:40:00,50.4221,0
MCH0012,LINE-D,2026-08-13T11:20:00,50.3459,0
MCH0012,LINE-D,2026-08-13T12:00:00,50.3704,0
MCH0012,LINE-D,2026-08-13T12:40:00,50.2718,1
MCH0012,LINE-D,2026-08-13T13:20:00,50.342,0
MCH0012,LINE-D,2026-08-13T14:00:00,50.4104,0
MCH0012,LINE-D,2026-08-13T14:40:00,50.4037,0
MCH0012,LINE-D,2026-08-13T15:20:00,50.4135,0
MCH0012,LINE-D,2026-08-13T16:00:00,50.3998,0
MCH0012,LINE-D,2026-08-13T16:40:00,50.383,0
MCH0012,LINE-D,2026-08-13T17:20:00,50.4141,0
MCH0012,LINE-D,2026-08-13T18:00:00,50.4316,0
MCH0012,LINE-D,2026-08-13T18:40:00,50.3889,0
MCH0012,LINE-D,2026-08-13T19:20:00,50.4232,0
MCH0012,LINE-D,2026-08-13T20:00:00,50.4435,0
MCH0012,LINE-D,2026-08-13T20:40:00,50.4197,0
MCH0012,LINE-D,2026-08-13T21:20:00,50.3163,0
MCH0012,LINE-D,2026-08-13T22:00:00,50.4374,0
MCH0012,LINE-D,2026-08-13T22:40:00,50.4047,0
MCH0012,LINE-D,2026-08-13T23:20:00,50.4586,0
MCH0012,LINE-D,2026-08-14T00:00:00,50.4344,0
MCH0012,LINE-D,2026-08-14T00:40:00,50.4441,0
MCH0012,LINE-D,2026-08-14T01:20:00,50.3795,0
MCH0012,LINE-D,2026-08-14T02:00:00,50.4443,0
MCH0012,LINE-D,2026-08-14T02:40:00,50.324,0
MCH0012,LINE-D,2026-08-14T03:20:00,50.455,0
MCH0012,LINE-D,2026-08-14T04:00:00,50.44,0
MCH0012,LINE-D,2026-08-14T04:40:00,50.3365,0
MCH0012,LINE-D,2026-08-14T05:20:00,50.4491,0
MCH0012,LINE-D,2026-08-14T06:00:00,50.4965,0
MCH0012,LINE-D,2026-08-14T06:40:00,50.5167,0
MCH0012,LINE-D,2026-08-14T07:20:00,50.4571,0
MCH0012,LINE-D,2026-08-14T08:00:00,50.3949,0
MCH0012,LINE-D,2026-08-14T08:40:00,50.506,0
MCH0012,LINE-D,2026-08-14T09:20:00,50.5386,0
MCH0012,LINE-D,2026-08-14T10:00:00,50.5249,0
MCH0012,LINE-D,2026-08-14T10:40:00,50.4513,0
MCH0012,LINE-D,2026-08-14T11:20:00,50.4888,0
MCH0012,LINE-D,2026-08-14T12:00:00,50.4558,0
MCH0012,LINE-D,2026-08-14T12:40:00,50.4556,0
MCH0012,LINE-D,2026-08-14T13:20:00,50.4886,0
MCH0012,LINE-D,2026-08-14T14:00:00,50.4542,0
MCH0012,LINE-D,2026-08-14T14:40:00,50.3925,0
MCH0012,LINE-D,2026-08-14T15:20:00,50.3902,0
MCH0012,LINE-D,2026-08-14T16:00:00,50.4555,0
MCH0012,LINE-D,2026-08-14T16:40:00,50.3952,0
MCH0012,LINE-D,2026-08-14T17:20:00,50.5023,0
MCH0012,LINE-D,2026-08-14T18:00:00,50.5645,0
MCH0012,LINE-D,2026-08-14T18:40:00,50.4579,0
MCH0012,LINE-D,2026-08-14T19:20:00,50.4526,0
MCH0012,LINE-D,2026-08-14T20:00:00,50.4039,0
MCH0012,LINE-D,2026-08-14T20:40:00,50.4058,0
MCH0012,LINE-D,2026-08-14T21:20:00,50.4918,0
MCH0012,LINE-D,2026-08-14T22:00:00,50.4804,0
MCH0012,LINE-D,2026-08-14T22:40:00,50.5301,0
MCH0012,LINE-D,2026-08-14T23:20:00,50.5163,0
