line_id,subgroup_start_ts,xbar,range,ucl_xbar,lcl_xbar,centerline_xbar,out_of_control
LINE-A,2026-07-01T00:00:00,49.9345,0.1037,50.4457,50.1431,50.2944,1
LINE-A,2026-07-01T00:40:00,49.9792,0.0971,50.4457,50.1431,50.2944,1
LINE-A,2026-07-01T02:00:00,49.9746,0.1223,50.4457,50.1431,50.2944,1
LINE-A,2026-07-01T03:20:00,50.0325,0.191,50.4457,50.1431,50.2944,1
LINE-A,2026-07-01T04:00:00,50.0111,0.1575,50.4457,50.1431,50.2944,1
LINE-A,2026-07-01T05:20:00,50.0075,0.1446,50.4457,50.1431,50.2944,1
LINE-A,2026-07-01T06:40:00,50.0205,0.0884,50.4457,50.1431,50.2944,1
LINE-A,2026-07-01T07:20:00,49.9882,0.1912,50.4457,50.1431,50.2944,1
LINE-A,2026-07-01T08:40:00,50.0071,0.0543,50.4457,50.1431,50.2944,1
LINE-A,2026-07-01T10:00:00,50.0018,0.1556,50.4457,50.1431,50.2944,1
LINE-A,2026-07-01T10:40:00,49.9941,0.1249,50.4457,50.1431,50.2944,1
LINE-A,2026-07-01T12:00:00,50.0441,0.0663,50.4457,50.1431,50.2944,1
LINE-A,2026-07-01T13:20:00,50.0038,0.1702,50.4457,50.1431,50.2944,1
LINE-A,2026-07-01T14:00:00,50.0429,0.0881,50.4457,50.1431,50.2944,1
LINE-A,2026-07-01T15:20:00,50.0611,0.0968,50.4457,50.1431,50.2944,1
LINE-A,2026-07-01T16:40:00,50.0833,0.1893,50.4457,50.1431,50.2944,1
LINE-A,2026-07-01T17:20:00,50.0774,0.2019,50.4457,50.1431,50.2944,1
LINE-A,2026-07-01T18:40:00,49.9959,0.1064,50.4457,50.1431,50.2944,1
LINE-A,2026-07-01T20:00:00,50.0566,0.1139,50.4457,50.1431,50.2944,1
LINE-A,2026-07-01T20:40:00,50.0232,0.0685,50.4457,50.1431,50.2944,1
LINE-A,2026-07-01T22:00:00,50.0707,0.0987,50.4457,50.1431,50.2944,1
LINE-A,2026-07-01T23:20:00,50.0662,0.124,50.4457,50.1431,50.2944,1
LINE-A,2026-07-02T00:00:00,50.0522,0.0538,50.4457,50.1431,50.2944,1
LINE-A,2026-07-02T01:20:00,50.0832,0.1782,50.4457,50.1431,50.2944,1
LINE-A,2026-07-02T02:40:00,50.039,0.0704,50.4457,50.1431,50.2944,1
LINE-A,2026-07-02T03:20:00,50.0498,0.1212,50.4457,50.1431,50.2944,1
LINE-A,2026-07-02T04:40:00,50.0471,0.0658,50.4457,50.1431,50.2944,1
LINE-A,2026-07-02T06:00:00,50.067,0.1498,50.4457,50.1431,50.2944,1
LINE-A,2026-07-02T06:40:00,50.0817,0.1834,50.4457,50.1431,50.2944,1
LINE-A,2026-07-02T08:00:00,50.0878,0.1706,50.4457,50.1431,50.2944,1
LINE-A,2026-07-02T09:20:00,50.0677,0.1603,50.4457,50.1431,50.2944,1
LINE-A,2026-07-02T10:00:00,50.0922,0.0885,50.4457,50.1431,50.2944,1
LINE-A,2026-07-02T11:20:00,50.0779,0.1083,50.4457,50.1431,50.2944,1
LINE-A,2026-07-02T12:40:00,50.0508,0.1032,50.4457,50.1431,50.2944,1
LINE-A,2026-07-02T13:20:00,50.0768,0.1226,50.4457,50.1431,50.2944,1
LINE-A,2026-07-02T14:40:00,50.0871,0.056,50.4457,50.1431,50.2944,1
LINE-A,2026-07-02T16:00:00,50.1347,0.1436,50.4457,50.1431,50.2944,1
LINE-A,2026-07-02T16:40:00,50.1214,0.0959,50.4457,50.1431,50.2944,1
LINE-A,2026-07-02T18:00:00,50.1144,0.1227,50.4457,50.1431,50.2944,1
LINE-A,2026-07-02T19:20:00,50.0884,0.1174,50.4457,50.1431,50.2944,1
LINE-A,2026-07-02T20:00:00,50.1027,0.143,50.4457,50.1431,50.2944,1
LINE-A,2026-07-02T21:20:00,50.1119,0.1857,50.4457,50.1431,50.2944,1
LINE-A,2026-07-02T22:40:00,50.1212,0.0795,50.4457,50.1431,50.2944,1
LINE-A,2026-07-02T23:20:00,50.1236,0.1871,50.4457,50.1431,50.2944,1
LINE-A,2026-07-03T00:40:00,50.1218,0.1137,50.4457,50.1431,50.2944,1
LINE-A,2026-07-03T02:00:00,50.1235,0.2154,50.4457,50.1431,50.2944,1
LINE-A,2026-07-03T02:40:00,50.1116,0.1403,50.4457,50.1431,50.2944,1
LINE-A,2026-07-03T04:00:00,50.0836,0.109,50.4457,50.1431,50.2944,1
LINE-A,2026-07-03T05:20:00,50.134,0.0936,50.4457,50.1431,50.2944,1
LINE-A,2026-07-03T06:00:00,50.1119,0.227,50.4457,50.1431,50.2944,1
LINE-A,2026-07-03T07:20:00,50.1353,0.2385,50.4457,50.1431,50.2944,1
LINE-A,2026-07-03T08:40:00,50.1104,0.145,50.4457,50.1431,50.2944,1
LINE-A,2026-07-03T09:20:00,50.1151,0.1602,50.4457,50.1431,50.2944,1
LINE-A,2026-07-03T10:40:00,50.1253,0.1312,50.4457,50.1431,50.2944,1
LINE-A,2026-07-03T12:00:00,50.1443,0.1209,50.4457,50.1431,50.2944,0
LINE-A,2026-07-03T12:40:00,50.1527,0.2133,50.4457,50.1431,50.2944,0
LINE-A,2026-07-03T14:00:00,50.162,0.0867,50.4457,50.1431,50.2944,0
LINE-A,2026-07-03T15:20:00,50.1396,0.1626,50.4457,50.1431,50.2944,1
LINE-A,2026-07-03T16:00:00,50.1478,0.3749,50.4457,50.1431,50.2944,0
LINE-A,2026-07-03T17:20:00,50.1639,0.1595,50.4457,50.1431,50.2944,0
LINE-A,2026-07-03T18:40:00,50.1664,0.2634,50.4457,50.1431,50.2944,0
LINE-A,2026-07-03T19:20:00,50.2011,0.1627,50.4457,50.1431,50.2944,0
LINE-A,2026-07-03T20:40:00,50.1544,0.1256,50.4457,50.1431,50.2944,0
LINE-A,2026-07-03T22:00:00,50.1961,0.1286,50.4457,50.1431,50.2944,0
LINE-A,2026-07-03T22:40:00,50.1326,0.0266,50.4457,50.1431,50.2944,1
LINE-A,2026-07-04T00:00:00,50.1486,0.2146,50.4457,50.1431,50.2944,0
LINE-A,2026-07-04T01:20:00,50.1589,0.2402,50.4457,50.1431,50.2944,0
LINE-A,2026-07-04T02:00:00,50.1832,0.1504,50.4457,50.1431,50.2944,0
LINE-A,2026-07-04T03:20:00,50.1777,0.244,50.4457,50.1431,50.2944,0
LINE-A,2026-07-04T04:40:00,50.1895,0.1937,50.4457,50.1431,50.2944,0
LINE-A,2026-07-04T05:20:00,50.1772,0.2625,50.4457,50.1431,50.2944,0
LINE-A,2026-07-04T06:40:00,50.1429,0.1719,50.4457,50.1431,50.2944,1
LINE-A,2026-07-04T08:00:00,50.197,0.2952,50.4457,50.1431,50.2944,0
LINE-A,2026-07-04T08:40:00,50.1652,0.1598,50.4457,50.1431,50.2944,0
LINE-A,2026-07-04T10:00:00,50.1849,0.1782,50.4457,50.1431,50.2944,0
LINE-A,2026-07-04T11:20:00,50.1895,0.0998,50.4457,50.1431,50.2944,0
LINE-A,2026-07-04T12:00:00,50.1765,0.2654,50.4457,50.1431,50.2944,0
LINE-A,2026-07-04T13:20:00,50.2254,0.3615,50.4457,50.1431,50.2944,0
LINE-A,2026-07-04T14:40:00,50.2108,0.175,50.4457,50.1431,50.2944,0
LINE-A,2026-07-04T15:20:00,50.223,0.1885,50.4457,50.1431,50.2944,0
LINE-A,2026-07-04T16:40:00,50.2164,0.2439,50.4457,50.1431,50.2944,0
LINE-A,2026-07-04T18:00:00,50.2426,0.1022,50.4457,50.1431,50.2944,0
LINE-A,2026-07-04T18:40:00,50.2071,0.145,50.4457,50.1431,50.2944,0
LINE-A,2026-07-04T20:00:00,50.2277,0.1492,50.4457,50.1431,50.2944,0
LINE-A,2026-07-04T21:20:00,50.2127,0.2203,50.4457,50.1431,50.2944,0
LINE-A,2026-07-04T22:00:00,50.2414,0.125,50.4457,50.1431,50.2944,0
LINE-A,2026-07-04T23:20:00,50.2183,0.2687,50.4457,50.1431,50.2944,0
LINE-A,2026-07-05T00:40:00,50.2546,0.2206,50.4457,50.1431,50.2944,0
LINE-A,2026-07-05T01:20:00,50.1989,0.1628,50.4457,50.1431,50.2944,0
LINE-A,2026-07-05T02:40:00,50.2118,0.2737,50.4457,50.1431,50.2944,0
LINE-A,2026-07-05T04:00:00,50.2802,0.245,50.4457,50.1431,50.2944,0
LINE-A,2026-07-05T04:40:00,50.2453,0.291,50.4457,50.1431,50.2944,0
LINE-A,2026-07-05T06:00:00,50.2081,0.1673,50.4457,50.1431,50.2944,0
LINE-A,2026-07-05T07:20:00,50.2446,0.1621,50.4457,50.1431,50.2944,0
LINE-A,2026-07-05T08:00:00,50.2201,0.2888,50.4457,50.1431,50.2944,0
LINE-A,2026-07-05T09:20:00,50.2417,0.2191,50.4457,50.1431,50.2944,0
LINE-A,2026-07-05T10:40:00,50.2782,0.2328,50.4457,50.1431,50.2944,0
LINE-A,2026-07-05T11:20:00,50.268,0.2442,50.4457,50.1431,50.2944,0
LINE-A,2026-07-05T12:40:00,50.2481,0.2728,50.4457,50.1431,50.2944,0
LINE-A,2026-07-05T14:00:00,50.2755,0.3113,50.4457,50.1431,50.2944,0
LINE-A,2026-07-05T14:40:00,50.2694,0.2678,50.4457,50.1431,50.2944,0
LINE-A,2026-07-05T16:00:00,50.2647,0.2136,50.4457,50.1431,50.2944,0
LINE-A,2026-07-05T17:20:00,50.2867,0.2479,50.4457,50.1431,50.2944,0
LINE-A,2026-07-05T18:00:00,50.277,0.1601,50.4457,50.1431,50.2944,0
LINE-A,2026-07-05T19:20:00,50.2813,0.1862,50.4457,50.1431,50.2944,0
LINE-A,2026-07-05T20:40:00,50.2947,0.1787,50.4457,50.1431,50.2944,0
LINE-A,2026-07-05T21:20:00,50.2686,0.1944,50.4457,50.1431,50.2944,0
LINE-A,2026-07-05T22:40:00,50.279,0.2025,50.4457,50.1431,50.2944,0
LINE-A,2026-07-06T00:00:00,50.3185,0.2612,50.4457,50.1431,50.2944,0
LINE-A,2026-07-06T00:40:00,50.2646,0.2506,50.4457,50.1431,50.2944,0
LINE-A,2026-07-06T02:00:00,50.2659,0.177,50.4457,50.1431,50.2944,0
LINE-A,2026-07-06T03:20:00,50.2802,0.141,50.4457,50.1431,50.2944,0
LINE-A,2026-07-06T04:00:00,50.2806,0.2194,50.4457,50.1431,50.2944,0
LINE-A,2026-07-06T05:20:00,50.2853,0.3255,50.4457,50.1431,50.2944,0
LINE-A,2026-07-06T06:40:00,50.3255,0.3408,50.4457,50.1431,50.2944,0
LINE-A,2026-07-06T07:20:00,50.2882,0.2989,50.4457,50.1431,50.2944,0
LINE-A,2026-07-06T08:40:00,50.2753,0.2399,50.4457,50.1431,50.2944,0
LINE-A,2026-07-06T10:00:00,50.3041,0.288,50.4457,50.1431,50.2944,0
LINE-A,2026-07-06T10:40:00,50.2603,0.2668,50.4457,50.1431,50.2944,0
LINE-A,2026-07-06T12:00:00,50.2803,0.2847,50.4457,50.1431,50.2944,0
LINE-A,2026-07-06T13:20:00,50.3179,0.3137,50.4457,50.1431,50.2944,0
LINE-A,2026-07-06T14:00:00,50.3025,0.4286,50.4457,50.1431,50.2944,0
LINE-A,2026-07-06T15:20:00,50.3065,0.2821,50.4457,50.1431,50.2944,0
LINE-A,2026-07-06T16:40:00,50.3362,0.2705,50.4457,50.1431,50.2944,0
LINE-A,2026-07-06T17:20:00,50.3105,0.2461,50.4457,50.1431,50.2944,0
LINE-A,2026-07-06T18:40:00,50.2924,0.2391,50.4457,50.1431,50.2944,0
LINE-A,2026-07-06T20:00:00,50.3135,0.362,50.4457,50.1431,50.2944,0
LINE-A,2026-07-06T20:40:00,50.3113,0.2119,50.4457,50.1431,50.2944,0
LINE-A,2026-07-06T22:00:00,50.3137,0.2886,50.4457,50.1431,50.2944,0
LINE-A,2026-07-06T23:20:00,50.3372,0.1926,50.4457,50.1431,50.2944,0
LINE-A,2026-07-07T00:00:00,50.3261,0.2646,50.4457,50.1431,50.2944,0
LINE-A,2026-07-07T01:20:00,50.2784,0.3775,50.4457,50.1431,50.2944,0
LINE-A,2026-07-07T02:40:00,50.3524,0.3184,50.4457,50.1431,50.2944,0
LINE-A,2026-07-07T03:20:00,50.301,0.205,50.4457,50.1431,50.2944,0
LINE-A,2026-07-07T04:40:00,50.3298,0.2354,50.4457,50.1431,50.2944,0
LINE-A,2026-07-07T06:00:00,50.3709,0.2118,50.4457,50.1431,50.2944,0
LINE-A,2026-07-07T06:40:00,50.3916,0.4085,50.4457,50.1431,50.2944,0
LINE-A,2026-07-07T08:00:00,50.2918,0.3275,50.4457,50.1431,50.2944,0
LINE-A,2026-07-07T09:20:00,50.3776,0.2803,50.4457,50.1431,50.2944,0
LINE-A,2026-07-07T10:00:00,50.3561,0.4187,50.4457,50.1431,50.2944,0
LINE-A,2026-07-07T11:20:00,50.3805,0.2188,50.4457,50.1431,50.2944,0
LINE-A,2026-07-07T12:40:00,50.3922,0.3212,50.4457,50.1431,50.2944,0
LINE-A,2026-07-07T13:20:00,50.3464,0.3605,50.4457,50.1431,50.2944,0
LINE-A,2026-07-07T14:40:00,50.3451,0.3876,50.4457,50.1431,50.2944,0
LINE-A,2026-07-07T16:00:00,50.3874,0.4204,50.4457,50.1431,50.2944,0
LINE-A,2026-07-07T16:40:00,50.3156,0.371,50.4457,50.1431,50.2944,0
LINE-A,2026-07-07T18:00:00,50.3633,0.3047,50.4457,50.1431,50.2944,0
LINE-A,2026-07-07T19:20:00,50.4267,0.299,50.4457,50.1431,50.2944,0
LINE-A,2026-07-07T20:00:00,50.3735,0.3265,50.4457,50.1431,50.2944,0
LINE-A,2026-07-07T21:20:00,50.3404,0.2983,50.4457,50.1431,50.2944,0
LINE-A,2026-07-07T22:40:00,50.3854,0.2689,50.4457,50.1431,50.2944,0
LINE-A,2026-07-07T23:20:00,50.3746,0.3123,50.4457,50.1431,50.2944,0
LINE-A,2026-07-08T00:40:00,50.3779,0.3549,50.4457,50.1431,50.2944,0
LINE-A,2026-07-08T02:00:00,50.4021,0.4051,50.4457,50.1431,50.2944,0
LINE-A,2026-07-08T02:40:00,50.4392,0.299,50.4457,50.1431,50.2944,0
LINE-A,2026-07-08T04:00:00,50.3524,0.3618,50.4457,50.1431,50.2944,0
LINE-A,2026-07-08T05:20:00,50.3708,0.2533,50.4457,50.1431,50.2944,0
LINE-A,2026-07-08T06:00:00,50.3574,0.3016,50.4457,50.1431,50.2944,0
LINE-A,2026-07-08T07:20:00,50.3569,0.3355,50.4457,50.1431,50.2944,0
LINE-A,2026-07-08T08:40:00,50.446,0.2113,50.4457,50.1431,50.2944,1
LINE-A,2026-07-08T09:20:00,50.379,0.237,50.4457,50.1431,50.2944,0
LINE-A,2026-07-08T10:40:00,50.3926,0.3372,50.4457,50.1431,50.2944,0
LINE-A,2026-07-08T12:00:00,50.4858,0.3108,50.4457,50.1431,50.2944,1
LINE-A,2026-07-08T12:40:00,50.394,0.3964,50.4457,50.1431,50.2944,0
LINE-A,2026-07-08T14:00:00,50.4004,0.2828,50.4457,50.1431,50.2944,0
LINE-A,2026-07-08T15:20:00,50.4812,0.3856,50.4457,50.1431,50.2944,1
LINE-A,2026-07-08T16:00:00,50.4154,0.3529,50.4457,50.1431,50.2944,0
LINE-A,2026-07-08T17:20:00,50.4118,0.2386,50.4457,50.1431,50.2944,0
LINE-A,2026-07-08T18:40:00,50.4335,0.3786,50.4457,50.1431,50.2944,0
LINE-A,2026-07-08T19:20:00,50.4081,0.289,50.4457,50.1431,50.2944,0
LINE-A,2026-07-08T20:40:00,50.3984,0.3558,50.4457,50.1431,50.2944,0
LINE-A,2026-07-08T22:00:00,50.4496,0.2989,50.4457,50.1431,50.2944,1
LINE-A,2026-07-08T22:40:00,50.4566,0.5546,50.4457,50.1431,50.2944,1
LINE-A,2026-07-09T00:00:00,50.4312,0.3773,50.4457,50.1431,50.2944,0
LINE-A,2026-07-09T01:20:00,50.4324,0.4714,50.4457,50.1431,50.2944,0
LINE-A,2026-07-09T02:00:00,50.4233,0.3989,50.4457,50.1431,50.2944,0
LINE-A,2026-07-09T03:20:00,50.4695,0.45,50.4457,50.1431,50.2944,1
LINE-A,2026-07-09T04:40:00,50.4596,0.5022,50.4457,50.1431,50.2944,1
LINE-A,2026-07-09T05:20:00,50.4345,0.3903,50.4457,50.1431,50.2944,0
LINE-A,2026-07-09T06:40:00,50.418,0.5004,50.4457,50.1431,50.2944,0
LINE-A,2026-07-09T08:00:00,50.5316,0.3368,50.4457,50.1431,50.2944,1
LINE-A,2026-07-09T08:40:00,50.3514,0.5439,50.4457,50.1431,50.2944,0
LINE-A,2026-07-09T10:00:00,50.3507,0.3707,50.4457,50.1431,50.2944,0
LINE-A,2026-07-09T11:20:00,50.2757,0.5252,50.4457,50.1431,50.2944,0
LINE-A,2026-07-09T12:00:00,50.2448,0.4894,50.4457,50.1431,50.2944,0
LINE-A,2026-07-09T13:20:00,50.3637,0.5055,50.4457,50.1431,50.2944,0
LINE-A,2026-07-09T14:40:00,50.2774,0.6236,50.4457,50.1431,50.2944,0
LINE-A,2026-07-09T15:20:00,50.212,0.513,50.4457,50.1431,50.2944,0
LINE-A,2026-07-09T16:40:00,50.3359,0.5569,50.4457,50.1431,50.2944,0
LINE-A,2026-07-09T18:00:00,50.3474,0.4812,50.4457,50.1431,50.2944,0
LINE-A,2026-07-09T18:40:00,50.246,0.6384,50.4457,50.1431,50.2944,0
LINE-A,2026-07-09T20:00:00,50.3834,0.5823,50.4457,50.1431,50.2944,0
LINE-A,2026-07-09T21:20:00,50.2847,0.5296,50.4457,50.1431,50.2944,0
LINE-A,2026-07-09T22:00:00,50.2537,0.5576,50.4457,50.1431,50.2944,0
LINE-A,2026-07-09T23:20:00,50.3718,0.5346,50.4457,50.1431,50.2944,0
LINE-A,2026-07-10T00:40:00,50.3195,0.6373,50.4457,50.1431,50.2944,0
LINE-A,2026-07-10T01:20:00,50.2648,0.4525,50.4457,50.1431,50.2944,0
LINE-A,2026-07-10T02:40:00,50.3838,0.5017,50.4457,50.1431,50.2944,0
LINE-A,2026-07-10T04:00:00,50.314,0.5203,50.4457,50.1431,50.2944,0
LINE-A,2026-07-10T04:40:00,50.2651,0.6192,50.4457,50.1431,50.2944,0
LINE-A,2026-07-10T06:00:00,50.3943,0.5473,50.4457,50.1431,50.2944,0
LINE-A,2026-07-10T07:20:00,50.3525,0.5304,50.4457,50.1431,50.2944,0
LINE-A,2026-07-10T08:00:00,50.3011,0.3578,50.4457,50.1431,50.2944,0
LINE-A,2026-07-10T09:20:00,50.4128,0.5158,50.4457,50.1431,50.2944,0
LINE-A,2026-07-10T10:40:00,50.3428,0.5153,50.4457,50.1431,50.2944,0
LINE-A,2026-07-10T11:20:00,50.3101,0.525,50.4457,50.1431,50.2944,0
LINE-A,2026-07-10T12:40:00,50.3844,0.4949,50.4457,50.1431,50.2944,0
LINE-A,2026-07-10T14:00:00,50.0931,0.3077,50.4457,50.1431,50.2944,1
LINE-A,2026-07-10T14:40:00,50.1563,0.3083,50.4457,50.1431,50.2944,0
LINE-A,2026-07-10T16:00:00,50.135,0.2364,50.4457,50.1431,50.2944,1
LINE-A,2026-07-10T17:20:00,50.1164,0.3675,50.4457,50.1431,50.2944,1
LINE-A,2026-07-10T18:00:00,50.1313,0.3846,50.4457,50.1431,50.2944,1
LINE-A,2026-07-10T19:20:00,50.186,0.2986,50.4457,50.1431,50.2944,0
LINE-A,2026-07-10T20:40:00,50.1374,0.3926,50.4457,50.1431,50.2944,1
LINE-A,2026-07-10T21:20:00,50.1728,0.2479,50.4457,50.1431,50.2944,0
LINE-A,2026-07-10T22:40:00,50.1567,0.2588,50.4457,50.1431,50.2944,0
LINE-A,2026-07-11T00:00:00,50.1124,0.2551,50.4457,50.1431,50.2944,1
LINE-A,2026-07-11T00:40:00,50.1766,0.2121,50.4457,50.1431,50.2944,0
LINE-A,2026-07-11T02:00:00,50.1622,0.3238,50.4457,50.1431,50.2944,0
LINE-A,2026-07-11T03:20:00,50.1508,0.235,50.4457,50.1431,50.2944,0
LINE-A,2026-07-11T04:00:00,50.1643,0.3179,50.4457,50.1431,50.2944,0
LINE-A,2026-07-11T05:20:00,50.1413,0.2967,50.4457,50.1431,50.2944,1
LINE-A,2026-07-11T06:40:00,50.1376,0.3112,50.4457,50.1431,50.2944,1
LINE-A,2026-07-11T07:20:00,50.2,0.2612,50.4457,50.1431,50.2944,0
LINE-A,2026-07-11T08:40:00,50.1976,0.2933,50.4457,50.1431,50.2944,0
LINE-A,2026-07-11T10:00:00,50.1366,0.2282,50.4457,50.1431,50.2944,1
LINE-A,2026-07-11T10:40:00,50.1898,0.3062,50.4457,50.1431,50.2944,0
LINE-A,2026-07-11T12:00:00,50.1636,0.2322,50.4457,50.1431,50.2944,0
LINE-A,2026-07-11T13:20:00,50.1494,0.3472,50.4457,50.1431,50.2944,0
LINE-A,2026-07-11T14:00:00,50.2226,0.2652,50.4457,50.1431,50.2944,0
LINE-A,2026-07-11T15:20:00,50.1919,0.3022,50.4457,50.1431,50.2944,0
LINE-A,2026-07-11T16:40:00,50.1376,0.2921,50.4457,50.1431,50.2944,1
LINE-A,2026-07-11T17:20:00,50.213,0.3454,50.4457,50.1431,50.2944,0
LINE-A,2026-07-11T18:40:00,50.211,0.3368,50.4457,50.1431,50.2944,0
LINE-A,2026-07-11T20:00:00,50.1905,0.2432,50.4457,50.1431,50.2944,0
LINE-A,2026-07-11T20:40:00,50.2156,0.3923,50.4457,50.1431,50.2944,0
LINE-A,2026-07-11T22:00:00,50.211,0.3833,50.4457,50.1431,50.2944,0
LINE-A,2026-07-11T23:20:00,50.2108,0.2153,50.4457,50.1431,50.2944,0
LINE-A,2026-07-12T00:00:00,50.1953,0.3213,50.4457,50.1431,50.2944,0
LINE-A,2026-07-12T01:20:00,50.2169,0.338,50.4457,50.1431,50.2944,0
LINE-A,2026-07-12T02:40:00,50.1817,0.2504,50.4457,50.1431,50.2944,0
LINE-A,2026-07-12T03:20:00,50.2187,0.2692,50.4457,50.1431,50.2944,0
LINE-A,2026-07-12T04:40:00,50.2229,0.2661,50.4457,50.1431,50.2944,0
LINE-A,2026-07-12T06:00:00,50.1588,0.1617,50.4457,50.1431,50.2944,0
LINE-A,2026-07-12T06:40:00,50.2174,0.3617,50.4457,50.1431,50.2944,0
LINE-A,2026-07-12T08:00:00,50.2143,0.2506,50.4457,50.1431,50.2944,0
LINE-A,2026-07-12T09:20:00,50.1757,0.2661,50.4457,50.1431,50.2944,0
LINE-A,2026-07-12T10:00:00,50.2754,0.3138,50.4457,50.1431,50.2944,0
LINE-A,2026-07-12T11:20:00,50.2323,0.4197,50.4457,50.1431,50.2944,0
LINE-A,2026-07-12T12:40:00,50.2017,0.274,50.4457,50.1431,50.2944,0
LINE-A,2026-07-12T13:20:00,50.248,0.3531,50.4457,50.1431,50.2944,0
LINE-A,2026-07-12T14:40:00,50.2746,0.2571,50.4457,50.1431,50.2944,0
LINE-A,2026-07-12T16:00:00,50.2243,0.2909,50.4457,50.1431,50.2944,0
LINE-A,2026-07-12T16:40:00,50.2657,0.2972,50.4457,50.1431,50.2944,0
LINE-A,2026-07-12T18:00:00,50.2271,0.3433,50.4457,50.1431,50.2944,0
LINE-A,2026-07-12T19:20:00,50.239,0.4214,50.4457,50.1431,50.2944,0
LINE-A,2026-07-12T20:00:00,50.3024,0.2708,50.4457,50.1431,50.2944,0
LINE-A,2026-07-12T21:20:00,50.227,0.4583,50.4457,50.1431,50.2944,0
LINE-A,2026-07-12T22:40:00,50.193,0.3283,50.4457,50.1431,50.2944,0
LINE-A,2026-07-12T23:20:00,50.2906,0.3583,50.4457,50.1431,50.2944,0
LINE-A,2026-07-13T00:40:00,50.2874,0.3301,50.4457,50.1431,50.2944,0
LINE-A,2026-07-13T02:00:00,50.1935,0.2249,50.4457,50.1431,50.2944,0
LINE-A,2026-07-13T02:40:00,50.3215,0.3242,50.4457,50.1431,50.2944,0
LINE-A,2026-07-13T04:00:00,50.244,0.287,50.4457,50.1431,50.2944,0
LINE-A,2026-07-13T05:20:00,50.2657,0.1916,50.4457,50.1431,50.2944,0
LINE-A,2026-07-13T06:00:00,50.2674,0.3054,50.4457,50.1431,50.2944,0
LINE-A,2026-07-13T07:20:00,50.2491,0.31,50.4457,50.1431,50.2944,0
LINE-A,2026-07-13T08:40:00,50.2597,0.2176,50.4457,50.1431,50.2944,0
LINE-A,2026-07-13T09:20:00,50.2791,0.2978,50.4457,50.1431,50.2944,0
LINE-A,2026-07-13T10:40:00,50.2603,0.2968,50.4457,50.1431,50.2944,0
LINE-A,2026-07-13T12:00:00,50.2908,0.2773,50.4457,50.1431,50.2944,0
LINE-A,2026-07-13T12:40:00,50.2963,0.3545,50.4457,50.1431,50.2944,0
LINE-A,2026-07-13T14:00:00,50.2454,0.2389,50.4457,50.1431,50.2944,0
LINE-A,2026-07-13T15:20:00,50.245,0.345,50.4457,50.1431,50.2944,0
LINE-A,2026-07-13T16:00:00,50.3059,0.389,50.4457,50.1431,50.2944,0
LINE-A,2026-07-13T17:20:00,50.2535,0.269,50.4457,50.1431,50.2944,0
LINE-A,2026-07-13T18:40:00,50.2563,0.3159,50.4457,50.1431,50.2944,0
LINE-A,2026-07-13T19:20:00,50.303,0.3602,50.4457,50.1431,50.2944,0
LINE-A,2026-07-13T20:40:00,50.2586,0.324,50.4457,50.1431,50.2944,0
LINE-A,2026-07-13T22:00:00,50.2416,0.374,50.4457,50.1431,50.2944,0
LINE-A,2026-07-13T22:40:00,50.3271,0.1495,50.4457,50.1431,50.2944,0
LINE-A,2026-07-14T00:00:00,50.3271,0.3401,50.4457,50.1431,50.2944,0
LINE-A,2026-07-14T01:20:00,50.2752,0.2669,50.4457,50.1431,50.2944,0
LINE-A,2026-07-14T02:00:00,50.3182,0.3637,50.4457,50.1431,50.2944,0
LINE-A,2026-07-14T03:20:00,50.2844,0.3395,50.4457,50.1431,50.2944,0
LINE-A,2026-07-14T04:40:00,50.29,0.1694,50.4457,50.1431,50.2944,0
LINE-A,2026-07-14T05:20:00,50.2749,0.2954,50.4457,50.1431,50.2944,0
LINE-A,2026-07-14T06:40:00,50.3322,0.2482,50.4457,50.1431,50.2944,0
LINE-A,2026-07-14T08:00:00,50.3039,0.3529,50.4457,50.1431,50.2944,0
LINE-A,2026-07-14T08:40:00,50.3206,0.2714,50.4457,50.1431,50.2944,0
LINE-A,2026-07-14T10:00:00,50.2557,0.4315,50.4457,50.1431,50.2944,0
LINE-A,2026-07-14T11:20:00,50.3273,0.1985,50.4457,50.1431,50.2944,0
LINE-A,2026-07-14T12:00:00,50.3234,0.2367,50.4457,50.1431,50.2944,0
LINE-A,2026-07-14T13:20:00,50.2976,0.2162,50.4457,50.1431,50.2944,0
LINE-A,2026-07-14T14:40:00,50.3006,0.1673,50.4457,50.1431,50.2944,0
LINE-A,2026-07-14T15:20:00,50.3412,0.3514,50.4457,50.1431,50.2944,0
LINE-A,2026-07-14T16:40:00,50.305,0.211,50.4457,50.1431,50.2944,0
LINE-A,2026-07-14T18:00:00,50.3248,0.1827,50.4457,50.1431,50.2944,0
LINE-A,2026-07-14T18:40:00,50.3515,0.2182,50.4457,50.1431,50.2944,0
LINE-A,2026-07-14T20:00:00,50.3476,0.3351,50.4457,50.1431,50.2944,0
LINE-A,2026-07-14T21:20:00,50.292,0.2052,50.4457,50.1431,50.2944,0
LINE-A,2026-07-14T22:00:00,50.3656,0.3065,50.4457,50.1431,50.2944,0
LINE-A,2026-07-14T23:20:00,50.3611,0.2734,50.4457,50.1431,50.2944,0
LINE-A,2026-07-15T00:40:00,50.3217,0.3374,50.4457,50.1431,50.2944,0
LINE-A,2026-07-15T01:20:00,50.3673,0.2807,50.4457,50.1431,50.2944,0
LINE-A,2026-07-15T02:40:00,50.3525,0.4079,50.4457,50.1431,50.2944,0
LINE-A,2026-07-15T04:00:00,50.3583,0.3745,50.4457,50.1431,50.2944,0
LINE-A,2026-07-15T04:40:00,50.4151,0.221,50.4457,50.1431,50.2944,0
LINE-A,2026-07-15T06:00:00,50.3201,0.2731,50.4457,50.1431,50.2944,0
LINE-A,2026-07-15T07:20:00,50.3302,0.3229,50.4457,50.1431,50.2944,0
LINE-A,2026-07-15T08:00:00,50.3735,0.3045,50.4457,50.1431,50.2944,0
LINE-A,2026-07-15T09:20:00,50.3468,0.2715,50.4457,50.1431,50.2944,0
LINE-A,2026-07-15T10:40:00,50.3463,0.2925,50.4457,50.1431,50.2944,0
LINE-A,2026-07-15T11:20:00,50.3643,0.3641,50.4457,50.1431,50.2944,0
LINE-A,2026-07-15T12:40:00,50.357,0.3804,50.4457,50.1431,50.2944,0
LINE-A,2026-07-15T14:00:00,50.3792,0.2302,50.4457,50.1431,50.2944,0
LINE-A,2026-07-15T14:40:00,50.4067,0.2583,50.4457,50.1431,50.2944,0
LINE-A,2026-07-15T16:00:00,50.3774,0.2845,50.4457,50.1431,50.2944,0
LINE-A,2026-07-15T17:20:00,50.376,0.2679,50.4457,50.1431,50.2944,0
LINE-A,2026-07-15T18:00:00,50.4411,0.2522,50.4457,50.1431,50.2944,0
LINE-A,2026-07-15T19:20:00,50.4273,0.2354,50.4457,50.1431,50.2944,0
LINE-A,2026-07-15T20:40:00,50.3439,0.1649,50.4457,50.1431,50.2944,0
LINE-A,2026-07-15T21:20:00,50.4539,0.3021,50.4457,50.1431,50.2944,1
LINE-A,2026-07-15T22:40:00,50.3825,0.3644,50.4457,50.1431,50.2944,0
LINE-A,2026-07-16T00:00:00,50.3497,0.2734,50.4457,50.1431,50.2944,0
LINE-A,2026-07-16T00:40:00,50.454,0.2875,50.4457,50.1431,50.2944,1
LINE-A,2026-07-16T02:00:00,50.3544,0.3581,50.4457,50.1431,50.2944,0
LINE-A,2026-07-16T03:20:00,50.3475,0.2882,50.4457,50.1431,50.2944,0
LINE-A,2026-07-16T04:00:00,50.4316,0.197,50.4457,50.1431,50.2944,0
LINE-A,2026-07-16T05:20:00,50.3817,0.2956,50.4457,50.1431,50.2944,0
LINE-A,2026-07-16T06:40:00,50.408,0.3131,50.4457,50.1431,50.2944,0
LINE-A,2026-07-16T07:20:00,50.4165,0.2831,50.4457,50.1431,50.2944,0
LINE-A,2026-07-16T08:40:00,50.3375,0.2034,50.4457,50.1431,50.2944,0
LINE-A,2026-07-16T10:00:00,50.4019,0.2728,50.4457,50.1431,50.2944,0
LINE-A,2026-07-16T10:40:00,50.3907,0.1682,50.4457,50.1431,50.2944,0
LINE-A,2026-07-16T12:00:00,50.375,0.2904,50.4457,50.1431,50.2944,0
LINE-A,2026-07-16T13:20:00,50.4328,0.2809,50.4457,50.1431,50.2944,0
LINE-A,2026-07-16T14:00:00,50.4378,0.1885,50.4457,50.1431,50.2944,0
LINE-A,2026-07-16T15:20:00,50.3777,0.3496,50.4457,50.1431,50.2944,0
LINE-A,2026-07-16T16:40:00,50.374,0.3545,50.4457,50.1431,50.2944,0
LINE-A,2026-07-16T17:20:00,50.4399,0.3186,50.4457,50.1431,50.2944,0
LINE-A,2026-07-16T18:40:00,50.4003,0.3099,50.4457,50.1431,50.2944,0
LINE-A,2026-07-16T20:00:00,50.4521,0.2611,50.4457,50.1431,50.2944,1
LINE-A,2026-07-16T20:40:00,50.4698,0.2596,50.4457,50.1431,50.2944,1
LINE-A,2026-07-16T22:00:00,50.3803,0.3294,50.4457,50.1431,50.2944,0
LINE-A,2026-07-16T23:20:00,50.4313,0.236,50.4457,50.1431,50.2944,0
LINE-A,2026-07-17T00:00:00,50.4768,0.2405,50.4457,50.1431,50.2944,1
LINE-A,2026-07-17T01:20:00,50.423,0.3105,50.4457,50.1431,50.2944,0
LINE-A,2026-07-17T02:40:00,50.4008,0.3963,50.4457,50.1431,50.2944,0
LINE-A,2026-07-17T03:20:00,50.4858,0.1995,50.4457,50.1431,50.2944,1
LINE-A,2026-07-17T04:40:00,50.4367,0.3044,50.4457,50.1431,50.2944,0
LINE-A,2026-07-17T06:00:00,50.4457,0.2839,50.4457,50.1431,50.2944,1
LINE-A,2026-07-17T06:40:00,50.452,0.2277,50.4457,50.1431,50.2944,1
LINE-A,2026-07-17T08:00:00,50.4041,0.216,50.4457,50.1431,50.2944,0
LINE-A,2026-07-17T09:20:00,50.4486,0.3355,50.4457,50.1431,50.2944,1
LINE-A,2026-07-17T10:00:00,50.4852,0.167,50.4457,50.1431,50.2944,1
LINE-A,2026-07-17T11:20:00,50.4278,0.3218,50.4457,50.1431,50.2944,0
LINE-A,2026-07-17T12:40:00,50.4611,0.2219,50.4457,50.1431,50.2944,1
LINE-A,2026-07-17T13:20:00,50.4802,0.127,50.4457,50.1431,50.2944,1
LINE-A,2026-07-17T14:40:00,50.4191,0.2106,50.4457,50.1431,50.2944,0
LINE-A,2026-07-17T16:00:00,50.4449,0.2355,50.4457,50.1431,50.2944,0
LINE-A,2026-07-17T16:40:00,50.5671,0.2734,50.4457,50.1431,50.2944,1
LINE-A,2026-07-17T18:00:00,50.4047,0.1912,50.4457,50.1431,50.2944,0
LINE-A,2026-07-17T19:20:00,50.454,0.3028,50.4457,50.1431,50.2944,1
LINE-A,2026-07-17T20:00:00,50.48,0.0729,50.4457,50.1431,50.2944,1
LINE-A,2026-07-17T21:20:00,50.4845,0.1938,50.4457,50.1431,50.2944,1
LINE-A,2026-07-17T22:40:00,50.468,0.2942,50.4457,50.1431,50.2944,1
LINE-A,2026-07-17T23:20:00,50.5246,0.1829,50.4457,50.1431,50.2944,1
LINE-A,2026-07-18T00:40:00,50.435,0.2656,50.4457,50.1431,50.2944,0
LINE-A,2026-07-18T02:00:00,50.4383,0.2851,50.4457,50.1431,50.2944,0
LINE-A,2026-07-18T02:40:00,50.4995,0.2657,50.4457,50.1431,50.2944,1
LINE-A,2026-07-18T04:00:00,50.456,0.3027,50.4457,50.1431,50.2944,1
LINE-A,2026-07-18T05:20:00,50.4709,0.2875,50.4457,50.1431,50.2944,1
LINE-A,2026-07-18T06:00:00,50.5177,0.2861,50.4457,50.1431,50.2944,1
LINE-A,2026-07-18T07:20:00,50.4558,0.3544,50.4457,50.1431,50.2944,1
LINE-A,2026-07-18T08:40:00,50.4764,0.3145,50.4457,50.1431,50.2944,1
LINE-A,2026-07-18T09:20:00,50.5317,0.3009,50.4457,50.1431,50.2944,1
LINE-A,2026-07-18T10:40:00,50.4685,0.2232,50.4457,50.1431,50.2944,1
LINE-A,2026-07-18T12:00:00,50.4962,0.3376,50.4457,50.1431,50.2944,1
LINE-A,2026-07-18T12:40:00,50.5282,0.348,50.4457,50.1431,50.2944,1
LINE-A,2026-07-18T14:00:00,50.4628,0.408,50.4457,50.1431,50.2944,1
LINE-A,2026-07-18T15:20:00,50.476,0.2045,50.4457,50.1431,50.2944,1
LINE-A,2026-07-18T16:00:00,50.2755,0.6195,50.4457,50.1431,50.2944,0
LINE-A,2026-07-18T17:20:00,50.3454,0.4673,50.4457,50.1431,50.2944,0
LINE-A,2026-07-18T18:40:00,50.2404,0.475,50.4457,50.1431,50.2944,0
LINE-A,2026-07-18T19:20:00,50.2983,0.6398,50.4457,50.1431,50.2944,0
LINE-A,2026-07-18T20:40:00,50.3607,0.5749,50.4457,50.1431,50.2944,0
LINE-A,2026-07-18T22:00:00,50.2795,0.5293,50.4457,50.1431,50.2944,0
LINE-A,2026-07-18T22:40:00,50.32,0.5844,50.4457,50.1431,50.2944,0
LINE-A,2026-07-19T00:00:00,50.4276,0.5234,50.4457,50.1431,50.2944,0
LINE-A,2026-07-19T01:20:00,50.2893,0.5494,50.4457,50.1431,50.2944,0
LINE-A,2026-07-19T02:00:00,50.3083,0.4968,50.4457,50.1431,50.2944,0
LINE-A,2026-07-19T03:20:00,50.3735,0.4793,50.4457,50.1431,50.2944,0
LINE-A,2026-07-19T04:40:00,50.3209,0.6163,50.4457,50.1431,50.2944,0
LINE-A,2026-07-19T05:20:00,50.2911,0.6287,50.4457,50.1431,50.2944,0
LINE-A,2026-07-19T06:40:00,50.3831,0.4937,50.4457,50.1431,50.2944,0
LINE-A,2026-07-19T08:00:00,50.34,0.5364,50.4457,50.1431,50.2944,0
LINE-A,2026-07-19T08:40:00,50.3598,0.4592,50.4457,50.1431,50.2944,0
LINE-A,2026-07-19T10:00:00,50.3772,0.5328,50.4457,50.1431,50.2944,0
LINE-A,2026-07-19T11:20:00,50.2706,0.5553,50.4457,50.1431,50.2944,0
LINE-A,2026-07-19T12:00:00,50.3291,0.5641,50.4457,50.1431,50.2944,0
LINE-A,2026-07-19T13:20:00,50.447,0.5056,50.4457,50.1431,50.2944,1
LINE-A,2026-07-19T14:40:00,50.274,0.5416,50.4457,50.1431,50.2944,0
LINE-A,2026-07-19T15:20:00,50.3209,0.5847,50.4457,50.1431,50.2944,0
LINE-A,2026-07-19T16:40:00,50.3588,0.6488,50.4457,50.1431,50.2944,0
LINE-A,2026-07-19T18:00:00,50.3113,0.4803,50.4457,50.1431,50.2944,0
LINE-A,2026-07-19T18:40:00,50.3603,0.5585,50.4457,50.1431,50.2944,0
LINE-A,2026-07-19T20:00:00,50.4189,0.5608,50.4457,50.1431,50.2944,0
LINE-A,2026-07-19T21:20:00,50.3319,0.6798,50.4457,50.1431,50.2944,0
LINE-A,2026-07-19T22:00:00,50.3606,0.6556,50.4457,50.1431,50.2944,0
LINE-A,2026-07-19T23:20:00,50.4054,0.5207,50.4457,50.1431,50.2944,0
LINE-A,2026-07-20T00:40:00,50.2709,0.5633,50.4457,50.1431,50.2944,0
LINE-A,2026-07-20T01:20:00,50.3778,0.4974,50.4457,50.1431,50.2944,0
LINE-A,2026-07-20T02:40:00,50.4044,0.5606,50.4457,50.1431,50.2944,0
LINE-A,2026-07-20T04:00:00,50.3144,0.5229,50.4457,50.1431,50.2944,0
LINE-A,2026-07-20T04:40:00,50.3582,0.5548,50.4457,50.1431,50.2944,0
LINE-A,2026-07-20T06:00:00,50.41,0.5296,50.4457,50.1431,50.2944,0
LINE-A,2026-07-20T07:20:00,50.3095,0.5016,50.4457,50.1431,50.2944,0
LINE-A,2026-07-20T08:00:00,50.2731,0.5691,50.4457,50.1431,50.2944,0
LINE-A,2026-07-20T09:20:00,50.2382,0.3643,50.4457,50.1431,50.2944,0
LINE-A,2026-07-20T10:40:00,50.1682,0.4374,50.4457,50.1431,50.2944,0
LINE-A,2026-07-20T11:20:00,50.1283,0.4391,50.4457,50.1431,50.2944,1
LINE-A,2026-07-20T12:40:00,50.1733,0.3748,50.4457,50.1431,50.2944,0
LINE-A,2026-07-20T14:00:00,50.2458,0.5165,50.4457,50.1431,50.2944,0
LINE-A,2026-07-20T14:40:00,50.0951,0.4721,50.4457,50.1431,50.2944,1
LINE-A,2026-07-20T16:00:00,50.2,0.5097,50.4457,50.1431,50.2944,0
LINE-A,2026-07-20T17:20:00,50.2371,0.4464,50.4457,50.1431,50.2944,0
LINE-A,2026-07-20T18:00:00,50.1579,0.5747,50.4457,50.1431,50.2944,0
LINE-A,2026-07-20T19:20:00,50.2047,0.4151,50.4457,50.1431,50.2944,0
LINE-A,2026-07-20T20:40:00,50.194,0.3945,50.4457,50.1431,50.2944,0
LINE-A,2026-07-20T21:20:00,50.1701,0.5039,50.4457,50.1431,50.2944,0
LINE-A,2026-07-20T22:40:00,50.2258,0.4853,50.4457,50.1431,50.2944,0
LINE-A,2026-07-21T00:00:00,50.2463,0.4141,50.4457,50.1431,50.2944,0
LINE-A,2026-07-21T00:40:00,50.1728,0.4027,50.4457,50.1431,50.2944,0
LINE-A,2026-07-21T02:00:00,50.2067,0.4538,50.4457,50.1431,50.2944,0
LINE-A,2026-07-21T03:20:00,50.2425,0.3824,50.4457,50.1431,50.2944,0
LINE-A,2026-07-21T04:00:00,50.1384,0.3269,50.4457,50.1431,50.2944,1
LINE-A,2026-07-21T05:20:00,50.245,0.3925,50.4457,50.1431,50.2944,0
LINE-A,2026-07-21T06:40:00,50.2313,0.3679,50.4457,50.1431,50.2944,0
LINE-A,2026-07-21T07:20:00,50.2255,0.5094,50.4457,50.1431,50.2944,0
LINE-A,2026-07-21T08:40:00,50.2678,0.4857,50.4457,50.1431,50.2944,0
LINE-A,2026-07-21T10:00:00,50.2754,0.5314,50.4457,50.1431,50.2944,0
LINE-A,2026-07-21T10:40:00,50.1908,0.3094,50.4457,50.1431,50.2944,0
LINE-A,2026-07-21T12:00:00,50.2484,0.42,50.4457,50.1431,50.2944,0
LINE-A,2026-07-21T13:20:00,50.3106,0.4753,50.4457,50.1431,50.2944,0
LINE-A,2026-07-21T14:00:00,50.195,0.3801,50.4457,50.1431,50.2944,0
LINE-A,2026-07-21T15:20:00,50.2813,0.3111,50.4457,50.1431,50.2944,0
LINE-A,2026-07-21T16:40:00,50.2628,0.4684,50.4457,50.1431,50.2944,0
LINE-A,2026-07-21T17:20:00,50.1944,0.3732,50.4457,50.1431,50.2944,0
LINE-A,2026-07-21T18:40:00,50.2813,0.4194,50.4457,50.1431,50.2944,0
LINE-A,2026-07-21T20:00:00,50.3198,0.2584,50.4457,50.1431,50.2944,0
LINE-A,2026-07-21T20:40:00,50.2155,0.4118,50.4457,50.1431,50.2944,0
LINE-A,2026-07-21T22:00:00,50.2899,0.4438,50.4457,50.1431,50.2944,0
LINE-A,2026-07-21T23:20:00,50.2829,0.4503,50.4457,50.1431,50.2944,0
LINE-A,2026-07-22T00:00:00,50.2415,0.4878,50.4457,50.1431,50.2944,0
LINE-A,2026-07-22T01:20:00,50.3129,0.4752,50.4457,50.1431,50.2944,0
LINE-A,2026-07-22T02:40:00,50.3027,0.3309,50.4457,50.1431,50.2944,0
LINE-A,2026-07-22T03:20:00,50.2175,0.3847,50.4457,50.1431,50.2944,0
LINE-A,2026-07-22T04:40:00,50.3019,0.3164,50.4457,50.1431,50.2944,0
LINE-A,2026-07-22T06:00:00,50.3379,0.4437,50.4457,50.1431,50.2944,0
LINE-A,2026-07-22T06:40:00,50.2549,0.4361,50.4457,50.1431,50.2944,0
LINE-A,2026-07-22T08:00:00,50.3263,0.3109,50.4457,50.1431,50.2944,0
LINE-A,2026-07-22T09:20:00,50.354,0.3364,50.4457,50.1431,50.2944,0
LINE-A,2026-07-22T10:00:00,50.2765,0.3462,50.4457,50.1431,50.2944,0
LINE-A,2026-07-22T11:20:00,50.3399,0.3261,50.4457,50.1431,50.2944,0
LINE-A,2026-07-22T12:40:00,50.327,0.4326,50.4457,50.1431,50.2944,0
LINE-A,2026-07-22T13:20:00,50.2937,0.3805,50.4457,50.1431,50.2944,0
LINE-A,2026-07-22T14:40:00,50.3449,0.3911,50.4457,50.1431,50.2944,0
LINE-A,2026-07-22T16:00:00,50.3837,0.3368,50.4457,50.1431,50.2944,0
LINE-A,2026-07-22T16:40:00,50.2916,0.4562,50.4457,50.1431,50.2944,0
LINE-A,2026-07-22T18:00:00,50.3109,0.3443,50.4457,50.1431,50.2944,0
LINE-A,2026-07-22T19:20:00,50.3678,0.4295,50.4457,50.1431,50.2944,0
LINE-A,2026-07-22T20:00:00,50.2548,0.4082,50.4457,50.1431,50.2944,0
LINE-A,2026-07-22T21:20:00,50.3669,0.3545,50.4457,50.1431,50.2944,0
LINE-A,2026-07-22T22:40:00,50.3561,0.4046,50.4457,50.1431,50.2944,0
LINE-A,2026-07-22T23:20:00,50.3111,0.3868,50.4457,50.1431,50.2944,0
LINE-A,2026-07-23T00:40:00,50.3444,0.375,50.4457,50.1431,50.2944,0
LINE-A,2026-07-23T02:00:00,50.3577,0.3794,50.4457,50.1431,50.2944,0
LINE-A,2026-07-23T02:40:00,50.2831,0.268,50.4457,50.1431,50.2944,0
LINE-A,2026-07-23T04:00:00,50.3631,0.439,50.4457,50.1431,50.2944,0
LINE-A,2026-07-23T05:20:00,50.3688,0.3564,50.4457,50.1431,50.2944,0
LINE-A,2026-07-23T06:00:00,50.2981,0.299,50.4457,50.1431,50.2944,0
LINE-A,2026-07-23T07:20:00,50.3445,0.3754,50.4457,50.1431,50.2944,0
LINE-A,2026-07-23T08:40:00,50.3534,0.345,50.4457,50.1431,50.2944,0
LINE-A,2026-07-23T09:20:00,50.3219,0.3924,50.4457,50.1431,50.2944,0
LINE-A,2026-07-23T10:40:00,50.3466,0.4745,50.4457,50.1431,50.2944,0
LINE-A,2026-07-23T12:00:00,50.3728,0.2533,50.4457,50.1431,50.2944,0
LINE-A,2026-07-23T12:40:00,50.293,0.3229,50.4457,50.1431,50.2944,0
LINE-A,2026-07-23T14:00:00,50.392,0.2613,50.4457,50.1431,50.2944,0
LINE-A,2026-07-23T15:20:00,50.3832,0.4318,50.4457,50.1431,50.2944,0
LINE-A,2026-07-23T16:00:00,50.343,0.229,50.4457,50.1431,50.2944,0
LINE-A,2026-07-23T17:20:00,50.4409,0.2497,50.4457,50.1431,50.2944,0
LINE-A,2026-07-23T18:40:00,50.3802,0.3237,50.4457,50.1431,50.2944,0
LINE-A,2026-07-23T19:20:00,50.3474,0.3784,50.4457,50.1431,50.2944,0
LINE-A,2026-07-23T20:40:00,50.3978,0.3495,50.4457,50.1431,50.2944,0
LINE-A,2026-07-23T22:00:00,50.3738,0.2736,50.4457,50.1431,50.2944,0
LINE-A,2026-07-23T22:40:00,50.3616,0.3762,50.4457,50.1431,50.2944,0
LINE-A,2026-07-24T00:00:00,50.3639,0.3355,50.4457,50.1431,50.2944,0
LINE-A,2026-07-24T01:20:00,50.4197,0.4108,50.4457,50.1431,50.2944,0
LINE-A,2026-07-24T02:00:00,50.3722,0.3157,50.4457,50.1431,50.2944,0
LINE-A,2026-07-24T03:20:00,50.4599,0.3952,50.4457,50.1431,50.2944,1
LINE-A,2026-07-24T04:40:00,50.4154,0.3388,50.4457,50.1431,50.2944,0
LINE-A,2026-07-24T05:20:00,50.3708,0.3347,50.4457,50.1431,50.2944,0
LINE-A,2026-07-24T06:40:00,50.4158,0.289,50.4457,50.1431,50.2944,0
LINE-A,2026-07-24T08:00:00,50.4183,0.3549,50.4457,50.1431,50.2944,0
LINE-A,2026-07-24T08:40:00,50.4132,0.3286,50.4457,50.1431,50.2944,0
LINE-A,2026-07-24T10:00:00,50.4558,0.4272,50.4457,50.1431,50.2944,1
LINE-A,2026-07-24T11:20:00,50.4592,0.2523,50.4457,50.1431,50.2944,1
LINE-A,2026-07-24T12:00:00,50.4221,0.3238,50.4457,50.1431,50.2944,0
LINE-A,2026-07-24T13:20:00,50.4426,0.3093,50.4457,50.1431,50.2944,0
LINE-A,2026-07-24T14:40:00,50.4597,0.3318,50.4457,50.1431,50.2944,1
LINE-A,2026-07-24T15:20:00,50.3911,0.2602,50.4457,50.1431,50.2944,0
LINE-A,2026-07-24T16:40:00,50.4137,0.3773,50.4457,50.1431,50.2944,0
LINE-A,2026-07-24T18:00:00,50.4581,0.3673,50.4457,50.1431,50.2944,1
LINE-A,2026-07-24T18:40:00,50.392,0.4021,50.4457,50.1431,50.2944,0
LINE-A,2026-07-24T20:00:00,50.3299,0.6781,50.4457,50.1431,50.2944,0
LINE-A,2026-07-24T21:20:00,50.2096,0.2635,50.4457,50.1431,50.2944,0
LINE-A,2026-07-24T22:00:00,50.3169,0.4555,50.4457,50.1431,50.2944,0
LINE-A,2026-07-24T23:20:00,50.2392,0.4386,50.4457,50.1431,50.2944,0
LINE-A,2026-07-25T00:40:00,50.285,0.4669,50.4457,50.1431,50.2944,0
LINE-A,2026-07-25T01:20:00,50.3523,0.3517,50.4457,50.1431,50.2944,0
LINE-A,2026-07-25T02:40:00,50.2268,0.4683,50.4457,50.1431,50.2944,0
LINE-A,2026-07-25T04:00:00,50.208,0.4619,50.4457,50.1431,50.2944,0
LINE-A,2026-07-25T04:40:00,50.3162,0.2982,50.4457,50.1431,50.2944,0
LINE-A,2026-07-25T06:00:00,50.1893,0.3931,50.4457,50.1431,50.2944,0
LINE-A,2026-07-25T07:20:00,50.2377,0.3784,50.4457,50.1431,50.2944,0
LINE-A,2026-07-25T08:00:00,50.3227,0.3715,50.4457,50.1431,50.2944,0
LINE-A,2026-07-25T09:20:00,50.2609,0.3847,50.4457,50.1431,50.2944,0
LINE-A,2026-07-25T10:40:00,50.2879,0.4675,50.4457,50.1431,50.2944,0
LINE-A,2026-07-25T11:20:00,50.3069,0.3461,50.4457,50.1431,50.2944,0
LINE-A,2026-07-25T12:40:00,50.2493,0.4776,50.4457,50.1431,50.2944,0
LINE-A,2026-07-25T14:00:00,50.2314,0.4266,50.4457,50.1431,50.2944,0
LINE-A,2026-07-25T14:40:00,50.3539,0.3534,50.4457,50.1431,50.2944,0
LINE-A,2026-07-25T16:00:00,50.2628,0.4815,50.4457,50.1431,50.2944,0
LINE-A,2026-07-25T17:20:00,50.2834,0.3774,50.4457,50.1431,50.2944,0
LINE-A,2026-07-25T18:00:00,50.359,0.4952,50.4457,50.1431,50.2944,0
LINE-A,2026-07-25T19:20:00,50.2404,0.3929,50.4457,50.1431,50.2944,0
LINE-A,2026-07-25T20:40:00,50.2388,0.4871,50.4457,50.1431,50.2944,0
LINE-A,2026-07-25T21:20:00,50.3493,0.4642,50.4457,50.1431,50.2944,0
LINE-A,2026-07-25T22:40:00,50.2674,0.4257,50.4457,50.1431,50.2944,0
LINE-A,2026-07-26T00:00:00,50.2816,0.4275,50.4457,50.1431,50.2944,0
LINE-A,2026-07-26T00:40:00,50.3328,0.4379,50.4457,50.1431,50.2944,0
LINE-A,2026-07-26T02:00:00,50.2422,0.4192,50.4457,50.1431,50.2944,0
LINE-A,2026-07-26T03:20:00,50.2918,0.3509,50.4457,50.1431,50.2944,0
LINE-A,2026-07-26T04:00:00,50.3614,0.4226,50.4457,50.1431,50.2944,0
LINE-A,2026-07-26T05:20:00,50.2784,0.5452,50.4457,50.1431,50.2944,0
LINE-A,2026-07-26T06:40:00,50.2805,0.4913,50.4457,50.1431,50.2944,0
LINE-A,2026-07-26T07:20:00,50.3359,0.5046,50.4457,50.1431,50.2944,0
LINE-A,2026-07-26T08:40:00,50.2963,0.4277,50.4457,50.1431,50.2944,0
LINE-A,2026-07-26T10:00:00,50.304,0.3915,50.4457,50.1431,50.2944,0
LINE-A,2026-07-26T10:40:00,50.356,0.5189,50.4457,50.1431,50.2944,0
LINE-A,2026-07-26T12:00:00,50.3205,0.4018,50.4457,50.1431,50.2944,0
LINE-A,2026-07-26T13:20:00,50.3017,0.4031,50.4457,50.1431,50.2944,0
LINE-A,2026-07-26T14:00:00,50.3854,0.3832,50.4457,50.1431,50.2944,0
LINE-A,2026-07-26T15:20:00,50.3309,0.5732,50.4457,50.1431,50.2944,0
LINE-A,2026-07-26T16:40:00,50.327,0.5529,50.4457,50.1431,50.2944,0
LINE-A,2026-07-26T17:20:00,50.3879,0.4793,50.4457,50.1431,50.2944,0
LINE-A,2026-07-26T18:40:00,50.2881,0.3644,50.4457,50.1431,50.2944,0
LINE-A,2026-07-26T20:00:00,50.2912,0.4246,50.4457,50.1431,50.2944,0
LINE-A,2026-07-26T20:40:00,50.4148,0.3958,50.4457,50.1431,50.2944,0
LINE-A,2026-07-26T22:00:00,50.3451,0.4557,50.4457,50.1431,50.2944,0
LINE-A,2026-07-26T23:20:00,50.3175,0.489,50.4457,50.1431,50.2944,0
LINE-A,2026-07-27T00:00:00,50.3872,0.4902,50.4457,50.1431,50.2944,0
LINE-A,2026-07-27T01:20:00,50.3184,0.4558,50.4457,50.1431,50.2944,0
LINE-A,2026-07-27T02:40:00,50.3399,0.4111,50.4457,50.1431,50.2944,0
LINE-A,2026-07-27T03:20:00,50.4446,0.5315,50.4457,50.1431,50.2944,0
LINE-A,2026-07-27T04:40:00,50.3607,0.5409,50.4457,50.1431,50.2944,0
LINE-A,2026-07-27T06:00:00,50.3366,0.5841,50.4457,50.1431,50.2944,0
LINE-A,2026-07-27T06:40:00,50.4291,0.5406,50.4457,50.1431,50.2944,0
LINE-A,2026-07-27T08:00:00,50.3686,0.492,50.4457,50.1431,50.2944,0
LINE-A,2026-07-27T09:20:00,50.3595,0.5,50.4457,50.1431,50.2944,0
LINE-A,2026-07-27T10:00:00,50.4456,0.4142,50.4457,50.1431,50.2944,0
LINE-A,2026-07-27T11:20:00,50.3703,0.5374,50.4457,50.1431,50.2944,0
LINE-A,2026-07-27T12:40:00,50.3862,0.5332,50.4457,50.1431,50.2944,0
LINE-A,2026-07-27T13:20:00,50.4812,0.4712,50.4457,50.1431,50.2944,1
LINE-A,2026-07-27T14:40:00,50.3435,0.5453,50.4457,50.1431,50.2944,0
LINE-A,2026-07-27T16:00:00,50.3331,0.544,50.4457,50.1431,50.2944,0
LINE-A,2026-07-27T16:40:00,50.422,0.4081,50.4457,50.1431,50.2944,0
LINE-A,2026-07-27T18:00:00,50.3318,0.6256,50.4457,50.1431,50.2944,0
LINE-A,2026-07-27T19:20:00,50.3184,0.5242,50.4457,50.1431,50.2944,0
LINE-A,2026-07-27T20:00:00,50.4648,0.4956,50.4457,50.1431,50.2944,1
LINE-A,2026-07-27T21:20:00,50.3908,0.5492,50.4457,50.1431,50.2944,0
LINE-A,2026-07-27T22:40:00,50.3637,0.4569,50.4457,50.1431,50.2944,0
LINE-A,2026-07-27T23:20:00,50.4846,0.5496,50.4457,50.1431,50.2944,1
LINE-A,2026-07-28T00:40:00,50.3653,0.4627,50.4457,50.1431,50.2944,0
LINE-A,2026-07-28T02:00:00,50.3928,0.4846,50.4457,50.1431,50.2944,0
LINE-A,2026-07-28T02:40:00,50.4367,0.5529,50.4457,50.1431,50.2944,0
LINE-A,2026-07-28T04:00:00,50.4157,0.6047,50.4457,50.1431,50.2944,0
LINE-A,2026-07-28T05:20:00,50.3948,0.5091,50.4457,50.1431,50.2944,0
LINE-A,2026-07-28T06:00:00,50.5083,0.455,50.4457,50.1431,50.2944,1
LINE-A,2026-07-28T07:20:00,50.3926,0.5947,50.4457,50.1431,50.2944,0
LINE-A,2026-07-28T08:40:00,50.3861,0.6201,50.4457,50.1431,50.2944,0
LINE-A,2026-07-28T09:20:00,50.5221,0.4266,50.4457,50.1431,50.2944,1
LINE-A,2026-07-28T10:40:00,50.3628,0.5293,50.4457,50.1431,50.2944,0
LINE-A,2026-07-28T12:00:00,50.3807,0.5411,50.4457,50.1431,50.2944,0
LINE-A,2026-07-28T12:40:00,50.2562,0.6067,50.4457,50.1431,50.2944,0
LINE-A,2026-07-28T14:00:00,50.1705,0.585,50.4457,50.1431,50.2944,0
LINE-A,2026-07-28T15:20:00,50.2744,0.5887,50.4457,50.1431,50.2944,0
LINE-A,2026-07-28T16:00:00,50.3069,0.6582,50.4457,50.1431,50.2944,0
LINE-A,2026-07-28T17:20:00,50.1677,0.6171,50.4457,50.1431,50.2944,0
LINE-A,2026-07-28T18:40:00,50.2698,0.5818,50.4457,50.1431,50.2944,0
LINE-A,2026-07-28T19:20:00,50.2652,0.5822,50.4457,50.1431,50.2944,0
LINE-A,2026-07-28T20:40:00,50.1819,0.6315,50.4457,50.1431,50.2944,0
LINE-A,2026-07-28T22:00:00,50.2883,0.4938,50.4457,50.1431,50.2944,0
LINE-A,2026-07-28T22:40:00,50.2579,0.4899,50.4457,50.1431,50.2944,0
LINE-A,2026-07-29T00:00:00,50.0805,0.109,50.4457,50.1431,50.2944,1
LINE-A,2026-07-29T01:20:00,50.0541,0.1586,50.4457,50.1431,50.2944,1
LINE-A,2026-07-29T02:00:00,50.1108,0.1656,50.4457,50.1431,50.2944,1
LINE-A,2026-07-29T03:20:00,50.0518,0.1664,50.4457,50.1431,50.2944,1
LINE-A,2026-07-29T04:40:00,50.0367,0.1304,50.4457,50.1431,50.2944,1
LINE-A,2026-07-29T05:20:00,50.0303,0.2451,50.4457,50.1431,50.2944,1
LINE-A,2026-07-29T06:40:00,50.0461,0.2483,50.4457,50.1431,50.2944,1
LINE-A,2026-07-29T08:00:00,50.0447,0.2206,50.4457,50.1431,50.2944,1
LINE-A,2026-07-29T08:40:00,50.0052,0.1948,50.4457,50.1431,50.2944,1
LINE-A,2026-07-29T10:00:00,50.0869,0.2258,50.4457,50.1431,50.2944,1
LINE-A,2026-07-29T11:20:00,50.0487,0.2915,50.4457,50.1431,50.2944,1
LINE-A,2026-07-29T12:00:00,50.0645,0.2151,50.4457,50.1431,50.2944,1
LINE-A,2026-07-29T13:20:00,50.0482,0.1411,50.4457,50.1431,50.2944,1
LINE-A,2026-07-29T14:40:00,50.0806,0.1951,50.4457,50.1431,50.2944,1
LINE-A,2026-07-29T15:20:00,50.0642,0.0636,50.4457,50.1431,50.2944,1
LINE-A,2026-07-29T16:40:00,50.0593,0.3385,50.4457,50.1431,50.2944,1
LINE-A,2026-07-29T18:00:00,50.0273,0.2343,50.4457,50.1431,50.2944,1
LINE-A,2026-07-29T18:40:00,50.0276,0.1613,50.4457,50.1431,50.2944,1
LINE-A,2026-07-29T20:00:00,50.1252,0.1844,50.4457,50.1431,50.2944,1
LINE-A,2026-07-29T21:20:00,50.0765,0.1435,50.4457,50.1431,50.2944,1
LINE-A,2026-07-29T22:00:00,50.102,0.153,50.4457,50.1431,50.2944,1
LINE-A,2026-07-29T23:20:00,50.0872,0.2403,50.4457,50.1431,50.2944,1
LINE-A,2026-07-30T00:40:00,50.0896,0.1674,50.4457,50.1431,50.2944,1
LINE-A,2026-07-30T01:20:00,50.0769,0.1878,50.4457,50.1431,50.2944,1
LINE-A,2026-07-30T02:40:00,50.1281,0.1338,50.4457,50.1431,50.2944,1
LINE-A,2026-07-30T04:00:00,50.1045,0.1635,50.4457,50.1431,50.2944,1
LINE-A,2026-07-30T04:40:00,50.0833,0.1624,50.4457,50.1431,50.2944,1
LINE-A,2026-07-30T06:00:00,50.0858,0.2211,50.4457,50.1431,50.2944,1
LINE-A,2026-07-30T07:20:00,50.0844,0.1771,50.4457,50.1431,50.2944,1
LINE-A,2026-07-30T08:00:00,50.0778,0.1069,50.4457,50.1431,50.2944,1
LINE-A,2026-07-30T09:20:00,50.0896,0.1623,50.4457,50.1431,50.2944,1
LINE-A,2026-07-30T10:40:00,50.1184,0.1729,50.4457,50.1431,50.2944,1
LINE-A,2026-07-30T11:20:00,50.034,0.124,50.4457,50.1431,50.2944,1
LINE-A,2026-07-30T12:40:00,50.1012,0.1975,50.4457,50.1431,50.2944,1
LINE-A,2026-07-30T14:00:00,50.1065,0.1878,50.4457,50.1431,50.2944,1
LINE-A,2026-07-30T14:40:00,50.0821,0.0345,50.4457,50.1431,50.2944,1
LINE-A,2026-07-30T16:00:00,50.1189,0.1168,50.4457,50.1431,50.2944,1
LINE-A,2026-07-30T17:20:00,50.1326,0.1557,50.4457,50.1431,50.2944,1
LINE-A,2026-07-30T18:00:00,50.0813,0.1391,50.4457,50.1431,50.2944,1
LINE-A,2026-07-30T19:20:00,50.1027,0.1969,50.4457,50.1431,50.2944,1
LINE-A,2026-07-30T20:40:00,50.084,0.2618,50.4457,50.1431,50.2944,1
LINE-A,2026-07-30T21:20:00,50.0919,0.2232,50.4457,50.1431,50.2944,1
LINE-A,2026-07-30T22:40:00,50.1261,0.1923,50.4457,50.1431,50.2944,1
LINE-A,2026-07-31T00:00:00,50.1089,0.1866,50.4457,50.1431,50.2944,1
LINE-A,2026-07-31T00:40:00,50.0722,0.1216,50.4457,50.1431,50.2944,1
LINE-A,2026-07-31T02:00:00,50.1143,0.1522,50.4457,50.1431,50.2944,1
LINE-A,2026-07-31T03:20:00,50.1027,0.203,50.4457,50.1431,50.2944,1
LINE-A,2026-07-31T04:00:00,50.1116,0.1241,50.4457,50.1431,50.2944,1
LINE-A,2026-07-31T05:20:00,50.1997,0.1906,50.4457,50.1431,50.2944,0
LINE-A,2026-07-31T06:40:00,50.1053,0.1641,50.4457,50.1431,50.2944,1
LINE-A,2026-07-31T07:20:00,50.1338,0.0832,50.4457,50.1431,50.2944,1
LINE-A,2026-07-31T08:40:00,50.1214,0.1242,50.4457,50.1431,50.2944,1
LINE-A,2026-07-31T10:00:00,50.1269,0.0799,50.4457,50.1431,50.2944,1
LINE-A,2026-07-31T10:40:00,50.0666,0.2204,50.4457,50.1431,50.2944,1
LINE-A,2026-07-31T12:00:00,50.1271,0.2323,50.4457,50.1431,50.2944,1
LINE-A,2026-07-31T13:20:00,50.1233,0.112,50.4457,50.1431,50.2944,1
LINE-A,2026-07-31T14:00:00,50.1077,0.1633,50.4457,50.1431,50.2944,1
LINE-A,2026-07-31T15:20:00,50.1382,0.1415,50.4457,50.1431,50.2944,1
LINE-A,2026-07-31T16:40:00,50.1714,0.1324,50.4457,50.1431,50.2944,0
LINE-A,2026-07-31T17:20:00,50.1266,0.1717,50.4457,50.1431,50.2944,1
LINE-A,2026-07-31T18:40:00,50.1358,0.1975,50.4457,50.1431,50.2944,1
LINE-A,2026-07-31T20:00:00,50.1597,0.1384,50.4457,50.1431,50.2944,0
LINE-A,2026-07-31T20:40:00,50.1225,0.1789,50.4457,50.1431,50.2944,1
LINE-A,2026-07-31T22:00:00,50.1294,0.1958,50.4457,50.1431,50.2944,1
LINE-A,2026-07-31T23:20:00,50.1251,0.297,50.4457,50.1431,50.2944,1
LINE-A,2026-08-01T00:00:00,50.1563,0.2157,50.4457,50.1431,50.2944,0
LINE-A,2026-08-01T01:20:00,50.1504,0.1955,50.4457,50.1431,50.2944,0
LINE-A,2026-08-01T02:40:00,50.1384,0.2164,50.4457,50.1431,50.2944,1
LINE-A,2026-08-01T03:20:00,50.1232,0.1074,50.4457,50.1431,50.2944,1
LINE-A,2026-08-01T04:40:00,50.1818,0.2433,50.4457,50.1431,50.2944,0
LINE-A,2026-08-01T06:00:00,50.1657,0.2048,50.4457,50.1431,50.2944,0
LINE-A,2026-08-01T06:40:00,50.1373,0.3124,50.4457,50.1431,50.2944,1
LINE-A,2026-08-01T08:00:00,50.1113,0.1679,50.4457,50.1431,50.2944,1
LINE-A,2026-08-01T09:20:00,50.1991,0.1517,50.4457,50.1431,50.2944,0
LINE-A,2026-08-01T10:00:00,50.1242,0.1455,50.4457,50.1431,50.2944,1
LINE-A,2026-08-01T11:20:00,50.1387,0.217,50.4457,50.1431,50.2944,1
LINE-A,2026-08-01T12:40:00,50.1731,0.1201,50.4457,50.1431,50.2944,0
LINE-A,2026-08-01T13:20:00,50.1721,0.1826,50.4457,50.1431,50.2944,0
LINE-A,2026-08-01T14:40:00,50.159,0.1132,50.4457,50.1431,50.2944,0
LINE-A,2026-08-01T16:00:00,50.1371,0.0575,50.4457,50.1431,50.2944,1
LINE-A,2026-08-01T16:40:00,50.1171,0.0953,50.4457,50.1431,50.2944,1
LINE-A,2026-08-01T18:00:00,50.1814,0.1871,50.4457,50.1431,50.2944,0
LINE-A,2026-08-01T19:20:00,50.179,0.1295,50.4457,50.1431,50.2944,0
LINE-A,2026-08-01T20:00:00,50.1248,0.1164,50.4457,50.1431,50.2944,1
LINE-A,2026-08-01T21:20:00,50.1767,0.0452,50.4457,50.1431,50.2944,0
LINE-A,2026-08-01T22:40:00,50.1515,0.1265,50.4457,50.1431,50.2944,0
LINE-A,2026-08-01T23:20:00,50.1415,0.1249,50.4457,50.1431,50.2944,1
LINE-A,2026-08-02T00:40:00,50.1464,0.204,50.4457,50.1431,50.2944,0
LINE-A,2026-08-02T02:00:00,50.1651,0.134,50.4457,50.1431,50.2944,0
LINE-A,2026-08-02T02:40:00,50.132,0.1141,50.4457,50.1431,50.2944,1
LINE-A,2026-08-02T04:00:00,50.202,0.1057,50.4457,50.1431,50.2944,0
LINE-A,2026-08-02T05:20:00,50.1956,0.0848,50.4457,50.1431,50.2944,0
LINE-A,2026-08-02T06:00:00,50.1828,0.1575,50.4457,50.1431,50.2944,0
LINE-A,2026-08-02T07:20:00,50.1927,0.1372,50.4457,50.1431,50.2944,0
LINE-A,2026-08-02T08:40:00,50.1465,0.1778,50.4457,50.1431,50.2944,0
LINE-A,2026-08-02T09:20:00,50.1921,0.2191,50.4457,50.1431,50.2944,0
LINE-A,2026-08-02T10:40:00,50.1457,0.1864,50.4457,50.1431,50.2944,0
LINE-A,2026-08-02T12:00:00,50.1553,0.1966,50.4457,50.1431,50.2944,0
LINE-A,2026-08-02T12:40:00,50.1594,0.1157,50.4457,50.1431,50.2944,0
LINE-A,2026-08-02T14:00:00,50.2013,0.1851,50.4457,50.1431,50.2944,0
LINE-A,2026-08-02T15:20:00,50.1987,0.0884,50.4457,50.1431,50.2944,0
LINE-A,2026-08-02T16:00:00,50.2014,0.1793,50.4457,50.1431,50.2944,0
LINE-A,2026-08-02T17:20:00,50.1966,0.1373,50.4457,50.1431,50.2944,0
LINE-A,2026-08-02T18:40:00,50.2229,0.2045,50.4457,50.1431,50.2944,0
LINE-A,2026-08-02T19:20:00,50.1804,0.0442,50.4457,50.1431,50.2944,0
LINE-A,2026-08-02T20:40:00,50.2575,0.0585,50.4457,50.1431,50.2944,0
LINE-A,2026-08-02T22:00:00,50.2272,0.1549,50.4457,50.1431,50.2944,0
LINE-A,2026-08-02T22:40:00,50.2512,0.1609,50.4457,50.1431,50.2944,0
LINE-A,2026-08-03T00:00:00,50.1919,0.1915,50.4457,50.1431,50.2944,0
LINE-A,2026-08-03T01:20:00,50.2076,0.2328,50.4457,50.1431,50.2944,0
LINE-A,2026-08-03T02:00:00,50.1821,0.2442,50.4457,50.1431,50.2944,0
LINE-A,2026-08-03T03:20:00,50.2311,0.115,50.4457,50.1431,50.2944,0
LINE-A,2026-08-03T04:40:00,50.247,0.1384,50.4457,50.1431,50.2944,0
LINE-A,2026-08-03T05:20:00,50.2087,0.0806,50.4457,50.1431,50.2944,0
LINE-A,2026-08-03T06:40:00,50.2162,0.0859,50.4457,50.1431,50.2944,0
LINE-A,2026-08-03T08:00:00,50.2074,0.1253,50.4457,50.1431,50.2944,0
LINE-A,2026-08-03T08:40:00,50.1525,0.1081,50.4457,50.1431,50.2944,0
LINE-A,2026-08-03T10:00:00,50.2004,0.104,50.4457,50.1431,50.2944,0
LINE-A,2026-08-03T11:20:00,50.1962,0.2181,50.4457,50.1431,50.2944,0
LINE-A,2026-08-03T12:00:00,50.1782,0.142,50.4457,50.1431,50.2944,0
LINE-A,2026-08-03T13:20:00,50.2435,0.1863,50.4457,50.1431,50.2944,0
LINE-A,2026-08-03T14:40:00,50.2193,0.1777,50.4457,50.1431,50.2944,0
LINE-A,2026-08-03T15:20:00,50.2453,0.1244,50.4457,50.1431,50.2944,0
LINE-A,2026-08-03T16:40:00,50.2226,0.1055,50.4457,50.1431,50.2944,0
LINE-A,2026-08-03T18:00:00,50.2278,0.2191,50.4457,50.1431,50.2944,0
LINE-A,2026-08-03T18:40:00,50.1943,0.1299,50.4457,50.1431,50.2944,0
LINE-A,2026-08-03T20:00:00,50.1871,0.1579,50.4457,50.1431,50.2944,0
LINE-A,2026-08-03T21:20:00,50.1818,0.1542,50.4457,50.1431,50.2944,0
LINE-A,2026-08-03T22:00:00,50.2449,0.1185,50.4457,50.1431,50.2944,0
LINE-A,2026-08-03T23:20:00,50.2189,0.166,50.4457,50.1431,50.2944,0
LINE-A,2026-08-04T00:40:00,50.1909,0.1816,50.4457,50.1431,50.2944,0
LINE-A,2026-08-04T01:20:00,50.2399,0.0997,50.4457,50.1431,50.2944,0
LINE-A,2026-08-04T02:40:00,50.2452,0.1453,50.4457,50.1431,50.2944,0
LINE-A,2026-08-04T04:00:00,50.2401,0.1368,50.4457,50.1431,50.2944,0
LINE-A,2026-08-04T04:40:00,50.1901,0.108,50.4457,50.1431,50.2944,0
LINE-A,2026-08-04T06:00:00,50.1831,0.1522,50.4457,50.1431,50.2944,0
LINE-A,2026-08-04T07:20:00,50.234,0.1349,50.4457,50.1431,50.2944,0
LINE-A,2026-08-04T08:00:00,50.2503,0.1129,50.4457,50.1431,50.2944,0
LINE-A,2026-08-04T09:20:00,50.2341,0.0538,50.4457,50.1431,50.2944,0
LINE-A,2026-08-04T10:40:00,50.2048,0.1821,50.4457,50.1431,50.2944,0
LINE-A,2026-08-04T11:20:00,50.2433,0.0451,50.4457,50.1431,50.2944,0
LINE-A,2026-08-04T12:40:00,50.2549,0.0156,50.4457,50.1431,50.2944,0
LINE-A,2026-08-04T14:00:00,50.2432,0.148,50.4457,50.1431,50.2944,0
LINE-A,2026-08-04T14:40:00,50.2725,0.1136,50.4457,50.1431,50.2944,0
LINE-A,2026-08-04T16:00:00,50.2727,0.0862,50.4457,50.1431,50.2944,0
LINE-A,2026-08-04T17:20:00,50.2853,0.1057,50.4457,50.1431,50.2944,0
LINE-A,2026-08-04T18:00:00,50.2622,0.1136,50.4457,50.1431,50.2944,0
LINE-A,2026-08-04T19:20:00,50.2709,0.0719,50.4457,50.1431,50.2944,0
LINE-A,2026-08-04T20:40:00,50.2219,0.1352,50.4457,50.1431,50.2944,0
LINE-A,2026-08-04T21:20:00,50.2158,0.1467,50.4457,50.1431,50.2944,0
LINE-A,2026-08-04T22:40:00,50.2683,0.1543,50.4457,50.1431,50.2944,0
LINE-A,2026-08-05T00:00:00,50.2436,0.0331,50.4457,50.1431,50.2944,0
LINE-A,2026-08-05T00:40:00,50.1941,0.1479,50.4457,50.1431,50.2944,0
LINE-A,2026-08-05T02:00:00,50.2607,0.1016,50.4457,50.1431,50.2944,0
LINE-A,2026-08-05T03:20:00,50.2727,0.1014,50.4457,50.1431,50.2944,0
LINE-A,2026-08-05T04:00:00,50.2225,0.1328,50.4457,50.1431,50.2944,0
LINE-A,2026-08-05T05:20:00,50.2484,0.1951,50.4457,50.1431,50.2944,0
LINE-A,2026-08-05T06:40:00,50.2542,0.2542,50.4457,50.1431,50.2944,0
LINE-A,2026-08-05T07:20:00,50.2541,0.0941,50.4457,50.1431,50.2944,0
LINE-A,2026-08-05T08:40:00,50.2785,0.2249,50.4457,50.1431,50.2944,0
LINE-A,2026-08-05T10:00:00,50.2362,0.1524,50.4457,50.1431,50.2944,0
LINE-A,2026-08-05T10:40:00,50.2848,0.1632,50.4457,50.1431,50.2944,0
LINE-A,2026-08-05T12:00:00,50.26,0.1071,50.4457,50.1431,50.2944,0
LINE-A,2026-08-05T13:20:00,50.2713,0.1377,50.4457,50.1431,50.2944,0
LINE-A,2026-08-05T14:00:00,50.2741,0.1272,50.4457,50.1431,50.2944,0
LINE-A,2026-08-05T15:20:00,50.2738,0.1679,50.4457,50.1431,50.2944,0
LINE-A,2026-08-05T16:40:00,50.2892,0.0627,50.4457,50.1431,50.2944,0
LINE-A,2026-08-05T17:20:00,50.3049,0.1372,50.4457,50.1431,50.2944,0
LINE-A,2026-08-05T18:40:00,50.318,0.1401,50.4457,50.1431,50.2944,0
LINE-A,2026-08-05T20:00:00,50.2947,0.0926,50.4457,50.1431,50.2944,0
LINE-A,2026-08-05T20:40:00,50.2584,0.1619,50.4457,50.1431,50.2944,0
LINE-A,2026-08-05T22:00:00,50.2826,0.1538,50.4457,50.1431,50.2944,0
LINE-A,2026-08-05T23:20:00,50.287,0.1275,50.4457,50.1431,50.2944,0
LINE-A,2026-08-06T00:00:00,50.2496,0.1406,50.4457,50.1431,50.2944,0
LINE-A,2026-08-06T01:20:00,50.3161,0.1231,50.4457,50.1431,50.2944,0
LINE-A,2026-08-06T02:40:00,50.2821,0.1366,50.4457,50.1431,50.2944,0
LINE-A,2026-08-06T03:20:00,50.3286,0.1337,50.4457,50.1431,50.2944,0
LINE-A,2026-08-06T04:40:00,50.3297,0.1324,50.4457,50.1431,50.2944,0
LINE-A,2026-08-06T06:00:00,50.2983,0.1661,50.4457,50.1431,50.2944,0
LINE-A,2026-08-06T06:40:00,50.2791,0.1649,50.4457,50.1431,50.2944,0
LINE-A,2026-08-06T08:00:00,50.3168,0.1444,50.4457,50.1431,50.2944,0
LINE-A,2026-08-06T09:20:00,50.324,0.0521,50.4457,50.1431,50.2944,0
LINE-A,2026-08-06T10:00:00,50.2708,0.0768,50.4457,50.1431,50.2944,0
LINE-A,2026-08-06T11:20:00,50.2994,0.2052,50.4457,50.1431,50.2944,0
LINE-A,2026-08-06T12:40:00,50.2838,0.1061,50.4457,50.1431,50.2944,0
LINE-A,2026-08-06T13:20:00,50.296,0.1301,50.4457,50.1431,50.2944,0
LINE-A,2026-08-06T14:40:00,50.3029,0.1036,50.4457,50.1431,50.2944,0
LINE-A,2026-08-06T16:00:00,50.3099,0.1419,50.4457,50.1431,50.2944,0
LINE-A,2026-08-06T16:40:00,50.2869,0.2808,50.4457,50.1431,50.2944,0
LINE-A,2026-08-06T18:00:00,50.2971,0.1365,50.4457,50.1431,50.2944,0
LINE-A,2026-08-06T19:20:00,50.2908,0.1811,50.4457,50.1431,50.2944,0
LINE-A,2026-08-06T20:00:00,50.3231,0.0917,50.4457,50.1431,50.2944,0
LINE-A,2026-08-06T21:20:00,50.2982,0.1196,50.4457,50.1431,50.2944,0
LINE-A,2026-08-06T22:40:00,50.3801,0.205,50.4457,50.1431,50.2944,0
LINE-A,2026-08-06T23:20:00,50.322,0.1298,50.4457,50.1431,50.2944,0
LINE-A,2026-08-07T00:40:00,50.3024,0.1533,50.4457,50.1431,50.2944,0
LINE-A,2026-08-07T02:00:00,50.3505,0.0433,50.4457,50.1431,50.2944,0
LINE-A,2026-08-07T02:40:00,50.3176,0.1331,50.4457,50.1431,50.2944,0
LINE-A,2026-08-07T04:00:00,50.3097,0.1066,50.4457,50.1431,50.2944,0
LINE-A,2026-08-07T05:20:00,50.3551,0.1002,50.4457,50.1431,50.2944,0
LINE-A,2026-08-07T06:00:00,50.3108,0.1544,50.4457,50.1431,50.2944,0
LINE-A,2026-08-07T07:20:00,50.3426,0.0859,50.4457,50.1431,50.2944,0
LINE-A,2026-08-07T08:40:00,50.3224,0.0925,50.4457,50.1431,50.2944,0
LINE-A,2026-08-07T09:20:00,50.3404,0.1684,50.4457,50.1431,50.2944,0
LINE-A,2026-08-07T10:40:00,50.3423,0.1668,50.4457,50.1431,50.2944,0
LINE-A,2026-08-07T12:00:00,50.3122,0.0384,50.4457,50.1431,50.2944,0
LINE-A,2026-08-07T12:40:00,50.3192,0.1106,50.4457,50.1431,50.2944,0
LINE-A,2026-08-07T14:00:00,50.3603,0.2444,50.4457,50.1431,50.2944,0
LINE-A,2026-08-07T15:20:00,50.3141,0.0665,50.4457,50.1431,50.2944,0
LINE-A,2026-08-07T16:00:00,50.3426,0.0672,50.4457,50.1431,50.2944,0
LINE-A,2026-08-07T17:20:00,50.3072,0.0449,50.4457,50.1431,50.2944,0
LINE-A,2026-08-07T18:40:00,50.3218,0.2164,50.4457,50.1431,50.2944,0
LINE-A,2026-08-07T19:20:00,50.3424,0.1496,50.4457,50.1431,50.2944,0
LINE-A,2026-08-07T20:40:00,50.3508,0.1089,50.4457,50.1431,50.2944,0
LINE-A,2026-08-07T22:00:00,50.3192,0.1089,50.4457,50.1431,50.2944,0
LINE-A,2026-08-07T22:40:00,50.3265,0.1319,50.4457,50.1431,50.2944,0
LINE-A,2026-08-08T00:00:00,50.3294,0.0227,50.4457,50.1431,50.2944,0
LINE-A,2026-08-08T01:20:00,50.3459,0.11,50.4457,50.1431,50.2944,0
LINE-A,2026-08-08T02:00:00,50.338,0.1307,50.4457,50.1431,50.2944,0
LINE-A,2026-08-08T03:20:00,50.359,0.0714,50.4457,50.1431,50.2944,0
LINE-A,2026-08-08T04:40:00,50.3301,0.1209,50.4457,50.1431,50.2944,0
LINE-A,2026-08-08T05:20:00,50.3493,0.0763,50.4457,50.1431,50.2944,0
LINE-A,2026-08-08T06:40:00,50.3357,0.1332,50.4457,50.1431,50.2944,0
LINE-A,2026-08-08T08:00:00,50.3493,0.1728,50.4457,50.1431,50.2944,0
LINE-A,2026-08-08T08:40:00,50.3507,0.0747,50.4457,50.1431,50.2944,0
LINE-A,2026-08-08T10:00:00,50.3859,0.0568,50.4457,50.1431,50.2944,0
LINE-A,2026-08-08T11:20:00,50.3545,0.245,50.4457,50.1431,50.2944,0
LINE-A,2026-08-08T12:00:00,50.3569,0.0522,50.4457,50.1431,50.2944,0
LINE-A,2026-08-08T13:20:00,50.3306,0.0747,50.4457,50.1431,50.2944,0
LINE-A,2026-08-08T14:40:00,50.3649,0.1564,50.4457,50.1431,50.2944,0
LINE-A,2026-08-08T15:20:00,50.3114,0.1035,50.4457,50.1431,50.2944,0
LINE-A,2026-08-08T16:40:00,50.3694,0.0991,50.4457,50.1431,50.2944,0
LINE-A,2026-08-08T18:00:00,50.3586,0.1931,50.4457,50.1431,50.2944,0
LINE-A,2026-08-08T18:40:00,50.3274,0.1158,50.4457,50.1431,50.2944,0
LINE-A,2026-08-08T20:00:00,50.3252,0.0805,50.4457,50.1431,50.2944,0
LINE-A,2026-08-08T21:20:00,50.3077,0.1129,50.4457,50.1431,50.2944,0
LINE-A,2026-08-08T22:00:00,50.3317,0.1449,50.4457,50.1431,50.2944,0
LINE-A,2026-08-08T23:20:00,50.3601,0.2061,50.4457,50.1431,50.2944,0
LINE-A,2026-08-09T00:40:00,50.393,0.1435,50.4457,50.1431,50.2944,0
LINE-A,2026-08-09T01:20:00,50.3749,0.1732,50.4457,50.1431,50.2944,0
LINE-A,2026-08-09T02:40:00,50.3951,0.1596,50.4457,50.1431,50.2944,0
LINE-A,2026-08-09T04:00:00,50.3588,0.1092,50.4457,50.1431,50.2944,0
LINE-A,2026-08-09T04:40:00,50.3678,0.1209,50.4457,50.1431,50.2944,0
LINE-A,2026-08-09T06:00:00,50.3796,0.1118,50.4457,50.1431,50.2944,0
LINE-A,2026-08-09T07:20:00,50.3794,0.0632,50.4457,50.1431,50.2944,0
LINE-A,2026-08-09T08:00:00,50.3688,0.1417,50.4457,50.1431,50.2944,0
LINE-A,2026-08-09T09:20:00,50.3719,0.1037,50.4457,50.1431,50.2944,0
LINE-A,2026-08-09T10:40:00,50.3672,0.1112,50.4457,50.1431,50.2944,0
LINE-A,2026-08-09T11:20:00,50.3548,0.0885,50.4457,50.1431,50.2944,0
LINE-A,2026-08-09T12:40:00,50.4006,0.17,50.4457,50.1431,50.2944,0
LINE-A,2026-08-09T14:00:00,50.3764,0.0859,50.4457,50.1431,50.2944,0
LINE-A,2026-08-09T14:40:00,50.3832,0.0646,50.4457,50.1431,50.2944,0
LINE-A,2026-08-09T16:00:00,50.3597,0.1363,50.4457,50.1431,50.2944,0
LINE-A,2026-08-09T17:20:00,50.3416,0.1303,50.4457,50.1431,50.2944,0
LINE-A,2026-08-09T18:00:00,50.4017,0.1879,50.4457,50.1431,50.2944,0
LINE-A,2026-08-09T19:20:00,50.3733,0.1255,50.4457,50.1431,50.2944,0
LINE-A,2026-08-09T20:40:00,50.3895,0.0876,50.4457,50.1431,50.2944,0
LINE-A,2026-08-09T21:20:00,50.3788,0.0686,50.4457,50.1431,50.2944,0
LINE-A,2026-08-09T22:40:00,50.4372,0.0676,50.4457,50.1431,50.2944,0
LINE-A,2026-08-10T00:00:00,50.3515,0.1394,50.4457,50.1431,50.2944,0
LINE-A,2026-08-10T00:40:00,50.351,0.0674,50.4457,50.1431,50.2944,0
LINE-A,2026-08-10T02:00:00,50.4257,0.0874,50.4457,50.1431,50.2944,0
LINE-A,2026-08-10T03:20:00,50.4179,0.0854,50.4457,50.1431,50.2944,0
LINE-A,2026-08-10T04:00:00,50.4093,0.1229,50.4457,50.1431,50.2944,0
LINE-A,2026-08-10T05:20:00,50.4048,0.1185,50.4457,50.1431,50.2944,0
LINE-A,2026-08-10T06:40:00,50.3916,0.1277,50.4457,50.1431,50.2944,0
LINE-A,2026-08-10T07:20:00,50.4365,0.0973,50.4457,50.1431,50.2944,0
LINE-A,2026-08-10T08:40:00,50.4195,0.0535,50.4457,50.1431,50.2944,0
LINE-A,2026-08-10T10:00:00,50.4019,0.118,50.4457,50.1431,50.2944,0
LINE-A,2026-08-10T10:40:00,50.426,0.1049,50.4457,50.1431,50.2944,0
LINE-A,2026-08-10T12:00:00,50.4204,0.1517,50.4457,50.1431,50.2944,0
LINE-A,2026-08-10T13:20:00,50.3987,0.1077,50.4457,50.1431,50.2944,0
LINE-A,2026-08-10T14:00:00,50.4125,0.1144,50.4457,50.1431,50.2944,0
LINE-A,2026-08-10T15:20:00,50.4463,0.0854,50.4457,50.1431,50.2944,1
LINE-A,2026-08-10T16:40:00,50.4158,0.2187,50.4457,50.1431,50.2944,0
LINE-A,2026-08-10T17:20:00,50.4136,0.0528,50.4457,50.1431,50.2944,0
LINE-A,2026-08-10T18:40:00,50.3838,0.1663,50.4457,50.1431,50.2944,0
LINE-A,2026-08-10T20:00:00,50.44,0.0845,50.4457,50.1431,50.2944,0
LINE-A,2026-08-10T20:40:00,50.4372,0.0639,50.4457,50.1431,50.2944,0
LINE-A,2026-08-10T22:00:00,50.4502,0.0907,50.4457,50.1431,50.2944,1
LINE-A,2026-08-10T23:20:00,50.4137,0.1235,50.4457,50.1431,50.2944,0
LINE-A,2026-08-11T00:00:00,50.4264,0.1051,50.4457,50.1431,50.2944,0
LINE-A,2026-08-11T01:20:00,50.4367,0.1416,50.4457,50.1431,50.2944,0
LINE-A,2026-08-11T02:40:00,50.4445,0.1597,50.4457,50.1431,50.2944,0
LINE-A,2026-08-11T03:20:00,50.4469,0.1381,50.4457,50.1431,50.2944,1
LINE-A,2026-08-11T04:40:00,50.4456,0.0692,50.4457,50.1431,50.2944,0
LINE-A,2026-08-11T06:00:00,50.4527,0.1046,50.4457,50.1431,50.2944,1
LINE-A,2026-08-11T06:40:00,50.4293,0.1926,50.4457,50.1431,50.2944,0
LINE-A,2026-08-11T08:00:00,50.4562,0.1071,50.4457,50.1431,50.2944,1
LINE-A,2026-08-11T09:20:00,50.4126,0.0677,50.4457,50.1431,50.2944,0
LINE-A,2026-08-11T10:00:00,50.3982,0.069,50.4457,50.1431,50.2944,0
LINE-A,2026-08-11T11:20:00,50.4272,0.0757,50.4457,50.1431,50.2944,0
LINE-A,2026-08-11T12:40:00,50.4616,0.2175,50.4457,50.1431,50.2944,1
LINE-A,2026-08-11T13:20:00,50.4536,0.0993,50.4457,50.1431,50.2944,1
LINE-A,2026-08-11T14:40:00,50.409,0.1005,50.4457,50.1431,50.2944,0
LINE-A,2026-08-11T16:00:00,50.4057,0.1194,50.4457,50.1431,50.2944,0
LINE-A,2026-08-11T16:40:00,50.4325,0.1176,50.4457,50.1431,50.2944,0
LINE-A,2026-08-11T18:00:00,50.4706,0.0801,50.4457,50.1431,50.2944,1
LINE-A,2026-08-11T19:20:00,50.458,0.0906,50.4457,50.1431,50.2944,1
LINE-A,2026-08-11T20:00:00,50.4313,0.1832,50.4457,50.1431,50.2944,0
LINE-A,2026-08-11T21:20:00,50.4718,0.1164,50.4457,50.1431,50.2944,1
LINE-A,2026-08-11T22:40:00,50.45,0.134,50.4457,50.1431,50.2944,1
LINE-A,2026-08-11T23:20:00,50.4382,0.1188,50.4457,50.1431,50.2944,0
LINE-A,2026-08-12T00:40:00,50.4389,0.1038,50.4457,50.1431,50.2944,0
LINE-A,2026-08-12T02:00:00,50.4708,0.1003,50.4457,50.1431,50.2944,1
LINE-A,2026-08-12T02:40:00,50.4342,0.0997,50.4457,50.1431,50.2944,0
LINE-A,2026-08-12T04:00:00,50.4629,0.0533,50.4457,50.1431,50.2944,1
LINE-A,2026-08-12T05:20:00,50.4544,0.1719,50.4457,50.1431,50.2944,1
LINE-A,2026-08-12T06:00:00,50.4396,0.2255,50.4457,50.1431,50.2944,0
LINE-A,2026-08-12T07:20:00,50.466,0.1376,50.4457,50.1431,50.2944,1
LINE-A,2026-08-12T08:40:00,50.4873,0.1314,50.4457,50.1431,50.2944,1
LINE-A,2026-08-12T09:20:00,50.4438,0.0828,50.4457,50.1431,50.2944,0
LINE-A,2026-08-12T10:40:00,50.4426,0.1456,50.4457,50.1431,50.2944,0
LINE-A,2026-08-12T12:00:00,50.4512,0.0935,50.4457,50.1431,50.2944,1
LINE-A,2026-08-12T12:40:00,50.4905,0.0937,50.4457,50.1431,50.2944,1
LINE-A,2026-08-12T14:00:00,50.4591,0.0586,50.4457,50.1431,50.2944,1
LINE-A,2026-08-12T15:20:00,50.4672,0.0789,50.4457,50.1431,50.2944,1
LINE-A,2026-08-12T16:00:00,50.4649,0.0531,50.4457,50.1431,50.2944,1
LINE-A,2026-08-12T17:20:00,50.4602,0.117,50.4457,50.1431,50.2944,1
LINE-A,2026-08-12T18:40:00,50.5049,0.0962,50.4457,50.1431,50.2944,1
LINE-A,2026-08-12T19:20:00,50.4736,0.1268,50.4457,50.1431,50.2944,1
LINE-A,2026-08-12T20:40:00,50.4471,0.0823,50.4457,50.1431,50.2944,1
LINE-A,2026-08-12T22:00:00,50.4832,0.1176,50.4457,50.1431,50.2944,1
LINE-A,2026-08-12T22:40:00,50.4796,0.0697,50.4457,50.1431,50.2944,1
LINE-A,2026-08-13T00:00:00,50.4812,0.1458,50.4457,50.1431,50.2944,1
LINE-A,2026-08-13T01:20:00,50.4539,0.0891,50.4457,50.1431,50.2944,1
LINE-A,2026-08-13T02:00:00,50.5106,0.127,50.4457,50.1431,50.2944,1
LINE-A,2026-08-13T03:20:00,50.4786,0.084,50.4457,50.1431,50.2944,1
LINE-A,2026-08-13T04:40:00,50.4847,0.1969,50.4457,50.1431,50.2944,1
LINE-A,2026-08-13T05:20:00,50.4773,0.1384,50.4457,50.1431,50.2944,1
LINE-A,2026-08-13T06:40:00,50.5135,0.1246,50.4457,50.1431,50.2944,1
LINE-A,2026-08-13T08:00:00,50.4571,0.0781,50.4457,50.1431,50.2944,1
LINE-A,2026-08-13T08:40:00,50.5085,0.0998,50.4457,50.1431,50.2944,1
LINE-A,2026-08-13T10:00:00,50.4961,0.0805,50.4457,50.1431,50.2944,1
LINE-A,2026-08-13T11:20:00,50.5289,0.0877,50.4457,50.1431,50.2944,1
LINE-A,2026-08-13T12:00:00,50.4641,0.106,50.4457,50.1431,50.2944,1
LINE-A,2026-08-13T13:20:00,50.5211,0.0799,50.4457,50.1431,50.2944,1
LINE-A,2026-08-13T14:40:00,50.5266,0.1452,50.4457,50.1431,50.2944,1
LINE-A,2026-08-13T15:20:00,50.5213,0.1234,50.4457,50.1431,50.2944,1
LINE-A,2026-08-13T16:40:00,50.4827,0.125,50.4457,50.1431,50.2944,1
LINE-A,2026-08-13T18:00:00,50.5171,0.0636,50.4457,50.1431,50.2944,1
LINE-A,2026-08-13T18:40:00,50.5222,0.0964,50.4457,50.1431,50.2944,1
LINE-A,2026-08-13T20:00:00,50.507,0.1186,50.4457,50.1431,50.2944,1
LINE-A,2026-08-13T21:20:00,50.4644,0.1575,50.4457,50.1431,50.2944,1
LINE-A,2026-08-13T22:00:00,50.5276,0.0805,50.4457,50.1431,50.2944,1
LINE-A,2026-08-13T23:20:00,50.5457,0.1524,50.4457,50.1431,50.2944,1
LINE-A,2026-08-14T00:40:00,50.5289,0.117,50.4457,50.1431,50.2944,1
LINE-A,2026-08-14T01:20:00,50.4994,0.1802,50.4457,50.1431,50.2944,1
LINE-A,2026-08-14T02:40:00,50.4757,0.1239,50.4457,50.1431,50.2944,1
LINE-A,2026-08-14T04:00:00,50.5075,0.1704,50.4457,50.1431,50.2944,1
LINE-A,2026-08-14T04:40:00,50.4997,0.0456,50.4457,50.1431,50.2944,1
LINE-A,2026-08-14T06:00:00,50.4667,0.1091,50.4457,50.1431,50.2944,1
LINE-A,2026-08-14T07:20:00,50.5083,0.117,50.4457,50.1431,50.2944,1
LINE-A,2026-08-14T08:00:00,50.4847,0.0918,50.4457,50.1431,50.2944,1
LINE-A,2026-08-14T09:20:00,50.4937,0.1622,50.4457,50.1431,50.2944,1
LINE-A,2026-08-14T10:40:00,50.5407,0.0949,50.4457,50.1431,50.2944,1
LINE-A,2026-08-14T11:20:00,50.5505,0.1295,50.4457,50.1431,50.2944,1
LINE-A,2026-08-14T12:40:00,50.5421,0.1199,50.4457,50.1431,50.2944,1
LINE-A,2026-08-14T14:00:00,50.5443,0.0811,50.4457,50.1431,50.2944,1
LINE-A,2026-08-14T14:40:00,50.5681,0.1909,50.4457,50.1431,50.2944,1
LINE-A,2026-08-14T16:00:00,50.5324,0.1684,50.4457,50.1431,50.2944,1
LINE-A,2026-08-14T17:20:00,50.5059,0.0526,50.4457,50.1431,50.2944,1
LINE-A,2026-08-14T18:00:00,50.5169,0.0616,50.4457,50.1431,50.2944,1
LINE-A,2026-08-14T19:20:00,50.5487,0.1053,50.4457,50.1431,50.2944,1
LINE-A,2026-08-14T20:40:00,50.549,0.1125,50.4457,50.1431,50.2944,1
LINE-A,2026-08-14T21:20:00,50.5429,0.2337,50.4457,50.1431,50.2944,1
LINE-A,2026-08-14T22:40:00,50.534,0.0911,50.4457,50.1431,50.2944,1
LINE-B,2026-07-01T00:00:00,50.0203,0.1192,50.4835,50.0983,50.2909,1
LINE-B,2026-07-01T00:40:00,49.9534,0.2137,50.4835,50.0983,50.2909,1
LINE-B,2026-07-01T02:00:00,49.9935,0.1638,50.4835,50.0983,50.2909,1
LINE-B,2026-07-01T03:20:00,50.0268,0.1417,50.4835,50.0983,50.2909,1
LINE-B,2026-07-01T04:00:00,50.023,0.1044,50.4835,50.0983,50.2909,1
LINE-B,2026-07-01T05:20:00,50.0179,0.0339,50.4835,50.0983,50.2909,1
LINE-B,2026-07-01T06:40:00,50.0036,0.0487,50.4835,50.0983,50.2909,1
LINE-B,2026-07-01T07:20:00,49.9972,0.1341,50.4835,50.0983,50.2909,1
LINE-B,2026-07-01T08:40:00,50.0286,0.1057,50.4835,50.0983,50.2909,1
LINE-B,2026-07-01T10:00:00,50.0302,0.0731,50.4835,50.0983,50.2909,1
LINE-B,2026-07-01T10:40:00,50.0047,0.0839,50.4835,50.0983,50.2909,1
LINE-B,2026-07-01T12:00:00,50.0517,0.1566,50.4835,50.0983,50.2909,1
LINE-B,2026-07-01T13:20:00,50.0467,0.0724,50.4835,50.0983,50.2909,1
LINE-B,2026-07-01T14:00:00,50.0314,0.067,50.4835,50.0983,50.2909,1
LINE-B,2026-07-01T15:20:00,50.0279,0.0865,50.4835,50.0983,50.2909,1
LINE-B,2026-07-01T16:40:00,50.0309,0.0964,50.4835,50.0983,50.2909,1
LINE-B,2026-07-01T17:20:00,50.0276,0.1064,50.4835,50.0983,50.2909,1
LINE-B,2026-07-01T18:40:00,50.0638,0.1237,50.4835,50.0983,50.2909,1
LINE-B,2026-07-01T20:00:00,50.0521,0.0948,50.4835,50.0983,50.2909,1
LINE-B,2026-07-01T20:40:00,50.0278,0.1465,50.4835,50.0983,50.2909,1
LINE-B,2026-07-01T22:00:00,50.0623,0.146,50.4835,50.0983,50.2909,1
LINE-B,2026-07-01T23:20:00,50.0449,0.1211,50.4835,50.0983,50.2909,1
LINE-B,2026-07-02T00:00:00,50.0792,0.0752,50.4835,50.0983,50.2909,1
LINE-B,2026-07-02T01:20:00,50.0766,0.1321,50.4835,50.0983,50.2909,1
LINE-B,2026-07-02T02:40:00,50.0437,0.1441,50.4835,50.0983,50.2909,1
LINE-B,2026-07-02T03:20:00,50.0642,0.0862,50.4835,50.0983,50.2909,1
LINE-B,2026-07-02T04:40:00,50.0759,0.0717,50.4835,50.0983,50.2909,1
LINE-B,2026-07-02T06:00:00,50.0961,0.1983,50.4835,50.0983,50.2909,1
LINE-B,2026-07-02T06:40:00,50.059,0.0936,50.4835,50.0983,50.2909,1
LINE-B,2026-07-02T08:00:00,50.0778,0.1489,50.4835,50.0983,50.2909,1
LINE-B,2026-07-02T09:20:00,50.0532,0.0907,50.4835,50.0983,50.2909,1
LINE-B,2026-07-02T10:00:00,50.0909,0.1329,50.4835,50.0983,50.2909,1
LINE-B,2026-07-02T11:20:00,50.0899,0.0503,50.4835,50.0983,50.2909,1
LINE-B,2026-07-02T12:40:00,50.0546,0.1222,50.4835,50.0983,50.2909,1
LINE-B,2026-07-02T13:20:00,50.0868,0.1186,50.4835,50.0983,50.2909,1
LINE-B,2026-07-02T14:40:00,50.0646,0.1599,50.4835,50.0983,50.2909,1
LINE-B,2026-07-02T16:00:00,50.0726,0.0474,50.4835,50.0983,50.2909,1
LINE-B,2026-07-02T16:40:00,50.0736,0.2584,50.4835,50.0983,50.2909,1
LINE-B,2026-07-02T18:00:00,50.0965,0.0655,50.4835,50.0983,50.2909,1
LINE-B,2026-07-02T19:20:00,50.0871,0.0515,50.4835,50.0983,50.2909,1
LINE-B,2026-07-02T20:00:00,50.0961,0.0655,50.4835,50.0983,50.2909,1
LINE-B,2026-07-02T21:20:00,50.0799,0.101,50.4835,50.0983,50.2909,1
LINE-B,2026-07-02T22:40:00,50.1298,0.1114,50.4835,50.0983,50.2909,0
LINE-B,2026-07-02T23:20:00,50.0887,0.0269,50.4835,50.0983,50.2909,1
LINE-B,2026-07-03T00:40:00,50.1641,0.135,50.4835,50.0983,50.2909,0
LINE-B,2026-07-03T02:00:00,50.1122,0.1472,50.4835,50.0983,50.2909,0
LINE-B,2026-07-03T02:40:00,50.1514,0.114,50.4835,50.0983,50.2909,0
LINE-B,2026-07-03T04:00:00,50.1194,0.1266,50.4835,50.0983,50.2909,0
LINE-B,2026-07-03T05:20:00,50.0973,0.1489,50.4835,50.0983,50.2909,1
LINE-B,2026-07-03T06:00:00,50.1524,0.0978,50.4835,50.0983,50.2909,0
LINE-B,2026-07-03T07:20:00,50.1371,0.0674,50.4835,50.0983,50.2909,0
LINE-B,2026-07-03T08:40:00,50.1696,0.1062,50.4835,50.0983,50.2909,0
LINE-B,2026-07-03T09:20:00,50.114,0.1385,50.4835,50.0983,50.2909,0
LINE-B,2026-07-03T10:40:00,50.1427,0.1105,50.4835,50.0983,50.2909,0
LINE-B,2026-07-03T12:00:00,50.1698,0.1542,50.4835,50.0983,50.2909,0
LINE-B,2026-07-03T12:40:00,50.1565,0.106,50.4835,50.0983,50.2909,0
LINE-B,2026-07-03T14:00:00,50.1665,0.1447,50.4835,50.0983,50.2909,0
LINE-B,2026-07-03T15:20:00,50.1513,0.1311,50.4835,50.0983,50.2909,0
LINE-B,2026-07-03T16:00:00,50.1611,0.086,50.4835,50.0983,50.2909,0
LINE-B,2026-07-03T17:20:00,50.1039,0.0837,50.4835,50.0983,50.2909,0
LINE-B,2026-07-03T18:40:00,50.127,0.1712,50.4835,50.0983,50.2909,0
LINE-B,2026-07-03T19:20:00,50.1151,0.1281,50.4835,50.0983,50.2909,0
LINE-B,2026-07-03T20:40:00,50.1579,0.0874,50.4835,50.0983,50.2909,0
LINE-B,2026-07-03T22:00:00,50.1799,0.1299,50.4835,50.0983,50.2909,0
LINE-B,2026-07-03T22:40:00,50.1738,0.1816,50.4835,50.0983,50.2909,0
LINE-B,2026-07-04T00:00:00,50.1935,0.176,50.4835,50.0983,50.2909,0
LINE-B,2026-07-04T01:20:00,50.1844,0.0316,50.4835,50.0983,50.2909,0
LINE-B,2026-07-04T02:00:00,50.201,0.1604,50.4835,50.0983,50.2909,0
LINE-B,2026-07-04T03:20:00,50.1629,0.1558,50.4835,50.0983,50.2909,0
LINE-B,2026-07-04T04:40:00,50.173,0.1548,50.4835,50.0983,50.2909,0
LINE-B,2026-07-04T05:20:00,50.2129,0.0633,50.4835,50.0983,50.2909,0
LINE-B,2026-07-04T06:40:00,50.1973,0.2022,50.4835,50.0983,50.2909,0
LINE-B,2026-07-04T08:00:00,50.1699,0.2531,50.4835,50.0983,50.2909,0
LINE-B,2026-07-04T08:40:00,50.1739,0.1441,50.4835,50.0983,50.2909,0
LINE-B,2026-07-04T10:00:00,50.1583,0.1192,50.4835,50.0983,50.2909,0
LINE-B,2026-07-04T11:20:00,50.2392,0.1488,50.4835,50.0983,50.2909,0
LINE-B,2026-07-04T12:00:00,50.2165,0.0752,50.4835,50.0983,50.2909,0
LINE-B,2026-07-04T13:20:00,50.203,0.1711,50.4835,50.0983,50.2909,0
LINE-B,2026-07-04T14:40:00,50.1831,0.1641,50.4835,50.0983,50.2909,0
LINE-B,2026-07-04T15:20:00,50.1912,0.1099,50.4835,50.0983,50.2909,0
LINE-B,2026-07-04T16:40:00,50.237,0.0889,50.4835,50.0983,50.2909,0
LINE-B,2026-07-04T18:00:00,50.2007,0.1538,50.4835,50.0983,50.2909,0
LINE-B,2026-07-04T18:40:00,50.2126,0.095,50.4835,50.0983,50.2909,0
LINE-B,2026-07-04T20:00:00,50.2466,0.1507,50.4835,50.0983,50.2909,0
LINE-B,2026-07-04T21:20:00,50.216,0.1501,50.4835,50.0983,50.2909,0
LINE-B,2026-07-04T22:00:00,50.1977,0.0795,50.4835,50.0983,50.2909,0
LINE-B,2026-07-04T23:20:00,50.2416,0.0561,50.4835,50.0983,50.2909,0
LINE-B,2026-07-05T00:40:00,50.2025,0.1126,50.4835,50.0983,50.2909,0
LINE-B,2026-07-05T01:20:00,50.2336,0.1069,50.4835,50.0983,50.2909,0
LINE-B,2026-07-05T02:40:00,50.2198,0.1485,50.4835,50.0983,50.2909,0
LINE-B,2026-07-05T04:00:00,50.2423,0.22,50.4835,50.0983,50.2909,0
LINE-B,2026-07-05T04:40:00,50.2502,0.2088,50.4835,50.0983,50.2909,0
LINE-B,2026-07-05T06:00:00,50.2534,0.2373,50.4835,50.0983,50.2909,0
LINE-B,2026-07-05T07:20:00,50.2264,0.0419,50.4835,50.0983,50.2909,0
LINE-B,2026-07-05T08:00:00,50.2009,0.0818,50.4835,50.0983,50.2909,0
LINE-B,2026-07-05T09:20:00,50.2669,0.1008,50.4835,50.0983,50.2909,0
LINE-B,2026-07-05T10:40:00,50.2736,0.1082,50.4835,50.0983,50.2909,0
LINE-B,2026-07-05T11:20:00,50.2523,0.1334,50.4835,50.0983,50.2909,0
LINE-B,2026-07-05T12:40:00,50.2427,0.1005,50.4835,50.0983,50.2909,0
LINE-B,2026-07-05T14:00:00,50.2556,0.112,50.4835,50.0983,50.2909,0
LINE-B,2026-07-05T14:40:00,50.2814,0.122,50.4835,50.0983,50.2909,0
LINE-B,2026-07-05T16:00:00,50.2727,0.2008,50.4835,50.0983,50.2909,0
LINE-B,2026-07-05T17:20:00,50.2464,0.1287,50.4835,50.0983,50.2909,0
LINE-B,2026-07-05T18:00:00,50.2526,0.1072,50.4835,50.0983,50.2909,0
LINE-B,2026-07-05T19:20:00,50.2722,0.1732,50.4835,50.0983,50.2909,0
LINE-B,2026-07-05T20:40:00,50.2131,0.1839,50.4835,50.0983,50.2909,0
LINE-B,2026-07-05T21:20:00,50.2964,0.1662,50.4835,50.0983,50.2909,0
LINE-B,2026-07-05T22:40:00,50.2748,0.1693,50.4835,50.0983,50.2909,0
LINE-B,2026-07-06T00:00:00,50.2718,0.12,50.4835,50.0983,50.2909,0
LINE-B,2026-07-06T00:40:00,50.2601,0.1274,50.4835,50.0983,50.2909,0
LINE-B,2026-07-06T02:00:00,50.3306,0.0844,50.4835,50.0983,50.2909,0
LINE-B,2026-07-06T03:20:00,50.3248,0.1913,50.4835,50.0983,50.2909,0
LINE-B,2026-07-06T04:00:00,50.2442,0.1344,50.4835,50.0983,50.2909,0
LINE-B,2026-07-06T05:20:00,50.3251,0.1229,50.4835,50.0983,50.2909,0
LINE-B,2026-07-06T06:40:00,50.2891,0.1494,50.4835,50.0983,50.2909,0
LINE-B,2026-07-06T07:20:00,50.2936,0.1423,50.4835,50.0983,50.2909,0
LINE-B,2026-07-06T08:40:00,50.277,0.1493,50.4835,50.0983,50.2909,0
LINE-B,2026-07-06T10:00:00,50.3105,0.1886,50.4835,50.0983,50.2909,0
LINE-B,2026-07-06T10:40:00,50.2837,0.2586,50.4835,50.0983,50.2909,0
LINE-B,2026-07-06T12:00:00,50.3348,0.0699,50.4835,50.0983,50.2909,0
LINE-B,2026-07-06T13:20:00,50.3185,0.1113,50.4835,50.0983,50.2909,0
LINE-B,2026-07-06T14:00:00,50.3093,0.1435,50.4835,50.0983,50.2909,0
LINE-B,2026-07-06T15:20:00,50.3579,0.0942,50.4835,50.0983,50.2909,0
LINE-B,2026-07-06T16:40:00,50.2928,0.2331,50.4835,50.0983,50.2909,0
LINE-B,2026-07-06T17:20:00,50.3445,0.2441,50.4835,50.0983,50.2909,0
LINE-B,2026-07-06T18:40:00,50.3165,0.1033,50.4835,50.0983,50.2909,0
LINE-B,2026-07-06T20:00:00,50.3023,0.1462,50.4835,50.0983,50.2909,0
LINE-B,2026-07-06T20:40:00,50.3251,0.2801,50.4835,50.0983,50.2909,0
LINE-B,2026-07-06T22:00:00,50.3143,0.1413,50.4835,50.0983,50.2909,0
LINE-B,2026-07-06T23:20:00,50.3523,0.127,50.4835,50.0983,50.2909,0
LINE-B,2026-07-07T00:00:00,50.3549,0.1508,50.4835,50.0983,50.2909,0
LINE-B,2026-07-07T01:20:00,50.355,0.1269,50.4835,50.0983,50.2909,0
LINE-B,2026-07-07T02:40:00,50.3513,0.1254,50.4835,50.0983,50.2909,0
LINE-B,2026-07-07T03:20:00,50.326,0.156,50.4835,50.0983,50.2909,0
LINE-B,2026-07-07T04:40:00,50.3703,0.1205,50.4835,50.0983,50.2909,0
LINE-B,2026-07-07T06:00:00,50.3413,0.1419,50.4835,50.0983,50.2909,0
LINE-B,2026-07-07T06:40:00,50.3716,0.2361,50.4835,50.0983,50.2909,0
LINE-B,2026-07-07T08:00:00,50.3599,0.2597,50.4835,50.0983,50.2909,0
LINE-B,2026-07-07T09:20:00,50.377,0.1223,50.4835,50.0983,50.2909,0
LINE-B,2026-07-07T10:00:00,50.358,0.2185,50.4835,50.0983,50.2909,0
LINE-B,2026-07-07T11:20:00,50.3943,0.1535,50.4835,50.0983,50.2909,0
LINE-B,2026-07-07T12:40:00,50.3422,0.2179,50.4835,50.0983,50.2909,0
LINE-B,2026-07-07T13:20:00,50.3569,0.2361,50.4835,50.0983,50.2909,0
LINE-B,2026-07-07T14:40:00,50.3737,0.1263,50.4835,50.0983,50.2909,0
LINE-B,2026-07-07T16:00:00,50.356,0.1363,50.4835,50.0983,50.2909,0
LINE-B,2026-07-07T16:40:00,50.3772,0.2068,50.4835,50.0983,50.2909,0
LINE-B,2026-07-07T18:00:00,50.3878,0.1952,50.4835,50.0983,50.2909,0
LINE-B,2026-07-07T19:20:00,50.3507,0.1317,50.4835,50.0983,50.2909,0
LINE-B,2026-07-07T20:00:00,50.397,0.1954,50.4835,50.0983,50.2909,0
LINE-B,2026-07-07T21:20:00,50.3789,0.1523,50.4835,50.0983,50.2909,0
LINE-B,2026-07-07T22:40:00,50.3409,0.2164,50.4835,50.0983,50.2909,0
LINE-B,2026-07-07T23:20:00,50.3732,0.1313,50.4835,50.0983,50.2909,0
LINE-B,2026-07-08T00:40:00,50.426,0.0616,50.4835,50.0983,50.2909,0
LINE-B,2026-07-08T02:00:00,50.4132,0.1446,50.4835,50.0983,50.2909,0
LINE-B,2026-07-08T02:40:00,50.3769,0.1046,50.4835,50.0983,50.2909,0
LINE-B,2026-07-08T04:00:00,50.3958,0.1952,50.4835,50.0983,50.2909,0
LINE-B,2026-07-08T05:20:00,50.4401,0.317,50.4835,50.0983,50.2909,0
LINE-B,2026-07-08T06:00:00,50.3923,0.1508,50.4835,50.0983,50.2909,0
LINE-B,2026-07-08T07:20:00,50.4449,0.1899,50.4835,50.0983,50.2909,0
LINE-B,2026-07-08T08:40:00,50.3894,0.2361,50.4835,50.0983,50.2909,0
LINE-B,2026-07-08T09:20:00,50.4508,0.2261,50.4835,50.0983,50.2909,0
LINE-B,2026-07-08T10:40:00,50.4625,0.1942,50.4835,50.0983,50.2909,0
LINE-B,2026-07-08T12:00:00,50.4306,0.2324,50.4835,50.0983,50.2909,0
LINE-B,2026-07-08T12:40:00,50.4535,0.1751,50.4835,50.0983,50.2909,0
LINE-B,2026-07-08T14:00:00,50.4455,0.1494,50.4835,50.0983,50.2909,0
LINE-B,2026-07-08T15:20:00,50.4272,0.1938,50.4835,50.0983,50.2909,0
LINE-B,2026-07-08T16:00:00,50.4661,0.2864,50.4835,50.0983,50.2909,0
LINE-B,2026-07-08T17:20:00,50.4245,0.1897,50.4835,50.0983,50.2909,0
LINE-B,2026-07-08T18:40:00,50.4301,0.2324,50.4835,50.0983,50.2909,0
LINE-B,2026-07-08T19:20:00,50.441,0.1384,50.4835,50.0983,50.2909,0
LINE-B,2026-07-08T20:40:00,50.4634,0.1662,50.4835,50.0983,50.2909,0
LINE-B,2026-07-08T22:00:00,50.4533,0.2718,50.4835,50.0983,50.2909,0
LINE-B,2026-07-08T22:40:00,50.4638,0.2815,50.4835,50.0983,50.2909,0
LINE-B,2026-07-09T00:00:00,50.4965,0.1638,50.4835,50.0983,50.2909,1
LINE-B,2026-07-09T01:20:00,50.4214,0.2909,50.4835,50.0983,50.2909,0
LINE-B,2026-07-09T02:00:00,50.4646,0.1906,50.4835,50.0983,50.2909,0
LINE-B,2026-07-09T03:20:00,50.4498,0.1969,50.4835,50.0983,50.2909,0
LINE-B,2026-07-09T04:40:00,50.4386,0.2815,50.4835,50.0983,50.2909,0
LINE-B,2026-07-09T05:20:00,50.4549,0.2354,50.4835,50.0983,50.2909,0
LINE-B,2026-07-09T06:40:00,50.4813,0.2534,50.4835,50.0983,50.2909,0
LINE-B,2026-07-09T08:00:00,50.4803,0.1755,50.4835,50.0983,50.2909,0
LINE-B,2026-07-09T08:40:00,50.4655,0.1919,50.4835,50.0983,50.2909,0
LINE-B,2026-07-09T10:00:00,50.5087,0.1477,50.4835,50.0983,50.2909,1
LINE-B,2026-07-09T11:20:00,50.4938,0.1843,50.4835,50.0983,50.2909,1
LINE-B,2026-07-09T12:00:00,50.4795,0.1193,50.4835,50.0983,50.2909,0
LINE-B,2026-07-09T13:20:00,50.5423,0.1825,50.4835,50.0983,50.2909,1
LINE-B,2026-07-09T14:40:00,50.4643,0.1529,50.4835,50.0983,50.2909,0
LINE-B,2026-07-09T15:20:00,50.4885,0.1598,50.4835,50.0983,50.2909,1
LINE-B,2026-07-09T16:40:00,50.5085,0.2829,50.4835,50.0983,50.2909,1
LINE-B,2026-07-09T18:00:00,50.4439,0.2364,50.4835,50.0983,50.2909,0
LINE-B,2026-07-09T18:40:00,50.4835,0.2448,50.4835,50.0983,50.2909,1
LINE-B,2026-07-09T20:00:00,50.4795,0.2193,50.4835,50.0983,50.2909,0
LINE-B,2026-07-09T21:20:00,50.3587,0.6218,50.4835,50.0983,50.2909,0
LINE-B,2026-07-09T22:00:00,50.2437,0.5283,50.4835,50.0983,50.2909,0
LINE-B,2026-07-09T23:20:00,50.3244,0.6704,50.4835,50.0983,50.2909,0
LINE-B,2026-07-10T00:40:00,50.4034,0.4683,50.4835,50.0983,50.2909,0
LINE-B,2026-07-10T01:20:00,50.2353,0.4438,50.4835,50.0983,50.2909,0
LINE-B,2026-07-10T02:40:00,50.2932,0.5111,50.4835,50.0983,50.2909,0
LINE-B,2026-07-10T04:00:00,50.3559,0.6031,50.4835,50.0983,50.2909,0
LINE-B,2026-07-10T04:40:00,50.3044,0.5244,50.4835,50.0983,50.2909,0
LINE-B,2026-07-10T06:00:00,50.2781,0.3668,50.4835,50.0983,50.2909,0
LINE-B,2026-07-10T07:20:00,50.3866,0.3563,50.4835,50.0983,50.2909,0
LINE-B,2026-07-10T08:00:00,50.3335,0.4076,50.4835,50.0983,50.2909,0
LINE-B,2026-07-10T09:20:00,50.3001,0.6032,50.4835,50.0983,50.2909,0
LINE-B,2026-07-10T10:40:00,50.4064,0.5125,50.4835,50.0983,50.2909,0
LINE-B,2026-07-10T11:20:00,50.3294,0.4523,50.4835,50.0983,50.2909,0
LINE-B,2026-07-10T12:40:00,50.3073,0.5962,50.4835,50.0983,50.2909,0
LINE-B,2026-07-10T14:00:00,50.4292,0.5198,50.4835,50.0983,50.2909,0
LINE-B,2026-07-10T14:40:00,50.3276,0.6324,50.4835,50.0983,50.2909,0
LINE-B,2026-07-10T16:00:00,50.3774,0.4529,50.4835,50.0983,50.2909,0
LINE-B,2026-07-10T17:20:00,50.4083,0.4091,50.4835,50.0983,50.2909,0
LINE-B,2026-07-10T18:00:00,50.3645,0.4778,50.4835,50.0983,50.2909,0
LINE-B,2026-07-10T19:20:00,50.3196,0.4274,50.4835,50.0983,50.2909,0
LINE-B,2026-07-10T20:40:00,50.3841,0.4982,50.4835,50.0983,50.2909,0
LINE-B,2026-07-10T21:20:00,50.3189,0.4674,50.4835,50.0983,50.2909,0
LINE-B,2026-07-10T22:40:00,50.3755,0.5415,50.4835,50.0983,50.2909,0
LINE-B,2026-07-11T00:00:00,50.4227,0.4623,50.4835,50.0983,50.2909,0
LINE-B,2026-07-11T00:40:00,50.3306,0.5082,50.4835,50.0983,50.2909,0
LINE-B,2026-07-11T02:00:00,50.4094,0.4433,50.4835,50.0983,50.2909,0
LINE-B,2026-07-11T03:20:00,50.3786,0.4908,50.4835,50.0983,50.2909,0
LINE-B,2026-07-11T04:00:00,50.3636,0.514,50.4835,50.0983,50.2909,0
LINE-B,2026-07-11T05:20:00,50.3854,0.525,50.4835,50.0983,50.2909,0
LINE-B,2026-07-11T06:40:00,50.4054,0.5218,50.4835,50.0983,50.2909,0
LINE-B,2026-07-11T07:20:00,50.3688,0.5388,50.4835,50.0983,50.2909,0
LINE-B,2026-07-11T08:40:00,50.3586,0.5125,50.4835,50.0983,50.2909,0
LINE-B,2026-07-11T10:00:00,50.4638,0.4268,50.4835,50.0983,50.2909,0
LINE-B,2026-07-11T10:40:00,50.3709,0.5507,50.4835,50.0983,50.2909,0
LINE-B,2026-07-11T12:00:00,50.3788,0.4862,50.4835,50.0983,50.2909,0
LINE-B,2026-07-11T13:20:00,50.4285,0.6164,50.4835,50.0983,50.2909,0
LINE-B,2026-07-11T14:00:00,50.3619,0.4396,50.4835,50.0983,50.2909,0
LINE-B,2026-07-11T15:20:00,50.3914,0.5022,50.4835,50.0983,50.2909,0
LINE-B,2026-07-11T16:40:00,50.4514,0.4707,50.4835,50.0983,50.2909,0
LINE-B,2026-07-11T17:20:00,50.3867,0.4396,50.4835,50.0983,50.2909,0
LINE-B,2026-07-11T18:40:00,50.3046,0.498,50.4835,50.0983,50.2909,0
LINE-B,2026-07-11T20:00:00,50.2273,0.4721,50.4835,50.0983,50.2909,0
LINE-B,2026-07-11T20:40:00,50.2975,0.5494,50.4835,50.0983,50.2909,0
LINE-B,2026-07-11T22:00:00,50.1734,0.468,50.4835,50.0983,50.2909,0
LINE-B,2026-07-11T23:20:00,50.2471,0.3963,50.4835,50.0983,50.2909,0
LINE-B,2026-07-12T00:00:00,50.2636,0.5518,50.4835,50.0983,50.2909,0
LINE-B,2026-07-12T01:20:00,50.1814,0.5164,50.4835,50.0983,50.2909,0
LINE-B,2026-07-12T02:40:00,50.2512,0.5341,50.4835,50.0983,50.2909,0
LINE-B,2026-07-12T03:20:00,50.2652,0.5544,50.4835,50.0983,50.2909,0
LINE-B,2026-07-12T04:40:00,50.2266,0.5388,50.4835,50.0983,50.2909,0
LINE-B,2026-07-12T06:00:00,50.2741,0.5627,50.4835,50.0983,50.2909,0
LINE-B,2026-07-12T06:40:00,50.3215,0.5735,50.4835,50.0983,50.2909,0
LINE-B,2026-07-12T08:00:00,50.1959,0.5064,50.4835,50.0983,50.2909,0
LINE-B,2026-07-12T09:20:00,50.2746,0.6997,50.4835,50.0983,50.2909,0
LINE-B,2026-07-12T10:00:00,50.2883,0.4774,50.4835,50.0983,50.2909,0
LINE-B,2026-07-12T11:20:00,50.2357,0.4653,50.4835,50.0983,50.2909,0
LINE-B,2026-07-12T12:40:00,50.2585,0.4179,50.4835,50.0983,50.2909,0
LINE-B,2026-07-12T13:20:00,50.306,0.5027,50.4835,50.0983,50.2909,0
LINE-B,2026-07-12T14:40:00,50.2556,0.594,50.4835,50.0983,50.2909,0
LINE-B,2026-07-12T16:00:00,50.2633,0.585,50.4835,50.0983,50.2909,0
LINE-B,2026-07-12T16:40:00,50.317,0.5373,50.4835,50.0983,50.2909,0
LINE-B,2026-07-12T18:00:00,50.2511,0.4703,50.4835,50.0983,50.2909,0
LINE-B,2026-07-12T19:20:00,50.2821,0.5127,50.4835,50.0983,50.2909,0
LINE-B,2026-07-12T20:00:00,50.3198,0.5409,50.4835,50.0983,50.2909,0
LINE-B,2026-07-12T21:20:00,50.2515,0.398,50.4835,50.0983,50.2909,0
LINE-B,2026-07-12T22:40:00,50.3121,0.4989,50.4835,50.0983,50.2909,0
LINE-B,2026-07-12T23:20:00,50.3402,0.4338,50.4835,50.0983,50.2909,0
LINE-B,2026-07-13T00:40:00,50.2654,0.5672,50.4835,50.0983,50.2909,0
LINE-B,2026-07-13T02:00:00,50.3335,0.4465,50.4835,50.0983,50.2909,0
LINE-B,2026-07-13T02:40:00,50.3581,0.4685,50.4835,50.0983,50.2909,0
LINE-B,2026-07-13T04:00:00,50.2645,0.4984,50.4835,50.0983,50.2909,0
LINE-B,2026-07-13T05:20:00,50.2989,0.5624,50.4835,50.0983,50.2909,0
LINE-B,2026-07-13T06:00:00,50.3261,0.4699,50.4835,50.0983,50.2909,0
LINE-B,2026-07-13T07:20:00,50.256,0.4264,50.4835,50.0983,50.2909,0
LINE-B,2026-07-13T08:40:00,50.3847,0.4538,50.4835,50.0983,50.2909,0
LINE-B,2026-07-13T09:20:00,50.3663,0.4378,50.4835,50.0983,50.2909,0
LINE-B,2026-07-13T10:40:00,50.2963,0.5686,50.4835,50.0983,50.2909,0
LINE-B,2026-07-13T12:00:00,50.379,0.5192,50.4835,50.0983,50.2909,0
LINE-B,2026-07-13T12:40:00,50.3711,0.5168,50.4835,50.0983,50.2909,0
LINE-B,2026-07-13T14:00:00,50.3112,0.4054,50.4835,50.0983,50.2909,0
LINE-B,2026-07-13T15:20:00,50.3315,0.5119,50.4835,50.0983,50.2909,0
LINE-B,2026-07-13T16:00:00,50.3621,0.3971,50.4835,50.0983,50.2909,0
LINE-B,2026-07-13T17:20:00,50.3301,0.4835,50.4835,50.0983,50.2909,0
LINE-B,2026-07-13T18:40:00,50.3821,0.5966,50.4835,50.0983,50.2909,0
LINE-B,2026-07-13T19:20:00,50.4048,0.52,50.4835,50.0983,50.2909,0
LINE-B,2026-07-13T20:40:00,50.3365,0.582,50.4835,50.0983,50.2909,0
LINE-B,2026-07-13T22:00:00,50.3644,0.6272,50.4835,50.0983,50.2909,0
LINE-B,2026-07-13T22:40:00,50.4315,0.4251,50.4835,50.0983,50.2909,0
LINE-B,2026-07-14T00:00:00,50.3355,0.4204,50.4835,50.0983,50.2909,0
LINE-B,2026-07-14T01:20:00,50.3679,0.5783,50.4835,50.0983,50.2909,0
LINE-B,2026-07-14T02:00:00,50.3172,0.532,50.4835,50.0983,50.2909,0
LINE-B,2026-07-14T03:20:00,50.2478,0.3138,50.4835,50.0983,50.2909,0
LINE-B,2026-07-14T04:40:00,50.184,0.2555,50.4835,50.0983,50.2909,0
LINE-B,2026-07-14T05:20:00,50.1431,0.4,50.4835,50.0983,50.2909,0
LINE-B,2026-07-14T06:40:00,50.192,0.314,50.4835,50.0983,50.2909,0
LINE-B,2026-07-14T08:00:00,50.1634,0.3947,50.4835,50.0983,50.2909,0
LINE-B,2026-07-14T08:40:00,50.1993,0.3849,50.4835,50.0983,50.2909,0
LINE-B,2026-07-14T10:00:00,50.2491,0.4033,50.4835,50.0983,50.2909,0
LINE-B,2026-07-14T11:20:00,50.1327,0.3816,50.4835,50.0983,50.2909,0
LINE-B,2026-07-14T12:00:00,50.1765,0.2716,50.4835,50.0983,50.2909,0
LINE-B,2026-07-14T13:20:00,50.2583,0.569,50.4835,50.0983,50.2909,0
LINE-B,2026-07-14T14:40:00,50.1787,0.4588,50.4835,50.0983,50.2909,0
LINE-B,2026-07-14T15:20:00,50.2053,0.2904,50.4835,50.0983,50.2909,0
LINE-B,2026-07-14T16:40:00,50.244,0.3615,50.4835,50.0983,50.2909,0
LINE-B,2026-07-14T18:00:00,50.2211,0.3085,50.4835,50.0983,50.2909,0
LINE-B,2026-07-14T18:40:00,50.1706,0.4516,50.4835,50.0983,50.2909,0
LINE-B,2026-07-14T20:00:00,50.2321,0.4109,50.4835,50.0983,50.2909,0
LINE-B,2026-07-14T21:20:00,50.1758,0.4026,50.4835,50.0983,50.2909,0
LINE-B,2026-07-14T22:00:00,50.185,0.3703,50.4835,50.0983,50.2909,0
LINE-B,2026-07-14T23:20:00,50.2813,0.3504,50.4835,50.0983,50.2909,0
LINE-B,2026-07-15T00:40:00,50.2021,0.372,50.4835,50.0983,50.2909,0
LINE-B,2026-07-15T01:20:00,50.2811,0.4358,50.4835,50.0983,50.2909,0
LINE-B,2026-07-15T02:40:00,50.2443,0.3676,50.4835,50.0983,50.2909,0
LINE-B,2026-07-15T04:00:00,50.2004,0.5152,50.4835,50.0983,50.2909,0
LINE-B,2026-07-15T04:40:00,50.2531,0.4284,50.4835,50.0983,50.2909,0
LINE-B,2026-07-15T06:00:00,50.2558,0.4049,50.4835,50.0983,50.2909,0
LINE-B,2026-07-15T07:20:00,50.2033,0.4319,50.4835,50.0983,50.2909,0
LINE-B,2026-07-15T08:00:00,50.1742,0.566,50.4835,50.0983,50.2909,0
LINE-B,2026-07-15T09:20:00,50.2885,0.3818,50.4835,50.0983,50.2909,0
LINE-B,2026-07-15T10:40:00,50.1557,0.3978,50.4835,50.0983,50.2909,0
LINE-B,2026-07-15T11:20:00,50.2084,0.4829,50.4835,50.0983,50.2909,0
LINE-B,2026-07-15T12:40:00,50.283,0.5414,50.4835,50.0983,50.2909,0
LINE-B,2026-07-15T14:00:00,50.2096,0.4184,50.4835,50.0983,50.2909,0
LINE-B,2026-07-15T14:40:00,50.2652,0.501,50.4835,50.0983,50.2909,0
LINE-B,2026-07-15T16:00:00,50.3051,0.4515,50.4835,50.0983,50.2909,0
LINE-B,2026-07-15T17:20:00,50.2105,0.4421,50.4835,50.0983,50.2909,0
LINE-B,2026-07-15T18:00:00,50.2649,0.4625,50.4835,50.0983,50.2909,0
LINE-B,2026-07-15T19:20:00,50.2992,0.2994,50.4835,50.0983,50.2909,0
LINE-B,2026-07-15T20:40:00,50.274,0.5056,50.4835,50.0983,50.2909,0
LINE-B,2026-07-15T21:20:00,50.2567,0.4754,50.4835,50.0983,50.2909,0
LINE-B,2026-07-15T22:40:00,50.322,0.4343,50.4835,50.0983,50.2909,0
LINE-B,2026-07-16T00:00:00,50.2313,0.4727,50.4835,50.0983,50.2909,0
LINE-B,2026-07-16T00:40:00,50.2727,0.3478,50.4835,50.0983,50.2909,0
LINE-B,2026-07-16T02:00:00,50.3282,0.6365,50.4835,50.0983,50.2909,0
LINE-B,2026-07-16T03:20:00,50.2563,0.4948,50.4835,50.0983,50.2909,0
LINE-B,2026-07-16T04:00:00,50.3162,0.4981,50.4835,50.0983,50.2909,0
LINE-B,2026-07-16T05:20:00,50.371,0.4924,50.4835,50.0983,50.2909,0
LINE-B,2026-07-16T06:40:00,50.3049,0.4103,50.4835,50.0983,50.2909,0
LINE-B,2026-07-16T07:20:00,50.274,0.636,50.4835,50.0983,50.2909,0
LINE-B,2026-07-16T08:40:00,50.3321,0.5609,50.4835,50.0983,50.2909,0
LINE-B,2026-07-16T10:00:00,50.2764,0.4249,50.4835,50.0983,50.2909,0
LINE-B,2026-07-16T10:40:00,50.2926,0.5263,50.4835,50.0983,50.2909,0
LINE-B,2026-07-16T12:00:00,50.4201,0.5858,50.4835,50.0983,50.2909,0
LINE-B,2026-07-16T13:20:00,50.26,0.5445,50.4835,50.0983,50.2909,0
LINE-B,2026-07-16T14:00:00,50.2913,0.4095,50.4835,50.0983,50.2909,0
LINE-B,2026-07-16T15:20:00,50.3743,0.5183,50.4835,50.0983,50.2909,0
LINE-B,2026-07-16T16:40:00,50.2982,0.5582,50.4835,50.0983,50.2909,0
LINE-B,2026-07-16T17:20:00,50.3316,0.4767,50.4835,50.0983,50.2909,0
LINE-B,2026-07-16T18:40:00,50.3775,0.4754,50.4835,50.0983,50.2909,0
LINE-B,2026-07-16T20:00:00,50.2955,0.4911,50.4835,50.0983,50.2909,0
LINE-B,2026-07-16T20:40:00,50.3068,0.4195,50.4835,50.0983,50.2909,0
LINE-B,2026-07-16T22:00:00,50.3859,0.5438,50.4835,50.0983,50.2909,0
LINE-B,2026-07-16T23:20:00,50.306,0.4901,50.4835,50.0983,50.2909,0
LINE-B,2026-07-17T00:00:00,50.3396,0.4963,50.4835,50.0983,50.2909,0
LINE-B,2026-07-17T01:20:00,50.4015,0.5662,50.4835,50.0983,50.2909,0
LINE-B,2026-07-17T02:40:00,50.2977,0.4907,50.4835,50.0983,50.2909,0
LINE-B,2026-07-17T03:20:00,50.3147,0.5535,50.4835,50.0983,50.2909,0
LINE-B,2026-07-17T04:40:00,50.4263,0.4589,50.4835,50.0983,50.2909,0
LINE-B,2026-07-17T06:00:00,50.2913,0.55,50.4835,50.0983,50.2909,0
LINE-B,2026-07-17T06:40:00,50.3612,0.6705,50.4835,50.0983,50.2909,0
LINE-B,2026-07-17T08:00:00,50.352,0.5084,50.4835,50.0983,50.2909,0
LINE-B,2026-07-17T09:20:00,50.302,0.4364,50.4835,50.0983,50.2909,0
LINE-B,2026-07-17T10:00:00,50.369,0.6243,50.4835,50.0983,50.2909,0
LINE-B,2026-07-17T11:20:00,50.4049,0.4392,50.4835,50.0983,50.2909,0
LINE-B,2026-07-17T12:40:00,50.3118,0.5504,50.4835,50.0983,50.2909,0
LINE-B,2026-07-17T13:20:00,50.167,0.332,50.4835,50.0983,50.2909,0
LINE-B,2026-07-17T14:40:00,50.1844,0.4773,50.4835,50.0983,50.2909,0
LINE-B,2026-07-17T16:00:00,50.1925,0.4355,50.4835,50.0983,50.2909,0
LINE-B,2026-07-17T16:40:00,50.1044,0.3654,50.4835,50.0983,50.2909,0
LINE-B,2026-07-17T18:00:00,50.1977,0.3522,50.4835,50.0983,50.2909,0
LINE-B,2026-07-17T19:20:00,50.2623,0.3789,50.4835,50.0983,50.2909,0
LINE-B,2026-07-17T20:00:00,50.1603,0.4449,50.4835,50.0983,50.2909,0
LINE-B,2026-07-17T21:20:00,50.2041,0.4057,50.4835,50.0983,50.2909,0
LINE-B,2026-07-17T22:40:00,50.2292,0.4331,50.4835,50.0983,50.2909,0
LINE-B,2026-07-17T23:20:00,50.1502,0.4359,50.4835,50.0983,50.2909,0
LINE-B,2026-07-18T00:40:00,50.2019,0.4718,50.4835,50.0983,50.2909,0
LINE-B,2026-07-18T02:00:00,50.2315,0.434,50.4835,50.0983,50.2909,0
LINE-B,2026-07-18T02:40:00,50.1481,0.3509,50.4835,50.0983,50.2909,0
LINE-B,2026-07-18T04:00:00,50.2604,0.4448,50.4835,50.0983,50.2909,0
LINE-B,2026-07-18T05:20:00,50.2052,0.4078,50.4835,50.0983,50.2909,0
LINE-B,2026-07-18T06:00:00,50.1427,0.5612,50.4835,50.0983,50.2909,0
LINE-B,2026-07-18T07:20:00,50.2035,0.4458,50.4835,50.0983,50.2909,0
LINE-B,2026-07-18T08:40:00,50.2167,0.424,50.4835,50.0983,50.2909,0
LINE-B,2026-07-18T09:20:00,50.182,0.5066,50.4835,50.0983,50.2909,0
LINE-B,2026-07-18T10:40:00,50.2592,0.3894,50.4835,50.0983,50.2909,0
LINE-B,2026-07-18T12:00:00,50.2417,0.5112,50.4835,50.0983,50.2909,0
LINE-B,2026-07-18T12:40:00,50.1575,0.4476,50.4835,50.0983,50.2909,0
LINE-B,2026-07-18T14:00:00,50.2151,0.5868,50.4835,50.0983,50.2909,0
LINE-B,2026-07-18T15:20:00,50.2448,0.519,50.4835,50.0983,50.2909,0
LINE-B,2026-07-18T16:00:00,50.1824,0.4315,50.4835,50.0983,50.2909,0
LINE-B,2026-07-18T17:20:00,50.2341,0.4939,50.4835,50.0983,50.2909,0
LINE-B,2026-07-18T18:40:00,50.2577,0.4408,50.4835,50.0983,50.2909,0
LINE-B,2026-07-18T19:20:00,50.167,0.4259,50.4835,50.0983,50.2909,0
LINE-B,2026-07-18T20:40:00,50.268,0.5397,50.4835,50.0983,50.2909,0
LINE-B,2026-07-18T22:00:00,50.2475,0.5176,50.4835,50.0983,50.2909,0
LINE-B,2026-07-18T22:40:00,50.1837,0.349,50.4835,50.0983,50.2909,0
LINE-B,2026-07-19T00:00:00,50.2308,0.4761,50.4835,50.0983,50.2909,0
LINE-B,2026-07-19T01:20:00,50.2957,0.5195,50.4835,50.0983,50.2909,0
LINE-B,2026-07-19T02:00:00,50.1906,0.4758,50.4835,50.0983,50.2909,0
LINE-B,2026-07-19T03:20:00,50.2326,0.55,50.4835,50.0983,50.2909,0
LINE-B,2026-07-19T04:40:00,50.2777,0.4243,50.4835,50.0983,50.2909,0
LINE-B,2026-07-19T05:20:00,50.1889,0.4643,50.4835,50.0983,50.2909,0
LINE-B,2026-07-19T06:40:00,50.2605,0.4819,50.4835,50.0983,50.2909,0
LINE-B,2026-07-19T08:00:00,50.299,0.5564,50.4835,50.0983,50.2909,0
LINE-B,2026-07-19T08:40:00,50.2113,0.4551,50.4835,50.0983,50.2909,0
LINE-B,2026-07-19T10:00:00,50.2842,0.4283,50.4835,50.0983,50.2909,0
LINE-B,2026-07-19T11:20:00,50.3127,0.4267,50.4835,50.0983,50.2909,0
LINE-B,2026-07-19T12:00:00,50.1736,0.5261,50.4835,50.0983,50.2909,0
LINE-B,2026-07-19T13:20:00,50.2901,0.4907,50.4835,50.0983,50.2909,0
LINE-B,2026-07-19T14:40:00,50.3057,0.4013,50.4835,50.0983,50.2909,0
LINE-B,2026-07-19T15:20:00,50.1736,0.5419,50.4835,50.0983,50.2909,0
LINE-B,2026-07-19T16:40:00,50.2923,0.5442,50.4835,50.0983,50.2909,0
LINE-B,2026-07-19T18:00:00,50.3007,0.5645,50.4835,50.0983,50.2909,0
LINE-B,2026-07-19T18:40:00,50.2092,0.5012,50.4835,50.0983,50.2909,0
LINE-B,2026-07-19T20:00:00,50.331,0.4244,50.4835,50.0983,50.2909,0
LINE-B,2026-07-19T21:20:00,50.2783,0.4054,50.4835,50.0983,50.2909,0
LINE-B,2026-07-19T22:00:00,50.2328,0.5114,50.4835,50.0983,50.2909,0
LINE-B,2026-07-19T23:20:00,50.2949,0.5612,50.4835,50.0983,50.2909,0
LINE-B,2026-07-20T00:40:00,50.3422,0.5358,50.4835,50.0983,50.2909,0
LINE-B,2026-07-20T01:20:00,50.208,0.4896,50.4835,50.0983,50.2909,0
LINE-B,2026-07-20T02:40:00,50.3,0.5113,50.4835,50.0983,50.2909,0
LINE-B,2026-07-20T04:00:00,50.3414,0.542,50.4835,50.0983,50.2909,0
LINE-B,2026-07-20T04:40:00,50.244,0.5894,50.4835,50.0983,50.2909,0
LINE-B,2026-07-20T06:00:00,50.2806,0.4606,50.4835,50.0983,50.2909,0
LINE-B,2026-07-20T07:20:00,50.3121,0.5581,50.4835,50.0983,50.2909,0
LINE-B,2026-07-20T08:00:00,50.1877,0.4716,50.4835,50.0983,50.2909,0
LINE-B,2026-07-20T09:20:00,50.3345,0.5666,50.4835,50.0983,50.2909,0
LINE-B,2026-07-20T10:40:00,50.3059,0.534,50.4835,50.0983,50.2909,0
LINE-B,2026-07-20T11:20:00,50.2544,0.4783,50.4835,50.0983,50.2909,0
LINE-B,2026-07-20T12:40:00,50.3356,0.5755,50.4835,50.0983,50.2909,0
LINE-B,2026-07-20T14:00:00,50.3425,0.572,50.4835,50.0983,50.2909,0
LINE-B,2026-07-20T14:40:00,50.2273,0.6622,50.4835,50.0983,50.2909,0
LINE-B,2026-07-20T16:00:00,50.1959,0.6234,50.4835,50.0983,50.2909,0
LINE-B,2026-07-20T17:20:00,50.0937,0.2656,50.4835,50.0983,50.2909,1
LINE-B,2026-07-20T18:00:00,50.1386,0.2006,50.4835,50.0983,50.2909,0
LINE-B,2026-07-20T19:20:00,50.0863,0.2094,50.4835,50.0983,50.2909,1
LINE-B,2026-07-20T20:40:00,50.1213,0.1415,50.4835,50.0983,50.2909,0
LINE-B,2026-07-20T21:20:00,50.1545,0.1688,50.4835,50.0983,50.2909,0
LINE-B,2026-07-20T22:40:00,50.1317,0.1796,50.4835,50.0983,50.2909,0
LINE-B,2026-07-21T00:00:00,50.1586,0.266,50.4835,50.0983,50.2909,0
LINE-B,2026-07-21T00:40:00,50.1583,0.14,50.4835,50.0983,50.2909,0
LINE-B,2026-07-21T02:00:00,50.1283,0.1869,50.4835,50.0983,50.2909,0
LINE-B,2026-07-21T03:20:00,50.1377,0.26,50.4835,50.0983,50.2909,0
LINE-B,2026-07-21T04:00:00,50.1511,0.2387,50.4835,50.0983,50.2909,0
LINE-B,2026-07-21T05:20:00,50.0856,0.1037,50.4835,50.0983,50.2909,1
LINE-B,2026-07-21T06:40:00,50.1643,0.1953,50.4835,50.0983,50.2909,0
LINE-B,2026-07-21T07:20:00,50.1556,0.2031,50.4835,50.0983,50.2909,0
LINE-B,2026-07-21T08:40:00,50.0747,0.216,50.4835,50.0983,50.2909,1
LINE-B,2026-07-21T10:00:00,50.1518,0.1764,50.4835,50.0983,50.2909,0
LINE-B,2026-07-21T10:40:00,50.1748,0.1949,50.4835,50.0983,50.2909,0
LINE-B,2026-07-21T12:00:00,50.159,0.2175,50.4835,50.0983,50.2909,0
LINE-B,2026-07-21T13:20:00,50.168,0.2654,50.4835,50.0983,50.2909,0
LINE-B,2026-07-21T14:00:00,50.1741,0.1992,50.4835,50.0983,50.2909,0
LINE-B,2026-07-21T15:20:00,50.1575,0.1572,50.4835,50.0983,50.2909,0
LINE-B,2026-07-21T16:40:00,50.1759,0.2016,50.4835,50.0983,50.2909,0
LINE-B,2026-07-21T17:20:00,50.2022,0.2526,50.4835,50.0983,50.2909,0
LINE-B,2026-07-21T18:40:00,50.1802,0.3238,50.4835,50.0983,50.2909,0
LINE-B,2026-07-21T20:00:00,50.2023,0.157,50.4835,50.0983,50.2909,0
LINE-B,2026-07-21T20:40:00,50.1804,0.2072,50.4835,50.0983,50.2909,0
LINE-B,2026-07-21T22:00:00,50.1445,0.1137,50.4835,50.0983,50.2909,0
LINE-B,2026-07-21T23:20:00,50.1837,0.3103,50.4835,50.0983,50.2909,0
LINE-B,2026-07-22T00:00:00,50.2124,0.1876,50.4835,50.0983,50.2909,0
LINE-B,2026-07-22T01:20:00,50.1871,0.185,50.4835,50.0983,50.2909,0
LINE-B,2026-07-22T02:40:00,50.2169,0.2024,50.4835,50.0983,50.2909,0
LINE-B,2026-07-22T03:20:00,50.1852,0.172,50.4835,50.0983,50.2909,0
LINE-B,2026-07-22T04:40:00,50.1889,0.1993,50.4835,50.0983,50.2909,0
LINE-B,2026-07-22T06:00:00,50.1614,0.2262,50.4835,50.0983,50.2909,0
LINE-B,2026-07-22T06:40:00,50.2265,0.134,50.4835,50.0983,50.2909,0
LINE-B,2026-07-22T08:00:00,50.1471,0.2255,50.4835,50.0983,50.2909,0
LINE-B,2026-07-22T09:20:00,50.2071,0.2553,50.4835,50.0983,50.2909,0
LINE-B,2026-07-22T10:00:00,50.2328,0.2024,50.4835,50.0983,50.2909,0
LINE-B,2026-07-22T11:20:00,50.1918,0.1435,50.4835,50.0983,50.2909,0
LINE-B,2026-07-22T12:40:00,50.2005,0.2072,50.4835,50.0983,50.2909,0
LINE-B,2026-07-22T13:20:00,50.2276,0.0944,50.4835,50.0983,50.2909,0
LINE-B,2026-07-22T14:40:00,50.2006,0.1958,50.4835,50.0983,50.2909,0
LINE-B,2026-07-22T16:00:00,50.2004,0.1985,50.4835,50.0983,50.2909,0
LINE-B,2026-07-22T16:40:00,50.2129,0.1021,50.4835,50.0983,50.2909,0
LINE-B,2026-07-22T18:00:00,50.1709,0.132,50.4835,50.0983,50.2909,0
LINE-B,2026-07-22T19:20:00,50.1821,0.1251,50.4835,50.0983,50.2909,0
LINE-B,2026-07-22T20:00:00,50.2107,0.1291,50.4835,50.0983,50.2909,0
LINE-B,2026-07-22T21:20:00,50.216,0.0946,50.4835,50.0983,50.2909,0
LINE-B,2026-07-22T22:40:00,50.2477,0.1644,50.4835,50.0983,50.2909,0
LINE-B,2026-07-22T23:20:00,50.2349,0.1673,50.4835,50.0983,50.2909,0
LINE-B,2026-07-23T00:40:00,50.2023,0.1451,50.4835,50.0983,50.2909,0
LINE-B,2026-07-23T02:00:00,50.2204,0.2296,50.4835,50.0983,50.2909,0
LINE-B,2026-07-23T02:40:00,50.2358,0.0632,50.4835,50.0983,50.2909,0
LINE-B,2026-07-23T04:00:00,50.237,0.1106,50.4835,50.0983,50.2909,0
LINE-B,2026-07-23T05:20:00,50.2268,0.175,50.4835,50.0983,50.2909,0
LINE-B,2026-07-23T06:00:00,50.2466,0.1928,50.4835,50.0983,50.2909,0
LINE-B,2026-07-23T07:20:00,50.2524,0.0722,50.4835,50.0983,50.2909,0
LINE-B,2026-07-23T08:40:00,50.2707,0.1935,50.4835,50.0983,50.2909,0
LINE-B,2026-07-23T09:20:00,50.2414,0.1168,50.4835,50.0983,50.2909,0
LINE-B,2026-07-23T10:40:00,50.2237,0.0736,50.4835,50.0983,50.2909,0
LINE-B,2026-07-23T12:00:00,50.2534,0.211,50.4835,50.0983,50.2909,0
LINE-B,2026-07-23T12:40:00,50.2871,0.1449,50.4835,50.0983,50.2909,0
LINE-B,2026-07-23T14:00:00,50.273,0.0737,50.4835,50.0983,50.2909,0
LINE-B,2026-07-23T15:20:00,50.2455,0.127,50.4835,50.0983,50.2909,0
LINE-B,2026-07-23T16:00:00,50.2805,0.2365,50.4835,50.0983,50.2909,0
LINE-B,2026-07-23T17:20:00,50.241,0.1595,50.4835,50.0983,50.2909,0
LINE-B,2026-07-23T18:40:00,50.2669,0.1322,50.4835,50.0983,50.2909,0
LINE-B,2026-07-23T19:20:00,50.2933,0.2246,50.4835,50.0983,50.2909,0
LINE-B,2026-07-23T20:40:00,50.246,0.1253,50.4835,50.0983,50.2909,0
LINE-B,2026-07-23T22:00:00,50.2641,0.1101,50.4835,50.0983,50.2909,0
LINE-B,2026-07-23T22:40:00,50.2496,0.1641,50.4835,50.0983,50.2909,0
LINE-B,2026-07-24T00:00:00,50.2958,0.1555,50.4835,50.0983,50.2909,0
LINE-B,2026-07-24T01:20:00,50.2604,0.0838,50.4835,50.0983,50.2909,0
LINE-B,2026-07-24T02:00:00,50.2444,0.1467,50.4835,50.0983,50.2909,0
LINE-B,2026-07-24T03:20:00,50.2579,0.1983,50.4835,50.0983,50.2909,0
LINE-B,2026-07-24T04:40:00,50.241,0.122,50.4835,50.0983,50.2909,0
LINE-B,2026-07-24T05:20:00,50.2647,0.1514,50.4835,50.0983,50.2909,0
LINE-B,2026-07-24T06:40:00,50.3173,0.0594,50.4835,50.0983,50.2909,0
LINE-B,2026-07-24T08:00:00,50.3096,0.1074,50.4835,50.0983,50.2909,0
LINE-B,2026-07-24T08:40:00,50.293,0.0407,50.4835,50.0983,50.2909,0
LINE-B,2026-07-24T10:00:00,50.2973,0.0991,50.4835,50.0983,50.2909,0
LINE-B,2026-07-24T11:20:00,50.3271,0.0965,50.4835,50.0983,50.2909,0
LINE-B,2026-07-24T12:00:00,50.3156,0.1483,50.4835,50.0983,50.2909,0
LINE-B,2026-07-24T13:20:00,50.2944,0.1533,50.4835,50.0983,50.2909,0
LINE-B,2026-07-24T14:40:00,50.2982,0.0975,50.4835,50.0983,50.2909,0
LINE-B,2026-07-24T15:20:00,50.2921,0.0594,50.4835,50.0983,50.2909,0
LINE-B,2026-07-24T16:40:00,50.2838,0.1641,50.4835,50.0983,50.2909,0
LINE-B,2026-07-24T18:00:00,50.3302,0.1877,50.4835,50.0983,50.2909,0
LINE-B,2026-07-24T18:40:00,50.3316,0.1237,50.4835,50.0983,50.2909,0
LINE-B,2026-07-24T20:00:00,50.2902,0.1034,50.4835,50.0983,50.2909,0
LINE-B,2026-07-24T21:20:00,50.3103,0.0837,50.4835,50.0983,50.2909,0
LINE-B,2026-07-24T22:00:00,50.2861,0.1386,50.4835,50.0983,50.2909,0
LINE-B,2026-07-24T23:20:00,50.3045,0.1205,50.4835,50.0983,50.2909,0
LINE-B,2026-07-25T00:40:00,50.3219,0.1612,50.4835,50.0983,50.2909,0
LINE-B,2026-07-25T01:20:00,50.3112,0.1385,50.4835,50.0983,50.2909,0
LINE-B,2026-07-25T02:40:00,50.3009,0.1514,50.4835,50.0983,50.2909,0
LINE-B,2026-07-25T04:00:00,50.3365,0.149,50.4835,50.0983,50.2909,0
LINE-B,2026-07-25T04:40:00,50.3527,0.1648,50.4835,50.0983,50.2909,0
LINE-B,2026-07-25T06:00:00,50.3329,0.1643,50.4835,50.0983,50.2909,0
LINE-B,2026-07-25T07:20:00,50.3725,0.1823,50.4835,50.0983,50.2909,0
LINE-B,2026-07-25T08:00:00,50.3507,0.1551,50.4835,50.0983,50.2909,0
LINE-B,2026-07-25T09:20:00,50.3235,0.0942,50.4835,50.0983,50.2909,0
LINE-B,2026-07-25T10:40:00,50.3321,0.1534,50.4835,50.0983,50.2909,0
LINE-B,2026-07-25T11:20:00,50.3342,0.1246,50.4835,50.0983,50.2909,0
LINE-B,2026-07-25T12:40:00,50.3578,0.1683,50.4835,50.0983,50.2909,0
LINE-B,2026-07-25T14:00:00,50.3827,0.1131,50.4835,50.0983,50.2909,0
LINE-B,2026-07-25T14:40:00,50.3656,0.2356,50.4835,50.0983,50.2909,0
LINE-B,2026-07-25T16:00:00,50.3436,0.1486,50.4835,50.0983,50.2909,0
LINE-B,2026-07-25T17:20:00,50.3547,0.1268,50.4835,50.0983,50.2909,0
LINE-B,2026-07-25T18:00:00,50.3142,0.2794,50.4835,50.0983,50.2909,0
LINE-B,2026-07-25T19:20:00,50.3216,0.139,50.4835,50.0983,50.2909,0
LINE-B,2026-07-25T20:40:00,50.3413,0.1718,50.4835,50.0983,50.2909,0
LINE-B,2026-07-25T21:20:00,50.3851,0.1958,50.4835,50.0983,50.2909,0
LINE-B,2026-07-25T22:40:00,50.3761,0.1982,50.4835,50.0983,50.2909,0
LINE-B,2026-07-26T00:00:00,50.3834,0.1979,50.4835,50.0983,50.2909,0
LINE-B,2026-07-26T00:40:00,50.3442,0.0918,50.4835,50.0983,50.2909,0
LINE-B,2026-07-26T02:00:00,50.4116,0.1557,50.4835,50.0983,50.2909,0
LINE-B,2026-07-26T03:20:00,50.4191,0.1736,50.4835,50.0983,50.2909,0
LINE-B,2026-07-26T04:00:00,50.4234,0.3218,50.4835,50.0983,50.2909,0
LINE-B,2026-07-26T05:20:00,50.4161,0.1501,50.4835,50.0983,50.2909,0
LINE-B,2026-07-26T06:40:00,50.4081,0.097,50.4835,50.0983,50.2909,0
LINE-B,2026-07-26T07:20:00,50.4081,0.1842,50.4835,50.0983,50.2909,0
LINE-B,2026-07-26T08:40:00,50.3978,0.1022,50.4835,50.0983,50.2909,0
LINE-B,2026-07-26T10:00:00,50.3947,0.187,50.4835,50.0983,50.2909,0
LINE-B,2026-07-26T10:40:00,50.3319,0.1407,50.4835,50.0983,50.2909,0
LINE-B,2026-07-26T12:00:00,50.387,0.2537,50.4835,50.0983,50.2909,0
LINE-B,2026-07-26T13:20:00,50.3841,0.1733,50.4835,50.0983,50.2909,0
LINE-B,2026-07-26T14:00:00,50.4111,0.2065,50.4835,50.0983,50.2909,0
LINE-B,2026-07-26T15:20:00,50.4145,0.2517,50.4835,50.0983,50.2909,0
LINE-B,2026-07-26T16:40:00,50.4072,0.2651,50.4835,50.0983,50.2909,0
LINE-B,2026-07-26T17:20:00,50.3568,0.15,50.4835,50.0983,50.2909,0
LINE-B,2026-07-26T18:40:00,50.4291,0.1972,50.4835,50.0983,50.2909,0
LINE-B,2026-07-26T20:00:00,50.418,0.1694,50.4835,50.0983,50.2909,0
LINE-B,2026-07-26T20:40:00,50.405,0.2018,50.4835,50.0983,50.2909,0
LINE-B,2026-07-26T22:00:00,50.4411,0.0768,50.4835,50.0983,50.2909,0
LINE-B,2026-07-26T23:20:00,50.426,0.2108,50.4835,50.0983,50.2909,0
LINE-B,2026-07-27T00:00:00,50.4174,0.1586,50.4835,50.0983,50.2909,0
LINE-B,2026-07-27T01:20:00,50.4151,0.1701,50.4835,50.0983,50.2909,0
LINE-B,2026-07-27T02:40:00,50.4087,0.2673,50.4835,50.0983,50.2909,0
LINE-B,2026-07-27T03:20:00,50.4073,0.2782,50.4835,50.0983,50.2909,0
LINE-B,2026-07-27T04:40:00,50.4185,0.2422,50.4835,50.0983,50.2909,0
LINE-B,2026-07-27T06:00:00,50.4575,0.1609,50.4835,50.0983,50.2909,0
LINE-B,2026-07-27T06:40:00,50.4346,0.158,50.4835,50.0983,50.2909,0
LINE-B,2026-07-27T08:00:00,50.4609,0.318,50.4835,50.0983,50.2909,0
LINE-B,2026-07-27T09:20:00,50.4212,0.2281,50.4835,50.0983,50.2909,0
LINE-B,2026-07-27T10:00:00,50.3924,0.3047,50.4835,50.0983,50.2909,0
LINE-B,2026-07-27T11:20:00,50.4373,0.2016,50.4835,50.0983,50.2909,0
LINE-B,2026-07-27T12:40:00,50.4385,0.3895,50.4835,50.0983,50.2909,0
LINE-B,2026-07-27T13:20:00,50.3905,0.2488,50.4835,50.0983,50.2909,0
LINE-B,2026-07-27T14:40:00,50.4253,0.3493,50.4835,50.0983,50.2909,0
LINE-B,2026-07-27T16:00:00,50.4447,0.1619,50.4835,50.0983,50.2909,0
LINE-B,2026-07-27T16:40:00,50.421,0.3382,50.4835,50.0983,50.2909,0
LINE-B,2026-07-27T18:00:00,50.4933,0.1636,50.4835,50.0983,50.2909,1
LINE-B,2026-07-27T19:20:00,50.4742,0.1611,50.4835,50.0983,50.2909,0
LINE-B,2026-07-27T20:00:00,50.4602,0.2633,50.4835,50.0983,50.2909,0
LINE-B,2026-07-27T21:20:00,50.4549,0.3076,50.4835,50.0983,50.2909,0
LINE-B,2026-07-27T22:40:00,50.4772,0.2936,50.4835,50.0983,50.2909,0
LINE-B,2026-07-27T23:20:00,50.429,0.1941,50.4835,50.0983,50.2909,0
LINE-B,2026-07-28T00:40:00,50.47,0.2057,50.4835,50.0983,50.2909,0
LINE-B,2026-07-28T02:00:00,50.4706,0.2048,50.4835,50.0983,50.2909,0
LINE-B,2026-07-28T02:40:00,50.413,0.1816,50.4835,50.0983,50.2909,0
LINE-B,2026-07-28T04:00:00,50.4823,0.2729,50.4835,50.0983,50.2909,0
LINE-B,2026-07-28T05:20:00,50.4467,0.207,50.4835,50.0983,50.2909,0
LINE-B,2026-07-28T06:00:00,50.4601,0.2751,50.4835,50.0983,50.2909,0
LINE-B,2026-07-28T07:20:00,50.5158,0.3603,50.4835,50.0983,50.2909,1
LINE-B,2026-07-28T08:40:00,50.2674,0.4733,50.4835,50.0983,50.2909,0
LINE-B,2026-07-28T09:20:00,50.3528,0.4536,50.4835,50.0983,50.2909,0
LINE-B,2026-07-28T10:40:00,50.2417,0.4715,50.4835,50.0983,50.2909,0
LINE-B,2026-07-28T12:00:00,50.2755,0.4665,50.4835,50.0983,50.2909,0
LINE-B,2026-07-28T12:40:00,50.3721,0.5074,50.4835,50.0983,50.2909,0
LINE-B,2026-07-28T14:00:00,50.244,0.4118,50.4835,50.0983,50.2909,0
LINE-B,2026-07-28T15:20:00,50.2801,0.4139,50.4835,50.0983,50.2909,0
LINE-B,2026-07-28T16:00:00,50.3352,0.4544,50.4835,50.0983,50.2909,0
LINE-B,2026-07-28T17:20:00,50.2525,0.4217,50.4835,50.0983,50.2909,0
LINE-B,2026-07-28T18:40:00,50.2936,0.4822,50.4835,50.0983,50.2909,0
LINE-B,2026-07-28T19:20:00,50.3344,0.4225,50.4835,50.0983,50.2909,0
LINE-B,2026-07-28T20:40:00,50.2671,0.3308,50.4835,50.0983,50.2909,0
LINE-B,2026-07-28T22:00:00,50.2558,0.3342,50.4835,50.0983,50.2909,0
LINE-B,2026-07-28T22:40:00,50.3859,0.4224,50.4835,50.0983,50.2909,0
LINE-B,2026-07-29T00:00:00,50.2934,0.497,50.4835,50.0983,50.2909,0
LINE-B,2026-07-29T01:20:00,50.3073,0.4212,50.4835,50.0983,50.2909,0
LINE-B,2026-07-29T02:00:00,50.3699,0.4374,50.4835,50.0983,50.2909,0
LINE-B,2026-07-29T03:20:00,50.3128,0.5009,50.4835,50.0983,50.2909,0
LINE-B,2026-07-29T04:40:00,50.2829,0.4223,50.4835,50.0983,50.2909,0
LINE-B,2026-07-29T05:20:00,50.3633,0.5012,50.4835,50.0983,50.2909,0
LINE-B,2026-07-29T06:40:00,50.3047,0.4095,50.4835,50.0983,50.2909,0
LINE-B,2026-07-29T08:00:00,50.3193,0.3754,50.4835,50.0983,50.2909,0
LINE-B,2026-07-29T08:40:00,50.3612,0.3838,50.4835,50.0983,50.2909,0
LINE-B,2026-07-29T10:00:00,50.2668,0.4633,50.4835,50.0983,50.2909,0
LINE-B,2026-07-29T11:20:00,50.3191,0.4526,50.4835,50.0983,50.2909,0
LINE-B,2026-07-29T12:00:00,50.4094,0.4225,50.4835,50.0983,50.2909,0
LINE-B,2026-07-29T13:20:00,50.2656,0.4165,50.4835,50.0983,50.2909,0
LINE-B,2026-07-29T14:40:00,50.3302,0.4306,50.4835,50.0983,50.2909,0
LINE-B,2026-07-29T15:20:00,50.3885,0.3825,50.4835,50.0983,50.2909,0
LINE-B,2026-07-29T16:40:00,50.3214,0.4165,50.4835,50.0983,50.2909,0
LINE-B,2026-07-29T18:00:00,50.3112,0.4909,50.4835,50.0983,50.2909,0
LINE-B,2026-07-29T18:40:00,50.3885,0.3571,50.4835,50.0983,50.2909,0
LINE-B,2026-07-29T20:00:00,50.3098,0.4189,50.4835,50.0983,50.2909,0
LINE-B,2026-07-29T21:20:00,50.3401,0.3631,50.4835,50.0983,50.2909,0
LINE-B,2026-07-29T22:00:00,50.3752,0.3609,50.4835,50.0983,50.2909,0
LINE-B,2026-07-29T23:20:00,50.368,0.362,50.4835,50.0983,50.2909,0
LINE-B,2026-07-30T00:40:00,50.3446,0.4451,50.4835,50.0983,50.2909,0
LINE-B,2026-07-30T01:20:00,50.3942,0.4436,50.4835,50.0983,50.2909,0
LINE-B,2026-07-30T02:40:00,50.3071,0.4827,50.4835,50.0983,50.2909,0
LINE-B,2026-07-30T04:00:00,50.3072,0.5367,50.4835,50.0983,50.2909,0
LINE-B,2026-07-30T04:40:00,50.3605,0.4033,50.4835,50.0983,50.2909,0
LINE-B,2026-07-30T06:00:00,50.3414,0.4091,50.4835,50.0983,50.2909,0
LINE-B,2026-07-30T07:20:00,50.2994,0.4689,50.4835,50.0983,50.2909,0
LINE-B,2026-07-30T08:00:00,50.4218,0.3623,50.4835,50.0983,50.2909,0
LINE-B,2026-07-30T09:20:00,50.3554,0.4252,50.4835,50.0983,50.2909,0
LINE-B,2026-07-30T10:40:00,50.3452,0.4644,50.4835,50.0983,50.2909,0
LINE-B,2026-07-30T11:20:00,50.4362,0.3814,50.4835,50.0983,50.2909,0
LINE-B,2026-07-30T12:40:00,50.336,0.3905,50.4835,50.0983,50.2909,0
LINE-B,2026-07-30T14:00:00,50.386,0.4021,50.4835,50.0983,50.2909,0
LINE-B,2026-07-30T14:40:00,50.3778,0.3982,50.4835,50.0983,50.2909,0
LINE-B,2026-07-30T16:00:00,50.3783,0.5249,50.4835,50.0983,50.2909,0
LINE-B,2026-07-30T17:20:00,50.388,0.4517,50.4835,50.0983,50.2909,0
LINE-B,2026-07-30T18:00:00,50.4235,0.3646,50.4835,50.0983,50.2909,0
LINE-B,2026-07-30T19:20:00,50.3502,0.412,50.4835,50.0983,50.2909,0
LINE-B,2026-07-30T20:40:00,50.3668,0.4938,50.4835,50.0983,50.2909,0
LINE-B,2026-07-30T21:20:00,50.4217,0.476,50.4835,50.0983,50.2909,0
LINE-B,2026-07-30T22:40:00,50.3532,0.4038,50.4835,50.0983,50.2909,0
LINE-B,2026-07-31T00:00:00,50.3874,0.2562,50.4835,50.0983,50.2909,0
LINE-B,2026-07-31T00:40:00,50.447,0.3844,50.4835,50.0983,50.2909,0
LINE-B,2026-07-31T02:00:00,50.3901,0.4488,50.4835,50.0983,50.2909,0
LINE-B,2026-07-31T03:20:00,50.3759,0.3144,50.4835,50.0983,50.2909,0
LINE-B,2026-07-31T04:00:00,50.4637,0.4675,50.4835,50.0983,50.2909,0
LINE-B,2026-07-31T05:20:00,50.3819,0.379,50.4835,50.0983,50.2909,0
LINE-B,2026-07-31T06:40:00,50.3484,0.4811,50.4835,50.0983,50.2909,0
LINE-B,2026-07-31T07:20:00,50.4614,0.408,50.4835,50.0983,50.2909,0
LINE-B,2026-07-31T08:40:00,50.4165,0.4829,50.4835,50.0983,50.2909,0
LINE-B,2026-07-31T10:00:00,50.3753,0.4018,50.4835,50.0983,50.2909,0
LINE-B,2026-07-31T10:40:00,50.4587,0.4913,50.4835,50.0983,50.2909,0
LINE-B,2026-07-31T12:00:00,50.3899,0.3232,50.4835,50.0983,50.2909,0
LINE-B,2026-07-31T13:20:00,50.372,0.3393,50.4835,50.0983,50.2909,0
LINE-B,2026-07-31T14:00:00,50.442,0.3558,50.4835,50.0983,50.2909,0
LINE-B,2026-07-31T15:20:00,50.3627,0.3817,50.4835,50.0983,50.2909,0
LINE-B,2026-07-31T16:40:00,50.3802,0.331,50.4835,50.0983,50.2909,0
LINE-B,2026-07-31T17:20:00,50.4611,0.336,50.4835,50.0983,50.2909,0
LINE-B,2026-07-31T18:40:00,50.4067,0.4387,50.4835,50.0983,50.2909,0
LINE-B,2026-07-31T20:00:00,50.3908,0.4406,50.4835,50.0983,50.2909,0
LINE-B,2026-07-31T20:40:00,50.4719,0.2779,50.4835,50.0983,50.2909,0
LINE-B,2026-07-31T22:00:00,50.3813,0.4753,50.4835,50.0983,50.2909,0
LINE-B,2026-07-31T23:20:00,50.3684,0.3242,50.4835,50.0983,50.2909,0
LINE-B,2026-08-01T00:00:00,50.4448,0.2951,50.4835,50.0983,50.2909,0
LINE-B,2026-08-01T01:20:00,50.4232,0.365,50.4835,50.0983,50.2909,0
LINE-B,2026-08-01T02:40:00,50.3827,0.374,50.4835,50.0983,50.2909,0
LINE-B,2026-08-01T03:20:00,50.4445,0.3776,50.4835,50.0983,50.2909,0
LINE-B,2026-08-01T04:40:00,50.4369,0.2768,50.4835,50.0983,50.2909,0
LINE-B,2026-08-01T06:00:00,50.4031,0.3839,50.4835,50.0983,50.2909,0
LINE-B,2026-08-01T06:40:00,50.4898,0.3381,50.4835,50.0983,50.2909,1
LINE-B,2026-08-01T08:00:00,50.4462,0.3328,50.4835,50.0983,50.2909,0
LINE-B,2026-08-01T09:20:00,50.4511,0.4108,50.4835,50.0983,50.2909,0
LINE-B,2026-08-01T10:00:00,50.5058,0.3794,50.4835,50.0983,50.2909,1
LINE-B,2026-08-01T11:20:00,50.4661,0.3301,50.4835,50.0983,50.2909,0
LINE-B,2026-08-01T12:40:00,50.4406,0.3629,50.4835,50.0983,50.2909,0
LINE-B,2026-08-01T13:20:00,50.4855,0.344,50.4835,50.0983,50.2909,1
LINE-B,2026-08-01T14:40:00,50.443,0.4303,50.4835,50.0983,50.2909,0
LINE-B,2026-08-01T16:00:00,50.4248,0.323,50.4835,50.0983,50.2909,0
LINE-B,2026-08-01T16:40:00,50.4954,0.1946,50.4835,50.0983,50.2909,1
LINE-B,2026-08-01T18:00:00,50.43,0.4397,50.4835,50.0983,50.2909,0
LINE-B,2026-08-01T19:20:00,50.4569,0.329,50.4835,50.0983,50.2909,0
LINE-B,2026-08-01T20:00:00,50.5029,0.3318,50.4835,50.0983,50.2909,1
LINE-B,2026-08-01T21:20:00,50.4406,0.3172,50.4835,50.0983,50.2909,0
LINE-B,2026-08-01T22:40:00,50.423,0.3426,50.4835,50.0983,50.2909,0
LINE-B,2026-08-01T23:20:00,50.5361,0.3573,50.4835,50.0983,50.2909,1
LINE-B,2026-08-02T00:40:00,50.4901,0.4337,50.4835,50.0983,50.2909,1
LINE-B,2026-08-02T02:00:00,50.4546,0.2919,50.4835,50.0983,50.2909,0
LINE-B,2026-08-02T02:40:00,50.5026,0.2853,50.4835,50.0983,50.2909,1
LINE-B,2026-08-02T04:00:00,50.2493,0.6135,50.4835,50.0983,50.2909,0
LINE-B,2026-08-02T05:20:00,50.3617,0.4781,50.4835,50.0983,50.2909,0
LINE-B,2026-08-02T06:00:00,50.3114,0.5558,50.4835,50.0983,50.2909,0
LINE-B,2026-08-02T07:20:00,50.1904,0.5457,50.4835,50.0983,50.2909,0
LINE-B,2026-08-02T08:40:00,50.3426,0.5262,50.4835,50.0983,50.2909,0
LINE-B,2026-08-02T09:20:00,50.3165,0.6009,50.4835,50.0983,50.2909,0
LINE-B,2026-08-02T10:40:00,50.2472,0.4549,50.4835,50.0983,50.2909,0
LINE-B,2026-08-02T12:00:00,50.3922,0.5721,50.4835,50.0983,50.2909,0
LINE-B,2026-08-02T12:40:00,50.2844,0.657,50.4835,50.0983,50.2909,0
LINE-B,2026-08-02T14:00:00,50.2825,0.4868,50.4835,50.0983,50.2909,0
LINE-B,2026-08-02T15:20:00,50.3286,0.5302,50.4835,50.0983,50.2909,0
LINE-B,2026-08-02T16:00:00,50.3369,0.6964,50.4835,50.0983,50.2909,0
LINE-B,2026-08-02T17:20:00,50.2746,0.5597,50.4835,50.0983,50.2909,0
LINE-B,2026-08-02T18:40:00,50.3965,0.5253,50.4835,50.0983,50.2909,0
LINE-B,2026-08-02T19:20:00,50.3095,0.5548,50.4835,50.0983,50.2909,0
LINE-B,2026-08-02T20:40:00,50.3065,0.4791,50.4835,50.0983,50.2909,0
LINE-B,2026-08-02T22:00:00,50.4014,0.4026,50.4835,50.0983,50.2909,0
LINE-B,2026-08-02T22:40:00,50.3801,0.6341,50.4835,50.0983,50.2909,0
LINE-B,2026-08-03T00:00:00,50.2885,0.4904,50.4835,50.0983,50.2909,0
LINE-B,2026-08-03T01:20:00,50.4039,0.5137,50.4835,50.0983,50.2909,0
LINE-B,2026-08-03T02:00:00,50.3658,0.6416,50.4835,50.0983,50.2909,0
LINE-B,2026-08-03T03:20:00,50.3009,0.491,50.4835,50.0983,50.2909,0
LINE-B,2026-08-03T04:40:00,50.3686,0.4118,50.4835,50.0983,50.2909,0
LINE-B,2026-08-03T05:20:00,50.361,0.619,50.4835,50.0983,50.2909,0
LINE-B,2026-08-03T06:40:00,50.2994,0.4381,50.4835,50.0983,50.2909,0
LINE-B,2026-08-03T08:00:00,50.3818,0.5457,50.4835,50.0983,50.2909,0
LINE-B,2026-08-03T08:40:00,50.2943,0.4827,50.4835,50.0983,50.2909,0
LINE-B,2026-08-03T10:00:00,50.2484,0.4442,50.4835,50.0983,50.2909,0
LINE-B,2026-08-03T11:20:00,50.4148,0.5405,50.4835,50.0983,50.2909,0
LINE-B,2026-08-03T12:00:00,50.4085,0.5811,50.4835,50.0983,50.2909,0
LINE-B,2026-08-03T13:20:00,50.3404,0.517,50.4835,50.0983,50.2909,0
LINE-B,2026-08-03T14:40:00,50.4208,0.4999,50.4835,50.0983,50.2909,0
LINE-B,2026-08-03T15:20:00,50.3347,0.5009,50.4835,50.0983,50.2909,0
LINE-B,2026-08-03T16:40:00,50.3495,0.4397,50.4835,50.0983,50.2909,0
LINE-B,2026-08-03T18:00:00,50.4421,0.4369,50.4835,50.0983,50.2909,0
LINE-B,2026-08-03T18:40:00,50.1313,0.4923,50.4835,50.0983,50.2909,0
LINE-B,2026-08-03T20:00:00,50.2487,0.4098,50.4835,50.0983,50.2909,0
LINE-B,2026-08-03T21:20:00,50.1781,0.3762,50.4835,50.0983,50.2909,0
LINE-B,2026-08-03T22:00:00,50.1322,0.3656,50.4835,50.0983,50.2909,0
LINE-B,2026-08-03T23:20:00,50.2052,0.3424,50.4835,50.0983,50.2909,0
LINE-B,2026-08-04T00:40:00,50.2157,0.3673,50.4835,50.0983,50.2909,0
LINE-B,2026-08-04T01:20:00,50.1497,0.3523,50.4835,50.0983,50.2909,0
LINE-B,2026-08-04T02:40:00,50.2139,0.47,50.4835,50.0983,50.2909,0
LINE-B,2026-08-04T04:00:00,50.2102,0.4156,50.4835,50.0983,50.2909,0
LINE-B,2026-08-04T04:40:00,50.1951,0.4565,50.4835,50.0983,50.2909,0
LINE-B,2026-08-04T06:00:00,50.2488,0.3999,50.4835,50.0983,50.2909,0
LINE-B,2026-08-04T07:20:00,50.1916,0.4055,50.4835,50.0983,50.2909,0
LINE-B,2026-08-04T08:00:00,50.1647,0.4964,50.4835,50.0983,50.2909,0
LINE-B,2026-08-04T09:20:00,50.2795,0.474,50.4835,50.0983,50.2909,0
LINE-B,2026-08-04T10:40:00,50.2393,0.4916,50.4835,50.0983,50.2909,0
LINE-B,2026-08-04T11:20:00,50.1753,0.5014,50.4835,50.0983,50.2909,0
LINE-B,2026-08-04T12:40:00,50.2278,0.4867,50.4835,50.0983,50.2909,0
LINE-B,2026-08-04T14:00:00,50.185,0.5132,50.4835,50.0983,50.2909,0
LINE-B,2026-08-04T14:40:00,50.2057,0.5007,50.4835,50.0983,50.2909,0
LINE-B,2026-08-04T16:00:00,50.277,0.2598,50.4835,50.0983,50.2909,0
LINE-B,2026-08-04T17:20:00,50.241,0.5173,50.4835,50.0983,50.2909,0
LINE-B,2026-08-04T18:00:00,50.1829,0.4684,50.4835,50.0983,50.2909,0
LINE-B,2026-08-04T19:20:00,50.2687,0.5077,50.4835,50.0983,50.2909,0
LINE-B,2026-08-04T20:40:00,50.2603,0.5126,50.4835,50.0983,50.2909,0
LINE-B,2026-08-04T21:20:00,50.2155,0.3864,50.4835,50.0983,50.2909,0
LINE-B,2026-08-04T22:40:00,50.2918,0.4221,50.4835,50.0983,50.2909,0
LINE-B,2026-08-05T00:00:00,50.2516,0.5171,50.4835,50.0983,50.2909,0
LINE-B,2026-08-05T00:40:00,50.2408,0.4271,50.4835,50.0983,50.2909,0
LINE-B,2026-08-05T02:00:00,50.2944,0.3704,50.4835,50.0983,50.2909,0
LINE-B,2026-08-05T03:20:00,50.2588,0.5455,50.4835,50.0983,50.2909,0
LINE-B,2026-08-05T04:00:00,50.2275,0.4781,50.4835,50.0983,50.2909,0
LINE-B,2026-08-05T05:20:00,50.3096,0.4261,50.4835,50.0983,50.2909,0
LINE-B,2026-08-05T06:40:00,50.3211,0.4605,50.4835,50.0983,50.2909,0
LINE-B,2026-08-05T07:20:00,50.2507,0.5214,50.4835,50.0983,50.2909,0
LINE-B,2026-08-05T08:40:00,50.3136,0.4246,50.4835,50.0983,50.2909,0
LINE-B,2026-08-05T10:00:00,50.2747,0.4911,50.4835,50.0983,50.2909,0
LINE-B,2026-08-05T10:40:00,50.2578,0.4074,50.4835,50.0983,50.2909,0
LINE-B,2026-08-05T12:00:00,50.3395,0.3906,50.4835,50.0983,50.2909,0
LINE-B,2026-08-05T13:20:00,50.3076,0.5131,50.4835,50.0983,50.2909,0
LINE-B,2026-08-05T14:00:00,50.2666,0.5187,50.4835,50.0983,50.2909,0
LINE-B,2026-08-05T15:20:00,50.3435,0.528,50.4835,50.0983,50.2909,0
LINE-B,2026-08-05T16:40:00,50.2851,0.4025,50.4835,50.0983,50.2909,0
LINE-B,2026-08-05T17:20:00,50.249,0.4644,50.4835,50.0983,50.2909,0
LINE-B,2026-08-05T18:40:00,50.3283,0.5033,50.4835,50.0983,50.2909,0
LINE-B,2026-08-05T20:00:00,50.2747,0.5013,50.4835,50.0983,50.2909,0
LINE-B,2026-08-05T20:40:00,50.2556,0.3999,50.4835,50.0983,50.2909,0
LINE-B,2026-08-05T22:00:00,50.363,0.5181,50.4835,50.0983,50.2909,0
LINE-B,2026-08-05T23:20:00,50.2834,0.4958,50.4835,50.0983,50.2909,0
LINE-B,2026-08-06T00:00:00,50.2608,0.4942,50.4835,50.0983,50.2909,0
LINE-B,2026-08-06T01:20:00,50.3574,0.5182,50.4835,50.0983,50.2909,0
LINE-B,2026-08-06T02:40:00,50.3022,0.4234,50.4835,50.0983,50.2909,0
LINE-B,2026-08-06T03:20:00,50.2822,0.3976,50.4835,50.0983,50.2909,0
LINE-B,2026-08-06T04:40:00,50.3401,0.4754,50.4835,50.0983,50.2909,0
LINE-B,2026-08-06T06:00:00,50.3334,0.507,50.4835,50.0983,50.2909,0
LINE-B,2026-08-06T06:40:00,50.2877,0.5251,50.4835,50.0983,50.2909,0
LINE-B,2026-08-06T08:00:00,50.3927,0.492,50.4835,50.0983,50.2909,0
LINE-B,2026-08-06T09:20:00,50.3966,0.4501,50.4835,50.0983,50.2909,0
LINE-B,2026-08-06T10:00:00,50.27,0.3012,50.4835,50.0983,50.2909,0
LINE-B,2026-08-06T11:20:00,50.4398,0.4476,50.4835,50.0983,50.2909,0
LINE-B,2026-08-06T12:40:00,50.3998,0.4308,50.4835,50.0983,50.2909,0
LINE-B,2026-08-06T13:20:00,50.3217,0.4817,50.4835,50.0983,50.2909,0
LINE-B,2026-08-06T14:40:00,50.4399,0.4033,50.4835,50.0983,50.2909,0
LINE-B,2026-08-06T16:00:00,50.3639,0.4406,50.4835,50.0983,50.2909,0
LINE-B,2026-08-06T16:40:00,50.3303,0.3154,50.4835,50.0983,50.2909,0
LINE-B,2026-08-06T18:00:00,50.4222,0.473,50.4835,50.0983,50.2909,0
LINE-B,2026-08-06T19:20:00,50.3434,0.4695,50.4835,50.0983,50.2909,0
LINE-B,2026-08-06T20:00:00,50.3002,0.4277,50.4835,50.0983,50.2909,0
LINE-B,2026-08-06T21:20:00,50.3822,0.4039,50.4835,50.0983,50.2909,0
LINE-B,2026-08-06T22:40:00,50.393,0.4698,50.4835,50.0983,50.2909,0
LINE-B,2026-08-06T23:20:00,50.33,0.301,50.4835,50.0983,50.2909,0
LINE-B,2026-08-07T00:40:00,50.422,0.3168,50.4835,50.0983,50.2909,0
LINE-B,2026-08-07T02:00:00,50.3854,0.4719,50.4835,50.0983,50.2909,0
LINE-B,2026-08-07T02:40:00,50.1971,0.407,50.4835,50.0983,50.2909,0
LINE-B,2026-08-07T04:00:00,50.1751,0.3824,50.4835,50.0983,50.2909,0
LINE-B,2026-08-07T05:20:00,50.1156,0.458,50.4835,50.0983,50.2909,0
LINE-B,2026-08-07T06:00:00,50.2521,0.438,50.4835,50.0983,50.2909,0
LINE-B,2026-08-07T07:20:00,50.1765,0.4448,50.4835,50.0983,50.2909,0
LINE-B,2026-08-07T08:40:00,50.1671,0.3803,50.4835,50.0983,50.2909,0
LINE-B,2026-08-07T09:20:00,50.2205,0.3694,50.4835,50.0983,50.2909,0
LINE-B,2026-08-07T10:40:00,50.2135,0.4606,50.4835,50.0983,50.2909,0
LINE-B,2026-08-07T12:00:00,50.1393,0.4166,50.4835,50.0983,50.2909,0
LINE-B,2026-08-07T12:40:00,50.2351,0.4688,50.4835,50.0983,50.2909,0
LINE-B,2026-08-07T14:00:00,50.2234,0.4636,50.4835,50.0983,50.2909,0
LINE-B,2026-08-07T15:20:00,50.1608,0.5923,50.4835,50.0983,50.2909,0
LINE-B,2026-08-07T16:00:00,50.2685,0.5056,50.4835,50.0983,50.2909,0
LINE-B,2026-08-07T17:20:00,50.2137,0.4701,50.4835,50.0983,50.2909,0
LINE-B,2026-08-07T18:40:00,50.1746,0.3876,50.4835,50.0983,50.2909,0
LINE-B,2026-08-07T19:20:00,50.2622,0.4095,50.4835,50.0983,50.2909,0
LINE-B,2026-08-07T20:40:00,50.2264,0.4414,50.4835,50.0983,50.2909,0
LINE-B,2026-08-07T22:00:00,50.168,0.4171,50.4835,50.0983,50.2909,0
LINE-B,2026-08-07T22:40:00,50.2979,0.4034,50.4835,50.0983,50.2909,0
LINE-B,2026-08-08T00:00:00,50.2358,0.4544,50.4835,50.0983,50.2909,0
LINE-B,2026-08-08T01:20:00,50.197,0.4801,50.4835,50.0983,50.2909,0
LINE-B,2026-08-08T02:00:00,50.2723,0.3972,50.4835,50.0983,50.2909,0
LINE-B,2026-08-08T03:20:00,50.2678,0.3991,50.4835,50.0983,50.2909,0
LINE-B,2026-08-08T04:40:00,50.2248,0.4278,50.4835,50.0983,50.2909,0
LINE-B,2026-08-08T05:20:00,50.2841,0.4535,50.4835,50.0983,50.2909,0
LINE-B,2026-08-08T06:40:00,50.286,0.3935,50.4835,50.0983,50.2909,0
LINE-B,2026-08-08T08:00:00,50.233,0.393,50.4835,50.0983,50.2909,0
LINE-B,2026-08-08T08:40:00,50.3117,0.4264,50.4835,50.0983,50.2909,0
LINE-B,2026-08-08T10:00:00,50.305,0.5033,50.4835,50.0983,50.2909,0
LINE-B,2026-08-08T11:20:00,50.2184,0.4433,50.4835,50.0983,50.2909,0
LINE-B,2026-08-08T12:00:00,50.3405,0.4583,50.4835,50.0983,50.2909,0
LINE-B,2026-08-08T13:20:00,50.2946,0.5037,50.4835,50.0983,50.2909,0
LINE-B,2026-08-08T14:40:00,50.2336,0.4212,50.4835,50.0983,50.2909,0
LINE-B,2026-08-08T15:20:00,50.3242,0.491,50.4835,50.0983,50.2909,0
LINE-B,2026-08-08T16:40:00,50.2929,0.4992,50.4835,50.0983,50.2909,0
LINE-B,2026-08-08T18:00:00,50.2603,0.4919,50.4835,50.0983,50.2909,0
LINE-B,2026-08-08T18:40:00,50.29,0.4546,50.4835,50.0983,50.2909,0
LINE-B,2026-08-08T20:00:00,50.2955,0.411,50.4835,50.0983,50.2909,0
LINE-B,2026-08-08T21:20:00,50.2809,0.5536,50.4835,50.0983,50.2909,0
LINE-B,2026-08-08T22:00:00,50.3662,0.5744,50.4835,50.0983,50.2909,0
LINE-B,2026-08-08T23:20:00,50.3116,0.4061,50.4835,50.0983,50.2909,0
LINE-B,2026-08-09T00:40:00,50.2481,0.5494,50.4835,50.0983,50.2909,0
LINE-B,2026-08-09T01:20:00,50.3561,0.4053,50.4835,50.0983,50.2909,0
LINE-B,2026-08-09T02:40:00,50.3147,0.4353,50.4835,50.0983,50.2909,0
LINE-B,2026-08-09T04:00:00,50.2741,0.4326,50.4835,50.0983,50.2909,0
LINE-B,2026-08-09T04:40:00,50.3326,0.4659,50.4835,50.0983,50.2909,0
LINE-B,2026-08-09T06:00:00,50.2883,0.5208,50.4835,50.0983,50.2909,0
LINE-B,2026-08-09T07:20:00,50.237,0.4147,50.4835,50.0983,50.2909,0
LINE-B,2026-08-09T08:00:00,50.3827,0.4871,50.4835,50.0983,50.2909,0
LINE-B,2026-08-09T09:20:00,50.3569,0.4246,50.4835,50.0983,50.2909,0
LINE-B,2026-08-09T10:40:00,50.2813,0.4332,50.4835,50.0983,50.2909,0
LINE-B,2026-08-09T11:20:00,50.3528,0.4517,50.4835,50.0983,50.2909,0
LINE-B,2026-08-09T12:40:00,50.3304,0.4617,50.4835,50.0983,50.2909,0
LINE-B,2026-08-09T14:00:00,50.2975,0.4381,50.4835,50.0983,50.2909,0
LINE-B,2026-08-09T14:40:00,50.3567,0.4863,50.4835,50.0983,50.2909,0
LINE-B,2026-08-09T16:00:00,50.3044,0.4741,50.4835,50.0983,50.2909,0
LINE-B,2026-08-09T17:20:00,50.2916,0.4354,50.4835,50.0983,50.2909,0
LINE-B,2026-08-09T18:00:00,50.4076,0.4784,50.4835,50.0983,50.2909,0
LINE-B,2026-08-09T19:20:00,50.3675,0.5253,50.4835,50.0983,50.2909,0
LINE-B,2026-08-09T20:40:00,50.2967,0.4375,50.4835,50.0983,50.2909,0
LINE-B,2026-08-09T21:20:00,50.2654,0.5102,50.4835,50.0983,50.2909,0
LINE-B,2026-08-09T22:40:00,50.1439,0.2861,50.4835,50.0983,50.2909,0
LINE-B,2026-08-10T00:00:00,50.1467,0.3863,50.4835,50.0983,50.2909,0
LINE-B,2026-08-10T00:40:00,50.1433,0.257,50.4835,50.0983,50.2909,0
LINE-B,2026-08-10T02:00:00,50.1403,0.25,50.4835,50.0983,50.2909,0
LINE-B,2026-08-10T03:20:00,50.2024,0.3407,50.4835,50.0983,50.2909,0
LINE-B,2026-08-10T04:00:00,50.1742,0.3666,50.4835,50.0983,50.2909,0
LINE-B,2026-08-10T05:20:00,50.101,0.3132,50.4835,50.0983,50.2909,0
LINE-B,2026-08-10T06:40:00,50.1912,0.2233,50.4835,50.0983,50.2909,0
LINE-B,2026-08-10T07:20:00,50.1571,0.3077,50.4835,50.0983,50.2909,0
LINE-B,2026-08-10T08:40:00,50.1885,0.3151,50.4835,50.0983,50.2909,0
LINE-B,2026-08-10T10:00:00,50.2016,0.3498,50.4835,50.0983,50.2909,0
LINE-B,2026-08-10T10:40:00,50.2293,0.3292,50.4835,50.0983,50.2909,0
LINE-B,2026-08-10T12:00:00,50.1605,0.3397,50.4835,50.0983,50.2909,0
LINE-B,2026-08-10T13:20:00,50.1928,0.3737,50.4835,50.0983,50.2909,0
LINE-B,2026-08-10T14:00:00,50.2387,0.3317,50.4835,50.0983,50.2909,0
LINE-B,2026-08-10T15:20:00,50.1656,0.3292,50.4835,50.0983,50.2909,0
LINE-B,2026-08-10T16:40:00,50.2383,0.2865,50.4835,50.0983,50.2909,0
LINE-B,2026-08-10T17:20:00,50.1919,0.3373,50.4835,50.0983,50.2909,0
LINE-B,2026-08-10T18:40:00,50.1566,0.2892,50.4835,50.0983,50.2909,0
LINE-B,2026-08-10T20:00:00,50.2526,0.2978,50.4835,50.0983,50.2909,0
LINE-B,2026-08-10T20:40:00,50.2217,0.415,50.4835,50.0983,50.2909,0
LINE-B,2026-08-10T22:00:00,50.1654,0.2758,50.4835,50.0983,50.2909,0
LINE-B,2026-08-10T23:20:00,50.2146,0.2991,50.4835,50.0983,50.2909,0
LINE-B,2026-08-11T00:00:00,50.2023,0.3903,50.4835,50.0983,50.2909,0
LINE-B,2026-08-11T01:20:00,50.1806,0.2995,50.4835,50.0983,50.2909,0
LINE-B,2026-08-11T02:40:00,50.2255,0.2941,50.4835,50.0983,50.2909,0
LINE-B,2026-08-11T03:20:00,50.2163,0.3058,50.4835,50.0983,50.2909,0
LINE-B,2026-08-11T04:40:00,50.2251,0.2517,50.4835,50.0983,50.2909,0
LINE-B,2026-08-11T06:00:00,50.2493,0.3359,50.4835,50.0983,50.2909,0
LINE-B,2026-08-11T06:40:00,50.216,0.3431,50.4835,50.0983,50.2909,0
LINE-B,2026-08-11T08:00:00,50.2083,0.4847,50.4835,50.0983,50.2909,0
LINE-B,2026-08-11T09:20:00,50.2967,0.2526,50.4835,50.0983,50.2909,0
LINE-B,2026-08-11T10:00:00,50.2145,0.323,50.4835,50.0983,50.2909,0
LINE-B,2026-08-11T11:20:00,50.2219,0.2818,50.4835,50.0983,50.2909,0
LINE-B,2026-08-11T12:40:00,50.2541,0.3755,50.4835,50.0983,50.2909,0
LINE-B,2026-08-11T13:20:00,50.2476,0.3374,50.4835,50.0983,50.2909,0
LINE-B,2026-08-11T14:40:00,50.2342,0.3513,50.4835,50.0983,50.2909,0
LINE-B,2026-08-11T16:00:00,50.2671,0.4657,50.4835,50.0983,50.2909,0
LINE-B,2026-08-11T16:40:00,50.2155,0.202,50.4835,50.0983,50.2909,0
LINE-B,2026-08-11T18:00:00,50.1834,0.3905,50.4835,50.0983,50.2909,0
LINE-B,2026-08-11T19:20:00,50.3144,0.2609,50.4835,50.0983,50.2909,0
LINE-B,2026-08-11T20:00:00,50.2493,0.261,50.4835,50.0983,50.2909,0
LINE-B,2026-08-11T21:20:00,50.21,0.2384,50.4835,50.0983,50.2909,0
LINE-B,2026-08-11T22:40:00,50.282,0.3152,50.4835,50.0983,50.2909,0
LINE-B,2026-08-11T23:20:00,50.2838,0.3045,50.4835,50.0983,50.2909,0
LINE-B,2026-08-12T00:40:00,50.263,0.3522,50.4835,50.0983,50.2909,0
LINE-B,2026-08-12T02:00:00,50.3049,0.4431,50.4835,50.0983,50.2909,0
LINE-B,2026-08-12T02:40:00,50.2782,0.3515,50.4835,50.0983,50.2909,0
LINE-B,2026-08-12T04:00:00,50.2698,0.3164,50.4835,50.0983,50.2909,0
LINE-B,2026-08-12T05:20:00,50.3433,0.2549,50.4835,50.0983,50.2909,0
LINE-B,2026-08-12T06:00:00,50.2642,0.3323,50.4835,50.0983,50.2909,0
LINE-B,2026-08-12T07:20:00,50.2367,0.3373,50.4835,50.0983,50.2909,0
LINE-B,2026-08-12T08:40:00,50.3013,0.2388,50.4835,50.0983,50.2909,0
LINE-B,2026-08-12T09:20:00,50.2991,0.341,50.4835,50.0983,50.2909,0
LINE-B,2026-08-12T10:40:00,50.2885,0.2313,50.4835,50.0983,50.2909,0
LINE-B,2026-08-12T12:00:00,50.2915,0.2882,50.4835,50.0983,50.2909,0
LINE-B,2026-08-12T12:40:00,50.2723,0.3669,50.4835,50.0983,50.2909,0
LINE-B,2026-08-12T14:00:00,50.2351,0.3091,50.4835,50.0983,50.2909,0
LINE-B,2026-08-12T15:20:00,50.3337,0.2726,50.4835,50.0983,50.2909,0
LINE-B,2026-08-12T16:00:00,50.3429,0.2287,50.4835,50.0983,50.2909,0
LINE-B,2026-08-12T17:20:00,50.2904,0.2087,50.4835,50.0983,50.2909,0
LINE-B,2026-08-12T18:40:00,50.3295,0.3888,50.4835,50.0983,50.2909,0
LINE-B,2026-08-12T19:20:00,50.2812,0.2937,50.4835,50.0983,50.2909,0
LINE-B,2026-08-12T20:40:00,50.2584,0.343,50.4835,50.0983,50.2909,0
LINE-B,2026-08-12T22:00:00,50.3358,0.2998,50.4835,50.0983,50.2909,0
LINE-B,2026-08-12T22:40:00,50.3005,0.2325,50.4835,50.0983,50.2909,0
LINE-B,2026-08-13T00:00:00,50.3056,0.292,50.4835,50.0983,50.2909,0
LINE-B,2026-08-13T01:20:00,50.3364,0.401,50.4835,50.0983,50.2909,0
LINE-B,2026-08-13T02:00:00,50.3318,0.3702,50.4835,50.0983,50.2909,0
LINE-B,2026-08-13T03:20:00,50.3043,0.3205,50.4835,50.0983,50.2909,0
LINE-B,2026-08-13T04:40:00,50.334,0.3287,50.4835,50.0983,50.2909,0
LINE-B,2026-08-13T05:20:00,50.3327,0.2693,50.4835,50.0983,50.2909,0
LINE-B,2026-08-13T06:40:00,50.3179,0.3188,50.4835,50.0983,50.2909,0
LINE-B,2026-08-13T08:00:00,50.3852,0.3415,50.4835,50.0983,50.2909,0
LINE-B,2026-08-13T08:40:00,50.3609,0.3292,50.4835,50.0983,50.2909,0
LINE-B,2026-08-13T10:00:00,50.3278,0.3453,50.4835,50.0983,50.2909,0
LINE-B,2026-08-13T11:20:00,50.3483,0.2212,50.4835,50.0983,50.2909,0
LINE-B,2026-08-13T12:00:00,50.3398,0.309,50.4835,50.0983,50.2909,0
LINE-B,2026-08-13T13:20:00,50.279,0.2905,50.4835,50.0983,50.2909,0
LINE-B,2026-08-13T14:40:00,50.367,0.2701,50.4835,50.0983,50.2909,0
LINE-B,2026-08-13T15:20:00,50.3469,0.4536,50.4835,50.0983,50.2909,0
LINE-B,2026-08-13T16:40:00,50.3286,0.3265,50.4835,50.0983,50.2909,0
LINE-B,2026-08-13T18:00:00,50.4013,0.3146,50.4835,50.0983,50.2909,0
LINE-B,2026-08-13T18:40:00,50.3235,0.2872,50.4835,50.0983,50.2909,0
LINE-B,2026-08-13T20:00:00,50.3313,0.2656,50.4835,50.0983,50.2909,0
LINE-B,2026-08-13T21:20:00,50.387,0.255,50.4835,50.0983,50.2909,0
LINE-B,2026-08-13T22:00:00,50.4173,0.4377,50.4835,50.0983,50.2909,0
LINE-B,2026-08-13T23:20:00,50.3198,0.2705,50.4835,50.0983,50.2909,0
LINE-B,2026-08-14T00:40:00,50.3839,0.349,50.4835,50.0983,50.2909,0
LINE-B,2026-08-14T01:20:00,50.3958,0.2909,50.4835,50.0983,50.2909,0
LINE-B,2026-08-14T02:40:00,50.3061,0.4027,50.4835,50.0983,50.2909,0
LINE-B,2026-08-14T04:00:00,50.3911,0.2035,50.4835,50.0983,50.2909,0
LINE-B,2026-08-14T04:40:00,50.3832,0.2424,50.4835,50.0983,50.2909,0
LINE-B,2026-08-14T06:00:00,50.3442,0.3658,50.4835,50.0983,50.2909,0
LINE-B,2026-08-14T07:20:00,50.4047,0.2473,50.4835,50.0983,50.2909,0
LINE-B,2026-08-14T08:00:00,50.3858,0.2369,50.4835,50.0983,50.2909,0
LINE-B,2026-08-14T09:20:00,50.3476,0.1907,50.4835,50.0983,50.2909,0
LINE-B,2026-08-14T10:40:00,50.3874,0.2769,50.4835,50.0983,50.2909,0
LINE-B,2026-08-14T11:20:00,50.3833,0.305,50.4835,50.0983,50.2909,0
LINE-B,2026-08-14T12:40:00,50.4074,0.243,50.4835,50.0983,50.2909,0
LINE-B,2026-08-14T14:00:00,50.4473,0.3013,50.4835,50.0983,50.2909,0
LINE-B,2026-08-14T14:40:00,50.4236,0.2487,50.4835,50.0983,50.2909,0
LINE-B,2026-08-14T16:00:00,50.384,0.317,50.4835,50.0983,50.2909,0
LINE-B,2026-08-14T17:20:00,50.4174,0.2126,50.4835,50.0983,50.2909,0
LINE-B,2026-08-14T18:00:00,50.4351,0.4186,50.4835,50.0983,50.2909,0
LINE-B,2026-08-14T19:20:00,50.3361,0.1725,50.4835,50.0983,50.2909,0
LINE-B,2026-08-14T20:40:00,50.4681,0.3092,50.4835,50.0983,50.2909,0
LINE-B,2026-08-14T21:20:00,50.4209,0.1939,50.4835,50.0983,50.2909,0
LINE-B,2026-08-14T22:40:00,50.3783,0.2907,50.4835,50.0983,50.2909,0
LINE-C,2026-07-01T00:00:00,50.0192,0.0573,50.4808,50.0946,50.2877,1
LINE-C,2026-07-01T00:40:00,49.9726,0.148,50.4808,50.0946,50.2877,1
LINE-C,2026-07-01T02:00:00,50.0021,0.1367,50.4808,50.0946,50.2877,1
LINE-C,2026-07-01T03:20:00,50.0107,0.1069,50.4808,50.0946,50.2877,1
LINE-C,2026-07-01T04:00:00,50.0129,0.1484,50.4808,50.0946,50.2877,1
LINE-C,2026-07-01T05:20:00,50.018,0.0958,50.4808,50.0946,50.2877,1
LINE-C,2026-07-01T06:40:00,50.0098,0.1056,50.4808,50.0946,50.2877,1
LINE-C,2026-07-01T07:20:00,50.0035,0.086,50.4808,50.0946,50.2877,1
LINE-C,2026-07-01T08:40:00,50.0312,0.1121,50.4808,50.0946,50.2877,1
LINE-C,2026-07-01T10:00:00,50.0356,0.0674,50.4808,50.0946,50.2877,1
LINE-C,2026-07-01T10:40:00,50.026,0.0922,50.4808,50.0946,50.2877,1
LINE-C,2026-07-01T12:00:00,50.0009,0.0699,50.4808,50.0946,50.2877,1
LINE-C,2026-07-01T13:20:00,50.0214,0.1209,50.4808,50.0946,50.2877,1
LINE-C,2026-07-01T14:00:00,50.0403,0.0485,50.4808,50.0946,50.2877,1
LINE-C,2026-07-01T15:20:00,50.0288,0.1121,50.4808,50.0946,50.2877,1
LINE-C,2026-07-01T16:40:00,50.018,0.1596,50.4808,50.0946,50.2877,1
LINE-C,2026-07-01T17:20:00,50.0178,0.0801,50.4808,50.0946,50.2877,1
LINE-C,2026-07-01T18:40:00,50.0468,0.153,50.4808,50.0946,50.2877,1
LINE-C,2026-07-01T20:00:00,50.0609,0.1414,50.4808,50.0946,50.2877,1
LINE-C,2026-07-01T20:40:00,50.0539,0.0702,50.4808,50.0946,50.2877,1
LINE-C,2026-07-01T22:00:00,50.036,0.1438,50.4808,50.0946,50.2877,1
LINE-C,2026-07-01T23:20:00,50.0129,0.0964,50.4808,50.0946,50.2877,1
LINE-C,2026-07-02T00:00:00,50.0402,0.1096,50.4808,50.0946,50.2877,1
LINE-C,2026-07-02T01:20:00,50.069,0.0694,50.4808,50.0946,50.2877,1
LINE-C,2026-07-02T02:40:00,50.0449,0.1009,50.4808,50.0946,50.2877,1
LINE-C,2026-07-02T03:20:00,50.1162,0.1215,50.4808,50.0946,50.2877,0
LINE-C,2026-07-02T04:40:00,50.0633,0.1345,50.4808,50.0946,50.2877,1
LINE-C,2026-07-02T06:00:00,50.0478,0.1098,50.4808,50.0946,50.2877,1
LINE-C,2026-07-02T06:40:00,50.0884,0.1558,50.4808,50.0946,50.2877,1
LINE-C,2026-07-02T08:00:00,50.0622,0.0831,50.4808,50.0946,50.2877,1
LINE-C,2026-07-02T09:20:00,50.0254,0.1118,50.4808,50.0946,50.2877,1
LINE-C,2026-07-02T10:00:00,50.0708,0.1197,50.4808,50.0946,50.2877,1
LINE-C,2026-07-02T11:20:00,50.0952,0.1116,50.4808,50.0946,50.2877,0
LINE-C,2026-07-02T12:40:00,50.0297,0.1529,50.4808,50.0946,50.2877,1
LINE-C,2026-07-02T13:20:00,50.1037,0.1551,50.4808,50.0946,50.2877,0
LINE-C,2026-07-02T14:40:00,50.0761,0.0711,50.4808,50.0946,50.2877,1
LINE-C,2026-07-02T16:00:00,50.0866,0.1544,50.4808,50.0946,50.2877,1
LINE-C,2026-07-02T16:40:00,50.0943,0.1397,50.4808,50.0946,50.2877,1
LINE-C,2026-07-02T18:00:00,50.0752,0.1129,50.4808,50.0946,50.2877,1
LINE-C,2026-07-02T19:20:00,50.0867,0.0885,50.4808,50.0946,50.2877,1
LINE-C,2026-07-02T20:00:00,50.1072,0.1756,50.4808,50.0946,50.2877,0
LINE-C,2026-07-02T21:20:00,50.0875,0.2529,50.4808,50.0946,50.2877,1
LINE-C,2026-07-02T22:40:00,50.0394,0.1371,50.4808,50.0946,50.2877,1
LINE-C,2026-07-02T23:20:00,50.0868,0.1792,50.4808,50.0946,50.2877,1
LINE-C,2026-07-03T00:40:00,50.0953,0.1811,50.4808,50.0946,50.2877,0
LINE-C,2026-07-03T02:00:00,50.0925,0.1722,50.4808,50.0946,50.2877,1
LINE-C,2026-07-03T02:40:00,50.0616,0.0594,50.4808,50.0946,50.2877,1
LINE-C,2026-07-03T04:00:00,50.0914,0.1344,50.4808,50.0946,50.2877,1
LINE-C,2026-07-03T05:20:00,50.0927,0.1024,50.4808,50.0946,50.2877,1
LINE-C,2026-07-03T06:00:00,50.0843,0.0478,50.4808,50.0946,50.2877,1
LINE-C,2026-07-03T07:20:00,50.0589,0.1097,50.4808,50.0946,50.2877,1
LINE-C,2026-07-03T08:40:00,50.0638,0.0766,50.4808,50.0946,50.2877,1
LINE-C,2026-07-03T09:20:00,50.0907,0.0748,50.4808,50.0946,50.2877,1
LINE-C,2026-07-03T10:40:00,50.089,0.1963,50.4808,50.0946,50.2877,1
LINE-C,2026-07-03T12:00:00,50.0929,0.2032,50.4808,50.0946,50.2877,1
LINE-C,2026-07-03T12:40:00,50.1057,0.1056,50.4808,50.0946,50.2877,0
LINE-C,2026-07-03T14:00:00,50.1002,0.1724,50.4808,50.0946,50.2877,0
LINE-C,2026-07-03T15:20:00,50.1589,0.2068,50.4808,50.0946,50.2877,0
LINE-C,2026-07-03T16:00:00,50.1288,0.2449,50.4808,50.0946,50.2877,0
LINE-C,2026-07-03T17:20:00,50.1411,0.1045,50.4808,50.0946,50.2877,0
LINE-C,2026-07-03T18:40:00,50.0822,0.242,50.4808,50.0946,50.2877,1
LINE-C,2026-07-03T19:20:00,50.1049,0.1304,50.4808,50.0946,50.2877,0
LINE-C,2026-07-03T20:40:00,50.0996,0.1125,50.4808,50.0946,50.2877,0
LINE-C,2026-07-03T22:00:00,50.1061,0.1177,50.4808,50.0946,50.2877,0
LINE-C,2026-07-03T22:40:00,50.1388,0.0618,50.4808,50.0946,50.2877,0
LINE-C,2026-07-04T00:00:00,50.1502,0.2094,50.4808,50.0946,50.2877,0
LINE-C,2026-07-04T01:20:00,50.1971,0.1384,50.4808,50.0946,50.2877,0
LINE-C,2026-07-04T02:00:00,50.1024,0.0927,50.4808,50.0946,50.2877,0
LINE-C,2026-07-04T03:20:00,50.1107,0.1925,50.4808,50.0946,50.2877,0
LINE-C,2026-07-04T04:40:00,50.1224,0.2258,50.4808,50.0946,50.2877,0
LINE-C,2026-07-04T05:20:00,50.1243,0.1816,50.4808,50.0946,50.2877,0
LINE-C,2026-07-04T06:40:00,50.1365,0.1108,50.4808,50.0946,50.2877,0
LINE-C,2026-07-04T08:00:00,50.1333,0.2187,50.4808,50.0946,50.2877,0
LINE-C,2026-07-04T08:40:00,50.1456,0.0992,50.4808,50.0946,50.2877,0
LINE-C,2026-07-04T10:00:00,50.1541,0.1875,50.4808,50.0946,50.2877,0
LINE-C,2026-07-04T11:20:00,50.1315,0.2054,50.4808,50.0946,50.2877,0
LINE-C,2026-07-04T12:00:00,50.1394,0.1312,50.4808,50.0946,50.2877,0
LINE-C,2026-07-04T13:20:00,50.0962,0.1124,50.4808,50.0946,50.2877,0
LINE-C,2026-07-04T14:40:00,50.1324,0.2042,50.4808,50.0946,50.2877,0
LINE-C,2026-07-04T15:20:00,50.156,0.1501,50.4808,50.0946,50.2877,0
LINE-C,2026-07-04T16:40:00,50.1208,0.1749,50.4808,50.0946,50.2877,0
LINE-C,2026-07-04T18:00:00,50.1197,0.1558,50.4808,50.0946,50.2877,0
LINE-C,2026-07-04T18:40:00,50.1785,0.1228,50.4808,50.0946,50.2877,0
LINE-C,2026-07-04T20:00:00,50.116,0.2291,50.4808,50.0946,50.2877,0
LINE-C,2026-07-04T21:20:00,50.1347,0.1867,50.4808,50.0946,50.2877,0
LINE-C,2026-07-04T22:00:00,50.2242,0.1111,50.4808,50.0946,50.2877,0
LINE-C,2026-07-04T23:20:00,50.1599,0.092,50.4808,50.0946,50.2877,0
LINE-C,2026-07-05T00:40:00,50.153,0.1228,50.4808,50.0946,50.2877,0
LINE-C,2026-07-05T01:20:00,50.1747,0.1928,50.4808,50.0946,50.2877,0
LINE-C,2026-07-05T02:40:00,50.1478,0.1866,50.4808,50.0946,50.2877,0
LINE-C,2026-07-05T04:00:00,50.178,0.2516,50.4808,50.0946,50.2877,0
LINE-C,2026-07-05T04:40:00,50.2038,0.1745,50.4808,50.0946,50.2877,0
LINE-C,2026-07-05T06:00:00,50.1849,0.142,50.4808,50.0946,50.2877,0
LINE-C,2026-07-05T07:20:00,50.1763,0.3348,50.4808,50.0946,50.2877,0
LINE-C,2026-07-05T08:00:00,50.1857,0.2175,50.4808,50.0946,50.2877,0
LINE-C,2026-07-05T09:20:00,50.2021,0.2586,50.4808,50.0946,50.2877,0
LINE-C,2026-07-05T10:40:00,50.1821,0.0798,50.4808,50.0946,50.2877,0
LINE-C,2026-07-05T11:20:00,50.2098,0.1261,50.4808,50.0946,50.2877,0
LINE-C,2026-07-05T12:40:00,50.1723,0.1818,50.4808,50.0946,50.2877,0
LINE-C,2026-07-05T14:00:00,50.1797,0.1459,50.4808,50.0946,50.2877,0
LINE-C,2026-07-05T14:40:00,50.1886,0.1935,50.4808,50.0946,50.2877,0
LINE-C,2026-07-05T16:00:00,50.1862,0.1677,50.4808,50.0946,50.2877,0
LINE-C,2026-07-05T17:20:00,50.1773,0.2257,50.4808,50.0946,50.2877,0
LINE-C,2026-07-05T18:00:00,50.2052,0.1931,50.4808,50.0946,50.2877,0
LINE-C,2026-07-05T19:20:00,50.204,0.2014,50.4808,50.0946,50.2877,0
LINE-C,2026-07-05T20:40:00,50.2085,0.372,50.4808,50.0946,50.2877,0
LINE-C,2026-07-05T21:20:00,50.2924,0.2061,50.4808,50.0946,50.2877,0
LINE-C,2026-07-05T22:40:00,50.2296,0.355,50.4808,50.0946,50.2877,0
LINE-C,2026-07-06T00:00:00,50.1715,0.2033,50.4808,50.0946,50.2877,0
LINE-C,2026-07-06T00:40:00,50.212,0.1327,50.4808,50.0946,50.2877,0
LINE-C,2026-07-06T02:00:00,50.242,0.183,50.4808,50.0946,50.2877,0
LINE-C,2026-07-06T03:20:00,50.2171,0.2222,50.4808,50.0946,50.2877,0
LINE-C,2026-07-06T04:00:00,50.2728,0.137,50.4808,50.0946,50.2877,0
LINE-C,2026-07-06T05:20:00,50.2181,0.2492,50.4808,50.0946,50.2877,0
LINE-C,2026-07-06T06:40:00,50.2366,0.2051,50.4808,50.0946,50.2877,0
LINE-C,2026-07-06T07:20:00,50.2378,0.1406,50.4808,50.0946,50.2877,0
LINE-C,2026-07-06T08:40:00,50.2076,0.3246,50.4808,50.0946,50.2877,0
LINE-C,2026-07-06T10:00:00,50.1907,0.2448,50.4808,50.0946,50.2877,0
LINE-C,2026-07-06T10:40:00,50.2248,0.1935,50.4808,50.0946,50.2877,0
LINE-C,2026-07-06T12:00:00,50.2192,0.2128,50.4808,50.0946,50.2877,0
LINE-C,2026-07-06T13:20:00,50.2108,0.254,50.4808,50.0946,50.2877,0
LINE-C,2026-07-06T14:00:00,50.2403,0.2628,50.4808,50.0946,50.2877,0
LINE-C,2026-07-06T15:20:00,50.2238,0.2394,50.4808,50.0946,50.2877,0
LINE-C,2026-07-06T16:40:00,50.2505,0.2855,50.4808,50.0946,50.2877,0
LINE-C,2026-07-06T17:20:00,50.294,0.17,50.4808,50.0946,50.2877,0
LINE-C,2026-07-06T18:40:00,50.2161,0.2515,50.4808,50.0946,50.2877,0
LINE-C,2026-07-06T20:00:00,50.2621,0.2731,50.4808,50.0946,50.2877,0
LINE-C,2026-07-06T20:40:00,50.2844,0.2795,50.4808,50.0946,50.2877,0
LINE-C,2026-07-06T22:00:00,50.2311,0.2204,50.4808,50.0946,50.2877,0
LINE-C,2026-07-06T23:20:00,50.2409,0.3278,50.4808,50.0946,50.2877,0
LINE-C,2026-07-07T00:00:00,50.2343,0.1352,50.4808,50.0946,50.2877,0
LINE-C,2026-07-07T01:20:00,50.2184,0.2518,50.4808,50.0946,50.2877,0
LINE-C,2026-07-07T02:40:00,50.2121,0.1863,50.4808,50.0946,50.2877,0
LINE-C,2026-07-07T03:20:00,50.2928,0.1954,50.4808,50.0946,50.2877,0
LINE-C,2026-07-07T04:40:00,50.2273,0.2532,50.4808,50.0946,50.2877,0
LINE-C,2026-07-07T06:00:00,50.24,0.237,50.4808,50.0946,50.2877,0
LINE-C,2026-07-07T06:40:00,50.2925,0.1298,50.4808,50.0946,50.2877,0
LINE-C,2026-07-07T08:00:00,50.2689,0.2231,50.4808,50.0946,50.2877,0
LINE-C,2026-07-07T09:20:00,50.2489,0.177,50.4808,50.0946,50.2877,0
LINE-C,2026-07-07T10:00:00,50.2919,0.2008,50.4808,50.0946,50.2877,0
LINE-C,2026-07-07T11:20:00,50.2737,0.2672,50.4808,50.0946,50.2877,0
LINE-C,2026-07-07T12:40:00,50.2533,0.259,50.4808,50.0946,50.2877,0
LINE-C,2026-07-07T13:20:00,50.3607,0.2663,50.4808,50.0946,50.2877,0
LINE-C,2026-07-07T14:40:00,50.2769,0.2273,50.4808,50.0946,50.2877,0
LINE-C,2026-07-07T16:00:00,50.2775,0.1786,50.4808,50.0946,50.2877,0
LINE-C,2026-07-07T16:40:00,50.2955,0.1126,50.4808,50.0946,50.2877,0
LINE-C,2026-07-07T18:00:00,50.2828,0.2671,50.4808,50.0946,50.2877,0
LINE-C,2026-07-07T19:20:00,50.2537,0.2578,50.4808,50.0946,50.2877,0
LINE-C,2026-07-07T20:00:00,50.3287,0.2422,50.4808,50.0946,50.2877,0
LINE-C,2026-07-07T21:20:00,50.2639,0.2879,50.4808,50.0946,50.2877,0
LINE-C,2026-07-07T22:40:00,50.2835,0.2112,50.4808,50.0946,50.2877,0
LINE-C,2026-07-07T23:20:00,50.3112,0.342,50.4808,50.0946,50.2877,0
LINE-C,2026-07-08T00:40:00,50.2873,0.2463,50.4808,50.0946,50.2877,0
LINE-C,2026-07-08T02:00:00,50.2852,0.2519,50.4808,50.0946,50.2877,0
LINE-C,2026-07-08T02:40:00,50.3376,0.3342,50.4808,50.0946,50.2877,0
LINE-C,2026-07-08T04:00:00,50.3045,0.2709,50.4808,50.0946,50.2877,0
LINE-C,2026-07-08T05:20:00,50.2762,0.2244,50.4808,50.0946,50.2877,0
LINE-C,2026-07-08T06:00:00,50.3281,0.1934,50.4808,50.0946,50.2877,0
LINE-C,2026-07-08T07:20:00,50.2897,0.2714,50.4808,50.0946,50.2877,0
LINE-C,2026-07-08T08:40:00,50.3304,0.2707,50.4808,50.0946,50.2877,0
LINE-C,2026-07-08T09:20:00,50.3418,0.1544,50.4808,50.0946,50.2877,0
LINE-C,2026-07-08T10:40:00,50.3106,0.346,50.4808,50.0946,50.2877,0
LINE-C,2026-07-08T12:00:00,50.3161,0.2441,50.4808,50.0946,50.2877,0
LINE-C,2026-07-08T12:40:00,50.3454,0.3751,50.4808,50.0946,50.2877,0
LINE-C,2026-07-08T14:00:00,50.292,0.3393,50.4808,50.0946,50.2877,0
LINE-C,2026-07-08T15:20:00,50.3003,0.2333,50.4808,50.0946,50.2877,0
LINE-C,2026-07-08T16:00:00,50.3742,0.2623,50.4808,50.0946,50.2877,0
LINE-C,2026-07-08T17:20:00,50.3063,0.2721,50.4808,50.0946,50.2877,0
LINE-C,2026-07-08T18:40:00,50.3169,0.2717,50.4808,50.0946,50.2877,0
LINE-C,2026-07-08T19:20:00,50.3877,0.1804,50.4808,50.0946,50.2877,0
LINE-C,2026-07-08T20:40:00,50.3415,0.3086,50.4808,50.0946,50.2877,0
LINE-C,2026-07-08T22:00:00,50.3487,0.3354,50.4808,50.0946,50.2877,0
LINE-C,2026-07-08T22:40:00,50.3623,0.2957,50.4808,50.0946,50.2877,0
LINE-C,2026-07-09T00:00:00,50.338,0.2668,50.4808,50.0946,50.2877,0
LINE-C,2026-07-09T01:20:00,50.3391,0.3136,50.4808,50.0946,50.2877,0
LINE-C,2026-07-09T02:00:00,50.3676,0.1332,50.4808,50.0946,50.2877,0
LINE-C,2026-07-09T03:20:00,50.3559,0.3508,50.4808,50.0946,50.2877,0
LINE-C,2026-07-09T04:40:00,50.3045,0.3545,50.4808,50.0946,50.2877,0
LINE-C,2026-07-09T05:20:00,50.3839,0.2595,50.4808,50.0946,50.2877,0
LINE-C,2026-07-09T06:40:00,50.3436,0.3127,50.4808,50.0946,50.2877,0
LINE-C,2026-07-09T08:00:00,50.3159,0.3454,50.4808,50.0946,50.2877,0
LINE-C,2026-07-09T08:40:00,50.3587,0.3854,50.4808,50.0946,50.2877,0
LINE-C,2026-07-09T10:00:00,50.3969,0.2093,50.4808,50.0946,50.2877,0
LINE-C,2026-07-09T11:20:00,50.3364,0.3837,50.4808,50.0946,50.2877,0
LINE-C,2026-07-09T12:00:00,50.3881,0.2755,50.4808,50.0946,50.2877,0
LINE-C,2026-07-09T13:20:00,50.3482,0.3221,50.4808,50.0946,50.2877,0
LINE-C,2026-07-09T14:40:00,50.3457,0.3,50.4808,50.0946,50.2877,0
LINE-C,2026-07-09T15:20:00,50.3781,0.3844,50.4808,50.0946,50.2877,0
LINE-C,2026-07-09T16:40:00,50.3326,0.2682,50.4808,50.0946,50.2877,0
LINE-C,2026-07-09T18:00:00,50.3884,0.2488,50.4808,50.0946,50.2877,0
LINE-C,2026-07-09T18:40:00,50.4186,0.2931,50.4808,50.0946,50.2877,0
LINE-C,2026-07-09T20:00:00,50.3295,0.2827,50.4808,50.0946,50.2877,0
LINE-C,2026-07-09T21:20:00,50.3149,0.2729,50.4808,50.0946,50.2877,0
LINE-C,2026-07-09T22:00:00,50.4458,0.373,50.4808,50.0946,50.2877,0
LINE-C,2026-07-09T23:20:00,50.3739,0.3463,50.4808,50.0946,50.2877,0
LINE-C,2026-07-10T00:40:00,50.3844,0.2682,50.4808,50.0946,50.2877,0
LINE-C,2026-07-10T01:20:00,50.4119,0.3237,50.4808,50.0946,50.2877,0
LINE-C,2026-07-10T02:40:00,50.3357,0.3965,50.4808,50.0946,50.2877,0
LINE-C,2026-07-10T04:00:00,50.3674,0.2603,50.4808,50.0946,50.2877,0
LINE-C,2026-07-10T04:40:00,50.4139,0.3284,50.4808,50.0946,50.2877,0
LINE-C,2026-07-10T06:00:00,50.3919,0.3155,50.4808,50.0946,50.2877,0
LINE-C,2026-07-10T07:20:00,50.398,0.3634,50.4808,50.0946,50.2877,0
LINE-C,2026-07-10T08:00:00,50.4399,0.2521,50.4808,50.0946,50.2877,0
LINE-C,2026-07-10T09:20:00,50.4039,0.3148,50.4808,50.0946,50.2877,0
LINE-C,2026-07-10T10:40:00,50.3651,0.3091,50.4808,50.0946,50.2877,0
LINE-C,2026-07-10T11:20:00,50.469,0.3281,50.4808,50.0946,50.2877,0
LINE-C,2026-07-10T12:40:00,50.3543,0.3439,50.4808,50.0946,50.2877,0
LINE-C,2026-07-10T14:00:00,50.3809,0.3237,50.4808,50.0946,50.2877,0
LINE-C,2026-07-10T14:40:00,50.4241,0.2804,50.4808,50.0946,50.2877,0
LINE-C,2026-07-10T16:00:00,50.4348,0.2225,50.4808,50.0946,50.2877,0
LINE-C,2026-07-10T17:20:00,50.3946,0.3579,50.4808,50.0946,50.2877,0
LINE-C,2026-07-10T18:00:00,50.4588,0.4101,50.4808,50.0946,50.2877,0
LINE-C,2026-07-10T19:20:00,50.398,0.3779,50.4808,50.0946,50.2877,0
LINE-C,2026-07-10T20:40:00,50.3992,0.3896,50.4808,50.0946,50.2877,0
LINE-C,2026-07-10T21:20:00,50.4572,0.3607,50.4808,50.0946,50.2877,0
LINE-C,2026-07-10T22:40:00,50.441,0.3133,50.4808,50.0946,50.2877,0
LINE-C,2026-07-11T00:00:00,50.3827,0.2981,50.4808,50.0946,50.2877,0
LINE-C,2026-07-11T00:40:00,50.4646,0.3447,50.4808,50.0946,50.2877,0
LINE-C,2026-07-11T02:00:00,50.399,0.3094,50.4808,50.0946,50.2877,0
LINE-C,2026-07-11T03:20:00,50.4152,0.464,50.4808,50.0946,50.2877,0
LINE-C,2026-07-11T04:00:00,50.4617,0.3628,50.4808,50.0946,50.2877,0
LINE-C,2026-07-11T05:20:00,50.422,0.3929,50.4808,50.0946,50.2877,0
LINE-C,2026-07-11T06:40:00,50.4176,0.3676,50.4808,50.0946,50.2877,0
LINE-C,2026-07-11T07:20:00,50.515,0.3152,50.4808,50.0946,50.2877,1
LINE-C,2026-07-11T08:40:00,50.4322,0.4461,50.4808,50.0946,50.2877,0
LINE-C,2026-07-11T10:00:00,50.4357,0.3547,50.4808,50.0946,50.2877,0
LINE-C,2026-07-11T10:40:00,50.5074,0.363,50.4808,50.0946,50.2877,1
LINE-C,2026-07-11T12:00:00,50.4612,0.3863,50.4808,50.0946,50.2877,0
LINE-C,2026-07-11T13:20:00,50.436,0.2366,50.4808,50.0946,50.2877,0
LINE-C,2026-07-11T14:00:00,50.5337,0.3446,50.4808,50.0946,50.2877,1
LINE-C,2026-07-11T15:20:00,50.4519,0.3875,50.4808,50.0946,50.2877,0
LINE-C,2026-07-11T16:40:00,50.4478,0.3204,50.4808,50.0946,50.2877,0
LINE-C,2026-07-11T17:20:00,50.4436,0.3667,50.4808,50.0946,50.2877,0
LINE-C,2026-07-11T18:40:00,50.488,0.4086,50.4808,50.0946,50.2877,1
LINE-C,2026-07-11T20:00:00,50.4375,0.3328,50.4808,50.0946,50.2877,0
LINE-C,2026-07-11T20:40:00,50.5293,0.3816,50.4808,50.0946,50.2877,1
LINE-C,2026-07-11T22:00:00,50.437,0.3881,50.4808,50.0946,50.2877,0
LINE-C,2026-07-11T23:20:00,50.4735,0.3473,50.4808,50.0946,50.2877,0
LINE-C,2026-07-12T00:00:00,50.2639,0.662,50.4808,50.0946,50.2877,0
LINE-C,2026-07-12T01:20:00,50.2053,0.6259,50.4808,50.0946,50.2877,0
LINE-C,2026-07-12T02:40:00,50.3307,0.531,50.4808,50.0946,50.2877,0
LINE-C,2026-07-12T03:20:00,50.2677,0.6101,50.4808,50.0946,50.2877,0
LINE-C,2026-07-12T04:40:00,50.2076,0.701,50.4808,50.0946,50.2877,0
LINE-C,2026-07-12T06:00:00,50.3247,0.5,50.4808,50.0946,50.2877,0
LINE-C,2026-07-12T06:40:00,50.2579,0.534,50.4808,50.0946,50.2877,0
LINE-C,2026-07-12T08:00:00,50.2616,0.5632,50.4808,50.0946,50.2877,0
LINE-C,2026-07-12T09:20:00,50.3639,0.5817,50.4808,50.0946,50.2877,0
LINE-C,2026-07-12T10:00:00,50.2759,0.6404,50.4808,50.0946,50.2877,0
LINE-C,2026-07-12T11:20:00,50.241,0.4613,50.4808,50.0946,50.2877,0
LINE-C,2026-07-12T12:40:00,50.3854,0.5825,50.4808,50.0946,50.2877,0
LINE-C,2026-07-12T13:20:00,50.278,0.5852,50.4808,50.0946,50.2877,0
LINE-C,2026-07-12T14:40:00,50.2806,0.5513,50.4808,50.0946,50.2877,0
LINE-C,2026-07-12T16:00:00,50.3619,0.4865,50.4808,50.0946,50.2877,0
LINE-C,2026-07-12T16:40:00,50.3174,0.6088,50.4808,50.0946,50.2877,0
LINE-C,2026-07-12T18:00:00,50.1947,0.7428,50.4808,50.0946,50.2877,0
LINE-C,2026-07-12T19:20:00,50.3754,0.5918,50.4808,50.0946,50.2877,0
LINE-C,2026-07-12T20:00:00,50.294,0.6239,50.4808,50.0946,50.2877,0
LINE-C,2026-07-12T21:20:00,50.2758,0.5679,50.4808,50.0946,50.2877,0
LINE-C,2026-07-12T22:40:00,50.3412,0.5107,50.4808,50.0946,50.2877,0
LINE-C,2026-07-12T23:20:00,50.3167,0.5824,50.4808,50.0946,50.2877,0
LINE-C,2026-07-13T00:40:00,50.2183,0.6463,50.4808,50.0946,50.2877,0
LINE-C,2026-07-13T02:00:00,50.2374,0.5249,50.4808,50.0946,50.2877,0
LINE-C,2026-07-13T02:40:00,50.122,0.3231,50.4808,50.0946,50.2877,0
LINE-C,2026-07-13T04:00:00,50.1544,0.3861,50.4808,50.0946,50.2877,0
LINE-C,2026-07-13T05:20:00,50.1243,0.3167,50.4808,50.0946,50.2877,0
LINE-C,2026-07-13T06:00:00,50.1343,0.3018,50.4808,50.0946,50.2877,0
LINE-C,2026-07-13T07:20:00,50.141,0.3685,50.4808,50.0946,50.2877,0
LINE-C,2026-07-13T08:40:00,50.1265,0.3258,50.4808,50.0946,50.2877,0
LINE-C,2026-07-13T09:20:00,50.0784,0.3068,50.4808,50.0946,50.2877,1
LINE-C,2026-07-13T10:40:00,50.1347,0.3643,50.4808,50.0946,50.2877,0
LINE-C,2026-07-13T12:00:00,50.1775,0.2978,50.4808,50.0946,50.2877,0
LINE-C,2026-07-13T12:40:00,50.0934,0.3195,50.4808,50.0946,50.2877,1
LINE-C,2026-07-13T14:00:00,50.1861,0.4069,50.4808,50.0946,50.2877,0
LINE-C,2026-07-13T15:20:00,50.1068,0.38,50.4808,50.0946,50.2877,0
LINE-C,2026-07-13T16:00:00,50.0817,0.2884,50.4808,50.0946,50.2877,1
LINE-C,2026-07-13T17:20:00,50.1273,0.3706,50.4808,50.0946,50.2877,0
LINE-C,2026-07-13T18:40:00,50.1596,0.3323,50.4808,50.0946,50.2877,0
LINE-C,2026-07-13T19:20:00,50.1444,0.3201,50.4808,50.0946,50.2877,0
LINE-C,2026-07-13T20:40:00,50.1231,0.4019,50.4808,50.0946,50.2877,0
LINE-C,2026-07-13T22:00:00,50.1908,0.3381,50.4808,50.0946,50.2877,0
LINE-C,2026-07-13T22:40:00,50.0897,0.3567,50.4808,50.0946,50.2877,1
LINE-C,2026-07-14T00:00:00,50.1999,0.25,50.4808,50.0946,50.2877,0
LINE-C,2026-07-14T01:20:00,50.1917,0.3277,50.4808,50.0946,50.2877,0
LINE-C,2026-07-14T02:00:00,50.1105,0.428,50.4808,50.0946,50.2877,0
LINE-C,2026-07-14T03:20:00,50.1242,0.2676,50.4808,50.0946,50.2877,0
LINE-C,2026-07-14T04:40:00,50.1837,0.3281,50.4808,50.0946,50.2877,0
LINE-C,2026-07-14T05:20:00,50.0855,0.3871,50.4808,50.0946,50.2877,1
LINE-C,2026-07-14T06:40:00,50.181,0.2859,50.4808,50.0946,50.2877,0
LINE-C,2026-07-14T08:00:00,50.1866,0.3144,50.4808,50.0946,50.2877,0
LINE-C,2026-07-14T08:40:00,50.1194,0.2411,50.4808,50.0946,50.2877,0
LINE-C,2026-07-14T10:00:00,50.1981,0.3406,50.4808,50.0946,50.2877,0
LINE-C,2026-07-14T11:20:00,50.1819,0.3835,50.4808,50.0946,50.2877,0
LINE-C,2026-07-14T12:00:00,50.1386,0.3506,50.4808,50.0946,50.2877,0
LINE-C,2026-07-14T13:20:00,50.2288,0.3804,50.4808,50.0946,50.2877,0
LINE-C,2026-07-14T14:40:00,50.1669,0.3339,50.4808,50.0946,50.2877,0
LINE-C,2026-07-14T15:20:00,50.1527,0.373,50.4808,50.0946,50.2877,0
LINE-C,2026-07-14T16:40:00,50.1296,0.3551,50.4808,50.0946,50.2877,0
LINE-C,2026-07-14T18:00:00,50.1885,0.3655,50.4808,50.0946,50.2877,0
LINE-C,2026-07-14T18:40:00,50.1288,0.3029,50.4808,50.0946,50.2877,0
LINE-C,2026-07-14T20:00:00,50.2102,0.3168,50.4808,50.0946,50.2877,0
LINE-C,2026-07-14T21:20:00,50.1988,0.3946,50.4808,50.0946,50.2877,0
LINE-C,2026-07-14T22:00:00,50.1251,0.3458,50.4808,50.0946,50.2877,0
LINE-C,2026-07-14T23:20:00,50.1952,0.2651,50.4808,50.0946,50.2877,0
LINE-C,2026-07-15T00:40:00,50.2238,0.3717,50.4808,50.0946,50.2877,0
LINE-C,2026-07-15T01:20:00,50.2066,0.337,50.4808,50.0946,50.2877,0
LINE-C,2026-07-15T02:40:00,50.2113,0.3457,50.4808,50.0946,50.2877,0
LINE-C,2026-07-15T04:00:00,50.2184,0.3211,50.4808,50.0946,50.2877,0
LINE-C,2026-07-15T04:40:00,50.1305,0.291,50.4808,50.0946,50.2877,0
LINE-C,2026-07-15T06:00:00,50.1862,0.2879,50.4808,50.0946,50.2877,0
LINE-C,2026-07-15T07:20:00,50.179,0.3355,50.4808,50.0946,50.2877,0
LINE-C,2026-07-15T08:00:00,50.1579,0.3911,50.4808,50.0946,50.2877,0
LINE-C,2026-07-15T09:20:00,50.1787,0.2962,50.4808,50.0946,50.2877,0
LINE-C,2026-07-15T10:40:00,50.1673,0.2558,50.4808,50.0946,50.2877,0
LINE-C,2026-07-15T11:20:00,50.152,0.2659,50.4808,50.0946,50.2877,0
LINE-C,2026-07-15T12:40:00,50.2062,0.3203,50.4808,50.0946,50.2877,0
LINE-C,2026-07-15T14:00:00,50.2372,0.2803,50.4808,50.0946,50.2877,0
LINE-C,2026-07-15T14:40:00,50.1329,0.298,50.4808,50.0946,50.2877,0
LINE-C,2026-07-15T16:00:00,50.1961,0.4273,50.4808,50.0946,50.2877,0
LINE-C,2026-07-15T17:20:00,50.1945,0.3845,50.4808,50.0946,50.2877,0
LINE-C,2026-07-15T18:00:00,50.1813,0.2578,50.4808,50.0946,50.2877,0
LINE-C,2026-07-15T19:20:00,50.1949,0.3612,50.4808,50.0946,50.2877,0
LINE-C,2026-07-15T20:40:00,50.2041,0.363,50.4808,50.0946,50.2877,0
LINE-C,2026-07-15T21:20:00,50.1873,0.2876,50.4808,50.0946,50.2877,0
LINE-C,2026-07-15T22:40:00,50.2433,0.3329,50.4808,50.0946,50.2877,0
LINE-C,2026-07-16T00:00:00,50.1951,0.2884,50.4808,50.0946,50.2877,0
LINE-C,2026-07-16T00:40:00,50.1844,0.3587,50.4808,50.0946,50.2877,0
LINE-C,2026-07-16T02:00:00,50.1973,0.2998,50.4808,50.0946,50.2877,0
LINE-C,2026-07-16T03:20:00,50.1996,0.296,50.4808,50.0946,50.2877,0
LINE-C,2026-07-16T04:00:00,50.2104,0.3149,50.4808,50.0946,50.2877,0
LINE-C,2026-07-16T05:20:00,50.2351,0.321,50.4808,50.0946,50.2877,0
LINE-C,2026-07-16T06:40:00,50.2211,0.3685,50.4808,50.0946,50.2877,0
LINE-C,2026-07-16T07:20:00,50.1548,0.2066,50.4808,50.0946,50.2877,0
LINE-C,2026-07-16T08:40:00,50.1958,0.375,50.4808,50.0946,50.2877,0
LINE-C,2026-07-16T10:00:00,50.2258,0.2828,50.4808,50.0946,50.2877,0
LINE-C,2026-07-16T10:40:00,50.1734,0.438,50.4808,50.0946,50.2877,0
LINE-C,2026-07-16T12:00:00,50.2733,0.3687,50.4808,50.0946,50.2877,0
LINE-C,2026-07-16T13:20:00,50.2472,0.3428,50.4808,50.0946,50.2877,0
LINE-C,2026-07-16T14:00:00,50.2012,0.2953,50.4808,50.0946,50.2877,0
LINE-C,2026-07-16T15:20:00,50.211,0.3908,50.4808,50.0946,50.2877,0
LINE-C,2026-07-16T16:40:00,50.2681,0.3963,50.4808,50.0946,50.2877,0
LINE-C,2026-07-16T17:20:00,50.174,0.2328,50.4808,50.0946,50.2877,0
LINE-C,2026-07-16T18:40:00,50.2334,0.4144,50.4808,50.0946,50.2877,0
LINE-C,2026-07-16T20:00:00,50.248,0.2523,50.4808,50.0946,50.2877,0
LINE-C,2026-07-16T20:40:00,50.2153,0.3298,50.4808,50.0946,50.2877,0
LINE-C,2026-07-16T22:00:00,50.2487,0.4333,50.4808,50.0946,50.2877,0
LINE-C,2026-07-16T23:20:00,50.2385,0.3259,50.4808,50.0946,50.2877,0
LINE-C,2026-07-17T00:00:00,50.178,0.3674,50.4808,50.0946,50.2877,0
LINE-C,2026-07-17T01:20:00,50.2385,0.3382,50.4808,50.0946,50.2877,0
LINE-C,2026-07-17T02:40:00,50.2306,0.2942,50.4808,50.0946,50.2877,0
LINE-C,2026-07-17T03:20:00,50.2119,0.342,50.4808,50.0946,50.2877,0
LINE-C,2026-07-17T04:40:00,50.2162,0.3434,50.4808,50.0946,50.2877,0
LINE-C,2026-07-17T06:00:00,50.2484,0.3202,50.4808,50.0946,50.2877,0
LINE-C,2026-07-17T06:40:00,50.1714,0.3206,50.4808,50.0946,50.2877,0
LINE-C,2026-07-17T08:00:00,50.2613,0.2971,50.4808,50.0946,50.2877,0
LINE-C,2026-07-17T09:20:00,50.234,0.2445,50.4808,50.0946,50.2877,0
LINE-C,2026-07-17T10:00:00,50.1951,0.3912,50.4808,50.0946,50.2877,0
LINE-C,2026-07-17T11:20:00,50.243,0.2665,50.4808,50.0946,50.2877,0
LINE-C,2026-07-17T12:40:00,50.2107,0.3326,50.4808,50.0946,50.2877,0
LINE-C,2026-07-17T13:20:00,50.2491,0.393,50.4808,50.0946,50.2877,0
LINE-C,2026-07-17T14:40:00,50.2626,0.2957,50.4808,50.0946,50.2877,0
LINE-C,2026-07-17T16:00:00,50.275,0.4204,50.4808,50.0946,50.2877,0
LINE-C,2026-07-17T16:40:00,50.207,0.3053,50.4808,50.0946,50.2877,0
LINE-C,2026-07-17T18:00:00,50.2734,0.3348,50.4808,50.0946,50.2877,0
LINE-C,2026-07-17T19:20:00,50.2606,0.3741,50.4808,50.0946,50.2877,0
LINE-C,2026-07-17T20:00:00,50.2232,0.3418,50.4808,50.0946,50.2877,0
LINE-C,2026-07-17T21:20:00,50.2683,0.3355,50.4808,50.0946,50.2877,0
LINE-C,2026-07-17T22:40:00,50.2647,0.3622,50.4808,50.0946,50.2877,0
LINE-C,2026-07-17T23:20:00,50.2081,0.2867,50.4808,50.0946,50.2877,0
LINE-C,2026-07-18T00:40:00,50.2016,0.3562,50.4808,50.0946,50.2877,0
LINE-C,2026-07-18T02:00:00,50.3022,0.2952,50.4808,50.0946,50.2877,0
LINE-C,2026-07-18T02:40:00,50.2317,0.3084,50.4808,50.0946,50.2877,0
LINE-C,2026-07-18T04:00:00,50.2619,0.3781,50.4808,50.0946,50.2877,0
LINE-C,2026-07-18T05:20:00,50.2673,0.3315,50.4808,50.0946,50.2877,0
LINE-C,2026-07-18T06:00:00,50.2698,0.2872,50.4808,50.0946,50.2877,0
LINE-C,2026-07-18T07:20:00,50.2962,0.2424,50.4808,50.0946,50.2877,0
LINE-C,2026-07-18T08:40:00,50.3145,0.3071,50.4808,50.0946,50.2877,0
LINE-C,2026-07-18T09:20:00,50.2219,0.387,50.4808,50.0946,50.2877,0
LINE-C,2026-07-18T10:40:00,50.2945,0.3066,50.4808,50.0946,50.2877,0
LINE-C,2026-07-18T12:00:00,50.3037,0.3579,50.4808,50.0946,50.2877,0
LINE-C,2026-07-18T12:40:00,50.2283,0.2259,50.4808,50.0946,50.2877,0
LINE-C,2026-07-18T14:00:00,50.3046,0.3546,50.4808,50.0946,50.2877,0
LINE-C,2026-07-18T15:20:00,50.2724,0.4173,50.4808,50.0946,50.2877,0
LINE-C,2026-07-18T16:00:00,50.2812,0.3841,50.4808,50.0946,50.2877,0
LINE-C,2026-07-18T17:20:00,50.3215,0.3291,50.4808,50.0946,50.2877,0
LINE-C,2026-07-18T18:40:00,50.284,0.3245,50.4808,50.0946,50.2877,0
LINE-C,2026-07-18T19:20:00,50.2878,0.3762,50.4808,50.0946,50.2877,0
LINE-C,2026-07-18T20:40:00,50.2825,0.2892,50.4808,50.0946,50.2877,0
LINE-C,2026-07-18T22:00:00,50.2817,0.3634,50.4808,50.0946,50.2877,0
LINE-C,2026-07-18T22:40:00,50.2769,0.3247,50.4808,50.0946,50.2877,0
LINE-C,2026-07-19T00:00:00,50.2791,0.3249,50.4808,50.0946,50.2877,0
LINE-C,2026-07-19T01:20:00,50.3259,0.3597,50.4808,50.0946,50.2877,0
LINE-C,2026-07-19T02:00:00,50.2428,0.3456,50.4808,50.0946,50.2877,0
LINE-C,2026-07-19T03:20:00,50.2919,0.3928,50.4808,50.0946,50.2877,0
LINE-C,2026-07-19T04:40:00,50.2879,0.3183,50.4808,50.0946,50.2877,0
LINE-C,2026-07-19T05:20:00,50.2092,0.3323,50.4808,50.0946,50.2877,0
LINE-C,2026-07-19T06:40:00,50.3392,0.2825,50.4808,50.0946,50.2877,0
LINE-C,2026-07-19T08:00:00,50.3319,0.2266,50.4808,50.0946,50.2877,0
LINE-C,2026-07-19T08:40:00,50.2389,0.3559,50.4808,50.0946,50.2877,0
LINE-C,2026-07-19T10:00:00,50.3121,0.4076,50.4808,50.0946,50.2877,0
LINE-C,2026-07-19T11:20:00,50.31,0.2819,50.4808,50.0946,50.2877,0
LINE-C,2026-07-19T12:00:00,50.2559,0.2927,50.4808,50.0946,50.2877,0
LINE-C,2026-07-19T13:20:00,50.3296,0.2644,50.4808,50.0946,50.2877,0
LINE-C,2026-07-19T14:40:00,50.3072,0.2658,50.4808,50.0946,50.2877,0
LINE-C,2026-07-19T15:20:00,50.2579,0.3041,50.4808,50.0946,50.2877,0
LINE-C,2026-07-19T16:40:00,50.304,0.3286,50.4808,50.0946,50.2877,0
LINE-C,2026-07-19T18:00:00,50.3259,0.2535,50.4808,50.0946,50.2877,0
LINE-C,2026-07-19T18:40:00,50.2867,0.2702,50.4808,50.0946,50.2877,0
LINE-C,2026-07-19T20:00:00,50.2825,0.3615,50.4808,50.0946,50.2877,0
LINE-C,2026-07-19T21:20:00,50.2958,0.3073,50.4808,50.0946,50.2877,0
LINE-C,2026-07-19T22:00:00,50.2597,0.2491,50.4808,50.0946,50.2877,0
LINE-C,2026-07-19T23:20:00,50.2935,0.4089,50.4808,50.0946,50.2877,0
LINE-C,2026-07-20T00:40:00,50.3409,0.3218,50.4808,50.0946,50.2877,0
LINE-C,2026-07-20T01:20:00,50.258,0.2207,50.4808,50.0946,50.2877,0
LINE-C,2026-07-20T02:40:00,50.3176,0.3484,50.4808,50.0946,50.2877,0
LINE-C,2026-07-20T04:00:00,50.3564,0.3148,50.4808,50.0946,50.2877,0
LINE-C,2026-07-20T04:40:00,50.2616,0.3115,50.4808,50.0946,50.2877,0
LINE-C,2026-07-20T06:00:00,50.3227,0.3124,50.4808,50.0946,50.2877,0
LINE-C,2026-07-20T07:20:00,50.36,0.3255,50.4808,50.0946,50.2877,0
LINE-C,2026-07-20T08:00:00,50.2941,0.3907,50.4808,50.0946,50.2877,0
LINE-C,2026-07-20T09:20:00,50.3416,0.3578,50.4808,50.0946,50.2877,0
LINE-C,2026-07-20T10:40:00,50.2925,0.3856,50.4808,50.0946,50.2877,0
LINE-C,2026-07-20T11:20:00,50.2697,0.3513,50.4808,50.0946,50.2877,0
LINE-C,2026-07-20T12:40:00,50.3319,0.3571,50.4808,50.0946,50.2877,0
LINE-C,2026-07-20T14:00:00,50.3616,0.3309,50.4808,50.0946,50.2877,0
LINE-C,2026-07-20T14:40:00,50.2515,0.372,50.4808,50.0946,50.2877,0
LINE-C,2026-07-20T16:00:00,50.3343,0.3413,50.4808,50.0946,50.2877,0
LINE-C,2026-07-20T17:20:00,50.364,0.279,50.4808,50.0946,50.2877,0
LINE-C,2026-07-20T18:00:00,50.2744,0.3306,50.4808,50.0946,50.2877,0
LINE-C,2026-07-20T19:20:00,50.3301,0.3848,50.4808,50.0946,50.2877,0
LINE-C,2026-07-20T20:40:00,50.3579,0.3116,50.4808,50.0946,50.2877,0
LINE-C,2026-07-20T21:20:00,50.3529,0.3393,50.4808,50.0946,50.2877,0
LINE-C,2026-07-20T22:40:00,50.3435,0.4266,50.4808,50.0946,50.2877,0
LINE-C,2026-07-21T00:00:00,50.2801,0.3063,50.4808,50.0946,50.2877,0
LINE-C,2026-07-21T00:40:00,50.2748,0.4049,50.4808,50.0946,50.2877,0
LINE-C,2026-07-21T02:00:00,50.3506,0.2819,50.4808,50.0946,50.2877,0
LINE-C,2026-07-21T03:20:00,50.3611,0.3114,50.4808,50.0946,50.2877,0
LINE-C,2026-07-21T04:00:00,50.3346,0.4168,50.4808,50.0946,50.2877,0
LINE-C,2026-07-21T05:20:00,50.3573,0.368,50.4808,50.0946,50.2877,0
LINE-C,2026-07-21T06:40:00,50.3651,0.2417,50.4808,50.0946,50.2877,0
LINE-C,2026-07-21T07:20:00,50.3318,0.3195,50.4808,50.0946,50.2877,0
LINE-C,2026-07-21T08:40:00,50.34,0.3043,50.4808,50.0946,50.2877,0
LINE-C,2026-07-21T10:00:00,50.362,0.3239,50.4808,50.0946,50.2877,0
LINE-C,2026-07-21T10:40:00,50.3254,0.3302,50.4808,50.0946,50.2877,0
LINE-C,2026-07-21T12:00:00,50.3488,0.2596,50.4808,50.0946,50.2877,0
LINE-C,2026-07-21T13:20:00,50.4101,0.2673,50.4808,50.0946,50.2877,0
LINE-C,2026-07-21T14:00:00,50.333,0.324,50.4808,50.0946,50.2877,0
LINE-C,2026-07-21T15:20:00,50.3865,0.3293,50.4808,50.0946,50.2877,0
LINE-C,2026-07-21T16:40:00,50.3834,0.2666,50.4808,50.0946,50.2877,0
LINE-C,2026-07-21T17:20:00,50.3374,0.2271,50.4808,50.0946,50.2877,0
LINE-C,2026-07-21T18:40:00,50.3636,0.2914,50.4808,50.0946,50.2877,0
LINE-C,2026-07-21T20:00:00,50.4372,0.3167,50.4808,50.0946,50.2877,0
LINE-C,2026-07-21T20:40:00,50.3527,0.3854,50.4808,50.0946,50.2877,0
LINE-C,2026-07-21T22:00:00,50.3692,0.3547,50.4808,50.0946,50.2877,0
LINE-C,2026-07-21T23:20:00,50.3407,0.3263,50.4808,50.0946,50.2877,0
LINE-C,2026-07-22T00:00:00,50.3128,0.3339,50.4808,50.0946,50.2877,0
LINE-C,2026-07-22T01:20:00,50.3937,0.3461,50.4808,50.0946,50.2877,0
LINE-C,2026-07-22T02:40:00,50.3899,0.2819,50.4808,50.0946,50.2877,0
LINE-C,2026-07-22T03:20:00,50.3308,0.2852,50.4808,50.0946,50.2877,0
LINE-C,2026-07-22T04:40:00,50.3717,0.327,50.4808,50.0946,50.2877,0
LINE-C,2026-07-22T06:00:00,50.3738,0.276,50.4808,50.0946,50.2877,0
LINE-C,2026-07-22T06:40:00,50.3224,0.3059,50.4808,50.0946,50.2877,0
LINE-C,2026-07-22T08:00:00,50.3808,0.3649,50.4808,50.0946,50.2877,0
LINE-C,2026-07-22T09:20:00,50.4167,0.2442,50.4808,50.0946,50.2877,0
LINE-C,2026-07-22T10:00:00,50.3509,0.4509,50.4808,50.0946,50.2877,0
LINE-C,2026-07-22T11:20:00,50.3565,0.3809,50.4808,50.0946,50.2877,0
LINE-C,2026-07-22T12:40:00,50.4216,0.3112,50.4808,50.0946,50.2877,0
LINE-C,2026-07-22T13:20:00,50.3028,0.3207,50.4808,50.0946,50.2877,0
LINE-C,2026-07-22T14:40:00,50.3912,0.354,50.4808,50.0946,50.2877,0
LINE-C,2026-07-22T16:00:00,50.443,0.3199,50.4808,50.0946,50.2877,0
LINE-C,2026-07-22T16:40:00,50.3479,0.3522,50.4808,50.0946,50.2877,0
LINE-C,2026-07-22T18:00:00,50.3624,0.3696,50.4808,50.0946,50.2877,0
LINE-C,2026-07-22T19:20:00,50.3768,0.4149,50.4808,50.0946,50.2877,0
LINE-C,2026-07-22T20:00:00,50.3458,0.3836,50.4808,50.0946,50.2877,0
LINE-C,2026-07-22T21:20:00,50.3776,0.3805,50.4808,50.0946,50.2877,0
LINE-C,2026-07-22T22:40:00,50.4214,0.2974,50.4808,50.0946,50.2877,0
LINE-C,2026-07-22T23:20:00,50.367,0.3246,50.4808,50.0946,50.2877,0
LINE-C,2026-07-23T00:40:00,50.3914,0.4445,50.4808,50.0946,50.2877,0
LINE-C,2026-07-23T02:00:00,50.3963,0.3061,50.4808,50.0946,50.2877,0
LINE-C,2026-07-23T02:40:00,50.3431,0.2307,50.4808,50.0946,50.2877,0
LINE-C,2026-07-23T04:00:00,50.3933,0.3326,50.4808,50.0946,50.2877,0
LINE-C,2026-07-23T05:20:00,50.4286,0.3095,50.4808,50.0946,50.2877,0
LINE-C,2026-07-23T06:00:00,50.3794,0.4156,50.4808,50.0946,50.2877,0
LINE-C,2026-07-23T07:20:00,50.4285,0.3163,50.4808,50.0946,50.2877,0
LINE-C,2026-07-23T08:40:00,50.446,0.3671,50.4808,50.0946,50.2877,0
LINE-C,2026-07-23T09:20:00,50.3867,0.3171,50.4808,50.0946,50.2877,0
LINE-C,2026-07-23T10:40:00,50.3905,0.463,50.4808,50.0946,50.2877,0
LINE-C,2026-07-23T12:00:00,50.4038,0.2809,50.4808,50.0946,50.2877,0
LINE-C,2026-07-23T12:40:00,50.3611,0.2549,50.4808,50.0946,50.2877,0
LINE-C,2026-07-23T14:00:00,50.3878,0.3566,50.4808,50.0946,50.2877,0
LINE-C,2026-07-23T15:20:00,50.4793,0.3693,50.4808,50.0946,50.2877,0
LINE-C,2026-07-23T16:00:00,50.345,0.2609,50.4808,50.0946,50.2877,0
LINE-C,2026-07-23T17:20:00,50.4303,0.4324,50.4808,50.0946,50.2877,0
LINE-C,2026-07-23T18:40:00,50.439,0.3031,50.4808,50.0946,50.2877,0
LINE-C,2026-07-23T19:20:00,50.3754,0.3233,50.4808,50.0946,50.2877,0
LINE-C,2026-07-23T20:40:00,50.4345,0.279,50.4808,50.0946,50.2877,0
LINE-C,2026-07-23T22:00:00,50.4299,0.3915,50.4808,50.0946,50.2877,0
LINE-C,2026-07-23T22:40:00,50.4161,0.2309,50.4808,50.0946,50.2877,0
LINE-C,2026-07-24T00:00:00,50.4286,0.3049,50.4808,50.0946,50.2877,0
LINE-C,2026-07-24T01:20:00,50.4583,0.3916,50.4808,50.0946,50.2877,0
LINE-C,2026-07-24T02:00:00,50.3544,0.3969,50.4808,50.0946,50.2877,0
LINE-C,2026-07-24T03:20:00,50.4403,0.519,50.4808,50.0946,50.2877,0
LINE-C,2026-07-24T04:40:00,50.4618,0.2465,50.4808,50.0946,50.2877,0
LINE-C,2026-07-24T05:20:00,50.3625,0.3132,50.4808,50.0946,50.2877,0
LINE-C,2026-07-24T06:40:00,50.4627,0.3325,50.4808,50.0946,50.2877,0
LINE-C,2026-07-24T08:00:00,50.4126,0.3749,50.4808,50.0946,50.2877,0
LINE-C,2026-07-24T08:40:00,50.3903,0.3559,50.4808,50.0946,50.2877,0
LINE-C,2026-07-24T10:00:00,50.4406,0.3025,50.4808,50.0946,50.2877,0
LINE-C,2026-07-24T11:20:00,50.3122,0.4511,50.4808,50.0946,50.2877,0
LINE-C,2026-07-24T12:00:00,50.3223,0.4172,50.4808,50.0946,50.2877,0
LINE-C,2026-07-24T13:20:00,50.1607,0.4921,50.4808,50.0946,50.2877,0
LINE-C,2026-07-24T14:40:00,50.2469,0.4227,50.4808,50.0946,50.2877,0
LINE-C,2026-07-24T15:20:00,50.3274,0.3609,50.4808,50.0946,50.2877,0
LINE-C,2026-07-24T16:40:00,50.2398,0.4397,50.4808,50.0946,50.2877,0
LINE-C,2026-07-24T18:00:00,50.2485,0.407,50.4808,50.0946,50.2877,0
LINE-C,2026-07-24T18:40:00,50.2839,0.3948,50.4808,50.0946,50.2877,0
LINE-C,2026-07-24T20:00:00,50.1997,0.3793,50.4808,50.0946,50.2877,0
LINE-C,2026-07-24T21:20:00,50.2372,0.3485,50.4808,50.0946,50.2877,0
LINE-C,2026-07-24T22:00:00,50.2708,0.416,50.4808,50.0946,50.2877,0
LINE-C,2026-07-24T23:20:00,50.2128,0.3381,50.4808,50.0946,50.2877,0
LINE-C,2026-07-25T00:40:00,50.2677,0.4105,50.4808,50.0946,50.2877,0
LINE-C,2026-07-25T01:20:00,50.2976,0.4567,50.4808,50.0946,50.2877,0
LINE-C,2026-07-25T02:40:00,50.217,0.2599,50.4808,50.0946,50.2877,0
LINE-C,2026-07-25T04:00:00,50.3086,0.4982,50.4808,50.0946,50.2877,0
LINE-C,2026-07-25T04:40:00,50.2943,0.5028,50.4808,50.0946,50.2877,0
LINE-C,2026-07-25T06:00:00,50.2596,0.3606,50.4808,50.0946,50.2877,0
LINE-C,2026-07-25T07:20:00,50.2864,0.4458,50.4808,50.0946,50.2877,0
LINE-C,2026-07-25T08:00:00,50.3253,0.3795,50.4808,50.0946,50.2877,0
LINE-C,2026-07-25T09:20:00,50.261,0.3786,50.4808,50.0946,50.2877,0
LINE-C,2026-07-25T10:40:00,50.267,0.3066,50.4808,50.0946,50.2877,0
LINE-C,2026-07-25T11:20:00,50.3208,0.3814,50.4808,50.0946,50.2877,0
LINE-C,2026-07-25T12:40:00,50.2158,0.3437,50.4808,50.0946,50.2877,0
LINE-C,2026-07-25T14:00:00,50.3047,0.4832,50.4808,50.0946,50.2877,0
LINE-C,2026-07-25T14:40:00,50.3111,0.4542,50.4808,50.0946,50.2877,0
LINE-C,2026-07-25T16:00:00,50.2684,0.3231,50.4808,50.0946,50.2877,0
LINE-C,2026-07-25T17:20:00,50.2798,0.3676,50.4808,50.0946,50.2877,0
LINE-C,2026-07-25T18:00:00,50.3506,0.3317,50.4808,50.0946,50.2877,0
LINE-C,2026-07-25T19:20:00,50.285,0.3732,50.4808,50.0946,50.2877,0
LINE-C,2026-07-25T20:40:00,50.2807,0.4221,50.4808,50.0946,50.2877,0
LINE-C,2026-07-25T21:20:00,50.3406,0.3077,50.4808,50.0946,50.2877,0
LINE-C,2026-07-25T22:40:00,50.2608,0.3987,50.4808,50.0946,50.2877,0
LINE-C,2026-07-26T00:00:00,50.3195,0.3786,50.4808,50.0946,50.2877,0
LINE-C,2026-07-26T00:40:00,50.3471,0.4199,50.4808,50.0946,50.2877,0
LINE-C,2026-07-26T02:00:00,50.297,0.3664,50.4808,50.0946,50.2877,0
LINE-C,2026-07-26T03:20:00,50.3102,0.3949,50.4808,50.0946,50.2877,0
LINE-C,2026-07-26T04:00:00,50.3329,0.3162,50.4808,50.0946,50.2877,0
LINE-C,2026-07-26T05:20:00,50.2792,0.3588,50.4808,50.0946,50.2877,0
LINE-C,2026-07-26T06:40:00,50.3221,0.2711,50.4808,50.0946,50.2877,0
LINE-C,2026-07-26T07:20:00,50.3876,0.3972,50.4808,50.0946,50.2877,0
LINE-C,2026-07-26T08:40:00,50.3176,0.4534,50.4808,50.0946,50.2877,0
LINE-C,2026-07-26T10:00:00,50.2916,0.3213,50.4808,50.0946,50.2877,0
LINE-C,2026-07-26T10:40:00,50.4085,0.2812,50.4808,50.0946,50.2877,0
LINE-C,2026-07-26T12:00:00,50.3091,0.3337,50.4808,50.0946,50.2877,0
LINE-C,2026-07-26T13:20:00,50.3348,0.3067,50.4808,50.0946,50.2877,0
LINE-C,2026-07-26T14:00:00,50.3904,0.4505,50.4808,50.0946,50.2877,0
LINE-C,2026-07-26T15:20:00,50.2846,0.2442,50.4808,50.0946,50.2877,0
LINE-C,2026-07-26T16:40:00,50.3527,0.365,50.4808,50.0946,50.2877,0
LINE-C,2026-07-26T17:20:00,50.3469,0.4468,50.4808,50.0946,50.2877,0
LINE-C,2026-07-26T18:40:00,50.3133,0.2857,50.4808,50.0946,50.2877,0
LINE-C,2026-07-26T20:00:00,50.365,0.4401,50.4808,50.0946,50.2877,0
LINE-C,2026-07-26T20:40:00,50.3958,0.2772,50.4808,50.0946,50.2877,0
LINE-C,2026-07-26T22:00:00,50.311,0.2858,50.4808,50.0946,50.2877,0
LINE-C,2026-07-26T23:20:00,50.4026,0.3542,50.4808,50.0946,50.2877,0
LINE-C,2026-07-27T00:00:00,50.3721,0.2749,50.4808,50.0946,50.2877,0
LINE-C,2026-07-27T01:20:00,50.3131,0.2915,50.4808,50.0946,50.2877,0
LINE-C,2026-07-27T02:40:00,50.3711,0.242,50.4808,50.0946,50.2877,0
LINE-C,2026-07-27T03:20:00,50.3697,0.3213,50.4808,50.0946,50.2877,0
LINE-C,2026-07-27T04:40:00,50.3092,0.2998,50.4808,50.0946,50.2877,0
LINE-C,2026-07-27T06:00:00,50.3251,0.3105,50.4808,50.0946,50.2877,0
LINE-C,2026-07-27T06:40:00,50.3682,0.2068,50.4808,50.0946,50.2877,0
LINE-C,2026-07-27T08:00:00,50.3581,0.3143,50.4808,50.0946,50.2877,0
LINE-C,2026-07-27T09:20:00,50.3548,0.291,50.4808,50.0946,50.2877,0
LINE-C,2026-07-27T10:00:00,50.3911,0.308,50.4808,50.0946,50.2877,0
LINE-C,2026-07-27T11:20:00,50.3417,0.1949,50.4808,50.0946,50.2877,0
LINE-C,2026-07-27T12:40:00,50.3784,0.3661,50.4808,50.0946,50.2877,0
LINE-C,2026-07-27T13:20:00,50.3979,0.2904,50.4808,50.0946,50.2877,0
LINE-C,2026-07-27T14:40:00,50.3805,0.2614,50.4808,50.0946,50.2877,0
LINE-C,2026-07-27T16:00:00,50.3941,0.3229,50.4808,50.0946,50.2877,0
LINE-C,2026-07-27T16:40:00,50.4247,0.2813,50.4808,50.0946,50.2877,0
LINE-C,2026-07-27T18:00:00,50.3807,0.2109,50.4808,50.0946,50.2877,0
LINE-C,2026-07-27T19:20:00,50.389,0.2576,50.4808,50.0946,50.2877,0
LINE-C,2026-07-27T20:00:00,50.4135,0.2594,50.4808,50.0946,50.2877,0
LINE-C,2026-07-27T21:20:00,50.3405,0.3801,50.4808,50.0946,50.2877,0
LINE-C,2026-07-27T22:40:00,50.3746,0.3188,50.4808,50.0946,50.2877,0
LINE-C,2026-07-27T23:20:00,50.4392,0.1951,50.4808,50.0946,50.2877,0
LINE-C,2026-07-28T00:40:00,50.3405,0.3011,50.4808,50.0946,50.2877,0
LINE-C,2026-07-28T02:00:00,50.3802,0.2823,50.4808,50.0946,50.2877,0
LINE-C,2026-07-28T02:40:00,50.4078,0.2588,50.4808,50.0946,50.2877,0
LINE-C,2026-07-28T04:00:00,50.4064,0.2677,50.4808,50.0946,50.2877,0
LINE-C,2026-07-28T05:20:00,50.4149,0.3517,50.4808,50.0946,50.2877,0
LINE-C,2026-07-28T06:00:00,50.4492,0.2274,50.4808,50.0946,50.2877,0
LINE-C,2026-07-28T07:20:00,50.3946,0.3022,50.4808,50.0946,50.2877,0
LINE-C,2026-07-28T08:40:00,50.4345,0.2322,50.4808,50.0946,50.2877,0
LINE-C,2026-07-28T09:20:00,50.4053,0.31,50.4808,50.0946,50.2877,0
LINE-C,2026-07-28T10:40:00,50.3645,0.2741,50.4808,50.0946,50.2877,0
LINE-C,2026-07-28T12:00:00,50.4269,0.2646,50.4808,50.0946,50.2877,0
LINE-C,2026-07-28T12:40:00,50.4452,0.2151,50.4808,50.0946,50.2877,0
LINE-C,2026-07-28T14:00:00,50.376,0.2245,50.4808,50.0946,50.2877,0
LINE-C,2026-07-28T15:20:00,50.4496,0.272,50.4808,50.0946,50.2877,0
LINE-C,2026-07-28T16:00:00,50.4698,0.231,50.4808,50.0946,50.2877,0
LINE-C,2026-07-28T17:20:00,50.3934,0.1788,50.4808,50.0946,50.2877,0
LINE-C,2026-07-28T18:40:00,50.4004,0.3494,50.4808,50.0946,50.2877,0
LINE-C,2026-07-28T19:20:00,50.4279,0.264,50.4808,50.0946,50.2877,0
LINE-C,2026-07-28T20:40:00,50.4116,0.1834,50.4808,50.0946,50.2877,0
LINE-C,2026-07-28T22:00:00,50.4691,0.2193,50.4808,50.0946,50.2877,0
LINE-C,2026-07-28T22:40:00,50.4553,0.2198,50.4808,50.0946,50.2877,0
LINE-C,2026-07-29T00:00:00,50.4216,0.2208,50.4808,50.0946,50.2877,0
LINE-C,2026-07-29T01:20:00,50.4325,0.3078,50.4808,50.0946,50.2877,0
LINE-C,2026-07-29T02:00:00,50.4493,0.2988,50.4808,50.0946,50.2877,0
LINE-C,2026-07-29T03:20:00,50.4559,0.275,50.4808,50.0946,50.2877,0
LINE-C,2026-07-29T04:40:00,50.4707,0.3755,50.4808,50.0946,50.2877,0
LINE-C,2026-07-29T05:20:00,50.4696,0.1693,50.4808,50.0946,50.2877,0
LINE-C,2026-07-29T06:40:00,50.3767,0.2038,50.4808,50.0946,50.2877,0
LINE-C,2026-07-29T08:00:00,50.4937,0.2107,50.4808,50.0946,50.2877,1
LINE-C,2026-07-29T08:40:00,50.4431,0.3219,50.4808,50.0946,50.2877,0
LINE-C,2026-07-29T10:00:00,50.403,0.2773,50.4808,50.0946,50.2877,0
LINE-C,2026-07-29T11:20:00,50.4919,0.1492,50.4808,50.0946,50.2877,1
LINE-C,2026-07-29T12:00:00,50.4972,0.2554,50.4808,50.0946,50.2877,1
LINE-C,2026-07-29T13:20:00,50.4675,0.1691,50.4808,50.0946,50.2877,0
LINE-C,2026-07-29T14:40:00,50.4864,0.1919,50.4808,50.0946,50.2877,1
LINE-C,2026-07-29T15:20:00,50.4858,0.1611,50.4808,50.0946,50.2877,1
LINE-C,2026-07-29T16:40:00,50.4633,0.1219,50.4808,50.0946,50.2877,0
LINE-C,2026-07-29T18:00:00,50.5056,0.2607,50.4808,50.0946,50.2877,1
LINE-C,2026-07-29T18:40:00,50.4806,0.2761,50.4808,50.0946,50.2877,0
LINE-C,2026-07-29T20:00:00,50.4384,0.2272,50.4808,50.0946,50.2877,0
LINE-C,2026-07-29T21:20:00,50.5451,0.1949,50.4808,50.0946,50.2877,1
LINE-C,2026-07-29T22:00:00,50.4848,0.2473,50.4808,50.0946,50.2877,1
LINE-C,2026-07-29T23:20:00,50.4091,0.3207,50.4808,50.0946,50.2877,0
LINE-C,2026-07-30T00:40:00,50.5035,0.1948,50.4808,50.0946,50.2877,1
LINE-C,2026-07-30T01:20:00,50.5184,0.2414,50.4808,50.0946,50.2877,1
LINE-C,2026-07-30T02:40:00,50.4985,0.3072,50.4808,50.0946,50.2877,1
LINE-C,2026-07-30T04:00:00,50.4731,0.2095,50.4808,50.0946,50.2877,0
LINE-C,2026-07-30T04:40:00,50.5051,0.1416,50.4808,50.0946,50.2877,1
LINE-C,2026-07-30T06:00:00,50.3324,0.4516,50.4808,50.0946,50.2877,0
LINE-C,2026-07-30T07:20:00,50.2539,0.552,50.4808,50.0946,50.2877,0
LINE-C,2026-07-30T08:00:00,50.2754,0.4845,50.4808,50.0946,50.2877,0
LINE-C,2026-07-30T09:20:00,50.3514,0.5035,50.4808,50.0946,50.2877,0
LINE-C,2026-07-30T10:40:00,50.2927,0.5135,50.4808,50.0946,50.2877,0
LINE-C,2026-07-30T11:20:00,50.2792,0.4993,50.4808,50.0946,50.2877,0
LINE-C,2026-07-30T12:40:00,50.3709,0.5655,50.4808,50.0946,50.2877,0
LINE-C,2026-07-30T14:00:00,50.3084,0.4485,50.4808,50.0946,50.2877,0
LINE-C,2026-07-30T14:40:00,50.3295,0.5108,50.4808,50.0946,50.2877,0
LINE-C,2026-07-30T16:00:00,50.3925,0.5169,50.4808,50.0946,50.2877,0
LINE-C,2026-07-30T17:20:00,50.274,0.4119,50.4808,50.0946,50.2877,0
LINE-C,2026-07-30T18:00:00,50.2979,0.537,50.4808,50.0946,50.2877,0
LINE-C,2026-07-30T19:20:00,50.4115,0.4706,50.4808,50.0946,50.2877,0
LINE-C,2026-07-30T20:40:00,50.2999,0.4168,50.4808,50.0946,50.2877,0
LINE-C,2026-07-30T21:20:00,50.3071,0.6055,50.4808,50.0946,50.2877,0
LINE-C,2026-07-30T22:40:00,50.388,0.4848,50.4808,50.0946,50.2877,0
LINE-C,2026-07-31T00:00:00,50.3334,0.4899,50.4808,50.0946,50.2877,0
LINE-C,2026-07-31T00:40:00,50.3135,0.4773,50.4808,50.0946,50.2877,0
LINE-C,2026-07-31T02:00:00,50.3976,0.4243,50.4808,50.0946,50.2877,0
LINE-C,2026-07-31T03:20:00,50.3317,0.4817,50.4808,50.0946,50.2877,0
LINE-C,2026-07-31T04:00:00,50.3668,0.5478,50.4808,50.0946,50.2877,0
LINE-C,2026-07-31T05:20:00,50.3992,0.4518,50.4808,50.0946,50.2877,0
LINE-C,2026-07-31T06:40:00,50.3311,0.6431,50.4808,50.0946,50.2877,0
LINE-C,2026-07-31T07:20:00,50.3574,0.4127,50.4808,50.0946,50.2877,0
LINE-C,2026-07-31T08:40:00,50.3811,0.4791,50.4808,50.0946,50.2877,0
LINE-C,2026-07-31T10:00:00,50.3114,0.4925,50.4808,50.0946,50.2877,0
LINE-C,2026-07-31T10:40:00,50.3245,0.532,50.4808,50.0946,50.2877,0
LINE-C,2026-07-31T12:00:00,50.4647,0.4229,50.4808,50.0946,50.2877,0
LINE-C,2026-07-31T13:20:00,50.3892,0.5536,50.4808,50.0946,50.2877,0
LINE-C,2026-07-31T14:00:00,50.373,0.5324,50.4808,50.0946,50.2877,0
LINE-C,2026-07-31T15:20:00,50.4263,0.4639,50.4808,50.0946,50.2877,0
LINE-C,2026-07-31T16:40:00,50.3756,0.4071,50.4808,50.0946,50.2877,0
LINE-C,2026-07-31T17:20:00,50.3488,0.5626,50.4808,50.0946,50.2877,0
LINE-C,2026-07-31T18:40:00,50.4218,0.4605,50.4808,50.0946,50.2877,0
LINE-C,2026-07-31T20:00:00,50.3927,0.4983,50.4808,50.0946,50.2877,0
LINE-C,2026-07-31T20:40:00,50.3311,0.382,50.4808,50.0946,50.2877,0
LINE-C,2026-07-31T22:00:00,50.4329,0.441,50.4808,50.0946,50.2877,0
LINE-C,2026-07-31T23:20:00,50.3655,0.5272,50.4808,50.0946,50.2877,0
LINE-C,2026-08-01T00:00:00,50.3547,0.5074,50.4808,50.0946,50.2877,0
LINE-C,2026-08-01T01:20:00,50.4277,0.4595,50.4808,50.0946,50.2877,0
LINE-C,2026-08-01T02:40:00,50.1539,0.4529,50.4808,50.0946,50.2877,0
LINE-C,2026-08-01T03:20:00,50.2375,0.453,50.4808,50.0946,50.2877,0
LINE-C,2026-08-01T04:40:00,50.2347,0.4432,50.4808,50.0946,50.2877,0
LINE-C,2026-08-01T06:00:00,50.1694,0.4779,50.4808,50.0946,50.2877,0
LINE-C,2026-08-01T06:40:00,50.2392,0.4907,50.4808,50.0946,50.2877,0
LINE-C,2026-08-01T08:00:00,50.2424,0.4756,50.4808,50.0946,50.2877,0
LINE-C,2026-08-01T09:20:00,50.1863,0.4416,50.4808,50.0946,50.2877,0
LINE-C,2026-08-01T10:00:00,50.2629,0.3763,50.4808,50.0946,50.2877,0
LINE-C,2026-08-01T11:20:00,50.2153,0.4667,50.4808,50.0946,50.2877,0
LINE-C,2026-08-01T12:40:00,50.1762,0.5663,50.4808,50.0946,50.2877,0
LINE-C,2026-08-01T13:20:00,50.2847,0.5544,50.4808,50.0946,50.2877,0
LINE-C,2026-08-01T14:40:00,50.2412,0.429,50.4808,50.0946,50.2877,0
LINE-C,2026-08-01T16:00:00,50.1526,0.4924,50.4808,50.0946,50.2877,0
LINE-C,2026-08-01T16:40:00,50.254,0.5009,50.4808,50.0946,50.2877,0
LINE-C,2026-08-01T18:00:00,50.2551,0.5601,50.4808,50.0946,50.2877,0
LINE-C,2026-08-01T19:20:00,50.1618,0.4624,50.4808,50.0946,50.2877,0
LINE-C,2026-08-01T20:00:00,50.2613,0.2988,50.4808,50.0946,50.2877,0
LINE-C,2026-08-01T21:20:00,50.3011,0.3662,50.4808,50.0946,50.2877,0
LINE-C,2026-08-01T22:40:00,50.2114,0.4369,50.4808,50.0946,50.2877,0
LINE-C,2026-08-01T23:20:00,50.3086,0.5077,50.4808,50.0946,50.2877,0
LINE-C,2026-08-02T00:40:00,50.2657,0.3912,50.4808,50.0946,50.2877,0
LINE-C,2026-08-02T02:00:00,50.1792,0.496,50.4808,50.0946,50.2877,0
LINE-C,2026-08-02T02:40:00,50.2632,0.4467,50.4808,50.0946,50.2877,0
LINE-C,2026-08-02T04:00:00,50.2851,0.5818,50.4808,50.0946,50.2877,0
LINE-C,2026-08-02T05:20:00,50.2065,0.3571,50.4808,50.0946,50.2877,0
LINE-C,2026-08-02T06:00:00,50.3012,0.5621,50.4808,50.0946,50.2877,0
LINE-C,2026-08-02T07:20:00,50.2994,0.4187,50.4808,50.0946,50.2877,0
LINE-C,2026-08-02T08:40:00,50.2193,0.5499,50.4808,50.0946,50.2877,0
LINE-C,2026-08-02T09:20:00,50.2966,0.3905,50.4808,50.0946,50.2877,0
LINE-C,2026-08-02T10:40:00,50.2694,0.4586,50.4808,50.0946,50.2877,0
LINE-C,2026-08-02T12:00:00,50.2352,0.396,50.4808,50.0946,50.2877,0
LINE-C,2026-08-02T12:40:00,50.3156,0.361,50.4808,50.0946,50.2877,0
LINE-C,2026-08-02T14:00:00,50.2784,0.479,50.4808,50.0946,50.2877,0
LINE-C,2026-08-02T15:20:00,50.2471,0.4499,50.4808,50.0946,50.2877,0
LINE-C,2026-08-02T16:00:00,50.3237,0.414,50.4808,50.0946,50.2877,0
LINE-C,2026-08-02T17:20:00,50.306,0.4673,50.4808,50.0946,50.2877,0
LINE-C,2026-08-02T18:40:00,50.2212,0.5019,50.4808,50.0946,50.2877,0
LINE-C,2026-08-02T19:20:00,50.3376,0.4334,50.4808,50.0946,50.2877,0
LINE-C,2026-08-02T20:40:00,50.2717,0.4801,50.4808,50.0946,50.2877,0
LINE-C,2026-08-02T22:00:00,50.2665,0.4705,50.4808,50.0946,50.2877,0
LINE-C,2026-08-02T22:40:00,50.3173,0.4977,50.4808,50.0946,50.2877,0
LINE-C,2026-08-03T00:00:00,50.2973,0.5098,50.4808,50.0946,50.2877,0
LINE-C,2026-08-03T01:20:00,50.2313,0.5517,50.4808,50.0946,50.2877,0
LINE-C,2026-08-03T02:00:00,50.362,0.481,50.4808,50.0946,50.2877,0
LINE-C,2026-08-03T03:20:00,50.3151,0.487,50.4808,50.0946,50.2877,0
LINE-C,2026-08-03T04:40:00,50.237,0.4251,50.4808,50.0946,50.2877,0
LINE-C,2026-08-03T05:20:00,50.3451,0.4782,50.4808,50.0946,50.2877,0
LINE-C,2026-08-03T06:40:00,50.2958,0.4007,50.4808,50.0946,50.2877,0
LINE-C,2026-08-03T08:00:00,50.2481,0.3851,50.4808,50.0946,50.2877,0
LINE-C,2026-08-03T08:40:00,50.3161,0.4168,50.4808,50.0946,50.2877,0
LINE-C,2026-08-03T10:00:00,50.2743,0.5408,50.4808,50.0946,50.2877,0
LINE-C,2026-08-03T11:20:00,50.2844,0.3027,50.4808,50.0946,50.2877,0
LINE-C,2026-08-03T12:00:00,50.3673,0.4105,50.4808,50.0946,50.2877,0
LINE-C,2026-08-03T13:20:00,50.3016,0.4896,50.4808,50.0946,50.2877,0
LINE-C,2026-08-03T14:40:00,50.2788,0.3868,50.4808,50.0946,50.2877,0
LINE-C,2026-08-03T15:20:00,50.3533,0.4813,50.4808,50.0946,50.2877,0
LINE-C,2026-08-03T16:40:00,50.3154,0.5185,50.4808,50.0946,50.2877,0
LINE-C,2026-08-03T18:00:00,50.3017,0.4191,50.4808,50.0946,50.2877,0
LINE-C,2026-08-03T18:40:00,50.3851,0.4539,50.4808,50.0946,50.2877,0
LINE-C,2026-08-03T20:00:00,50.3575,0.5189,50.4808,50.0946,50.2877,0
LINE-C,2026-08-03T21:20:00,50.2735,0.5258,50.4808,50.0946,50.2877,0
LINE-C,2026-08-03T22:00:00,50.3782,0.5041,50.4808,50.0946,50.2877,0
LINE-C,2026-08-03T23:20:00,50.3077,0.5291,50.4808,50.0946,50.2877,0
LINE-C,2026-08-04T00:40:00,50.2691,0.4243,50.4808,50.0946,50.2877,0
LINE-C,2026-08-04T01:20:00,50.3715,0.3445,50.4808,50.0946,50.2877,0
LINE-C,2026-08-04T02:40:00,50.3443,0.4841,50.4808,50.0946,50.2877,0
LINE-C,2026-08-04T04:00:00,50.3043,0.4387,50.4808,50.0946,50.2877,0
LINE-C,2026-08-04T04:40:00,50.3799,0.4694,50.4808,50.0946,50.2877,0
LINE-C,2026-08-04T06:00:00,50.3782,0.5827,50.4808,50.0946,50.2877,0
LINE-C,2026-08-04T07:20:00,50.3343,0.3705,50.4808,50.0946,50.2877,0
LINE-C,2026-08-04T08:00:00,50.3907,0.402,50.4808,50.0946,50.2877,0
LINE-C,2026-08-04T09:20:00,50.3675,0.489,50.4808,50.0946,50.2877,0
LINE-C,2026-08-04T10:40:00,50.3511,0.4637,50.4808,50.0946,50.2877,0
LINE-C,2026-08-04T11:20:00,50.4261,0.3367,50.4808,50.0946,50.2877,0
LINE-C,2026-08-04T12:40:00,50.3581,0.386,50.4808,50.0946,50.2877,0
LINE-C,2026-08-04T14:00:00,50.3555,0.502,50.4808,50.0946,50.2877,0
LINE-C,2026-08-04T14:40:00,50.4365,0.3998,50.4808,50.0946,50.2877,0
LINE-C,2026-08-04T16:00:00,50.3639,0.495,50.4808,50.0946,50.2877,0
LINE-C,2026-08-04T17:20:00,50.3702,0.5624,50.4808,50.0946,50.2877,0
LINE-C,2026-08-04T18:00:00,50.408,0.3675,50.4808,50.0946,50.2877,0
LINE-C,2026-08-04T19:20:00,50.3625,0.5335,50.4808,50.0946,50.2877,0
LINE-C,2026-08-04T20:40:00,50.3575,0.3018,50.4808,50.0946,50.2877,0
LINE-C,2026-08-04T21:20:00,50.4077,0.398,50.4808,50.0946,50.2877,0
LINE-C,2026-08-04T22:40:00,50.3698,0.3763,50.4808,50.0946,50.2877,0
LINE-C,2026-08-05T00:00:00,50.3341,0.4522,50.4808,50.0946,50.2877,0
LINE-C,2026-08-05T00:40:00,50.4869,0.3323,50.4808,50.0946,50.2877,1
LINE-C,2026-08-05T02:00:00,50.4034,0.424,50.4808,50.0946,50.2877,0
LINE-C,2026-08-05T03:20:00,50.3596,0.4574,50.4808,50.0946,50.2877,0
LINE-C,2026-08-05T04:00:00,50.4514,0.2769,50.4808,50.0946,50.2877,0
LINE-C,2026-08-05T05:20:00,50.4182,0.428,50.4808,50.0946,50.2877,0
LINE-C,2026-08-05T06:40:00,50.3467,0.4333,50.4808,50.0946,50.2877,0
LINE-C,2026-08-05T07:20:00,50.4533,0.4476,50.4808,50.0946,50.2877,0
LINE-C,2026-08-05T08:40:00,50.3373,0.4622,50.4808,50.0946,50.2877,0
LINE-C,2026-08-05T10:00:00,50.3453,0.3731,50.4808,50.0946,50.2877,0
LINE-C,2026-08-05T10:40:00,50.4313,0.4939,50.4808,50.0946,50.2877,0
LINE-C,2026-08-05T12:00:00,50.4123,0.4753,50.4808,50.0946,50.2877,0
LINE-C,2026-08-05T13:20:00,50.3701,0.3079,50.4808,50.0946,50.2877,0
LINE-C,2026-08-05T14:00:00,50.4523,0.4248,50.4808,50.0946,50.2877,0
LINE-C,2026-08-05T15:20:00,50.4142,0.4038,50.4808,50.0946,50.2877,0
LINE-C,2026-08-05T16:40:00,50.4239,0.403,50.4808,50.0946,50.2877,0
LINE-C,2026-08-05T17:20:00,50.4646,0.4328,50.4808,50.0946,50.2877,0
LINE-C,2026-08-05T18:40:00,50.43,0.3511,50.4808,50.0946,50.2877,0
LINE-C,2026-08-05T20:00:00,50.3948,0.4372,50.4808,50.0946,50.2877,0
LINE-C,2026-08-05T20:40:00,50.4372,0.3826,50.4808,50.0946,50.2877,0
LINE-C,2026-08-05T22:00:00,50.4334,0.461,50.4808,50.0946,50.2877,0
LINE-C,2026-08-05T23:20:00,50.4103,0.3502,50.4808,50.0946,50.2877,0
LINE-C,2026-08-06T00:00:00,50.4916,0.4601,50.4808,50.0946,50.2877,1
LINE-C,2026-08-06T01:20:00,50.4106,0.5179,50.4808,50.0946,50.2877,0
LINE-C,2026-08-06T02:40:00,50.4013,0.4314,50.4808,50.0946,50.2877,0
LINE-C,2026-08-06T03:20:00,50.4667,0.4121,50.4808,50.0946,50.2877,0
LINE-C,2026-08-06T04:40:00,50.4134,0.3765,50.4808,50.0946,50.2877,0
LINE-C,2026-08-06T06:00:00,50.4327,0.32,50.4808,50.0946,50.2877,0
LINE-C,2026-08-06T06:40:00,50.516,0.3156,50.4808,50.0946,50.2877,1
LINE-C,2026-08-06T08:00:00,50.4413,0.4823,50.4808,50.0946,50.2877,0
LINE-C,2026-08-06T09:20:00,50.385,0.4767,50.4808,50.0946,50.2877,0
LINE-C,2026-08-06T10:00:00,50.4976,0.3852,50.4808,50.0946,50.2877,1
LINE-C,2026-08-06T11:20:00,50.4701,0.351,50.4808,50.0946,50.2877,0
LINE-C,2026-08-06T12:40:00,50.3944,0.34,50.4808,50.0946,50.2877,0
LINE-C,2026-08-06T13:20:00,50.4727,0.3514,50.4808,50.0946,50.2877,0
LINE-C,2026-08-06T14:40:00,50.4502,0.4998,50.4808,50.0946,50.2877,0
LINE-C,2026-08-06T16:00:00,50.4295,0.3275,50.4808,50.0946,50.2877,0
LINE-C,2026-08-06T16:40:00,50.4921,0.3189,50.4808,50.0946,50.2877,1
LINE-C,2026-08-06T18:00:00,50.4559,0.5058,50.4808,50.0946,50.2877,0
LINE-C,2026-08-06T19:20:00,50.3534,0.5005,50.4808,50.0946,50.2877,0
LINE-C,2026-08-06T20:00:00,50.3055,0.6247,50.4808,50.0946,50.2877,0
LINE-C,2026-08-06T21:20:00,50.234,0.6483,50.4808,50.0946,50.2877,0
LINE-C,2026-08-06T22:40:00,50.3556,0.5544,50.4808,50.0946,50.2877,0
LINE-C,2026-08-06T23:20:00,50.2974,0.4443,50.4808,50.0946,50.2877,0
LINE-C,2026-08-07T00:40:00,50.2775,0.4827,50.4808,50.0946,50.2877,0
LINE-C,2026-08-07T02:00:00,50.3396,0.509,50.4808,50.0946,50.2877,0
LINE-C,2026-08-07T02:40:00,50.2942,0.6177,50.4808,50.0946,50.2877,0
LINE-C,2026-08-07T04:00:00,50.2346,0.4682,50.4808,50.0946,50.2877,0
LINE-C,2026-08-07T05:20:00,50.351,0.5083,50.4808,50.0946,50.2877,0
LINE-C,2026-08-07T06:00:00,50.2986,0.5693,50.4808,50.0946,50.2877,0
LINE-C,2026-08-07T07:20:00,50.2558,0.5818,50.4808,50.0946,50.2877,0
LINE-C,2026-08-07T08:40:00,50.3292,0.6382,50.4808,50.0946,50.2877,0
LINE-C,2026-08-07T09:20:00,50.2714,0.5295,50.4808,50.0946,50.2877,0
LINE-C,2026-08-07T10:40:00,50.2925,0.565,50.4808,50.0946,50.2877,0
LINE-C,2026-08-07T12:00:00,50.3718,0.6503,50.4808,50.0946,50.2877,0
LINE-C,2026-08-07T12:40:00,50.0865,0.3618,50.4808,50.0946,50.2877,1
LINE-C,2026-08-07T14:00:00,50.1635,0.2828,50.4808,50.0946,50.2877,0
LINE-C,2026-08-07T15:20:00,50.1386,0.373,50.4808,50.0946,50.2877,0
LINE-C,2026-08-07T16:00:00,50.0785,0.3614,50.4808,50.0946,50.2877,1
LINE-C,2026-08-07T17:20:00,50.1365,0.441,50.4808,50.0946,50.2877,0
LINE-C,2026-08-07T18:40:00,50.1404,0.3756,50.4808,50.0946,50.2877,0
LINE-C,2026-08-07T19:20:00,50.0881,0.2356,50.4808,50.0946,50.2877,1
LINE-C,2026-08-07T20:40:00,50.1501,0.426,50.4808,50.0946,50.2877,0
LINE-C,2026-08-07T22:00:00,50.1709,0.3771,50.4808,50.0946,50.2877,0
LINE-C,2026-08-07T22:40:00,50.1104,0.2426,50.4808,50.0946,50.2877,0
LINE-C,2026-08-08T00:00:00,50.1567,0.3147,50.4808,50.0946,50.2877,0
LINE-C,2026-08-08T01:20:00,50.1453,0.2897,50.4808,50.0946,50.2877,0
LINE-C,2026-08-08T02:00:00,50.1067,0.3383,50.4808,50.0946,50.2877,0
LINE-C,2026-08-08T03:20:00,50.1532,0.361,50.4808,50.0946,50.2877,0
LINE-C,2026-08-08T04:40:00,50.1753,0.3396,50.4808,50.0946,50.2877,0
LINE-C,2026-08-08T05:20:00,50.1397,0.3093,50.4808,50.0946,50.2877,0
LINE-C,2026-08-08T06:40:00,50.1702,0.4007,50.4808,50.0946,50.2877,0
LINE-C,2026-08-08T08:00:00,50.1803,0.38,50.4808,50.0946,50.2877,0
LINE-C,2026-08-08T08:40:00,50.1239,0.3182,50.4808,50.0946,50.2877,0
LINE-C,2026-08-08T10:00:00,50.201,0.4246,50.4808,50.0946,50.2877,0
LINE-C,2026-08-08T11:20:00,50.1961,0.3263,50.4808,50.0946,50.2877,0
LINE-C,2026-08-08T12:00:00,50.0892,0.2506,50.4808,50.0946,50.2877,1
LINE-C,2026-08-08T13:20:00,50.1693,0.2934,50.4808,50.0946,50.2877,0
LINE-C,2026-08-08T14:40:00,50.1927,0.3484,50.4808,50.0946,50.2877,0
LINE-C,2026-08-08T15:20:00,50.1181,0.282,50.4808,50.0946,50.2877,0
LINE-C,2026-08-08T16:40:00,50.2275,0.3965,50.4808,50.0946,50.2877,0
LINE-C,2026-08-08T18:00:00,50.2055,0.3579,50.4808,50.0946,50.2877,0
LINE-C,2026-08-08T18:40:00,50.1217,0.3202,50.4808,50.0946,50.2877,0
LINE-C,2026-08-08T20:00:00,50.2332,0.312,50.4808,50.0946,50.2877,0
LINE-C,2026-08-08T21:20:00,50.1706,0.3709,50.4808,50.0946,50.2877,0
LINE-C,2026-08-08T22:00:00,50.1358,0.2224,50.4808,50.0946,50.2877,0
LINE-C,2026-08-08T23:20:00,50.1858,0.3344,50.4808,50.0946,50.2877,0
LINE-C,2026-08-09T00:40:00,50.1927,0.3534,50.4808,50.0946,50.2877,0
LINE-C,2026-08-09T01:20:00,50.1161,0.3272,50.4808,50.0946,50.2877,0
LINE-C,2026-08-09T02:40:00,50.1682,0.3375,50.4808,50.0946,50.2877,0
LINE-C,2026-08-09T04:00:00,50.1931,0.2719,50.4808,50.0946,50.2877,0
LINE-C,2026-08-09T04:40:00,50.1635,0.2863,50.4808,50.0946,50.2877,0
LINE-C,2026-08-09T06:00:00,50.2254,0.3687,50.4808,50.0946,50.2877,0
LINE-C,2026-08-09T07:20:00,50.2267,0.4444,50.4808,50.0946,50.2877,0
LINE-C,2026-08-09T08:00:00,50.1762,0.2986,50.4808,50.0946,50.2877,0
LINE-C,2026-08-09T09:20:00,50.2383,0.3455,50.4808,50.0946,50.2877,0
LINE-C,2026-08-09T10:40:00,50.1972,0.3357,50.4808,50.0946,50.2877,0
LINE-C,2026-08-09T11:20:00,50.1909,0.2949,50.4808,50.0946,50.2877,0
LINE-C,2026-08-09T12:40:00,50.1922,0.3104,50.4808,50.0946,50.2877,0
LINE-C,2026-08-09T14:00:00,50.2524,0.2905,50.4808,50.0946,50.2877,0
LINE-C,2026-08-09T14:40:00,50.1933,0.3704,50.4808,50.0946,50.2877,0
LINE-C,2026-08-09T16:00:00,50.2183,0.3006,50.4808,50.0946,50.2877,0
LINE-C,2026-08-09T17:20:00,50.2621,0.268,50.4808,50.0946,50.2877,0
LINE-C,2026-08-09T18:00:00,50.21,0.3826,50.4808,50.0946,50.2877,0
LINE-C,2026-08-09T19:20:00,50.2387,0.3431,50.4808,50.0946,50.2877,0
LINE-C,2026-08-09T20:40:00,50.2345,0.3212,50.4808,50.0946,50.2877,0
LINE-C,2026-08-09T21:20:00,50.224,0.2592,50.4808,50.0946,50.2877,0
LINE-C,2026-08-09T22:40:00,50.2524,0.287,50.4808,50.0946,50.2877,0
LINE-C,2026-08-10T00:00:00,50.2476,0.3245,50.4808,50.0946,50.2877,0
LINE-C,2026-08-10T00:40:00,50.2209,0.3765,50.4808,50.0946,50.2877,0
LINE-C,2026-08-10T02:00:00,50.2908,0.452,50.4808,50.0946,50.2877,0
LINE-C,2026-08-10T03:20:00,50.2702,0.3597,50.4808,50.0946,50.2877,0
LINE-C,2026-08-10T04:00:00,50.2021,0.2952,50.4808,50.0946,50.2877,0
LINE-C,2026-08-10T05:20:00,50.2723,0.2392,50.4808,50.0946,50.2877,0
LINE-C,2026-08-10T06:40:00,50.3052,0.3013,50.4808,50.0946,50.2877,0
LINE-C,2026-08-10T07:20:00,50.2279,0.32,50.4808,50.0946,50.2877,0
LINE-C,2026-08-10T08:40:00,50.2982,0.3336,50.4808,50.0946,50.2877,0
LINE-C,2026-08-10T10:00:00,50.2468,0.4121,50.4808,50.0946,50.2877,0
LINE-C,2026-08-10T10:40:00,50.2027,0.2713,50.4808,50.0946,50.2877,0
LINE-C,2026-08-10T12:00:00,50.2966,0.3249,50.4808,50.0946,50.2877,0
LINE-C,2026-08-10T13:20:00,50.3015,0.35,50.4808,50.0946,50.2877,0
LINE-C,2026-08-10T14:00:00,50.2174,0.3712,50.4808,50.0946,50.2877,0
LINE-C,2026-08-10T15:20:00,50.2741,0.3545,50.4808,50.0946,50.2877,0
LINE-C,2026-08-10T16:40:00,50.3138,0.2928,50.4808,50.0946,50.2877,0
LINE-C,2026-08-10T17:20:00,50.2238,0.3583,50.4808,50.0946,50.2877,0
LINE-C,2026-08-10T18:40:00,50.2872,0.2749,50.4808,50.0946,50.2877,0
LINE-C,2026-08-10T20:00:00,50.3048,0.2674,50.4808,50.0946,50.2877,0
LINE-C,2026-08-10T20:40:00,50.2743,0.253,50.4808,50.0946,50.2877,0
LINE-C,2026-08-10T22:00:00,50.2949,0.3177,50.4808,50.0946,50.2877,0
LINE-C,2026-08-10T23:20:00,50.3246,0.3347,50.4808,50.0946,50.2877,0
LINE-C,2026-08-11T00:00:00,50.2521,0.2998,50.4808,50.0946,50.2877,0
LINE-C,2026-08-11T01:20:00,50.2761,0.379,50.4808,50.0946,50.2877,0
LINE-C,2026-08-11T02:40:00,50.3567,0.2972,50.4808,50.0946,50.2877,0
LINE-C,2026-08-11T03:20:00,50.2196,0.2475,50.4808,50.0946,50.2877,0
LINE-C,2026-08-11T04:40:00,50.3614,0.2712,50.4808,50.0946,50.2877,0
LINE-C,2026-08-11T06:00:00,50.3104,0.3331,50.4808,50.0946,50.2877,0
LINE-C,2026-08-11T06:40:00,50.2655,0.2677,50.4808,50.0946,50.2877,0
LINE-C,2026-08-11T08:00:00,50.3185,0.323,50.4808,50.0946,50.2877,0
LINE-C,2026-08-11T09:20:00,50.3261,0.3145,50.4808,50.0946,50.2877,0
LINE-C,2026-08-11T10:00:00,50.2597,0.3094,50.4808,50.0946,50.2877,0
LINE-C,2026-08-11T11:20:00,50.3059,0.351,50.4808,50.0946,50.2877,0
LINE-C,2026-08-11T12:40:00,50.3075,0.4111,50.4808,50.0946,50.2877,0
LINE-C,2026-08-11T13:20:00,50.2317,0.3383,50.4808,50.0946,50.2877,0
LINE-C,2026-08-11T14:40:00,50.3738,0.3082,50.4808,50.0946,50.2877,0
LINE-C,2026-08-11T16:00:00,50.3103,0.2505,50.4808,50.0946,50.2877,0
LINE-C,2026-08-11T16:40:00,50.3031,0.2881,50.4808,50.0946,50.2877,0
LINE-C,2026-08-11T18:00:00,50.2816,0.3315,50.4808,50.0946,50.2877,0
LINE-C,2026-08-11T19:20:00,50.3169,0.3927,50.4808,50.0946,50.2877,0
LINE-C,2026-08-11T20:00:00,50.2873,0.3655,50.4808,50.0946,50.2877,0
LINE-C,2026-08-11T21:20:00,50.3899,0.451,50.4808,50.0946,50.2877,0
LINE-C,2026-08-11T22:40:00,50.3443,0.2872,50.4808,50.0946,50.2877,0
LINE-C,2026-08-11T23:20:00,50.311,0.233,50.4808,50.0946,50.2877,0
LINE-C,2026-08-12T00:40:00,50.3662,0.3134,50.4808,50.0946,50.2877,0
LINE-C,2026-08-12T02:00:00,50.3328,0.3328,50.4808,50.0946,50.2877,0
LINE-C,2026-08-12T02:40:00,50.273,0.3149,50.4808,50.0946,50.2877,0
LINE-C,2026-08-12T04:00:00,50.3315,0.3699,50.4808,50.0946,50.2877,0
LINE-C,2026-08-12T05:20:00,50.3347,0.4134,50.4808,50.0946,50.2877,0
LINE-C,2026-08-12T06:00:00,50.313,0.342,50.4808,50.0946,50.2877,0
LINE-C,2026-08-12T07:20:00,50.3629,0.3666,50.4808,50.0946,50.2877,0
LINE-C,2026-08-12T08:40:00,50.3476,0.3213,50.4808,50.0946,50.2877,0
LINE-C,2026-08-12T09:20:00,50.3387,0.461,50.4808,50.0946,50.2877,0
LINE-C,2026-08-12T10:40:00,50.3483,0.3754,50.4808,50.0946,50.2877,0
LINE-C,2026-08-12T12:00:00,50.35,0.2954,50.4808,50.0946,50.2877,0
LINE-C,2026-08-12T12:40:00,50.3213,0.4098,50.4808,50.0946,50.2877,0
LINE-C,2026-08-12T14:00:00,50.4154,0.4621,50.4808,50.0946,50.2877,0
LINE-C,2026-08-12T15:20:00,50.3616,0.2879,50.4808,50.0946,50.2877,0
LINE-C,2026-08-12T16:00:00,50.318,0.3555,50.4808,50.0946,50.2877,0
LINE-C,2026-08-12T17:20:00,50.3527,0.3115,50.4808,50.0946,50.2877,0
LINE-C,2026-08-12T18:40:00,50.4022,0.4064,50.4808,50.0946,50.2877,0
LINE-C,2026-08-12T19:20:00,50.3553,0.2194,50.4808,50.0946,50.2877,0
LINE-C,2026-08-12T20:40:00,50.3495,0.2895,50.4808,50.0946,50.2877,0
LINE-C,2026-08-12T22:00:00,50.3927,0.3643,50.4808,50.0946,50.2877,0
LINE-C,2026-08-12T22:40:00,50.3149,0.3366,50.4808,50.0946,50.2877,0
LINE-C,2026-08-13T00:00:00,50.3708,0.3464,50.4808,50.0946,50.2877,0
LINE-C,2026-08-13T01:20:00,50.4006,0.2992,50.4808,50.0946,50.2877,0
LINE-C,2026-08-13T02:00:00,50.325,0.2719,50.4808,50.0946,50.2877,0
LINE-C,2026-08-13T03:20:00,50.362,0.3056,50.4808,50.0946,50.2877,0
LINE-C,2026-08-13T04:40:00,50.3906,0.3281,50.4808,50.0946,50.2877,0
LINE-C,2026-08-13T05:20:00,50.333,0.2702,50.4808,50.0946,50.2877,0
LINE-C,2026-08-13T06:40:00,50.3837,0.4076,50.4808,50.0946,50.2877,0
LINE-C,2026-08-13T08:00:00,50.4494,0.4796,50.4808,50.0946,50.2877,0
LINE-C,2026-08-13T08:40:00,50.3427,0.5333,50.4808,50.0946,50.2877,0
LINE-C,2026-08-13T10:00:00,50.3902,0.3994,50.4808,50.0946,50.2877,0
LINE-C,2026-08-13T11:20:00,50.4388,0.3139,50.4808,50.0946,50.2877,0
LINE-C,2026-08-13T12:00:00,50.3874,0.4267,50.4808,50.0946,50.2877,0
LINE-C,2026-08-13T13:20:00,50.4,0.4553,50.4808,50.0946,50.2877,0
LINE-C,2026-08-13T14:40:00,50.435,0.3358,50.4808,50.0946,50.2877,0
LINE-C,2026-08-13T15:20:00,50.4009,0.3667,50.4808,50.0946,50.2877,0
LINE-C,2026-08-13T16:40:00,50.4562,0.3277,50.4808,50.0946,50.2877,0
LINE-C,2026-08-13T18:00:00,50.4245,0.3533,50.4808,50.0946,50.2877,0
LINE-C,2026-08-13T18:40:00,50.3436,0.3301,50.4808,50.0946,50.2877,0
LINE-C,2026-08-13T20:00:00,50.4113,0.3742,50.4808,50.0946,50.2877,0
LINE-C,2026-08-13T21:20:00,50.3741,0.3442,50.4808,50.0946,50.2877,0
LINE-C,2026-08-13T22:00:00,50.3687,0.3462,50.4808,50.0946,50.2877,0
LINE-C,2026-08-13T23:20:00,50.4503,0.3749,50.4808,50.0946,50.2877,0
LINE-C,2026-08-14T00:40:00,50.4258,0.3408,50.4808,50.0946,50.2877,0
LINE-C,2026-08-14T01:20:00,50.3635,0.3612,50.4808,50.0946,50.2877,0
LINE-C,2026-08-14T02:40:00,50.3018,0.4783,50.4808,50.0946,50.2877,0
LINE-C,2026-08-14T04:00:00,50.2141,0.5044,50.4808,50.0946,50.2877,0
LINE-C,2026-08-14T04:40:00,50.2752,0.3475,50.4808,50.0946,50.2877,0
LINE-C,2026-08-14T06:00:00,50.2077,0.55,50.4808,50.0946,50.2877,0
LINE-C,2026-08-14T07:20:00,50.2346,0.412,50.4808,50.0946,50.2877,0
LINE-C,2026-08-14T08:00:00,50.2612,0.3833,50.4808,50.0946,50.2877,0
LINE-C,2026-08-14T09:20:00,50.2133,0.3102,50.4808,50.0946,50.2877,0
LINE-C,2026-08-14T10:40:00,50.2378,0.354,50.4808,50.0946,50.2877,0
LINE-C,2026-08-14T11:20:00,50.2861,0.4178,50.4808,50.0946,50.2877,0
LINE-C,2026-08-14T12:40:00,50.1761,0.3902,50.4808,50.0946,50.2877,0
LINE-C,2026-08-14T14:00:00,50.2316,0.5617,50.4808,50.0946,50.2877,0
LINE-C,2026-08-14T14:40:00,50.2829,0.3626,50.4808,50.0946,50.2877,0
LINE-C,2026-08-14T16:00:00,50.2397,0.3209,50.4808,50.0946,50.2877,0
LINE-C,2026-08-14T17:20:00,50.2597,0.3851,50.4808,50.0946,50.2877,0
LINE-C,2026-08-14T18:00:00,50.3072,0.4703,50.4808,50.0946,50.2877,0
LINE-C,2026-08-14T19:20:00,50.2067,0.414,50.4808,50.0946,50.2877,0
LINE-C,2026-08-14T20:40:00,50.2487,0.417,50.4808,50.0946,50.2877,0
LINE-C,2026-08-14T21:20:00,50.2927,0.391,50.4808,50.0946,50.2877,0
LINE-C,2026-08-14T22:40:00,50.2264,0.4902,50.4808,50.0946,50.2877,0
LINE-D,2026-07-01T00:00:00,50.0299,0.1334,50.4693,50.1145,50.2919,1
LINE-D,2026-07-01T00:40:00,50.0403,0.1366,50.4693,50.1145,50.2919,1
LINE-D,2026-07-01T02:00:00,50.0142,0.1345,50.4693,50.1145,50.2919,1
LINE-D,2026-07-01T03:20:00,49.9888,0.0499,50.4693,50.1145,50.2919,1
LINE-D,2026-07-01T04:00:00,49.9686,0.0911,50.4693,50.1145,50.2919,1
LINE-D,2026-07-01T05:20:00,50.0074,0.1145,50.4693,50.1145,50.2919,1
LINE-D,2026-07-01T06:40:00,50.0465,0.1014,50.4693,50.1145,50.2919,1
LINE-D,2026-07-01T07:20:00,50.0274,0.0824,50.4693,50.1145,50.2919,1
LINE-D,2026-07-01T08:40:00,50.0328,0.0986,50.4693,50.1145,50.2919,1
LINE-D,2026-07-01T10:00:00,50.0013,0.134,50.4693,50.1145,50.2919,1
LINE-D,2026-07-01T10:40:00,50.0494,0.1059,50.4693,50.1145,50.2919,1
LINE-D,2026-07-01T12:00:00,50.0544,0.1317,50.4693,50.1145,50.2919,1
LINE-D,2026-07-01T13:20:00,50.0681,0.1756,50.4693,50.1145,50.2919,1
LINE-D,2026-07-01T14:00:00,50.0874,0.1341,50.4693,50.1145,50.2919,1
LINE-D,2026-07-01T15:20:00,50.0462,0.027,50.4693,50.1145,50.2919,1
LINE-D,2026-07-01T16:40:00,50.0934,0.2469,50.4693,50.1145,50.2919,1
LINE-D,2026-07-01T17:20:00,50.106,0.1489,50.4693,50.1145,50.2919,1
LINE-D,2026-07-01T18:40:00,50.0418,0.1067,50.4693,50.1145,50.2919,1
LINE-D,2026-07-01T20:00:00,50.0566,0.1604,50.4693,50.1145,50.2919,1
LINE-D,2026-07-01T20:40:00,50.0644,0.1632,50.4693,50.1145,50.2919,1
LINE-D,2026-07-01T22:00:00,50.0504,0.1337,50.4693,50.1145,50.2919,1
LINE-D,2026-07-01T23:20:00,50.0643,0.2402,50.4693,50.1145,50.2919,1
LINE-D,2026-07-02T00:00:00,50.0703,0.1499,50.4693,50.1145,50.2919,1
LINE-D,2026-07-02T01:20:00,50.0835,0.1258,50.4693,50.1145,50.2919,1
LINE-D,2026-07-02T02:40:00,50.1217,0.0992,50.4693,50.1145,50.2919,0
LINE-D,2026-07-02T03:20:00,50.0538,0.0656,50.4693,50.1145,50.2919,1
LINE-D,2026-07-02T04:40:00,50.1078,0.1138,50.4693,50.1145,50.2919,1
LINE-D,2026-07-02T06:00:00,50.063,0.1963,50.4693,50.1145,50.2919,1
LINE-D,2026-07-02T06:40:00,50.0661,0.1146,50.4693,50.1145,50.2919,1
LINE-D,2026-07-02T08:00:00,50.0693,0.2106,50.4693,50.1145,50.2919,1
LINE-D,2026-07-02T09:20:00,50.1068,0.1638,50.4693,50.1145,50.2919,1
LINE-D,2026-07-02T10:00:00,50.1153,0.2081,50.4693,50.1145,50.2919,0
LINE-D,2026-07-02T11:20:00,50.0775,0.1474,50.4693,50.1145,50.2919,1
LINE-D,2026-07-02T12:40:00,50.1094,0.0794,50.4693,50.1145,50.2919,1
LINE-D,2026-07-02T13:20:00,50.1165,0.1328,50.4693,50.1145,50.2919,0
LINE-D,2026-07-02T14:40:00,50.1291,0.1315,50.4693,50.1145,50.2919,0
LINE-D,2026-07-02T16:00:00,50.1631,0.149,50.4693,50.1145,50.2919,0
LINE-D,2026-07-02T16:40:00,50.1449,0.1823,50.4693,50.1145,50.2919,0
LINE-D,2026-07-02T18:00:00,50.125,0.1055,50.4693,50.1145,50.2919,0
LINE-D,2026-07-02T19:20:00,50.1755,0.0663,50.4693,50.1145,50.2919,0
LINE-D,2026-07-02T20:00:00,50.1104,0.0824,50.4693,50.1145,50.2919,1
LINE-D,2026-07-02T21:20:00,50.1627,0.193,50.4693,50.1145,50.2919,0
LINE-D,2026-07-02T22:40:00,50.203,0.1328,50.4693,50.1145,50.2919,0
LINE-D,2026-07-02T23:20:00,50.1263,0.0924,50.4693,50.1145,50.2919,0
LINE-D,2026-07-03T00:40:00,50.1102,0.0636,50.4693,50.1145,50.2919,1
LINE-D,2026-07-03T02:00:00,50.1794,0.0944,50.4693,50.1145,50.2919,0
LINE-D,2026-07-03T02:40:00,50.1744,0.0918,50.4693,50.1145,50.2919,0
LINE-D,2026-07-03T04:00:00,50.1725,0.1105,50.4693,50.1145,50.2919,0
LINE-D,2026-07-03T05:20:00,50.1767,0.0674,50.4693,50.1145,50.2919,0
LINE-D,2026-07-03T06:00:00,50.1572,0.1199,50.4693,50.1145,50.2919,0
LINE-D,2026-07-03T07:20:00,50.1744,0.1756,50.4693,50.1145,50.2919,0
LINE-D,2026-07-03T08:40:00,50.1544,0.0946,50.4693,50.1145,50.2919,0
LINE-D,2026-07-03T09:20:00,50.169,0.0471,50.4693,50.1145,50.2919,0
LINE-D,2026-07-03T10:40:00,50.1307,0.1321,50.4693,50.1145,50.2919,0
LINE-D,2026-07-03T12:00:00,50.1805,0.083,50.4693,50.1145,50.2919,0
LINE-D,2026-07-03T12:40:00,50.1705,0.0881,50.4693,50.1145,50.2919,0
LINE-D,2026-07-03T14:00:00,50.2147,0.1543,50.4693,50.1145,50.2919,0
LINE-D,2026-07-03T15:20:00,50.1969,0.0657,50.4693,50.1145,50.2919,0
LINE-D,2026-07-03T16:00:00,50.1681,0.1031,50.4693,50.1145,50.2919,0
LINE-D,2026-07-03T17:20:00,50.1685,0.1976,50.4693,50.1145,50.2919,0
LINE-D,2026-07-03T18:40:00,50.2321,0.2209,50.4693,50.1145,50.2919,0
LINE-D,2026-07-03T19:20:00,50.2015,0.0862,50.4693,50.1145,50.2919,0
LINE-D,2026-07-03T20:40:00,50.217,0.1627,50.4693,50.1145,50.2919,0
LINE-D,2026-07-03T22:00:00,50.2452,0.1116,50.4693,50.1145,50.2919,0
LINE-D,2026-07-03T22:40:00,50.199,0.226,50.4693,50.1145,50.2919,0
LINE-D,2026-07-04T00:00:00,50.2349,0.0879,50.4693,50.1145,50.2919,0
LINE-D,2026-07-04T01:20:00,50.2363,0.1349,50.4693,50.1145,50.2919,0
LINE-D,2026-07-04T02:00:00,50.1931,0.1869,50.4693,50.1145,50.2919,0
LINE-D,2026-07-04T03:20:00,50.1712,0.0979,50.4693,50.1145,50.2919,0
LINE-D,2026-07-04T04:40:00,50.21,0.1634,50.4693,50.1145,50.2919,0
LINE-D,2026-07-04T05:20:00,50.2671,0.1242,50.4693,50.1145,50.2919,0
LINE-D,2026-07-04T06:40:00,50.2575,0.194,50.4693,50.1145,50.2919,0
LINE-D,2026-07-04T08:00:00,50.2365,0.109,50.4693,50.1145,50.2919,0
LINE-D,2026-07-04T08:40:00,50.2631,0.1469,50.4693,50.1145,50.2919,0
LINE-D,2026-07-04T10:00:00,50.2201,0.1163,50.4693,50.1145,50.2919,0
LINE-D,2026-07-04T11:20:00,50.291,0.0669,50.4693,50.1145,50.2919,0
LINE-D,2026-07-04T12:00:00,50.265,0.1246,50.4693,50.1145,50.2919,0
LINE-D,2026-07-04T13:20:00,50.2513,0.1943,50.4693,50.1145,50.2919,0
LINE-D,2026-07-04T14:40:00,50.2838,0.1447,50.4693,50.1145,50.2919,0
LINE-D,2026-07-04T15:20:00,50.2479,0.1214,50.4693,50.1145,50.2919,0
LINE-D,2026-07-04T16:40:00,50.2549,0.1792,50.4693,50.1145,50.2919,0
LINE-D,2026-07-04T18:00:00,50.2849,0.09,50.4693,50.1145,50.2919,0
LINE-D,2026-07-04T18:40:00,50.2874,0.1033,50.4693,50.1145,50.2919,0
LINE-D,2026-07-04T20:00:00,50.2573,0.0916,50.4693,50.1145,50.2919,0
LINE-D,2026-07-04T21:20:00,50.2836,0.1732,50.4693,50.1145,50.2919,0
LINE-D,2026-07-04T22:00:00,50.2455,0.116,50.4693,50.1145,50.2919,0
LINE-D,2026-07-04T23:20:00,50.2732,0.166,50.4693,50.1145,50.2919,0
LINE-D,2026-07-05T00:40:00,50.3256,0.2105,50.4693,50.1145,50.2919,0
LINE-D,2026-07-05T01:20:00,50.2689,0.1842,50.4693,50.1145,50.2919,0
LINE-D,2026-07-05T02:40:00,50.3358,0.0736,50.4693,50.1145,50.2919,0
LINE-D,2026-07-05T04:00:00,50.3343,0.1744,50.4693,50.1145,50.2919,0
LINE-D,2026-07-05T04:40:00,50.2735,0.1478,50.4693,50.1145,50.2919,0
LINE-D,2026-07-05T06:00:00,50.2972,0.0678,50.4693,50.1145,50.2919,0
LINE-D,2026-07-05T07:20:00,50.3272,0.0689,50.4693,50.1145,50.2919,0
LINE-D,2026-07-05T08:00:00,50.3165,0.2428,50.4693,50.1145,50.2919,0
LINE-D,2026-07-05T09:20:00,50.3022,0.0825,50.4693,50.1145,50.2919,0
LINE-D,2026-07-05T10:40:00,50.3305,0.1848,50.4693,50.1145,50.2919,0
LINE-D,2026-07-05T11:20:00,50.3113,0.0662,50.4693,50.1145,50.2919,0
LINE-D,2026-07-05T12:40:00,50.354,0.1387,50.4693,50.1145,50.2919,0
LINE-D,2026-07-05T14:00:00,50.3739,0.0817,50.4693,50.1145,50.2919,0
LINE-D,2026-07-05T14:40:00,50.3474,0.1586,50.4693,50.1145,50.2919,0
LINE-D,2026-07-05T16:00:00,50.3014,0.1547,50.4693,50.1145,50.2919,0
LINE-D,2026-07-05T17:20:00,50.3005,0.1354,50.4693,50.1145,50.2919,0
LINE-D,2026-07-05T18:00:00,50.3247,0.1629,50.4693,50.1145,50.2919,0
LINE-D,2026-07-05T19:20:00,50.358,0.212,50.4693,50.1145,50.2919,0
LINE-D,2026-07-05T20:40:00,50.3554,0.1816,50.4693,50.1145,50.2919,0
LINE-D,2026-07-05T21:20:00,50.3321,0.0656,50.4693,50.1145,50.2919,0
LINE-D,2026-07-05T22:40:00,50.3299,0.2006,50.4693,50.1145,50.2919,0
LINE-D,2026-07-06T00:00:00,50.3687,0.1986,50.4693,50.1145,50.2919,0
LINE-D,2026-07-06T00:40:00,50.3569,0.1632,50.4693,50.1145,50.2919,0
LINE-D,2026-07-06T02:00:00,50.3362,0.1582,50.4693,50.1145,50.2919,0
LINE-D,2026-07-06T03:20:00,50.3934,0.0933,50.4693,50.1145,50.2919,0
LINE-D,2026-07-06T04:00:00,50.3144,0.1156,50.4693,50.1145,50.2919,0
LINE-D,2026-07-06T05:20:00,50.3738,0.2306,50.4693,50.1145,50.2919,0
LINE-D,2026-07-06T06:40:00,50.4207,0.1039,50.4693,50.1145,50.2919,0
LINE-D,2026-07-06T07:20:00,50.3665,0.1307,50.4693,50.1145,50.2919,0
LINE-D,2026-07-06T08:40:00,50.3943,0.1099,50.4693,50.1145,50.2919,0
LINE-D,2026-07-06T10:00:00,50.3971,0.1367,50.4693,50.1145,50.2919,0
LINE-D,2026-07-06T10:40:00,50.3963,0.1208,50.4693,50.1145,50.2919,0
LINE-D,2026-07-06T12:00:00,50.3732,0.1332,50.4693,50.1145,50.2919,0
LINE-D,2026-07-06T13:20:00,50.4224,0.1666,50.4693,50.1145,50.2919,0
LINE-D,2026-07-06T14:00:00,50.3881,0.1867,50.4693,50.1145,50.2919,0
LINE-D,2026-07-06T15:20:00,50.4114,0.1015,50.4693,50.1145,50.2919,0
LINE-D,2026-07-06T16:40:00,50.4368,0.1438,50.4693,50.1145,50.2919,0
LINE-D,2026-07-06T17:20:00,50.398,0.175,50.4693,50.1145,50.2919,0
LINE-D,2026-07-06T18:40:00,50.4319,0.0992,50.4693,50.1145,50.2919,0
LINE-D,2026-07-06T20:00:00,50.4515,0.1401,50.4693,50.1145,50.2919,0
LINE-D,2026-07-06T20:40:00,50.3652,0.1298,50.4693,50.1145,50.2919,0
LINE-D,2026-07-06T22:00:00,50.4181,0.1292,50.4693,50.1145,50.2919,0
LINE-D,2026-07-06T23:20:00,50.4715,0.0772,50.4693,50.1145,50.2919,1
LINE-D,2026-07-07T00:00:00,50.4416,0.1883,50.4693,50.1145,50.2919,0
LINE-D,2026-07-07T01:20:00,50.4083,0.2139,50.4693,50.1145,50.2919,0
LINE-D,2026-07-07T02:40:00,50.4507,0.0516,50.4693,50.1145,50.2919,0
LINE-D,2026-07-07T03:20:00,50.4622,0.179,50.4693,50.1145,50.2919,0
LINE-D,2026-07-07T04:40:00,50.4301,0.1966,50.4693,50.1145,50.2919,0
LINE-D,2026-07-07T06:00:00,50.4666,0.0691,50.4693,50.1145,50.2919,0
LINE-D,2026-07-07T06:40:00,50.4208,0.1123,50.4693,50.1145,50.2919,0
LINE-D,2026-07-07T08:00:00,50.4712,0.2029,50.4693,50.1145,50.2919,1
LINE-D,2026-07-07T09:20:00,50.4974,0.1355,50.4693,50.1145,50.2919,1
LINE-D,2026-07-07T10:00:00,50.4269,0.1386,50.4693,50.1145,50.2919,0
LINE-D,2026-07-07T11:20:00,50.4511,0.1808,50.4693,50.1145,50.2919,0
LINE-D,2026-07-07T12:40:00,50.498,0.1309,50.4693,50.1145,50.2919,1
LINE-D,2026-07-07T13:20:00,50.4546,0.0736,50.4693,50.1145,50.2919,0
LINE-D,2026-07-07T14:40:00,50.5103,0.1878,50.4693,50.1145,50.2919,1
LINE-D,2026-07-07T16:00:00,50.5078,0.1917,50.4693,50.1145,50.2919,1
LINE-D,2026-07-07T16:40:00,50.5167,0.1716,50.4693,50.1145,50.2919,1
LINE-D,2026-07-07T18:00:00,50.5116,0.1554,50.4693,50.1145,50.2919,1
LINE-D,2026-07-07T19:20:00,50.4581,0.1815,50.4693,50.1145,50.2919,0
LINE-D,2026-07-07T20:00:00,50.4864,0.2134,50.4693,50.1145,50.2919,1
LINE-D,2026-07-07T21:20:00,50.5074,0.1552,50.4693,50.1145,50.2919,1
LINE-D,2026-07-07T22:40:00,50.5533,0.1075,50.4693,50.1145,50.2919,1
LINE-D,2026-07-07T23:20:00,50.4827,0.1453,50.4693,50.1145,50.2919,1
LINE-D,2026-07-08T00:40:00,50.5232,0.1826,50.4693,50.1145,50.2919,1
LINE-D,2026-07-08T02:00:00,50.5282,0.1108,50.4693,50.1145,50.2919,1
LINE-D,2026-07-08T02:40:00,50.504,0.0814,50.4693,50.1145,50.2919,1
LINE-D,2026-07-08T04:00:00,50.5235,0.1777,50.4693,50.1145,50.2919,1
LINE-D,2026-07-08T05:20:00,50.5086,0.2432,50.4693,50.1145,50.2919,1
LINE-D,2026-07-08T06:00:00,50.5211,0.1577,50.4693,50.1145,50.2919,1
LINE-D,2026-07-08T07:20:00,50.5315,0.2306,50.4693,50.1145,50.2919,1
LINE-D,2026-07-08T08:40:00,50.5195,0.1182,50.4693,50.1145,50.2919,1
LINE-D,2026-07-08T09:20:00,50.5628,0.1139,50.4693,50.1145,50.2919,1
LINE-D,2026-07-08T10:40:00,50.595,0.1808,50.4693,50.1145,50.2919,1
LINE-D,2026-07-08T12:00:00,50.5874,0.156,50.4693,50.1145,50.2919,1
LINE-D,2026-07-08T12:40:00,50.5385,0.1433,50.4693,50.1145,50.2919,1
LINE-D,2026-07-08T14:00:00,50.5558,0.1295,50.4693,50.1145,50.2919,1
LINE-D,2026-07-08T15:20:00,50.5556,0.1535,50.4693,50.1145,50.2919,1
LINE-D,2026-07-08T16:00:00,50.5403,0.088,50.4693,50.1145,50.2919,1
LINE-D,2026-07-08T17:20:00,50.364,0.657,50.4693,50.1145,50.2919,0
LINE-D,2026-07-08T18:40:00,50.3437,0.6328,50.4693,50.1145,50.2919,0
LINE-D,2026-07-08T19:20:00,50.4366,0.5742,50.4693,50.1145,50.2919,0
LINE-D,2026-07-08T20:40:00,50.3148,0.5811,50.4693,50.1145,50.2919,0
LINE-D,2026-07-08T22:00:00,50.3994,0.569,50.4693,50.1145,50.2919,0
LINE-D,2026-07-08T22:40:00,50.4324,0.659,50.4693,50.1145,50.2919,0
LINE-D,2026-07-09T00:00:00,50.3346,0.4705,50.4693,50.1145,50.2919,0
LINE-D,2026-07-09T01:20:00,50.3563,0.6703,50.4693,50.1145,50.2919,0
LINE-D,2026-07-09T02:00:00,50.3203,0.4813,50.4693,50.1145,50.2919,0
LINE-D,2026-07-09T03:20:00,50.176,0.5218,50.4693,50.1145,50.2919,0
LINE-D,2026-07-09T04:40:00,50.1482,0.5174,50.4693,50.1145,50.2919,0
LINE-D,2026-07-09T05:20:00,50.1961,0.4952,50.4693,50.1145,50.2919,0
LINE-D,2026-07-09T06:40:00,50.2812,0.4681,50.4693,50.1145,50.2919,0
LINE-D,2026-07-09T08:00:00,50.1507,0.582,50.4693,50.1145,50.2919,0
LINE-D,2026-07-09T08:40:00,50.1862,0.6313,50.4693,50.1145,50.2919,0
LINE-D,2026-07-09T10:00:00,50.2057,0.5987,50.4693,50.1145,50.2919,0
LINE-D,2026-07-09T11:20:00,50.1571,0.5596,50.4693,50.1145,50.2919,0
LINE-D,2026-07-09T12:00:00,50.2585,0.5732,50.4693,50.1145,50.2919,0
LINE-D,2026-07-09T13:20:00,50.2367,0.5406,50.4693,50.1145,50.2919,0
LINE-D,2026-07-09T14:40:00,50.1414,0.5222,50.4693,50.1145,50.2919,0
LINE-D,2026-07-09T15:20:00,50.2596,0.6007,50.4693,50.1145,50.2919,0
LINE-D,2026-07-09T16:40:00,50.2059,0.5067,50.4693,50.1145,50.2919,0
LINE-D,2026-07-09T18:00:00,50.1318,0.6513,50.4693,50.1145,50.2919,0
LINE-D,2026-07-09T18:40:00,50.2832,0.6187,50.4693,50.1145,50.2919,0
LINE-D,2026-07-09T20:00:00,50.2302,0.48,50.4693,50.1145,50.2919,0
LINE-D,2026-07-09T21:20:00,50.1656,0.5738,50.4693,50.1145,50.2919,0
LINE-D,2026-07-09T22:00:00,50.2774,0.5181,50.4693,50.1145,50.2919,0
LINE-D,2026-07-09T23:20:00,50.2898,0.6678,50.4693,50.1145,50.2919,0
LINE-D,2026-07-10T00:40:00,50.1841,0.5444,50.4693,50.1145,50.2919,0
LINE-D,2026-07-10T01:20:00,50.3014,0.6549,50.4693,50.1145,50.2919,0
LINE-D,2026-07-10T02:40:00,50.2428,0.6384,50.4693,50.1145,50.2919,0
LINE-D,2026-07-10T04:00:00,50.1338,0.5909,50.4693,50.1145,50.2919,0
LINE-D,2026-07-10T04:40:00,50.1553,0.6232,50.4693,50.1145,50.2919,0
LINE-D,2026-07-10T06:00:00,50.0631,0.1272,50.4693,50.1145,50.2919,1
LINE-D,2026-07-10T07:20:00,50.0233,0.0357,50.4693,50.1145,50.2919,1
LINE-D,2026-07-10T08:00:00,50.0504,0.1563,50.4693,50.1145,50.2919,1
LINE-D,2026-07-10T09:20:00,50.0462,0.0858,50.4693,50.1145,50.2919,1
LINE-D,2026-07-10T10:40:00,50.0949,0.1829,50.4693,50.1145,50.2919,1
LINE-D,2026-07-10T11:20:00,50.0658,0.0725,50.4693,50.1145,50.2919,1
LINE-D,2026-07-10T12:40:00,50.0911,0.109,50.4693,50.1145,50.2919,1
LINE-D,2026-07-10T14:00:00,50.1074,0.1094,50.4693,50.1145,50.2919,1
LINE-D,2026-07-10T14:40:00,50.0857,0.1828,50.4693,50.1145,50.2919,1
LINE-D,2026-07-10T16:00:00,50.093,0.1433,50.4693,50.1145,50.2919,1
LINE-D,2026-07-10T17:20:00,50.0682,0.1455,50.4693,50.1145,50.2919,1
LINE-D,2026-07-10T18:00:00,50.044,0.1333,50.4693,50.1145,50.2919,1
LINE-D,2026-07-10T19:20:00,50.0776,0.1905,50.4693,50.1145,50.2919,1
LINE-D,2026-07-10T20:40:00,50.0767,0.0765,50.4693,50.1145,50.2919,1
LINE-D,2026-07-10T21:20:00,50.0467,0.2258,50.4693,50.1145,50.2919,1
LINE-D,2026-07-10T22:40:00,50.0519,0.1195,50.4693,50.1145,50.2919,1
LINE-D,2026-07-11T00:00:00,50.0866,0.0491,50.4693,50.1145,50.2919,1
LINE-D,2026-07-11T00:40:00,50.1182,0.1636,50.4693,50.1145,50.2919,0
LINE-D,2026-07-11T02:00:00,50.0916,0.1519,50.4693,50.1145,50.2919,1
LINE-D,2026-07-11T03:20:00,50.1158,0.1539,50.4693,50.1145,50.2919,0
LINE-D,2026-07-11T04:00:00,50.0811,0.1229,50.4693,50.1145,50.2919,1
LINE-D,2026-07-11T05:20:00,50.0879,0.1814,50.4693,50.1145,50.2919,1
LINE-D,2026-07-11T06:40:00,50.0916,0.1307,50.4693,50.1145,50.2919,1
LINE-D,2026-07-11T07:20:00,50.0707,0.1921,50.4693,50.1145,50.2919,1
LINE-D,2026-07-11T08:40:00,50.1024,0.167,50.4693,50.1145,50.2919,1
LINE-D,2026-07-11T10:00:00,50.1255,0.1629,50.4693,50.1145,50.2919,0
LINE-D,2026-07-11T10:40:00,50.0948,0.1905,50.4693,50.1145,50.2919,1
LINE-D,2026-07-11T12:00:00,50.1054,0.1242,50.4693,50.1145,50.2919,1
LINE-D,2026-07-11T13:20:00,50.1095,0.1254,50.4693,50.1145,50.2919,1
LINE-D,2026-07-11T14:00:00,50.0707,0.1254,50.4693,50.1145,50.2919,1
LINE-D,2026-07-11T15:20:00,50.1058,0.127,50.4693,50.1145,50.2919,1
LINE-D,2026-07-11T16:40:00,50.1219,0.0742,50.4693,50.1145,50.2919,0
LINE-D,2026-07-11T17:20:00,50.087,0.1789,50.4693,50.1145,50.2919,1
LINE-D,2026-07-11T18:40:00,50.1236,0.1763,50.4693,50.1145,50.2919,0
LINE-D,2026-07-11T20:00:00,50.1388,0.1058,50.4693,50.1145,50.2919,0
LINE-D,2026-07-11T20:40:00,50.0921,0.1039,50.4693,50.1145,50.2919,1
LINE-D,2026-07-11T22:00:00,50.109,0.1404,50.4693,50.1145,50.2919,1
LINE-D,2026-07-11T23:20:00,50.1249,0.1608,50.4693,50.1145,50.2919,0
LINE-D,2026-07-12T00:00:00,50.1014,0.0841,50.4693,50.1145,50.2919,1
LINE-D,2026-07-12T01:20:00,50.135,0.2386,50.4693,50.1145,50.2919,0
LINE-D,2026-07-12T02:40:00,50.1003,0.1365,50.4693,50.1145,50.2919,1
LINE-D,2026-07-12T03:20:00,50.1032,0.104,50.4693,50.1145,50.2919,1
LINE-D,2026-07-12T04:40:00,50.1577,0.2168,50.4693,50.1145,50.2919,0
LINE-D,2026-07-12T06:00:00,50.0953,0.0606,50.4693,50.1145,50.2919,1
LINE-D,2026-07-12T06:40:00,50.1172,0.1221,50.4693,50.1145,50.2919,0
LINE-D,2026-07-12T08:00:00,50.12,0.1311,50.4693,50.1145,50.2919,0
LINE-D,2026-07-12T09:20:00,50.1563,0.0537,50.4693,50.1145,50.2919,0
LINE-D,2026-07-12T10:00:00,50.0978,0.1705,50.4693,50.1145,50.2919,1
LINE-D,2026-07-12T11:20:00,50.1259,0.2107,50.4693,50.1145,50.2919,0
LINE-D,2026-07-12T12:40:00,50.1789,0.0976,50.4693,50.1145,50.2919,0
LINE-D,2026-07-12T13:20:00,50.1238,0.2158,50.4693,50.1145,50.2919,0
LINE-D,2026-07-12T14:40:00,50.1353,0.1013,50.4693,50.1145,50.2919,0
LINE-D,2026-07-12T16:00:00,50.1827,0.1352,50.4693,50.1145,50.2919,0
LINE-D,2026-07-12T16:40:00,50.1416,0.0951,50.4693,50.1145,50.2919,0
LINE-D,2026-07-12T18:00:00,50.1848,0.2149,50.4693,50.1145,50.2919,0
LINE-D,2026-07-12T19:20:00,50.123,0.1539,50.4693,50.1145,50.2919,0
LINE-D,2026-07-12T20:00:00,50.1398,0.1322,50.4693,50.1145,50.2919,0
LINE-D,2026-07-12T21:20:00,50.1577,0.2159,50.4693,50.1145,50.2919,0
LINE-D,2026-07-12T22:40:00,50.1874,0.1883,50.4693,50.1145,50.2919,0
LINE-D,2026-07-12T23:20:00,50.17,0.1362,50.4693,50.1145,50.2919,0
LINE-D,2026-07-13T00:40:00,50.1675,0.2403,50.4693,50.1145,50.2919,0
LINE-D,2026-07-13T02:00:00,50.1995,0.2247,50.4693,50.1145,50.2919,0
LINE-D,2026-07-13T02:40:00,50.1868,0.1313,50.4693,50.1145,50.2919,0
LINE-D,2026-07-13T04:00:00,50.1834,0.2697,50.4693,50.1145,50.2919,0
LINE-D,2026-07-13T05:20:00,50.2638,0.2246,50.4693,50.1145,50.2919,0
LINE-D,2026-07-13T06:00:00,50.1294,0.1803,50.4693,50.1145,50.2919,0
LINE-D,2026-07-13T07:20:00,50.1679,0.2142,50.4693,50.1145,50.2919,0
LINE-D,2026-07-13T08:40:00,50.1709,0.1104,50.4693,50.1145,50.2919,0
LINE-D,2026-07-13T09:20:00,50.1736,0.2078,50.4693,50.1145,50.2919,0
LINE-D,2026-07-13T10:40:00,50.1982,0.159,50.4693,50.1145,50.2919,0
LINE-D,2026-07-13T12:00:00,50.2251,0.1969,50.4693,50.1145,50.2919,0
LINE-D,2026-07-13T12:40:00,50.1819,0.0486,50.4693,50.1145,50.2919,0
LINE-D,2026-07-13T14:00:00,50.1744,0.22,50.4693,50.1145,50.2919,0
LINE-D,2026-07-13T15:20:00,50.2064,0.146,50.4693,50.1145,50.2919,0
LINE-D,2026-07-13T16:00:00,50.2045,0.1929,50.4693,50.1145,50.2919,0
LINE-D,2026-07-13T17:20:00,50.1775,0.1569,50.4693,50.1145,50.2919,0
LINE-D,2026-07-13T18:40:00,50.2542,0.2048,50.4693,50.1145,50.2919,0
LINE-D,2026-07-13T19:20:00,50.2044,0.1425,50.4693,50.1145,50.2919,0
LINE-D,2026-07-13T20:40:00,50.1611,0.2155,50.4693,50.1145,50.2919,0
LINE-D,2026-07-13T22:00:00,50.2194,0.2671,50.4693,50.1145,50.2919,0
LINE-D,2026-07-13T22:40:00,50.1918,0.261,50.4693,50.1145,50.2919,0
LINE-D,2026-07-14T00:00:00,50.1899,0.1946,50.4693,50.1145,50.2919,0
LINE-D,2026-07-14T01:20:00,50.2228,0.1095,50.4693,50.1145,50.2919,0
LINE-D,2026-07-14T02:00:00,50.2193,0.1408,50.4693,50.1145,50.2919,0
LINE-D,2026-07-14T03:20:00,50.1976,0.1684,50.4693,50.1145,50.2919,0
LINE-D,2026-07-14T04:40:00,50.2319,0.2493,50.4693,50.1145,50.2919,0
LINE-D,2026-07-14T05:20:00,50.1849,0.2469,50.4693,50.1145,50.2919,0
LINE-D,2026-07-14T06:40:00,50.1725,0.2236,50.4693,50.1145,50.2919,0
LINE-D,2026-07-14T08:00:00,50.2166,0.1828,50.4693,50.1145,50.2919,0
LINE-D,2026-07-14T08:40:00,50.2116,0.2451,50.4693,50.1145,50.2919,0
LINE-D,2026-07-14T10:00:00,50.2161,0.0767,50.4693,50.1145,50.2919,0
LINE-D,2026-07-14T11:20:00,50.2274,0.0929,50.4693,50.1145,50.2919,0
LINE-D,2026-07-14T12:00:00,50.1995,0.2041,50.4693,50.1145,50.2919,0
LINE-D,2026-07-14T13:20:00,50.2028,0.2746,50.4693,50.1145,50.2919,0
LINE-D,2026-07-14T14:40:00,50.217,0.2213,50.4693,50.1145,50.2919,0
LINE-D,2026-07-14T15:20:00,50.1654,0.1641,50.4693,50.1145,50.2919,0
LINE-D,2026-07-14T16:40:00,50.2277,0.2218,50.4693,50.1145,50.2919,0
LINE-D,2026-07-14T18:00:00,50.2692,0.2147,50.4693,50.1145,50.2919,0
LINE-D,2026-07-14T18:40:00,50.2422,0.2271,50.4693,50.1145,50.2919,0
LINE-D,2026-07-14T20:00:00,50.2272,0.284,50.4693,50.1145,50.2919,0
LINE-D,2026-07-14T21:20:00,50.2364,0.1614,50.4693,50.1145,50.2919,0
LINE-D,2026-07-14T22:00:00,50.2054,0.2666,50.4693,50.1145,50.2919,0
LINE-D,2026-07-14T23:20:00,50.2389,0.1473,50.4693,50.1145,50.2919,0
LINE-D,2026-07-15T00:40:00,50.2419,0.2204,50.4693,50.1145,50.2919,0
LINE-D,2026-07-15T01:20:00,50.2558,0.1847,50.4693,50.1145,50.2919,0
LINE-D,2026-07-15T02:40:00,50.2419,0.2009,50.4693,50.1145,50.2919,0
LINE-D,2026-07-15T04:00:00,50.2768,0.1459,50.4693,50.1145,50.2919,0
LINE-D,2026-07-15T04:40:00,50.2549,0.1735,50.4693,50.1145,50.2919,0
LINE-D,2026-07-15T06:00:00,50.2868,0.2058,50.4693,50.1145,50.2919,0
LINE-D,2026-07-15T07:20:00,50.2568,0.2235,50.4693,50.1145,50.2919,0
LINE-D,2026-07-15T08:00:00,50.2402,0.318,50.4693,50.1145,50.2919,0
LINE-D,2026-07-15T09:20:00,50.2564,0.1894,50.4693,50.1145,50.2919,0
LINE-D,2026-07-15T10:40:00,50.3121,0.2326,50.4693,50.1145,50.2919,0
LINE-D,2026-07-15T11:20:00,50.2638,0.2305,50.4693,50.1145,50.2919,0
LINE-D,2026-07-15T12:40:00,50.2495,0.1687,50.4693,50.1145,50.2919,0
LINE-D,2026-07-15T14:00:00,50.2885,0.2365,50.4693,50.1145,50.2919,0
LINE-D,2026-07-15T14:40:00,50.2841,0.1928,50.4693,50.1145,50.2919,0
LINE-D,2026-07-15T16:00:00,50.2803,0.1459,50.4693,50.1145,50.2919,0
LINE-D,2026-07-15T17:20:00,50.3036,0.2561,50.4693,50.1145,50.2919,0
LINE-D,2026-07-15T18:00:00,50.2728,0.2158,50.4693,50.1145,50.2919,0
LINE-D,2026-07-15T19:20:00,50.2869,0.2115,50.4693,50.1145,50.2919,0
LINE-D,2026-07-15T20:40:00,50.3128,0.1951,50.4693,50.1145,50.2919,0
LINE-D,2026-07-15T21:20:00,50.2613,0.1977,50.4693,50.1145,50.2919,0
LINE-D,2026-07-15T22:40:00,50.3124,0.185,50.4693,50.1145,50.2919,0
LINE-D,2026-07-16T00:00:00,50.3166,0.1152,50.4693,50.1145,50.2919,0
LINE-D,2026-07-16T00:40:00,50.2749,0.1786,50.4693,50.1145,50.2919,0
LINE-D,2026-07-16T02:00:00,50.2833,0.2225,50.4693,50.1145,50.2919,0
LINE-D,2026-07-16T03:20:00,50.3356,0.2276,50.4693,50.1145,50.2919,0
LINE-D,2026-07-16T04:00:00,50.2767,0.1317,50.4693,50.1145,50.2919,0
LINE-D,2026-07-16T05:20:00,50.3028,0.1599,50.4693,50.1145,50.2919,0
LINE-D,2026-07-16T06:40:00,50.3559,0.2152,50.4693,50.1145,50.2919,0
LINE-D,2026-07-16T07:20:00,50.3311,0.2384,50.4693,50.1145,50.2919,0
LINE-D,2026-07-16T08:40:00,50.3229,0.231,50.4693,50.1145,50.2919,0
LINE-D,2026-07-16T10:00:00,50.355,0.1562,50.4693,50.1145,50.2919,0
LINE-D,2026-07-16T10:40:00,50.314,0.2305,50.4693,50.1145,50.2919,0
LINE-D,2026-07-16T12:00:00,50.2616,0.2384,50.4693,50.1145,50.2919,0
LINE-D,2026-07-16T13:20:00,50.349,0.254,50.4693,50.1145,50.2919,0
LINE-D,2026-07-16T14:00:00,50.2793,0.2139,50.4693,50.1145,50.2919,0
LINE-D,2026-07-16T15:20:00,50.2651,0.2546,50.4693,50.1145,50.2919,0
LINE-D,2026-07-16T16:40:00,50.3258,0.2543,50.4693,50.1145,50.2919,0
LINE-D,2026-07-16T17:20:00,50.2751,0.2866,50.4693,50.1145,50.2919,0
LINE-D,2026-07-16T18:40:00,50.3119,0.3276,50.4693,50.1145,50.2919,0
LINE-D,2026-07-16T20:00:00,50.3511,0.1336,50.4693,50.1145,50.2919,0
LINE-D,2026-07-16T20:40:00,50.3009,0.2699,50.4693,50.1145,50.2919,0
LINE-D,2026-07-16T22:00:00,50.2952,0.2416,50.4693,50.1145,50.2919,0
LINE-D,2026-07-16T23:20:00,50.351,0.2773,50.4693,50.1145,50.2919,0
LINE-D,2026-07-17T00:00:00,50.2831,0.3446,50.4693,50.1145,50.2919,0
LINE-D,2026-07-17T01:20:00,50.3045,0.1913,50.4693,50.1145,50.2919,0
LINE-D,2026-07-17T02:40:00,50.3041,0.1812,50.4693,50.1145,50.2919,0
LINE-D,2026-07-17T03:20:00,50.325,0.2448,50.4693,50.1145,50.2919,0
LINE-D,2026-07-17T04:40:00,50.3255,0.2366,50.4693,50.1145,50.2919,0
LINE-D,2026-07-17T06:00:00,50.3709,0.1465,50.4693,50.1145,50.2919,0
LINE-D,2026-07-17T06:40:00,50.3111,0.2024,50.4693,50.1145,50.2919,0
LINE-D,2026-07-17T08:00:00,50.3714,0.1234,50.4693,50.1145,50.2919,0
LINE-D,2026-07-17T09:20:00,50.3602,0.2099,50.4693,50.1145,50.2919,0
LINE-D,2026-07-17T10:00:00,50.3151,0.2909,50.4693,50.1145,50.2919,0
LINE-D,2026-07-17T11:20:00,50.3145,0.2691,50.4693,50.1145,50.2919,0
LINE-D,2026-07-17T12:40:00,50.406,0.2334,50.4693,50.1145,50.2919,0
LINE-D,2026-07-17T13:20:00,50.3089,0.2965,50.4693,50.1145,50.2919,0
LINE-D,2026-07-17T14:40:00,50.3172,0.1969,50.4693,50.1145,50.2919,0
LINE-D,2026-07-17T16:00:00,50.4319,0.1922,50.4693,50.1145,50.2919,0
LINE-D,2026-07-17T16:40:00,50.342,0.2834,50.4693,50.1145,50.2919,0
LINE-D,2026-07-17T18:00:00,50.3188,0.2944,50.4693,50.1145,50.2919,0
LINE-D,2026-07-17T19:20:00,50.3695,0.2171,50.4693,50.1145,50.2919,0
LINE-D,2026-07-17T20:00:00,50.3629,0.3689,50.4693,50.1145,50.2919,0
LINE-D,2026-07-17T21:20:00,50.4026,0.3387,50.4693,50.1145,50.2919,0
LINE-D,2026-07-17T22:40:00,50.3841,0.2436,50.4693,50.1145,50.2919,0
LINE-D,2026-07-17T23:20:00,50.3544,0.2657,50.4693,50.1145,50.2919,0
LINE-D,2026-07-18T00:40:00,50.3585,0.4245,50.4693,50.1145,50.2919,0
LINE-D,2026-07-18T02:00:00,50.4632,0.2816,50.4693,50.1145,50.2919,0
LINE-D,2026-07-18T02:40:00,50.3142,0.2108,50.4693,50.1145,50.2919,0
LINE-D,2026-07-18T04:00:00,50.3705,0.2274,50.4693,50.1145,50.2919,0
LINE-D,2026-07-18T05:20:00,50.3849,0.3016,50.4693,50.1145,50.2919,0
LINE-D,2026-07-18T06:00:00,50.3458,0.2751,50.4693,50.1145,50.2919,0
LINE-D,2026-07-18T07:20:00,50.3205,0.2563,50.4693,50.1145,50.2919,0
LINE-D,2026-07-18T08:40:00,50.4191,0.1383,50.4693,50.1145,50.2919,0
LINE-D,2026-07-18T09:20:00,50.3606,0.3022,50.4693,50.1145,50.2919,0
LINE-D,2026-07-18T10:40:00,50.3393,0.2967,50.4693,50.1145,50.2919,0
LINE-D,2026-07-18T12:00:00,50.4285,0.2593,50.4693,50.1145,50.2919,0
LINE-D,2026-07-18T12:40:00,50.4045,0.2286,50.4693,50.1145,50.2919,0
LINE-D,2026-07-18T14:00:00,50.3659,0.2964,50.4693,50.1145,50.2919,0
LINE-D,2026-07-18T15:20:00,50.4105,0.1436,50.4693,50.1145,50.2919,0
LINE-D,2026-07-18T16:00:00,50.3381,0.2132,50.4693,50.1145,50.2919,0
LINE-D,2026-07-18T17:20:00,50.3407,0.2134,50.4693,50.1145,50.2919,0
LINE-D,2026-07-18T18:40:00,50.4134,0.2515,50.4693,50.1145,50.2919,0
LINE-D,2026-07-18T19:20:00,50.3657,0.299,50.4693,50.1145,50.2919,0
LINE-D,2026-07-18T20:40:00,50.3786,0.3465,50.4693,50.1145,50.2919,0
LINE-D,2026-07-18T22:00:00,50.4345,0.3032,50.4693,50.1145,50.2919,0
LINE-D,2026-07-18T22:40:00,50.435,0.2987,50.4693,50.1145,50.2919,0
LINE-D,2026-07-19T00:00:00,50.3995,0.2945,50.4693,50.1145,50.2919,0
LINE-D,2026-07-19T01:20:00,50.4232,0.2819,50.4693,50.1145,50.2919,0
LINE-D,2026-07-19T02:00:00,50.4067,0.4061,50.4693,50.1145,50.2919,0
LINE-D,2026-07-19T03:20:00,50.4064,0.3282,50.4693,50.1145,50.2919,0
LINE-D,2026-07-19T04:40:00,50.4475,0.2141,50.4693,50.1145,50.2919,0
LINE-D,2026-07-19T05:20:00,50.439,0.3349,50.4693,50.1145,50.2919,0
LINE-D,2026-07-19T06:40:00,50.4025,0.2472,50.4693,50.1145,50.2919,0
LINE-D,2026-07-19T08:00:00,50.4403,0.3198,50.4693,50.1145,50.2919,0
LINE-D,2026-07-19T08:40:00,50.4835,0.4009,50.4693,50.1145,50.2919,1
LINE-D,2026-07-19T10:00:00,50.4402,0.3652,50.4693,50.1145,50.2919,0
LINE-D,2026-07-19T11:20:00,50.4588,0.3127,50.4693,50.1145,50.2919,0
LINE-D,2026-07-19T12:00:00,50.4394,0.3054,50.4693,50.1145,50.2919,0
LINE-D,2026-07-19T13:20:00,50.4453,0.2445,50.4693,50.1145,50.2919,0
LINE-D,2026-07-19T14:40:00,50.459,0.2802,50.4693,50.1145,50.2919,0
LINE-D,2026-07-19T15:20:00,50.4343,0.2307,50.4693,50.1145,50.2919,0
LINE-D,2026-07-19T16:40:00,50.4209,0.2732,50.4693,50.1145,50.2919,0
LINE-D,2026-07-19T18:00:00,50.4456,0.2952,50.4693,50.1145,50.2919,0
LINE-D,2026-07-19T18:40:00,50.4088,0.292,50.4693,50.1145,50.2919,0
LINE-D,2026-07-19T20:00:00,50.4358,0.3081,50.4693,50.1145,50.2919,0
LINE-D,2026-07-19T21:20:00,50.5199,0.2171,50.4693,50.1145,50.2919,1
LINE-D,2026-07-19T22:00:00,50.4594,0.3151,50.4693,50.1145,50.2919,0
LINE-D,2026-07-19T23:20:00,50.4422,0.2984,50.4693,50.1145,50.2919,0
LINE-D,2026-07-20T00:40:00,50.4757,0.2318,50.4693,50.1145,50.2919,1
LINE-D,2026-07-20T01:20:00,50.43,0.3126,50.4693,50.1145,50.2919,0
LINE-D,2026-07-20T02:40:00,50.4441,0.3403,50.4693,50.1145,50.2919,0
LINE-D,2026-07-20T04:00:00,50.4788,0.3426,50.4693,50.1145,50.2919,1
LINE-D,2026-07-20T04:40:00,50.4397,0.2835,50.4693,50.1145,50.2919,0
LINE-D,2026-07-20T06:00:00,50.4457,0.2374,50.4693,50.1145,50.2919,0
LINE-D,2026-07-20T07:20:00,50.5468,0.3844,50.4693,50.1145,50.2919,1
LINE-D,2026-07-20T08:00:00,50.4336,0.3371,50.4693,50.1145,50.2919,0
LINE-D,2026-07-20T09:20:00,50.4658,0.2729,50.4693,50.1145,50.2919,0
LINE-D,2026-07-20T10:40:00,50.5064,0.3323,50.4693,50.1145,50.2919,1
LINE-D,2026-07-20T11:20:00,50.4593,0.3014,50.4693,50.1145,50.2919,0
LINE-D,2026-07-20T12:40:00,50.4563,0.4139,50.4693,50.1145,50.2919,0
LINE-D,2026-07-20T14:00:00,50.4819,0.2057,50.4693,50.1145,50.2919,1
LINE-D,2026-07-20T14:40:00,50.4481,0.4202,50.4693,50.1145,50.2919,0
LINE-D,2026-07-20T16:00:00,50.4469,0.2331,50.4693,50.1145,50.2919,0
LINE-D,2026-07-20T17:20:00,50.5016,0.3764,50.4693,50.1145,50.2919,1
LINE-D,2026-07-20T18:00:00,50.4943,0.273,50.4693,50.1145,50.2919,1
LINE-D,2026-07-20T19:20:00,50.4777,0.392,50.4693,50.1145,50.2919,1
LINE-D,2026-07-20T20:40:00,50.5047,0.323,50.4693,50.1145,50.2919,1
LINE-D,2026-07-20T21:20:00,50.476,0.3767,50.4693,50.1145,50.2919,1
LINE-D,2026-07-20T22:40:00,50.4613,0.2865,50.4693,50.1145,50.2919,0
LINE-D,2026-07-21T00:00:00,50.5393,0.4158,50.4693,50.1145,50.2919,1
LINE-D,2026-07-21T00:40:00,50.4594,0.3149,50.4693,50.1145,50.2919,0
LINE-D,2026-07-21T02:00:00,50.4463,0.2973,50.4693,50.1145,50.2919,0
LINE-D,2026-07-21T03:20:00,50.5105,0.3079,50.4693,50.1145,50.2919,1
LINE-D,2026-07-21T04:00:00,50.5196,0.2503,50.4693,50.1145,50.2919,1
LINE-D,2026-07-21T05:20:00,50.4911,0.3121,50.4693,50.1145,50.2919,1
LINE-D,2026-07-21T06:40:00,50.4326,0.6254,50.4693,50.1145,50.2919,0
LINE-D,2026-07-21T07:20:00,50.2721,0.4681,50.4693,50.1145,50.2919,0
LINE-D,2026-07-21T08:40:00,50.3392,0.5959,50.4693,50.1145,50.2919,0
LINE-D,2026-07-21T10:00:00,50.3226,0.5232,50.4693,50.1145,50.2919,0
LINE-D,2026-07-21T10:40:00,50.2891,0.5773,50.4693,50.1145,50.2919,0
LINE-D,2026-07-21T12:00:00,50.3788,0.5532,50.4693,50.1145,50.2919,0
LINE-D,2026-07-21T13:20:00,50.2854,0.5004,50.4693,50.1145,50.2919,0
LINE-D,2026-07-21T14:00:00,50.2681,0.5357,50.4693,50.1145,50.2919,0
LINE-D,2026-07-21T15:20:00,50.3979,0.5261,50.4693,50.1145,50.2919,0
LINE-D,2026-07-21T16:40:00,50.3244,0.6321,50.4693,50.1145,50.2919,0
LINE-D,2026-07-21T17:20:00,50.3064,0.5736,50.4693,50.1145,50.2919,0
LINE-D,2026-07-21T18:40:00,50.4275,0.4635,50.4693,50.1145,50.2919,0
LINE-D,2026-07-21T20:00:00,50.3424,0.6151,50.4693,50.1145,50.2919,0
LINE-D,2026-07-21T20:40:00,50.2609,0.6158,50.4693,50.1145,50.2919,0
LINE-D,2026-07-21T22:00:00,50.2461,0.6108,50.4693,50.1145,50.2919,0
LINE-D,2026-07-21T23:20:00,50.1369,0.3628,50.4693,50.1145,50.2919,0
LINE-D,2026-07-22T00:00:00,50.2051,0.4047,50.4693,50.1145,50.2919,0
LINE-D,2026-07-22T01:20:00,50.1384,0.5346,50.4693,50.1145,50.2919,0
LINE-D,2026-07-22T02:40:00,50.1224,0.4798,50.4693,50.1145,50.2919,0
LINE-D,2026-07-22T03:20:00,50.1613,0.3325,50.4693,50.1145,50.2919,0
LINE-D,2026-07-22T04:40:00,50.1909,0.3722,50.4693,50.1145,50.2919,0
LINE-D,2026-07-22T06:00:00,50.1123,0.2844,50.4693,50.1145,50.2919,1
LINE-D,2026-07-22T06:40:00,50.1891,0.4036,50.4693,50.1145,50.2919,0
LINE-D,2026-07-22T08:00:00,50.1823,0.313,50.4693,50.1145,50.2919,0
LINE-D,2026-07-22T09:20:00,50.1288,0.2695,50.4693,50.1145,50.2919,0
LINE-D,2026-07-22T10:00:00,50.1759,0.4961,50.4693,50.1145,50.2919,0
LINE-D,2026-07-22T11:20:00,50.1754,0.3404,50.4693,50.1145,50.2919,0
LINE-D,2026-07-22T12:40:00,50.1108,0.352,50.4693,50.1145,50.2919,1
LINE-D,2026-07-22T13:20:00,50.2068,0.3195,50.4693,50.1145,50.2919,0
LINE-D,2026-07-22T14:40:00,50.2146,0.3773,50.4693,50.1145,50.2919,0
LINE-D,2026-07-22T16:00:00,50.1496,0.2891,50.4693,50.1145,50.2919,0
LINE-D,2026-07-22T16:40:00,50.2331,0.3421,50.4693,50.1145,50.2919,0
LINE-D,2026-07-22T18:00:00,50.2195,0.4505,50.4693,50.1145,50.2919,0
LINE-D,2026-07-22T19:20:00,50.1548,0.3066,50.4693,50.1145,50.2919,0
LINE-D,2026-07-22T20:00:00,50.235,0.2431,50.4693,50.1145,50.2919,0
LINE-D,2026-07-22T21:20:00,50.24,0.4512,50.4693,50.1145,50.2919,0
LINE-D,2026-07-22T22:40:00,50.1148,0.3222,50.4693,50.1145,50.2919,0
LINE-D,2026-07-22T23:20:00,50.2548,0.4248,50.4693,50.1145,50.2919,0
LINE-D,2026-07-23T00:40:00,50.214,0.3139,50.4693,50.1145,50.2919,0
LINE-D,2026-07-23T02:00:00,50.1837,0.3622,50.4693,50.1145,50.2919,0
LINE-D,2026-07-23T02:40:00,50.2956,0.1463,50.4693,50.1145,50.2919,0
LINE-D,2026-07-23T04:00:00,50.2147,0.3632,50.4693,50.1145,50.2919,0
LINE-D,2026-07-23T05:20:00,50.2151,0.4408,50.4693,50.1145,50.2919,0
LINE-D,2026-07-23T06:00:00,50.2671,0.3392,50.4693,50.1145,50.2919,0
LINE-D,2026-07-23T07:20:00,50.2742,0.3416,50.4693,50.1145,50.2919,0
LINE-D,2026-07-23T08:40:00,50.2011,0.3661,50.4693,50.1145,50.2919,0
LINE-D,2026-07-23T09:20:00,50.2434,0.2461,50.4693,50.1145,50.2919,0
LINE-D,2026-07-23T10:40:00,50.2864,0.4401,50.4693,50.1145,50.2919,0
LINE-D,2026-07-23T12:00:00,50.1997,0.301,50.4693,50.1145,50.2919,0
LINE-D,2026-07-23T12:40:00,50.2216,0.2955,50.4693,50.1145,50.2919,0
LINE-D,2026-07-23T14:00:00,50.2315,0.3299,50.4693,50.1145,50.2919,0
LINE-D,2026-07-23T15:20:00,50.1926,0.3534,50.4693,50.1145,50.2919,0
LINE-D,2026-07-23T16:00:00,50.3113,0.287,50.4693,50.1145,50.2919,0
LINE-D,2026-07-23T17:20:00,50.2374,0.3566,50.4693,50.1145,50.2919,0
LINE-D,2026-07-23T18:40:00,50.2168,0.3452,50.4693,50.1145,50.2919,0
LINE-D,2026-07-23T19:20:00,50.2666,0.2735,50.4693,50.1145,50.2919,0
LINE-D,2026-07-23T20:40:00,50.2541,0.4558,50.4693,50.1145,50.2919,0
LINE-D,2026-07-23T22:00:00,50.2452,0.3386,50.4693,50.1145,50.2919,0
LINE-D,2026-07-23T22:40:00,50.29,0.3529,50.4693,50.1145,50.2919,0
LINE-D,2026-07-24T00:00:00,50.2306,0.3276,50.4693,50.1145,50.2919,0
LINE-D,2026-07-24T01:20:00,50.2127,0.3721,50.4693,50.1145,50.2919,0
LINE-D,2026-07-24T02:00:00,50.3208,0.4659,50.4693,50.1145,50.2919,0
LINE-D,2026-07-24T03:20:00,50.2549,0.3299,50.4693,50.1145,50.2919,0
LINE-D,2026-07-24T04:40:00,50.2332,0.2941,50.4693,50.1145,50.2919,0
LINE-D,2026-07-24T05:20:00,50.276,0.3606,50.4693,50.1145,50.2919,0
LINE-D,2026-07-24T06:40:00,50.2661,0.2593,50.4693,50.1145,50.2919,0
LINE-D,2026-07-24T08:00:00,50.2708,0.3481,50.4693,50.1145,50.2919,0
LINE-D,2026-07-24T08:40:00,50.2974,0.2955,50.4693,50.1145,50.2919,0
LINE-D,2026-07-24T10:00:00,50.2743,0.4669,50.4693,50.1145,50.2919,0
LINE-D,2026-07-24T11:20:00,50.2505,0.2729,50.4693,50.1145,50.2919,0
LINE-D,2026-07-24T12:00:00,50.292,0.1989,50.4693,50.1145,50.2919,0
LINE-D,2026-07-24T13:20:00,50.2831,0.3902,50.4693,50.1145,50.2919,0
LINE-D,2026-07-24T14:40:00,50.2863,0.2782,50.4693,50.1145,50.2919,0
LINE-D,2026-07-24T15:20:00,50.3346,0.3751,50.4693,50.1145,50.2919,0
LINE-D,2026-07-24T16:40:00,50.3015,0.3917,50.4693,50.1145,50.2919,0
LINE-D,2026-07-24T18:00:00,50.2415,0.2953,50.4693,50.1145,50.2919,0
LINE-D,2026-07-24T18:40:00,50.3214,0.2594,50.4693,50.1145,50.2919,0
LINE-D,2026-07-24T20:00:00,50.2701,0.4674,50.4693,50.1145,50.2919,0
LINE-D,2026-07-24T21:20:00,50.2502,0.35,50.4693,50.1145,50.2919,0
LINE-D,2026-07-24T22:00:00,50.3159,0.3279,50.4693,50.1145,50.2919,0
LINE-D,2026-07-24T23:20:00,50.2961,0.4123,50.4693,50.1145,50.2919,0
LINE-D,2026-07-25T00:40:00,50.2711,0.3291,50.4693,50.1145,50.2919,0
LINE-D,2026-07-25T01:20:00,50.3332,0.2781,50.4693,50.1145,50.2919,0
LINE-D,2026-07-25T02:40:00,50.3172,0.2411,50.4693,50.1145,50.2919,0
LINE-D,2026-07-25T04:00:00,50.2831,0.3212,50.4693,50.1145,50.2919,0
LINE-D,2026-07-25T04:40:00,50.3281,0.2552,50.4693,50.1145,50.2919,0
LINE-D,2026-07-25T06:00:00,50.3109,0.3306,50.4693,50.1145,50.2919,0
LINE-D,2026-07-25T07:20:00,50.3337,0.2528,50.4693,50.1145,50.2919,0
LINE-D,2026-07-25T08:00:00,50.3311,0.2618,50.4693,50.1145,50.2919,0
LINE-D,2026-07-25T09:20:00,50.281,0.3249,50.4693,50.1145,50.2919,0
LINE-D,2026-07-25T10:40:00,50.3068,0.3411,50.4693,50.1145,50.2919,0
LINE-D,2026-07-25T11:20:00,50.3346,0.3849,50.4693,50.1145,50.2919,0
LINE-D,2026-07-25T12:40:00,50.3482,0.3675,50.4693,50.1145,50.2919,0
LINE-D,2026-07-25T14:00:00,50.3187,0.3209,50.4693,50.1145,50.2919,0
LINE-D,2026-07-25T14:40:00,50.3387,0.4008,50.4693,50.1145,50.2919,0
LINE-D,2026-07-25T16:00:00,50.3057,0.2449,50.4693,50.1145,50.2919,0
LINE-D,2026-07-25T17:20:00,50.3192,0.1995,50.4693,50.1145,50.2919,0
LINE-D,2026-07-25T18:00:00,50.417,0.2901,50.4693,50.1145,50.2919,0
LINE-D,2026-07-25T19:20:00,50.3407,0.3451,50.4693,50.1145,50.2919,0
LINE-D,2026-07-25T20:40:00,50.3457,0.2994,50.4693,50.1145,50.2919,0
LINE-D,2026-07-25T21:20:00,50.3733,0.2531,50.4693,50.1145,50.2919,0
LINE-D,2026-07-25T22:40:00,50.3189,0.3172,50.4693,50.1145,50.2919,0
LINE-D,2026-07-26T00:00:00,50.3609,0.3322,50.4693,50.1145,50.2919,0
LINE-D,2026-07-26T00:40:00,50.3692,0.2977,50.4693,50.1145,50.2919,0
LINE-D,2026-07-26T02:00:00,50.3583,0.2462,50.4693,50.1145,50.2919,0
LINE-D,2026-07-26T03:20:00,50.3081,0.3481,50.4693,50.1145,50.2919,0
LINE-D,2026-07-26T04:00:00,50.3998,0.2603,50.4693,50.1145,50.2919,0
LINE-D,2026-07-26T05:20:00,50.3509,0.4162,50.4693,50.1145,50.2919,0
LINE-D,2026-07-26T06:40:00,50.3163,0.24,50.4693,50.1145,50.2919,0
LINE-D,2026-07-26T07:20:00,50.4018,0.2504,50.4693,50.1145,50.2919,0
LINE-D,2026-07-26T08:40:00,50.384,0.2817,50.4693,50.1145,50.2919,0
LINE-D,2026-07-26T10:00:00,50.3636,0.144,50.4693,50.1145,50.2919,0
LINE-D,2026-07-26T10:40:00,50.3943,0.1636,50.4693,50.1145,50.2919,0
LINE-D,2026-07-26T12:00:00,50.3697,0.2617,50.4693,50.1145,50.2919,0
LINE-D,2026-07-26T13:20:00,50.3895,0.2081,50.4693,50.1145,50.2919,0
LINE-D,2026-07-26T14:00:00,50.4151,0.4322,50.4693,50.1145,50.2919,0
LINE-D,2026-07-26T15:20:00,50.3622,0.3931,50.4693,50.1145,50.2919,0
LINE-D,2026-07-26T16:40:00,50.3209,0.3586,50.4693,50.1145,50.2919,0
LINE-D,2026-07-26T17:20:00,50.4285,0.2447,50.4693,50.1145,50.2919,0
LINE-D,2026-07-26T18:40:00,50.3704,0.3168,50.4693,50.1145,50.2919,0
LINE-D,2026-07-26T20:00:00,50.3851,0.2952,50.4693,50.1145,50.2919,0
LINE-D,2026-07-26T20:40:00,50.4654,0.2182,50.4693,50.1145,50.2919,0
LINE-D,2026-07-26T22:00:00,50.3737,0.2574,50.4693,50.1145,50.2919,0
LINE-D,2026-07-26T23:20:00,50.392,0.2233,50.4693,50.1145,50.2919,0
LINE-D,2026-07-27T00:00:00,50.4106,0.2215,50.4693,50.1145,50.2919,0
LINE-D,2026-07-27T01:20:00,50.3744,0.3492,50.4693,50.1145,50.2919,0
LINE-D,2026-07-27T02:40:00,50.3979,0.2545,50.4693,50.1145,50.2919,0
LINE-D,2026-07-27T03:20:00,50.4067,0.2858,50.4693,50.1145,50.2919,0
LINE-D,2026-07-27T04:40:00,50.3984,0.2255,50.4693,50.1145,50.2919,0
LINE-D,2026-07-27T06:00:00,50.403,0.3237,50.4693,50.1145,50.2919,0
LINE-D,2026-07-27T06:40:00,50.4586,0.1962,50.4693,50.1145,50.2919,0
LINE-D,2026-07-27T08:00:00,50.4379,0.2848,50.4693,50.1145,50.2919,0
LINE-D,2026-07-27T09:20:00,50.3652,0.3416,50.4693,50.1145,50.2919,0
LINE-D,2026-07-27T10:00:00,50.4161,0.3004,50.4693,50.1145,50.2919,0
LINE-D,2026-07-27T11:20:00,50.4386,0.2145,50.4693,50.1145,50.2919,0
LINE-D,2026-07-27T12:40:00,50.4447,0.2954,50.4693,50.1145,50.2919,0
LINE-D,2026-07-27T13:20:00,50.4855,0.2346,50.4693,50.1145,50.2919,1
LINE-D,2026-07-27T14:40:00,50.3763,0.388,50.4693,50.1145,50.2919,0
LINE-D,2026-07-27T16:00:00,50.4162,0.2033,50.4693,50.1145,50.2919,0
LINE-D,2026-07-27T16:40:00,50.4616,0.3212,50.4693,50.1145,50.2919,0
LINE-D,2026-07-27T18:00:00,50.4969,0.2926,50.4693,50.1145,50.2919,1
LINE-D,2026-07-27T19:20:00,50.4228,0.2825,50.4693,50.1145,50.2919,0
LINE-D,2026-07-27T20:00:00,50.4644,0.2806,50.4693,50.1145,50.2919,0
LINE-D,2026-07-27T21:20:00,50.4366,0.3212,50.4693,50.1145,50.2919,0
LINE-D,2026-07-27T22:40:00,50.4275,0.3262,50.4693,50.1145,50.2919,0
LINE-D,2026-07-27T23:20:00,50.4791,0.2655,50.4693,50.1145,50.2919,1
LINE-D,2026-07-28T00:40:00,50.4088,0.336,50.4693,50.1145,50.2919,0
LINE-D,2026-07-28T02:00:00,50.4633,0.2455,50.4693,50.1145,50.2919,0
LINE-D,2026-07-28T02:40:00,50.4929,0.3165,50.4693,50.1145,50.2919,1
LINE-D,2026-07-28T04:00:00,50.4411,0.3085,50.4693,50.1145,50.2919,0
LINE-D,2026-07-28T05:20:00,50.4292,0.3445,50.4693,50.1145,50.2919,0
LINE-D,2026-07-28T06:00:00,50.467,0.345,50.4693,50.1145,50.2919,0
LINE-D,2026-07-28T07:20:00,50.4637,0.3352,50.4693,50.1145,50.2919,0
LINE-D,2026-07-28T08:40:00,50.4613,0.2975,50.4693,50.1145,50.2919,0
LINE-D,2026-07-28T09:20:00,50.5137,0.2267,50.4693,50.1145,50.2919,1
LINE-D,2026-07-28T10:40:00,50.4969,0.3173,50.4693,50.1145,50.2919,1
LINE-D,2026-07-28T12:00:00,50.4484,0.3023,50.4693,50.1145,50.2919,0
LINE-D,2026-07-28T12:40:00,50.5251,0.2692,50.4693,50.1145,50.2919,1
LINE-D,2026-07-28T14:00:00,50.4797,0.3168,50.4693,50.1145,50.2919,1
LINE-D,2026-07-28T15:20:00,50.5172,0.3435,50.4693,50.1145,50.2919,1
LINE-D,2026-07-28T16:00:00,50.5299,0.3225,50.4693,50.1145,50.2919,1
LINE-D,2026-07-28T17:20:00,50.4719,0.3458,50.4693,50.1145,50.2919,1
LINE-D,2026-07-28T18:40:00,50.3939,0.6279,50.4693,50.1145,50.2919,0
LINE-D,2026-07-28T19:20:00,50.3009,0.6177,50.4693,50.1145,50.2919,0
LINE-D,2026-07-28T20:40:00,50.3646,0.5798,50.4693,50.1145,50.2919,0
LINE-D,2026-07-28T22:00:00,50.2576,0.4618,50.4693,50.1145,50.2919,0
LINE-D,2026-07-28T22:40:00,50.2966,0.6208,50.4693,50.1145,50.2919,0
LINE-D,2026-07-29T00:00:00,50.3472,0.5404,50.4693,50.1145,50.2919,0
LINE-D,2026-07-29T01:20:00,50.2783,0.5253,50.4693,50.1145,50.2919,0
LINE-D,2026-07-29T02:00:00,50.2994,0.5051,50.4693,50.1145,50.2919,0
LINE-D,2026-07-29T03:20:00,50.3706,0.6822,50.4693,50.1145,50.2919,0
LINE-D,2026-07-29T04:40:00,50.2341,0.5294,50.4693,50.1145,50.2919,0
LINE-D,2026-07-29T05:20:00,50.2967,0.5831,50.4693,50.1145,50.2919,0
LINE-D,2026-07-29T06:40:00,50.3484,0.5065,50.4693,50.1145,50.2919,0
LINE-D,2026-07-29T08:00:00,50.2612,0.5256,50.4693,50.1145,50.2919,0
LINE-D,2026-07-29T08:40:00,50.3163,0.5512,50.4693,50.1145,50.2919,0
LINE-D,2026-07-29T10:00:00,50.3587,0.5266,50.4693,50.1145,50.2919,0
LINE-D,2026-07-29T11:20:00,50.2317,0.5662,50.4693,50.1145,50.2919,0
LINE-D,2026-07-29T12:00:00,50.3133,0.5822,50.4693,50.1145,50.2919,0
LINE-D,2026-07-29T13:20:00,50.4135,0.6529,50.4693,50.1145,50.2919,0
LINE-D,2026-07-29T14:40:00,50.3129,0.5907,50.4693,50.1145,50.2919,0
LINE-D,2026-07-29T15:20:00,50.3239,0.5912,50.4693,50.1145,50.2919,0
LINE-D,2026-07-29T16:40:00,50.3801,0.4846,50.4693,50.1145,50.2919,0
LINE-D,2026-07-29T18:00:00,50.3166,0.4865,50.4693,50.1145,50.2919,0
LINE-D,2026-07-29T18:40:00,50.3278,0.4165,50.4693,50.1145,50.2919,0
LINE-D,2026-07-29T20:00:00,50.4135,0.5275,50.4693,50.1145,50.2919,0
LINE-D,2026-07-29T21:20:00,50.2506,0.528,50.4693,50.1145,50.2919,0
LINE-D,2026-07-29T22:00:00,50.3638,0.5391,50.4693,50.1145,50.2919,0
LINE-D,2026-07-29T23:20:00,50.3804,0.541,50.4693,50.1145,50.2919,0
LINE-D,2026-07-30T00:40:00,50.2946,0.4964,50.4693,50.1145,50.2919,0
LINE-D,2026-07-30T01:20:00,50.3046,0.5995,50.4693,50.1145,50.2919,0
LINE-D,2026-07-30T02:40:00,50.4273,0.5151,50.4693,50.1145,50.2919,0
LINE-D,2026-07-30T04:00:00,50.3105,0.5208,50.4693,50.1145,50.2919,0
LINE-D,2026-07-30T04:40:00,50.3439,0.444,50.4693,50.1145,50.2919,0
LINE-D,2026-07-30T06:00:00,50.4434,0.3574,50.4693,50.1145,50.2919,0
LINE-D,2026-07-30T07:20:00,50.3305,0.4318,50.4693,50.1145,50.2919,0
LINE-D,2026-07-30T08:00:00,50.3869,0.4587,50.4693,50.1145,50.2919,0
LINE-D,2026-07-30T09:20:00,50.3829,0.4899,50.4693,50.1145,50.2919,0
LINE-D,2026-07-30T10:40:00,50.3503,0.4058,50.4693,50.1145,50.2919,0
LINE-D,2026-07-30T11:20:00,50.4182,0.5811,50.4693,50.1145,50.2919,0
LINE-D,2026-07-30T12:40:00,50.4191,0.5171,50.4693,50.1145,50.2919,0
LINE-D,2026-07-30T14:00:00,50.3503,0.4478,50.4693,50.1145,50.2919,0
LINE-D,2026-07-30T14:40:00,50.3594,0.4919,50.4693,50.1145,50.2919,0
LINE-D,2026-07-30T16:00:00,50.4038,0.329,50.4693,50.1145,50.2919,0
LINE-D,2026-07-30T17:20:00,50.3171,0.496,50.4693,50.1145,50.2919,0
LINE-D,2026-07-30T18:00:00,50.3774,0.4406,50.4693,50.1145,50.2919,0
LINE-D,2026-07-30T19:20:00,50.4275,0.5016,50.4693,50.1145,50.2919,0
LINE-D,2026-07-30T20:40:00,50.3238,0.5429,50.4693,50.1145,50.2919,0
LINE-D,2026-07-30T21:20:00,50.3575,0.5618,50.4693,50.1145,50.2919,0
LINE-D,2026-07-30T22:40:00,50.4349,0.3604,50.4693,50.1145,50.2919,0
LINE-D,2026-07-31T00:00:00,50.3629,0.3984,50.4693,50.1145,50.2919,0
LINE-D,2026-07-31T00:40:00,50.3504,0.4383,50.4693,50.1145,50.2919,0
LINE-D,2026-07-31T02:00:00,50.4292,0.4378,50.4693,50.1145,50.2919,0
LINE-D,2026-07-31T03:20:00,50.3923,0.5842,50.4693,50.1145,50.2919,0
LINE-D,2026-07-31T04:00:00,50.3792,0.4773,50.4693,50.1145,50.2919,0
LINE-D,2026-07-31T05:20:00,50.4823,0.4517,50.4693,50.1145,50.2919,1
LINE-D,2026-07-31T06:40:00,50.2454,0.5158,50.4693,50.1145,50.2919,0
LINE-D,2026-07-31T07:20:00,50.174,0.5573,50.4693,50.1145,50.2919,0
LINE-D,2026-07-31T08:40:00,50.1687,0.4713,50.4693,50.1145,50.2919,0
LINE-D,2026-07-31T10:00:00,50.2437,0.5402,50.4693,50.1145,50.2919,0
LINE-D,2026-07-31T10:40:00,50.1879,0.5043,50.4693,50.1145,50.2919,0
LINE-D,2026-07-31T12:00:00,50.2121,0.5244,50.4693,50.1145,50.2919,0
LINE-D,2026-07-31T13:20:00,50.2356,0.5292,50.4693,50.1145,50.2919,0
LINE-D,2026-07-31T14:00:00,50.1888,0.3843,50.4693,50.1145,50.2919,0
LINE-D,2026-07-31T15:20:00,50.2268,0.5368,50.4693,50.1145,50.2919,0
LINE-D,2026-07-31T16:40:00,50.2514,0.4363,50.4693,50.1145,50.2919,0
LINE-D,2026-07-31T17:20:00,50.1884,0.5118,50.4693,50.1145,50.2919,0
LINE-D,2026-07-31T18:40:00,50.2267,0.601,50.4693,50.1145,50.2919,0
LINE-D,2026-07-31T20:00:00,50.2361,0.4388,50.4693,50.1145,50.2919,0
LINE-D,2026-07-31T20:40:00,50.1617,0.4651,50.4693,50.1145,50.2919,0
LINE-D,2026-07-31T22:00:00,50.2284,0.4895,50.4693,50.1145,50.2919,0
LINE-D,2026-07-31T23:20:00,50.2805,0.5855,50.4693,50.1145,50.2919,0
LINE-D,2026-08-01T00:00:00,50.2093,0.445,50.4693,50.1145,50.2919,0
LINE-D,2026-08-01T01:20:00,50.2807,0.4888,50.4693,50.1145,50.2919,0
LINE-D,2026-08-01T02:40:00,50.3029,0.4115,50.4693,50.1145,50.2919,0
LINE-D,2026-08-01T03:20:00,50.2262,0.4033,50.4693,50.1145,50.2919,0
LINE-D,2026-08-01T04:40:00,50.2725,0.494,50.4693,50.1145,50.2919,0
LINE-D,2026-08-01T06:00:00,50.2664,0.4742,50.4693,50.1145,50.2919,0
LINE-D,2026-08-01T06:40:00,50.2341,0.5126,50.4693,50.1145,50.2919,0
LINE-D,2026-08-01T08:00:00,50.2873,0.519,50.4693,50.1145,50.2919,0
LINE-D,2026-08-01T09:20:00,50.2773,0.426,50.4693,50.1145,50.2919,0
LINE-D,2026-08-01T10:00:00,50.2381,0.4973,50.4693,50.1145,50.2919,0
LINE-D,2026-08-01T11:20:00,50.3166,0.509,50.4693,50.1145,50.2919,0
LINE-D,2026-08-01T12:40:00,50.3457,0.4144,50.4693,50.1145,50.2919,0
LINE-D,2026-08-01T13:20:00,50.2478,0.5777,50.4693,50.1145,50.2919,0
LINE-D,2026-08-01T14:40:00,50.3188,0.5515,50.4693,50.1145,50.2919,0
LINE-D,2026-08-01T16:00:00,50.2788,0.4528,50.4693,50.1145,50.2919,0
LINE-D,2026-08-01T16:40:00,50.2314,0.3577,50.4693,50.1145,50.2919,0
LINE-D,2026-08-01T18:00:00,50.2987,0.5855,50.4693,50.1145,50.2919,0
LINE-D,2026-08-01T19:20:00,50.3359,0.4443,50.4693,50.1145,50.2919,0
LINE-D,2026-08-01T20:00:00,50.244,0.4383,50.4693,50.1145,50.2919,0
LINE-D,2026-08-01T21:20:00,50.2979,0.4736,50.4693,50.1145,50.2919,0
LINE-D,2026-08-01T22:40:00,50.3484,0.5148,50.4693,50.1145,50.2919,0
LINE-D,2026-08-01T23:20:00,50.2641,0.2736,50.4693,50.1145,50.2919,0
LINE-D,2026-08-02T00:40:00,50.3194,0.4818,50.4693,50.1145,50.2919,0
LINE-D,2026-08-02T02:00:00,50.3232,0.3691,50.4693,50.1145,50.2919,0
LINE-D,2026-08-02T02:40:00,50.2369,0.4779,50.4693,50.1145,50.2919,0
LINE-D,2026-08-02T04:00:00,50.3211,0.4411,50.4693,50.1145,50.2919,0
LINE-D,2026-08-02T05:20:00,50.3953,0.3481,50.4693,50.1145,50.2919,0
LINE-D,2026-08-02T06:00:00,50.2953,0.48,50.4693,50.1145,50.2919,0
LINE-D,2026-08-02T07:20:00,50.3716,0.4988,50.4693,50.1145,50.2919,0
LINE-D,2026-08-02T08:40:00,50.3468,0.5093,50.4693,50.1145,50.2919,0
LINE-D,2026-08-02T09:20:00,50.2323,0.3937,50.4693,50.1145,50.2919,0
LINE-D,2026-08-02T10:40:00,50.3712,0.4641,50.4693,50.1145,50.2919,0
LINE-D,2026-08-02T12:00:00,50.3786,0.4125,50.4693,50.1145,50.2919,0
LINE-D,2026-08-02T12:40:00,50.2532,0.445,50.4693,50.1145,50.2919,0
LINE-D,2026-08-02T14:00:00,50.3498,0.3123,50.4693,50.1145,50.2919,0
LINE-D,2026-08-02T15:20:00,50.3923,0.2542,50.4693,50.1145,50.2919,0
LINE-D,2026-08-02T16:00:00,50.317,0.3788,50.4693,50.1145,50.2919,0
LINE-D,2026-08-02T17:20:00,50.3482,0.4434,50.4693,50.1145,50.2919,0
LINE-D,2026-08-02T18:40:00,50.3895,0.4126,50.4693,50.1145,50.2919,0
LINE-D,2026-08-02T19:20:00,50.3416,0.4075,50.4693,50.1145,50.2919,0
LINE-D,2026-08-02T20:40:00,50.302,0.3912,50.4693,50.1145,50.2919,0
LINE-D,2026-08-02T22:00:00,50.3889,0.38,50.4693,50.1145,50.2919,0
LINE-D,2026-08-02T22:40:00,50.3633,0.3285,50.4693,50.1145,50.2919,0
LINE-D,2026-08-03T00:00:00,50.3959,0.3111,50.4693,50.1145,50.2919,0
LINE-D,2026-08-03T01:20:00,50.42,0.4024,50.4693,50.1145,50.2919,0
LINE-D,2026-08-03T02:00:00,50.2819,0.455,50.4693,50.1145,50.2919,0
LINE-D,2026-08-03T03:20:00,50.3474,0.4288,50.4693,50.1145,50.2919,0
LINE-D,2026-08-03T04:40:00,50.4209,0.4433,50.4693,50.1145,50.2919,0
LINE-D,2026-08-03T05:20:00,50.3056,0.4579,50.4693,50.1145,50.2919,0
LINE-D,2026-08-03T06:40:00,50.378,0.3481,50.4693,50.1145,50.2919,0
LINE-D,2026-08-03T08:00:00,50.4079,0.402,50.4693,50.1145,50.2919,0
LINE-D,2026-08-03T08:40:00,50.3348,0.2351,50.4693,50.1145,50.2919,0
LINE-D,2026-08-03T10:00:00,50.3457,0.4476,50.4693,50.1145,50.2919,0
LINE-D,2026-08-03T11:20:00,50.3805,0.4737,50.4693,50.1145,50.2919,0
LINE-D,2026-08-03T12:00:00,50.3613,0.4383,50.4693,50.1145,50.2919,0
LINE-D,2026-08-03T13:20:00,50.4294,0.3624,50.4693,50.1145,50.2919,0
LINE-D,2026-08-03T14:40:00,50.4199,0.4224,50.4693,50.1145,50.2919,0
LINE-D,2026-08-03T15:20:00,50.3842,0.366,50.4693,50.1145,50.2919,0
LINE-D,2026-08-03T16:40:00,50.3854,0.3623,50.4693,50.1145,50.2919,0
LINE-D,2026-08-03T18:00:00,50.3306,0.4956,50.4693,50.1145,50.2919,0
LINE-D,2026-08-03T18:40:00,50.2692,0.3635,50.4693,50.1145,50.2919,0
LINE-D,2026-08-03T20:00:00,50.1932,0.3582,50.4693,50.1145,50.2919,0
LINE-D,2026-08-03T21:20:00,50.1917,0.437,50.4693,50.1145,50.2919,0
LINE-D,2026-08-03T22:00:00,50.2692,0.3576,50.4693,50.1145,50.2919,0
LINE-D,2026-08-03T23:20:00,50.1796,0.3072,50.4693,50.1145,50.2919,0
LINE-D,2026-08-04T00:40:00,50.1911,0.5669,50.4693,50.1145,50.2919,0
LINE-D,2026-08-04T01:20:00,50.3049,0.3177,50.4693,50.1145,50.2919,0
LINE-D,2026-08-04T02:40:00,50.2329,0.3765,50.4693,50.1145,50.2919,0
LINE-D,2026-08-04T04:00:00,50.2281,0.2619,50.4693,50.1145,50.2919,0
LINE-D,2026-08-04T04:40:00,50.2704,0.3369,50.4693,50.1145,50.2919,0
LINE-D,2026-08-04T06:00:00,50.2181,0.333,50.4693,50.1145,50.2919,0
LINE-D,2026-08-04T07:20:00,50.2787,0.378,50.4693,50.1145,50.2919,0
LINE-D,2026-08-04T08:00:00,50.2955,0.4522,50.4693,50.1145,50.2919,0
LINE-D,2026-08-04T09:20:00,50.2751,0.3339,50.4693,50.1145,50.2919,0
LINE-D,2026-08-04T10:40:00,50.2443,0.4586,50.4693,50.1145,50.2919,0
LINE-D,2026-08-04T11:20:00,50.3186,0.3629,50.4693,50.1145,50.2919,0
LINE-D,2026-08-04T12:40:00,50.2243,0.41,50.4693,50.1145,50.2919,0
LINE-D,2026-08-04T14:00:00,50.2457,0.3969,50.4693,50.1145,50.2919,0
LINE-D,2026-08-04T14:40:00,50.3291,0.3625,50.4693,50.1145,50.2919,0
LINE-D,2026-08-04T16:00:00,50.2382,0.4166,50.4693,50.1145,50.2919,0
LINE-D,2026-08-04T17:20:00,50.2662,0.3095,50.4693,50.1145,50.2919,0
LINE-D,2026-08-04T18:00:00,50.3227,0.346,50.4693,50.1145,50.2919,0
LINE-D,2026-08-04T19:20:00,50.254,0.412,50.4693,50.1145,50.2919,0
LINE-D,2026-08-04T20:40:00,50.2435,0.3732,50.4693,50.1145,50.2919,0
LINE-D,2026-08-04T21:20:00,50.3701,0.3018,50.4693,50.1145,50.2919,0
LINE-D,2026-08-04T22:40:00,50.2777,0.4037,50.4693,50.1145,50.2919,0
LINE-D,2026-08-05T00:00:00,50.2944,0.3998,50.4693,50.1145,50.2919,0
LINE-D,2026-08-05T00:40:00,50.3229,0.4306,50.4693,50.1145,50.2919,0
LINE-D,2026-08-05T02:00:00,50.2633,0.349,50.4693,50.1145,50.2919,0
LINE-D,2026-08-05T03:20:00,50.307,0.4045,50.4693,50.1145,50.2919,0
LINE-D,2026-08-05T04:00:00,50.319,0.4015,50.4693,50.1145,50.2919,0
LINE-D,2026-08-05T05:20:00,50.2926,0.2639,50.4693,50.1145,50.2919,0
LINE-D,2026-08-05T06:40:00,50.2823,0.3867,50.4693,50.1145,50.2919,0
LINE-D,2026-08-05T07:20:00,50.3544,0.3865,50.4693,50.1145,50.2919,0
LINE-D,2026-08-05T08:40:00,50.3185,0.3687,50.4693,50.1145,50.2919,0
LINE-D,2026-08-05T10:00:00,50.3218,0.3824,50.4693,50.1145,50.2919,0
LINE-D,2026-08-05T10:40:00,50.3812,0.2731,50.4693,50.1145,50.2919,0
LINE-D,2026-08-05T12:00:00,50.2886,0.3166,50.4693,50.1145,50.2919,0
LINE-D,2026-08-05T13:20:00,50.3615,0.3859,50.4693,50.1145,50.2919,0
LINE-D,2026-08-05T14:00:00,50.4502,0.4191,50.4693,50.1145,50.2919,0
LINE-D,2026-08-05T15:20:00,50.3344,0.345,50.4693,50.1145,50.2919,0
LINE-D,2026-08-05T16:40:00,50.3009,0.3436,50.4693,50.1145,50.2919,0
LINE-D,2026-08-05T17:20:00,50.3794,0.2694,50.4693,50.1145,50.2919,0
LINE-D,2026-08-05T18:40:00,50.3538,0.3031,50.4693,50.1145,50.2919,0
LINE-D,2026-08-05T20:00:00,50.3008,0.3865,50.4693,50.1145,50.2919,0
LINE-D,2026-08-05T20:40:00,50.4334,0.4622,50.4693,50.1145,50.2919,0
LINE-D,2026-08-05T22:00:00,50.3092,0.2665,50.4693,50.1145,50.2919,0
LINE-D,2026-08-05T23:20:00,50.3528,0.3896,50.4693,50.1145,50.2919,0
LINE-D,2026-08-06T00:00:00,50.4382,0.3942,50.4693,50.1145,50.2919,0
LINE-D,2026-08-06T01:20:00,50.3712,0.5223,50.4693,50.1145,50.2919,0
LINE-D,2026-08-06T02:40:00,50.3696,0.3513,50.4693,50.1145,50.2919,0
LINE-D,2026-08-06T03:20:00,50.4166,0.3618,50.4693,50.1145,50.2919,0
LINE-D,2026-08-06T04:40:00,50.3389,0.3795,50.4693,50.1145,50.2919,0
LINE-D,2026-08-06T06:00:00,50.3837,0.3611,50.4693,50.1145,50.2919,0
LINE-D,2026-08-06T06:40:00,50.4282,0.3251,50.4693,50.1145,50.2919,0
LINE-D,2026-08-06T08:00:00,50.3054,0.3217,50.4693,50.1145,50.2919,0
LINE-D,2026-08-06T09:20:00,50.3962,0.3436,50.4693,50.1145,50.2919,0
LINE-D,2026-08-06T10:00:00,50.4472,0.2442,50.4693,50.1145,50.2919,0
LINE-D,2026-08-06T11:20:00,50.4056,0.2635,50.4693,50.1145,50.2919,0
LINE-D,2026-08-06T12:40:00,50.4076,0.3867,50.4693,50.1145,50.2919,0
LINE-D,2026-08-06T13:20:00,50.4865,0.2969,50.4693,50.1145,50.2919,1
LINE-D,2026-08-06T14:40:00,50.3882,0.4454,50.4693,50.1145,50.2919,0
LINE-D,2026-08-06T16:00:00,50.377,0.314,50.4693,50.1145,50.2919,0
LINE-D,2026-08-06T16:40:00,50.4752,0.4882,50.4693,50.1145,50.2919,1
LINE-D,2026-08-06T18:00:00,50.4286,0.3118,50.4693,50.1145,50.2919,0
LINE-D,2026-08-06T19:20:00,50.4198,0.3398,50.4693,50.1145,50.2919,0
LINE-D,2026-08-06T20:00:00,50.4849,0.3939,50.4693,50.1145,50.2919,1
LINE-D,2026-08-06T21:20:00,50.4189,0.2221,50.4693,50.1145,50.2919,0
LINE-D,2026-08-06T22:40:00,50.4286,0.2445,50.4693,50.1145,50.2919,0
LINE-D,2026-08-06T23:20:00,50.5158,0.2821,50.4693,50.1145,50.2919,1
LINE-D,2026-08-07T00:40:00,50.4374,0.2694,50.4693,50.1145,50.2919,0
LINE-D,2026-08-07T02:00:00,50.4449,0.3813,50.4693,50.1145,50.2919,0
LINE-D,2026-08-07T02:40:00,50.4502,0.3451,50.4693,50.1145,50.2919,0
LINE-D,2026-08-07T04:00:00,50.4075,0.3716,50.4693,50.1145,50.2919,0
LINE-D,2026-08-07T05:20:00,50.4575,0.2565,50.4693,50.1145,50.2919,0
LINE-D,2026-08-07T06:00:00,50.4989,0.2864,50.4693,50.1145,50.2919,1
LINE-D,2026-08-07T07:20:00,50.4352,0.2851,50.4693,50.1145,50.2919,0
LINE-D,2026-08-07T08:40:00,50.4618,0.3021,50.4693,50.1145,50.2919,0
LINE-D,2026-08-07T09:20:00,50.4937,0.2829,50.4693,50.1145,50.2919,1
LINE-D,2026-08-07T10:40:00,50.4361,0.241,50.4693,50.1145,50.2919,0
LINE-D,2026-08-07T12:00:00,50.455,0.2802,50.4693,50.1145,50.2919,0
LINE-D,2026-08-07T12:40:00,50.5186,0.3404,50.4693,50.1145,50.2919,1
LINE-D,2026-08-07T14:00:00,50.4624,0.2913,50.4693,50.1145,50.2919,0
LINE-D,2026-08-07T15:20:00,50.4804,0.3714,50.4693,50.1145,50.2919,1
LINE-D,2026-08-07T16:00:00,50.5296,0.2577,50.4693,50.1145,50.2919,1
LINE-D,2026-08-07T17:20:00,50.4902,0.3736,50.4693,50.1145,50.2919,1
LINE-D,2026-08-07T18:40:00,50.3938,0.6461,50.4693,50.1145,50.2919,0
LINE-D,2026-08-07T19:20:00,50.3132,0.5291,50.4693,50.1145,50.2919,0
LINE-D,2026-08-07T20:40:00,50.3876,0.6837,50.4693,50.1145,50.2919,0
LINE-D,2026-08-07T22:00:00,50.2009,0.595,50.4693,50.1145,50.2919,0
LINE-D,2026-08-07T22:40:00,50.3057,0.7258,50.4693,50.1145,50.2919,0
LINE-D,2026-08-08T00:00:00,50.3806,0.6519,50.4693,50.1145,50.2919,0
LINE-D,2026-08-08T01:20:00,50.3169,0.6506,50.4693,50.1145,50.2919,0
LINE-D,2026-08-08T02:00:00,50.238,0.5815,50.4693,50.1145,50.2919,0
LINE-D,2026-08-08T03:20:00,50.1573,0.343,50.4693,50.1145,50.2919,0
LINE-D,2026-08-08T04:40:00,50.1837,0.3159,50.4693,50.1145,50.2919,0
LINE-D,2026-08-08T05:20:00,50.1193,0.4019,50.4693,50.1145,50.2919,0
LINE-D,2026-08-08T06:40:00,50.1406,0.4176,50.4693,50.1145,50.2919,0
LINE-D,2026-08-08T08:00:00,50.1806,0.3304,50.4693,50.1145,50.2919,0
LINE-D,2026-08-08T08:40:00,50.1023,0.4231,50.4693,50.1145,50.2919,1
LINE-D,2026-08-08T10:00:00,50.1964,0.4068,50.4693,50.1145,50.2919,0
LINE-D,2026-08-08T11:20:00,50.2053,0.5096,50.4693,50.1145,50.2919,0
LINE-D,2026-08-08T12:00:00,50.1317,0.3996,50.4693,50.1145,50.2919,0
LINE-D,2026-08-08T13:20:00,50.1808,0.4306,50.4693,50.1145,50.2919,0
LINE-D,2026-08-08T14:40:00,50.2342,0.3788,50.4693,50.1145,50.2919,0
LINE-D,2026-08-08T15:20:00,50.154,0.4611,50.4693,50.1145,50.2919,0
LINE-D,2026-08-08T16:40:00,50.1958,0.3766,50.4693,50.1145,50.2919,0
LINE-D,2026-08-08T18:00:00,50.1947,0.3549,50.4693,50.1145,50.2919,0
LINE-D,2026-08-08T18:40:00,50.1822,0.4311,50.4693,50.1145,50.2919,0
LINE-D,2026-08-08T20:00:00,50.2332,0.4259,50.4693,50.1145,50.2919,0
LINE-D,2026-08-08T21:20:00,50.2309,0.4343,50.4693,50.1145,50.2919,0
LINE-D,2026-08-08T22:00:00,50.1892,0.4632,50.4693,50.1145,50.2919,0
LINE-D,2026-08-08T23:20:00,50.2445,0.4174,50.4693,50.1145,50.2919,0
LINE-D,2026-08-09T00:40:00,50.2097,0.3941,50.4693,50.1145,50.2919,0
LINE-D,2026-08-09T01:20:00,50.1376,0.3514,50.4693,50.1145,50.2919,0
LINE-D,2026-08-09T02:40:00,50.2277,0.5139,50.4693,50.1145,50.2919,0
LINE-D,2026-08-09T04:00:00,50.2469,0.4433,50.4693,50.1145,50.2919,0
LINE-D,2026-08-09T04:40:00,50.167,0.4651,50.4693,50.1145,50.2919,0
LINE-D,2026-08-09T06:00:00,50.232,0.4601,50.4693,50.1145,50.2919,0
LINE-D,2026-08-09T07:20:00,50.2235,0.5007,50.4693,50.1145,50.2919,0
LINE-D,2026-08-09T08:00:00,50.1725,0.3336,50.4693,50.1145,50.2919,0
LINE-D,2026-08-09T09:20:00,50.2564,0.3238,50.4693,50.1145,50.2919,0
LINE-D,2026-08-09T10:40:00,50.2507,0.3487,50.4693,50.1145,50.2919,0
LINE-D,2026-08-09T11:20:00,50.2073,0.4359,50.4693,50.1145,50.2919,0
LINE-D,2026-08-09T12:40:00,50.2228,0.4549,50.4693,50.1145,50.2919,0
LINE-D,2026-08-09T14:00:00,50.2461,0.3881,50.4693,50.1145,50.2919,0
LINE-D,2026-08-09T14:40:00,50.2158,0.3608,50.4693,50.1145,50.2919,0
LINE-D,2026-08-09T16:00:00,50.2926,0.4595,50.4693,50.1145,50.2919,0
LINE-D,2026-08-09T17:20:00,50.2487,0.5752,50.4693,50.1145,50.2919,0
LINE-D,2026-08-09T18:00:00,50.1524,0.4668,50.4693,50.1145,50.2919,0
LINE-D,2026-08-09T19:20:00,50.2483,0.3875,50.4693,50.1145,50.2919,0
LINE-D,2026-08-09T20:40:00,50.2641,0.3991,50.4693,50.1145,50.2919,0
LINE-D,2026-08-09T21:20:00,50.1936,0.4623,50.4693,50.1145,50.2919,0
LINE-D,2026-08-09T22:40:00,50.321,0.4713,50.4693,50.1145,50.2919,0
LINE-D,2026-08-10T00:00:00,50.2944,0.3841,50.4693,50.1145,50.2919,0
LINE-D,2026-08-10T00:40:00,50.1547,0.4332,50.4693,50.1145,50.2919,0
LINE-D,2026-08-10T02:00:00,50.2862,0.4035,50.4693,50.1145,50.2919,0
LINE-D,2026-08-10T03:20:00,50.241,0.3932,50.4693,50.1145,50.2919,0
LINE-D,2026-08-10T04:00:00,50.2187,0.3849,50.4693,50.1145,50.2919,0
LINE-D,2026-08-10T05:20:00,50.2942,0.4219,50.4693,50.1145,50.2919,0
LINE-D,2026-08-10T06:40:00,50.3721,0.4435,50.4693,50.1145,50.2919,0
LINE-D,2026-08-10T07:20:00,50.2098,0.3986,50.4693,50.1145,50.2919,0
LINE-D,2026-08-10T08:40:00,50.3312,0.4281,50.4693,50.1145,50.2919,0
LINE-D,2026-08-10T10:00:00,50.2763,0.45,50.4693,50.1145,50.2919,0
LINE-D,2026-08-10T10:40:00,50.2731,0.4821,50.4693,50.1145,50.2919,0
LINE-D,2026-08-10T12:00:00,50.3362,0.4262,50.4693,50.1145,50.2919,0
LINE-D,2026-08-10T13:20:00,50.3044,0.4382,50.4693,50.1145,50.2919,0
LINE-D,2026-08-10T14:00:00,50.2559,0.4967,50.4693,50.1145,50.2919,0
LINE-D,2026-08-10T15:20:00,50.3113,0.4061,50.4693,50.1145,50.2919,0
LINE-D,2026-08-10T16:40:00,50.3012,0.4278,50.4693,50.1145,50.2919,0
LINE-D,2026-08-10T17:20:00,50.2231,0.3986,50.4693,50.1145,50.2919,0
LINE-D,2026-08-10T18:40:00,50.3424,0.4575,50.4693,50.1145,50.2919,0
LINE-D,2026-08-10T20:00:00,50.3347,0.4421,50.4693,50.1145,50.2919,0
LINE-D,2026-08-10T20:40:00,50.2943,0.4213,50.4693,50.1145,50.2919,0
LINE-D,2026-08-10T22:00:00,50.347,0.4784,50.4693,50.1145,50.2919,0
LINE-D,2026-08-10T23:20:00,50.3185,0.4577,50.4693,50.1145,50.2919,0
LINE-D,2026-08-11T00:00:00,50.2773,0.4571,50.4693,50.1145,50.2919,0
LINE-D,2026-08-11T01:20:00,50.4155,0.5445,50.4693,50.1145,50.2919,0
LINE-D,2026-08-11T02:40:00,50.3724,0.4539,50.4693,50.1145,50.2919,0
LINE-D,2026-08-11T03:20:00,50.2656,0.4643,50.4693,50.1145,50.2919,0
LINE-D,2026-08-11T04:40:00,50.2367,0.5329,50.4693,50.1145,50.2919,0
LINE-D,2026-08-11T06:00:00,50.0943,0.2631,50.4693,50.1145,50.2919,1
LINE-D,2026-08-11T06:40:00,50.1672,0.2331,50.4693,50.1145,50.2919,0
LINE-D,2026-08-11T08:00:00,50.1247,0.2624,50.4693,50.1145,50.2919,0
LINE-D,2026-08-11T09:20:00,50.1737,0.2515,50.4693,50.1145,50.2919,0
LINE-D,2026-08-11T10:00:00,50.161,0.296,50.4693,50.1145,50.2919,0
LINE-D,2026-08-11T11:20:00,50.1526,0.2919,50.4693,50.1145,50.2919,0
LINE-D,2026-08-11T12:40:00,50.1619,0.1516,50.4693,50.1145,50.2919,0
LINE-D,2026-08-11T13:20:00,50.1974,0.3132,50.4693,50.1145,50.2919,0
LINE-D,2026-08-11T14:40:00,50.1674,0.3081,50.4693,50.1145,50.2919,0
LINE-D,2026-08-11T16:00:00,50.1483,0.2883,50.4693,50.1145,50.2919,0
LINE-D,2026-08-11T16:40:00,50.2052,0.3736,50.4693,50.1145,50.2919,0
LINE-D,2026-08-11T18:00:00,50.1498,0.3469,50.4693,50.1145,50.2919,0
LINE-D,2026-08-11T19:20:00,50.1373,0.2087,50.4693,50.1145,50.2919,0
LINE-D,2026-08-11T20:00:00,50.1496,0.4207,50.4693,50.1145,50.2919,0
LINE-D,2026-08-11T21:20:00,50.1853,0.3374,50.4693,50.1145,50.2919,0
LINE-D,2026-08-11T22:40:00,50.1549,0.3563,50.4693,50.1145,50.2919,0
LINE-D,2026-08-11T23:20:00,50.2273,0.3254,50.4693,50.1145,50.2919,0
LINE-D,2026-08-12T00:40:00,50.158,0.4036,50.4693,50.1145,50.2919,0
LINE-D,2026-08-12T02:00:00,50.1599,0.2241,50.4693,50.1145,50.2919,0
LINE-D,2026-08-12T02:40:00,50.1949,0.1919,50.4693,50.1145,50.2919,0
LINE-D,2026-08-12T04:00:00,50.1919,0.1772,50.4693,50.1145,50.2919,0
LINE-D,2026-08-12T05:20:00,50.115,0.3062,50.4693,50.1145,50.2919,0
LINE-D,2026-08-12T06:00:00,50.2187,0.2556,50.4693,50.1145,50.2919,0
LINE-D,2026-08-12T07:20:00,50.1788,0.4083,50.4693,50.1145,50.2919,0
LINE-D,2026-08-12T08:40:00,50.2011,0.3149,50.4693,50.1145,50.2919,0
LINE-D,2026-08-12T09:20:00,50.2017,0.1857,50.4693,50.1145,50.2919,0
LINE-D,2026-08-12T10:40:00,50.1979,0.2951,50.4693,50.1145,50.2919,0
LINE-D,2026-08-12T12:00:00,50.1763,0.3443,50.4693,50.1145,50.2919,0
LINE-D,2026-08-12T12:40:00,50.2264,0.2493,50.4693,50.1145,50.2919,0
LINE-D,2026-08-12T14:00:00,50.2399,0.3353,50.4693,50.1145,50.2919,0
LINE-D,2026-08-12T15:20:00,50.1907,0.2799,50.4693,50.1145,50.2919,0
LINE-D,2026-08-12T16:00:00,50.24,0.2074,50.4693,50.1145,50.2919,0
LINE-D,2026-08-12T17:20:00,50.2184,0.3685,50.4693,50.1145,50.2919,0
LINE-D,2026-08-12T18:40:00,50.209,0.3361,50.4693,50.1145,50.2919,0
LINE-D,2026-08-12T19:20:00,50.3039,0.3498,50.4693,50.1145,50.2919,0
LINE-D,2026-08-12T20:40:00,50.2678,0.3795,50.4693,50.1145,50.2919,0
LINE-D,2026-08-12T22:00:00,50.2243,0.2318,50.4693,50.1145,50.2919,0
LINE-D,2026-08-12T22:40:00,50.2949,0.3796,50.4693,50.1145,50.2919,0
LINE-D,2026-08-13T00:00:00,50.2199,0.3422,50.4693,50.1145,50.2919,0
LINE-D,2026-08-13T01:20:00,50.1773,0.2221,50.4693,50.1145,50.2919,0
LINE-D,2026-08-13T02:00:00,50.287,0.3597,50.4693,50.1145,50.2919,0
LINE-D,2026-08-13T03:20:00,50.2073,0.2565,50.4693,50.1145,50.2919,0
LINE-D,2026-08-13T04:40:00,50.24,0.2753,50.4693,50.1145,50.2919,0
LINE-D,2026-08-13T05:20:00,50.2867,0.2287,50.4693,50.1145,50.2919,0
LINE-D,2026-08-13T06:40:00,50.2316,0.3204,50.4693,50.1145,50.2919,0
LINE-D,2026-08-13T08:00:00,50.2491,0.3385,50.4693,50.1145,50.2919,0
LINE-D,2026-08-13T08:40:00,50.2617,0.3154,50.4693,50.1145,50.2919,0
LINE-D,2026-08-13T10:00:00,50.251,0.371,50.4693,50.1145,50.2919,0
LINE-D,2026-08-13T11:20:00,50.2072,0.2542,50.4693,50.1145,50.2919,0
LINE-D,2026-08-13T12:00:00,50.2431,0.2911,50.4693,50.1145,50.2919,0
LINE-D,2026-08-13T13:20:00,50.2974,0.1782,50.4693,50.1145,50.2919,0
LINE-D,2026-08-13T14:40:00,50.2287,0.328,50.4693,50.1145,50.2919,0
LINE-D,2026-08-13T15:20:00,50.3105,0.2901,50.4693,50.1145,50.2919,0
LINE-D,2026-08-13T16:40:00,50.2864,0.2799,50.4693,50.1145,50.2919,0
LINE-D,2026-08-13T18:00:00,50.2708,0.3031,50.4693,50.1145,50.2919,0
LINE-D,2026-08-13T18:40:00,50.2854,0.3054,50.4693,50.1145,50.2919,0
LINE-D,2026-08-13T20:00:00,50.286,0.367,50.4693,50.1145,50.2919,0
LINE-D,2026-08-13T21:20:00,50.2543,0.2035,50.4693,50.1145,50.2919,0
LINE-D,2026-08-13T22:00:00,50.3151,0.323,50.4693,50.1145,50.2919,0
LINE-D,2026-08-13T23:20:00,50.3339,0.2619,50.4693,50.1145,50.2919,0
LINE-D,2026-08-14T00:40:00,50.2683,0.3208,50.4693,50.1145,50.2919,0
LINE-D,2026-08-14T01:20:00,50.3419,0.195,50.4693,50.1145,50.2919,0
LINE-D,2026-08-14T02:40:00,50.2643,0.4136,50.4693,50.1145,50.2919,0
LINE-D,2026-08-14T04:00:00,50.2726,0.3665,50.4693,50.1145,50.2919,0
LINE-D,2026-08-14T04:40:00,50.3185,0.2348,50.4693,50.1145,50.2919,0
LINE-D,2026-08-14T06:00:00,50.3522,0.3883,50.4693,50.1145,50.2919,0
LINE-D,2026-08-14T07:20:00,50.2717,0.3062,50.4693,50.1145,50.2919,0
LINE-D,2026-08-14T08:00:00,50.3446,0.3574,50.4693,50.1145,50.2919,0
LINE-D,2026-08-14T09:20:00,50.3321,0.4302,50.4693,50.1145,50.2919,0
LINE-D,2026-08-14T10:40:00,50.2712,0.341,50.4693,50.1145,50.2919,0
LINE-D,2026-08-14T11:20:00,50.3746,0.2985,50.4693,50.1145,50.2919,0
LINE-D,2026-08-14T12:40:00,50.3271,0.2965,50.4693,50.1145,50.2919,0
LINE-D,2026-08-14T14:00:00,50.2695,0.3,50.4693,50.1145,50.2919,0
LINE-D,2026-08-14T14:40:00,50.3164,0.2061,50.4693,50.1145,50.2919,0
LINE-D,2026-08-14T16:00:00,50.3287,0.2269,50.4693,50.1145,50.2919,0
LINE-D,2026-08-14T17:20:00,50.3257,0.3607,50.4693,50.1145,50.2919,0
LINE-D,2026-08-14T18:00:00,50.3685,0.3672,50.4693,50.1145,50.2919,0
LINE-D,2026-08-14T19:20:00,50.2945,0.3632,50.4693,50.1145,50.2919,0
LINE-D,2026-08-14T20:40:00,50.2542,0.2979,50.4693,50.1145,50.2919,0
LINE-D,2026-08-14T21:20:00,50.3753,0.2403,50.4693,50.1145,50.2919,0
LINE-D,2026-08-14T22:40:00,50.3508,0.3947,50.4693,50.1145,50.2919,0
